document_id,title,year,doi,article_url,wos_accession,unlabeled_pool_index,abstract_sha256
WOS:000566337800007,Design Principles for Aqueous Na-Ion Battery Cathodes,2020,10.1021/acs.chemmater.0c01582,https://doi.org/10.1021/acs.chemmater.0c01582,WOS:000566337800007,0,9934de5386af10468eca3018beac3b803cc59f94d1afde645feaee4611c5afe5
WOS:000356674900077,Transition metal oxide-carbon composites as conversion anodes for sodium-ion battery,2015,10.1016/j.electacta.2015.05.107,https://doi.org/10.1016/j.electacta.2015.05.107,WOS:000356674900077,1,2fed4f3cc3d5233b770abe89349af95177b1cb8d91002762c7e2bcf95536186d
WOS:000963580100001,Natural Lignin: A Sustainable and Cost-Effective Electrode Material for High-Temperature Na-Ion Battery,2024,10.1002/eem2.12538,https://doi.org/10.1002/eem2.12538,WOS:000963580100001,2,fe49487bcfbc4156d1226b47b261fd7a146d9aedcfc6b58372a97d8721f9d6eb
WOS:001076288400001,Hard carbons from automotive shredder residue (ASR) as potential anode active material for sodium ion battery,2023,10.1016/j.jpowsour.2023.233577,https://doi.org/10.1016/j.jpowsour.2023.233577,WOS:001076288400001,3,ec500677f34bd2423c8556cdc407748ae383ec3733a8ea36bd1942d7c63c2e3e
WOS:000385713200033,An Aqueous Symmetric Sodium-Ion Battery with NASICON-Structured Na3MnTi(PO4)3,2016,10.1002/anie.201606508,https://doi.org/10.1002/anie.201606508,WOS:000385713200033,4,c5c1c090f482f980c46a77b34d297c4c02cea25f33863c494529f68f73dacd43
WOS:000369461800057,Synthesis of three dimensional extended conjugated polyimide and application as sodium-ion battery anode,2016,10.1016/j.cej.2015.11.063,https://doi.org/10.1016/j.cej.2015.11.063,WOS:000369461800057,5,a1d2f9819c32802e1c76ad08371d22fcc0658d1ca18b0bee12c8c1661f38e157
WOS:000807773500001,Explorations Into the Viability of High Voltage Bipolar Na-Ion Cells Using Liquid Electrolytes,2022,10.3389/fenrg.2022.852630,https://doi.org/10.3389/fenrg.2022.852630,WOS:000807773500001,6,305ad5f993b8c51697fdce822351447e71d24b12228891c9f8274a81a196e0ef
WOS:001629677000001,One vanadium-based terpyridine complex as an anode for sodium-ion batteries,2026,10.1016/j.matlet.2025.139831,https://doi.org/10.1016/j.matlet.2025.139831,WOS:001629677000001,7,ed5bf6b18f8b0e3810acc63f62b1275cad91f610ebbf742ee73ae80f91514670
WOS:000480515400008,MnSe2 nanocubes as an anode material for sodium-ion batteries,2018,10.1016/j.mtener.2018.08.009,https://doi.org/10.1016/j.mtener.2018.08.009,WOS:000480515400008,8,2087b305f769ec41cb04a4c9a96629dee8115b083f68424b57b16de85830060e
WOS:000315165100016,An advanced sodium-ion rechargeable battery based on a tin-carbon anode and a layered oxide framework cathode,2013,10.1039/c3cp00070b,https://doi.org/10.1039/c3cp00070b,WOS:000315165100016,9,1bdeebec4dc2c809c9853db14517d5b695f8f6279efa9e5e843159527722efac
WOS:000670395200003,Palmyra Palm tree biomass-derived carbon low-voltage plateau region capacity on Na-ion battery and its full cell performance,2021,10.1016/j.jece.2021.105698,https://doi.org/10.1016/j.jece.2021.105698,WOS:000670395200003,10,228ff717158b2cae027145fb220e20107d9c1aa1b787957160629c05c28e9d4c
WOS:000369044100080,Carbonized-leaf Membrane with Anisotropic Surfaces for Sodium-ion Battery,2016,10.1021/acsami.5b10875,https://doi.org/10.1021/acsami.5b10875,WOS:000369044100080,11,43626ce7cee87425b53972e7b1588c355f23a866de4b7584e6fb47e0a3a829fd
WOS:000335620500001,Facile synthesis of V6O13 micro-flowers for Li-ion and Na-ion battery cathodes with good cycling performance,2014,10.1016/j.jcis.2014.03.028,https://doi.org/10.1016/j.jcis.2014.03.028,WOS:000335620500001,12,a9183d8a7bad5753c496fe6b3a8f348163b2775a5d57182189b5174490be15a8
WOS:000457551900098,"Nanostructured vanadium tri-oxides, as a long life and high performance anode for sodium-ion battery",2019,10.1016/j.electacta.2019.01.076,https://doi.org/10.1016/j.electacta.2019.01.076,WOS:000457551900098,13,6bcc4078bab7cb3a9cd08a12adb1cfe986c6e9c302b7daed761e8d50d19b8a38
WOS:000428083400006,Sulfur doped ultra-thin anatase TiO2 nanosheets/graphene nanocomposite for high-performance pseudocapacitive sodium storage,2018,10.1016/j.ensm.2017.11.008,https://doi.org/10.1016/j.ensm.2017.11.008,WOS:000428083400006,14,9dcd4d02ea6aa6b484b754bf4c0de07be8c078511cd729ed3435eb5c12386355
WOS:000591982200001,Unraveling the role of LiODFB salt as a SEI-forming additive for sodium-ion battery,2021,10.1007/s11581-020-03845-6,https://doi.org/10.1007/s11581-020-03845-6,WOS:000591982200001,15,d5220ca41e94de8c0992ab22985c41c4fa0a4d0eb131ff5aecc976d0b771c161
WOS:000795722200001,Na-Ion Battery with Graphite Anode and Na3V2(PO4)3 Cathode via Solvent-Co-Intercalation Process,2022,10.1002/admt.202200399,https://doi.org/10.1002/admt.202200399,WOS:000795722200001,16,47b5b6daff722027266691b1ecdd7191f1e4163028d3bef38327c5e9e8b3f5c3
WOS:000377642100025,Antimony/Graphitic Carbon Composite Anode for High-Performance Sodium-Ion Batteries,2016,10.1021/acsami.6b01761,https://doi.org/10.1021/acsami.6b01761,WOS:000377642100025,17,af457bda575824397d119ce666dea003487dd0cffb2aa3ffaefb0d6e1efe454b
WOS:000316369000004,Sodium ion battery anode properties of empty and C60-inserted single-walled carbon nanotubes,2013,10.1166/mex.2013.1095,https://doi.org/10.1166/mex.2013.1095,WOS:000316369000004,18,9da3946c394ca5a034964cb19e7480f6678f2148588e98a79f34261511887b9d
WOS:000637698200002,Insight into pre-sodiation in Na3V2(PO4)2F3/C @ hard carbon full cells for promoting the development of sodium-ion battery,2021,10.1016/j.cej.2020.127565,https://doi.org/10.1016/j.cej.2020.127565,WOS:000637698200002,19,1885039772c917938b96109c77f9e83fc9c8a78568d708bfda4f6592871bf3aa
WOS:000442349900047,Facile synthesis of NaTi2(PO4)3-carbon composite through solid state method and its application in aqueous sodium ion battery,2018,10.1016/j.matlet.2018.08.020,https://doi.org/10.1016/j.matlet.2018.08.020,WOS:000442349900047,20,d6891bf1d3d957d76f537dd693cd23adad2219aca835a1a6070a4dbcfcbe3084
WOS:000371535200086,Sodium ion battery anode properties of designed graphene-layers synthesized from polycyclic aromatic hydrocarbons,2016,10.1039/c6ra00955g,https://doi.org/10.1039/c6ra00955g,WOS:000371535200086,21,40f7a2dafa0c77733b588a4a8ae6633a17495a4b24cbaca27d967796b49ad196
WOS:000387132200004,A Sodium-Ion Battery with a Low-Cost Cross-Linked Gel-Polymer Electrolyte,2016,10.1002/aenm.201600467,https://doi.org/10.1002/aenm.201600467,WOS:000387132200004,22,95a6f9c793757803df4179f1cf7759c7760c6160e85ed7b5a02c9360f5ebfbd4
WOS:000600198700001,Biomimetic composite architecture achieves ultrahigh rate capability and cycling life of sodium ion battery cathodes,2020,10.1063/5.0020805,https://doi.org/10.1063/5.0020805,WOS:000600198700001,23,f5be36ec395909bf51d56b275df4acba588c4b437e2581ac0e8ce46a7c0a37ce
WOS:000348086100089,Graphene Quantum Dots Coated VO2 Arrays for Highly Durable Electrodes for Li and Na Ion Batteries,2015,10.1021/nl504038s,https://doi.org/10.1021/nl504038s,WOS:000348086100089,24,cbf231206fc80b83e1622f4317fa4271700f28b21b0c0f37965b2bd50894eec1
WOS:000413124300054,Mwcnts wrapped flower-like SnS composite as anode material for sodium-ion battery,2017,10.1016/j.matlet.2017.07.108,https://doi.org/10.1016/j.matlet.2017.07.108,WOS:000413124300054,25,fcabd1fc2fe9bf1cf27828ca2f5348b45455be848b5c666681fdb366cc796b23
WOS:001428449600001,Cell design and chemistry of commercial sodium-ion battery cells,2025,10.1016/j.jpowsour.2025.236496,https://doi.org/10.1016/j.jpowsour.2025.236496,WOS:001428449600001,26,691ec6f91484705d0d3765e6032683f370af0502cb7ee78894b596cc790f507d
WOS:000519116800023,Narrow band-gap cathode Fe3(PO4)2 for sodium-ion battery with enhanced sodium storage,2020,10.1016/j.colsurfa.2020.124561,https://doi.org/10.1016/j.colsurfa.2020.124561,WOS:000519116800023,27,d219ae71b5b87a279ff22e89310dfeed32d85955d60ad89f6b5198c494634b6a
WOS:000372877400051,A High Rate 1.2V Aqueous Sodium-ion Battery Based on All NASICON Structured NaTi2(PO4)3 and Na3V2(PO4)3,2016,10.1016/j.electacta.2016.03.007,https://doi.org/10.1016/j.electacta.2016.03.007,WOS:000372877400051,28,ca7f46edab0da84e1992a2a7c043e02ae6777dd76de6f74373818a9696220b49
WOS:000403381500036,Composite sodium p-toluenesulfonate/polypyrrole/TiO2 nanotubes/Ti anode for sodium ion battery,2017,10.1016/j.ijhydene.2017.03.116,https://doi.org/10.1016/j.ijhydene.2017.03.116,WOS:000403381500036,29,4e807a6698971c2e895e8dcaa528f3d54c5a4d465b0e503dc0f74cbd18d0809a
WOS:001276199700001,Ultra-Stable Sodium-Ion Battery Enabled by All-Solid-State Ferroelectric-Engineered Composite Electrolytes,2024,10.1007/s40820-024-01474-6,https://doi.org/10.1007/s40820-024-01474-6,WOS:001276199700001,30,a5cc313b289c28bc615a9046d339ec6d9df9e30bcc387c37240a5f4f7d0941a1
WOS:000318917900011,Exploration of NaVOPO4 as a cathode for a Na-ion battery,2013,10.1039/c3cc42172d,https://doi.org/10.1039/c3cc42172d,WOS:000318917900011,31,8e790488f7cad8600ecd3f463e773987037b32ca4b061ce06af31aa6dd294c3a
WOS:000333551500061,Free-Standing Na2/3Fe1/2Mn1/2O2@Graphene Film for a Sodium-Ion Battery Cathode,2014,10.1021/am405970s,https://doi.org/10.1021/am405970s,WOS:000333551500061,32,9638a8e69b31472397c03f904ef2e90abc5be37f14fa9d85eec3caba15559f65
WOS:000384852800050,Niobium-doped titanium oxide anode and ionic liquid electrolyte for a safe sodium-ion battery,2016,10.1016/j.jpowsour.2016.08.049,https://doi.org/10.1016/j.jpowsour.2016.08.049,WOS:000384852800050,33,396b6201cb0301280f6f83a356f91b84bfb424fd88f3604e372d00a13387a708
WOS:000411522600022,Electrochemical Properties of an Na4Mn9O18-Reduced Graphene Oxide Composite Synthesized via Spray Drying for an Aqueous Sodium-Ion Battery,2017,10.3390/nano7090253,https://doi.org/10.3390/nano7090253,WOS:000411522600022,34,4f787b8d8c82691cbec36d65ebeb918a951ffd27fc7ebc57dd9e92ce742cc88c
WOS:001279419000001,Research progress of co-intercalation mechanism electrolytes in sodium-ion batteries,2024,10.1016/j.ensm.2024.103627,https://doi.org/10.1016/j.ensm.2024.103627,WOS:001279419000001,35,427aba0a8fc9b79623aa0082864bb10ff9a476fb276e7d0ce7acea0324cef176
WOS:000482057500028,Solvent-controlled solid-electrolyte interphase layer composition of a high performance Li4Ti5O12 anode for Na-ion battery applications,2019,10.1039/c9se00349e,https://doi.org/10.1039/c9se00349e,WOS:000482057500028,36,e27c3a736df85da63c9d83b3cff2e8efe95739c45cff7421e0ca61b99f4a4181
WOS:000469885300012,Tantalum-Doped Titanium Oxide with Rutile Structure as a Novel Anode Material for Sodium-Ion Battery,2019,10.1021/acsaem.9b00585,https://doi.org/10.1021/acsaem.9b00585,WOS:000469885300012,37,16b4d4a186802b025f3c8a2a5e6068b30f95c642c5861c1c6ddfc5a7808d6089
WOS:000329530300033,Cathode properties of Na2C6O6 for sodium-ion batteries,2013,10.1016/j.electacta.2013.04.100,https://doi.org/10.1016/j.electacta.2013.04.100,WOS:000329530300033,38,80b1ccbfad4921986ebd3bf98582b87dd9be51623868d4e118b606d2e77302f0
WOS:001398027100001,Photo-Rechargeable Sodium-Ion Batteries with a Two-Dimensional MoSe2 Crystal Cathode,2025,10.1021/acs.nanolett.4c03471,https://doi.org/10.1021/acs.nanolett.4c03471,WOS:001398027100001,39,305fe1082ccde2c9354d16c8cbc4456c517b0d13ae193561e14c33078524526f
WOS:001383020900001,High-Voltage Fe-Based Tunnel-Type Na0.66[Mn0.33Fe0.33Ti0.3Sn<s ub>0.04]O2 Cathode for Aqueous Rechargeable Sodium-Ion Battery,2024,10.1021/acsami.4c18772,https://doi.org/10.1021/acsami.4c18772,WOS:001383020900001,40,92f10985fea3e683f9860369976facf3d55fc09cd977c18b2f564439112e2081
WOS:000417063200045,Exceptionally high sodium-ion battery cathode capacity based on doped ammonium vanadium oxide and a full cell SIB prototype study,2017,10.1039/c7ta08104a,https://doi.org/10.1039/c7ta08104a,WOS:000417063200045,41,53a6ab1a0ad538216ef6995ec5dbdbd4005e6676bb6d2259c0d434ee6e381a07
WOS:000413211100003,Na4Mn9O18/Carbon Nanotube Composite as a High Electrochemical Performance Material for Aqueous Sodium-Ion Batteries,2017,10.1186/s11671-017-2340-1,https://doi.org/10.1186/s11671-017-2340-1,WOS:000413211100003,42,2cb02f558b81af7abd8614e84abd68f8e6d6090286542eb48e166037c35160f5
WOS:000432281000002,Bi2Se3/C Nanocomposite as a New Sodium-Ion Battery Anode Material,2018,10.1007/s40820-018-0201-9,https://doi.org/10.1007/s40820-018-0201-9,WOS:000432281000002,43,1929e965a9f126befca20e5ea5c2b588bb70ae783889d20cf998e48a384f53a6
WOS:001028753400001,Growth of TiS2 nanoflakes using CVD approach for sodium-ion battery application,2023,10.1007/s11051-023-05791-6,https://doi.org/10.1007/s11051-023-05791-6,WOS:001028753400001,44,cb11056fd7b5a2276d8370f46365c1a343d8b951bebdb991b31d9c625a40a124
WOS:000512369200064,Facile synthesis of FeS2/MoS2 composite intertwined on rGO nanosheets as a high-performance anode material for sodium-ion battery,2020,10.1016/j.jallcom.2019.153222,https://doi.org/10.1016/j.jallcom.2019.153222,WOS:000512369200064,45,5721aa056d2d46727817d6266059015c9e543470046df2f2f1d928cf695fa8c3
WOS:000356724600020,Novel sodium bismuth sulfide nanostructures: a promising anode materials for sodium-ion batteries with high capacity,2015,10.1007/s11581-014-1356-0,https://doi.org/10.1007/s11581-014-1356-0,WOS:000356724600020,46,01f53b8aba8fa23f75f9f9056204096febfa18d56fca3699ccd646eccd4e8852
WOS:000416126600024,Organic Thiocarboxylate Electrodes for a Room-Temperature Sodium-Ion Battery Delivering an Ultrahigh Capacity,2017,10.1002/anie.201708960,https://doi.org/10.1002/anie.201708960,WOS:000416126600024,47,57c40380c5713e09e22881115ee85049ede9a8d73bc06060d76a2396d8e349f5
WOS:000376828900003,Rapid synthesis of three-dimensional network structure CuO as binder-free anode for high-rate sodium ion battery,2016,10.1016/j.jpowsour.2016.04.063,https://doi.org/10.1016/j.jpowsour.2016.04.063,WOS:000376828900003,48,7834d2ce85a118cfc99a670298549ae3da823be6a76f5938d01c8de5dcd38037
WOS:000954749100001,A new high-performance O3-NaNi0.3Fe0.2Mn0.5O2 cathode material for sodium-ion batteries,2023,10.1007/s11581-023-04963-7,https://doi.org/10.1007/s11581-023-04963-7,WOS:000954749100001,49,3f0ade994732dd6863a23b6bc2df936460cac79487d173f728ff402a7f7cada9
WOS:000364578900073,Sulfur covalently bonded graphene with large capacity and high rate for high-performance sodium-ion batteries anodes,2015,10.1016/j.nanoen.2015.05.038,https://doi.org/10.1016/j.nanoen.2015.05.038,WOS:000364578900073,50,a3fcd91ea7783bcf02366274728d44ec7bd32626965839a2d6cb297d958f70eb
WOS:001528353400001,"Feasibility of NaMNbO4 and NaMSbO4 (M = Ni, Co, Mn, Fe) for their use as high voltage cathode materials in sodium ion battery-a DFT study",2025,10.1007/s11581-025-06510-y,https://doi.org/10.1007/s11581-025-06510-y,WOS:001528353400001,51,d3d82c3470f4bfee9158c33bd3f97184ab9ef19004eff70c97aee07f93bac822
WOS:000537451900032,Interaction between Sodium and Dimethylacetamide As the Cause of Instability in the Operation of a Sodium-Ion Battery,2020,10.1134/s0036024420060308,https://doi.org/10.1134/s0036024420060308,WOS:000537451900032,52,96ab7bac274dd7e128968678c79ce2f6e8915d2c554e66e6c8f813504518370a
WOS:001533234200001,CuTi2(PO4)3 with a rewarding transformation to NaTi2(PO4)3 by in-situ electrochemical self-coating for anodes in aqueous sodium-ion battery,2025,10.1016/j.jallcom.2025.182139,https://doi.org/10.1016/j.jallcom.2025.182139,WOS:001533234200001,53,5b07440918cb9f5ed3483f5654febfd9cccd8d250650745caec8eaadcc776e2f
WOS:000419942800008,Observation on sodium &ITp&IT-toluenesulfonate-doped polypyrrole cathode for sodium ion battery,2018,10.1680/jsuin.17.00036,https://doi.org/10.1680/jsuin.17.00036,WOS:000419942800008,54,53ec221a7fc1e0737c9e1e9491f35eeb7ca555fe7f3f47944ddc4a522a0c8c32
WOS:000409187400003,High-capacity sodium ion battery anodes based on CuO nanosheets and carboxymethyl cellulose binder,2017,10.1080/10667857.2017.1295628,https://doi.org/10.1080/10667857.2017.1295628,WOS:000409187400003,55,9f72ca0cb0d748a66249f33582f14a941a0c048b7e47bad51d3aa5ac21667843
WOS:000374840400033,Disodium dimolybdate: a potential high-performance anode material for rechargeable sodium ion battery applications,2016,10.1007/s10008-016-3153-3,https://doi.org/10.1007/s10008-016-3153-3,WOS:000374840400033,56,cf8e3b0281195a84a4c65cb53a44260abb16011977568b31ad0c19efff1712b8
WOS:000526114400024,One step synthesis of vesicular Na3V2(PO4)2F3 and network of Na3V2(PO4)2F3@gra phene nanosheets with improved electrochemical performance as cathode material for sodium ion battery,2020,10.1016/j.inoche.2020.107884,https://doi.org/10.1016/j.inoche.2020.107884,WOS:000526114400024,57,4d8d7cb6af68ac9982b79d05ff91da4c1e70435e1ce8a1655bfe3c19767d1da2
WOS:000872451500001,One-Pot Spray Engineering to Design Na0.44MnO2 Cathode Electrodes for High-Rate and Cycle-Stable Na-Ion Batteries,2022,10.3390/batteries8100181,https://doi.org/10.3390/batteries8100181,WOS:000872451500001,58,c46b7df9f5da65ad0d2750ac851c73361229c11087fb892692cc55adff8cd49a
WOS:000372691900004,"A sodium-ion battery exploiting layered oxide cathode, graphite anode and glyme-based electrolyte",2016,10.1016/j.jpowsour.2016.01.082,https://doi.org/10.1016/j.jpowsour.2016.01.082,WOS:000372691900004,59,422dc76a9774faad2458bcc3e98e6e5af591511d7f7fcef954e6f53c3048f8e2
WOS:000424338500084,Exploration of Mn0.5Ti2(PO4)3@rgo composite as anode electrode for Na-ion battery,2018,10.1007/s10854-017-8370-8,https://doi.org/10.1007/s10854-017-8370-8,WOS:000424338500084,60,08b77a64c6e40a579b74546356d10641952615be33516a06038b01e95a99afe7
WOS:000487858400015,An All-Prussian-Blue-Based Aqueous Sodium-Ion Battery,2019,10.1002/celc.201901223,https://doi.org/10.1002/celc.201901223,WOS:000487858400015,61,52a22406801efb009ec4841df29cd8d72a7b1695e974c469972e0596a2138ef9
WOS:000442056800018,Low temperature synthesis of polyhedral hollow porous carbon with high rate capability and long-term cycling stability as Li-ion and Na-ion battery anode material,2018,10.1016/j.jpowsour.2018.07.038,https://doi.org/10.1016/j.jpowsour.2018.07.038,WOS:000442056800018,62,cd91faa655e05f6937d1835ed2114680cf83901bbcdc497a94a9926f187e8d37
WOS:000691185500006,Enhanced enactment of graphene amalgamated sodium cobalt phosphate composite electrode material in sodium-ion battery,2021,10.1016/j.jtice.2021.07.021,https://doi.org/10.1016/j.jtice.2021.07.021,WOS:000691185500006,63,68c42c978b76beba8cfddfaf487f0aad89dda0bf51d5dd3c84cda01202667ab5
WOS:000704085000002,Conductive halloysite clay nanotubes for high performance sodium ion battery cathode,2021,10.1016/j.clay.2021.106265,https://doi.org/10.1016/j.clay.2021.106265,WOS:000704085000002,64,caab2c73dd9a9b3f4c3b0cdeb771ffb3670512ed94a4e197c07651b75e1cc28e
WOS:000990615400001,Clarifying effects of in-plane cationic-ordering degree on anionic redox chemistry in Na-ion battery layered oxide cathodes,2023,10.1016/j.mtchem.2023.101532,https://doi.org/10.1016/j.mtchem.2023.101532,WOS:000990615400001,65,612c7b98ba20e07f6e58dc8ae2b1696f673c20fd96e476fbfe300561fa7cb2a1
WOS:000579878700030,Carbon-encapsulated Sb6O13 nanoparticles for an efficient and durable sodium-ion battery anode,2021,10.1016/j.jallcom.2020.156939,https://doi.org/10.1016/j.jallcom.2020.156939,WOS:000579878700030,66,92070ed2b394582570f3a7178a6dd91462108090b0ca1a7fc17639e535e56d87
WOS:000382483800027,Subzero-Temperature Cathode for a Sodium-Ion Battery,2016,10.1002/adma.201600846,https://doi.org/10.1002/adma.201600846,WOS:000382483800027,67,2baad5a8a8ea2c1d61b5d8b28f60b991732bb50bc79724bd4808956578c03095
WOS:000539008000001,Overcoming the Unfavorable Kinetics of Na3V2(PO4)2F3//Sn Px Full-Cell Sodium-Ion Batteries for High Specific Energy and Energy Efficiency,2020,10.1002/adfm.202003086,https://doi.org/10.1002/adfm.202003086,WOS:000539008000001,68,058a8cf28a0960a03c0ff94f77242b9065625529940750207e5fe73202952394
WOS:000343985600040,Three-dimensional spider-web architecture assembled from Na2Ti3O7 nanotubes as a high performance anode for a sodium-ion battery,2014,10.1039/c4cc06451h,https://doi.org/10.1039/c4cc06451h,WOS:000343985600040,69,0d9311f68da1ffc87db97f69df31245543aa7489e0a5135157b434fd7f0ab5b9
WOS:000344525500053,Excellent electrochemical performance of tin monosulphide (SnS) as a sodium-ion battery anode,2014,10.1039/c4ra05851h,https://doi.org/10.1039/c4ra05851h,WOS:000344525500053,70,568c57e2709618e23c7d5c323da01b748378314c3b15873eb3f95cd6f637f247
WOS:001564262000002,Palm oil shell-derived SiO2/hard-carbon-like nanocomposites for a potential application as dual carbon battery electrode,2025,10.1016/j.biombioe.2025.108332,https://doi.org/10.1016/j.biombioe.2025.108332,WOS:001564262000002,71,d108424a75a3241db0833921bc3875313c08e3b5b6b3d7aa8eb52289aa000a40
WOS:000525952000161,High Capacity Prismatic Type Layered Electrode with Anionic Redox Activity as an Efficient Cathode Material and PVdF/SiO2 Composite Membrane for a Sodium Ion Battery,2020,10.3390/polym12030662,https://doi.org/10.3390/polym12030662,WOS:000525952000161,72,d6562798d95867ef5c71129942ba7c2855297d1a3d0c6366e05012491fc68662
WOS:000514749800114,Na-Ge glass anode network mixed with bismuth oxide nanocrystallites: A high capacity anode material for use in advanced sodium-ion battery design,2020,10.1016/j.matchemphys.2019.122568,https://doi.org/10.1016/j.matchemphys.2019.122568,WOS:000514749800114,73,7b3529f05cf0df94351dac629f5ce7cecf987983b94eef2e0d1f6e8466b4c21b
WOS:000432339300002,Mesoporous MXene powders synthesized by acid induced crumpling and their use as Na-ion battery anodes,2018,10.1080/21663831.2018.1434249,https://doi.org/10.1080/21663831.2018.1434249,WOS:000432339300002,74,61cf525edb476704ef6520b289ba335ff483052e18b6b3fb01628b34b60d34fe
WOS:000460756500027,Study of Sodium-ion Battery Based on Sodium Vanadium Phosphate and Sodium Titanate at Low Temperatures,2019,10.20964/2019.02.10,https://doi.org/10.20964/2019.02.10,WOS:000460756500027,75,2638ccf2fa40f52e53a0bd5e580b947b1f7dd689bd69f011b5e58314ce0116f9
WOS:000588305500018,Mo-modified P/C composite as anode for high-performance sodium ion batteries,2020,10.1016/j.jelechem.2020.114536,https://doi.org/10.1016/j.jelechem.2020.114536,WOS:000588305500018,76,8a018f46f85970375cdb50502907473d6c5d240b32820db7a2a2d25bde47a7ee
WOS:000383003600035,Electrolyte dependence of the performance of a Na2FeP2O7//NaTi2(PO4</s ub>)3 rechargeable aqueous sodium-ion battery,2016,10.1016/j.jpowsour.2016.07.052,https://doi.org/10.1016/j.jpowsour.2016.07.052,WOS:000383003600035,77,ec91c70d0a18e775050d61de18506bb4d209279561ed203d737a8e65116594a5
WOS:000480579700030,Development of covalent-bonded organic/carbon anode for sodium-ion battery,2019,10.1007/s12206-019-0730-2,https://doi.org/10.1007/s12206-019-0730-2,WOS:000480579700030,78,11061b8dd17b9d37e87bd86bb7f20f17697ffa74d0c301dde5b119ef820f37a5
WOS:001146743200005,Exploration of Gel-electrolyte Soft Package Sodium-ion Battery,2023,10.7503/cjcu20230340,https://doi.org/10.7503/cjcu20230340,WOS:001146743200005,79,5fc4bd5bcd5c849277e4f8f63cb60ed0434943009eb2da28c3f6b451bcd549a6
WOS:000419002100041,High-performance aqueous symmetric sodium-ion battery using NASICON-structured Na2VTi(PO4)3,2018,10.1007/s12274-017-1657-5,https://doi.org/10.1007/s12274-017-1657-5,WOS:000419002100041,80,29488766a57f0515902f5b13cadbbb68b2c3b8a934171dead8b9d2b23b0bbf32
WOS:000982112900001,Electrochemical exfoliation and deposition of sodium-graphene oxide composite for high specific capacity cathode/anode for dual-carbon sodium ion battery application,2023,10.1016/j.cplett.2023.140499,https://doi.org/10.1016/j.cplett.2023.140499,WOS:000982112900001,81,dc578ec4af1697a393f809f0ee67d8b4d5d8cdfc5265b6e35c9295724edd81f7
WOS:000447555400039,Activating abnormal capacity in stoichiometric NaVO3 as cathode material for sodium-ion battery,2018,10.1016/j.jpowsour.2018.08.042,https://doi.org/10.1016/j.jpowsour.2018.08.042,WOS:000447555400039,82,13677608faf191ad92b0e9538ff69ecd2a10088b9ddbf85edeca5a28613ad507
WOS:000433042500022,An acid-pasting strategy towards PTCDA based high performance lithium/sodium ion battery cathodes,2018,10.1016/j.electacta.2018.04.155,https://doi.org/10.1016/j.electacta.2018.04.155,WOS:000433042500022,83,bde83d67cc0eead34d0cdcd0ffb281a514e09fec05961d03bd91eb7d6d1354fa
WOS:000452679100012,Enhanced Cycling Stability of Macroporous Bulk Antimony-Based Sodium-Ion Battery Anodes Enabled through Active/Inactive Composites,2018,10.1002/aenm.201801781,https://doi.org/10.1002/aenm.201801781,WOS:000452679100012,84,8b86b78d62bf4ce1879a2292088c8dd08fd95cbdac8fe09d6f29b05f3687baa7
WOS:000387100600108,Electrochemical Performance of Sn/SnO Nanoparticles with Core-Shell Structure as Anode Materials for Sodium-Ion and Lithium-Ion Batteries,2016,10.1166/jnn.2016.13229,https://doi.org/10.1166/jnn.2016.13229,WOS:000387100600108,85,f78493eda413fba6706f07aad5999e3c32476e751b891b10dab6f62675883670
WOS:001438246700001,Transforming spent lithium iron phosphate cathodes and waste plastics into high-performance sodium-ion battery anodes via co-pyrolysis,2025,10.1016/j.coco.2025.102306,https://doi.org/10.1016/j.coco.2025.102306,WOS:001438246700001,86,a8c121b97175bea2661184f5678359427a8d15a01cdaf59a05f8f15d0dcdf209
WOS:000823557900001,Facile Synthesis of Necessary Amorphous Structure FePO4 Nanospheres as Superior Sodium-Ion Battery Cathodes,2022,10.1021/acsaem.2c00336,https://doi.org/10.1021/acsaem.2c00336,WOS:000823557900001,87,66962dabb0e1e7a95803c8a6ef77cfecb24510e3c7933b7468296f447699e39d
WOS:000434776600045,Electrochemical properties of novel FeV2O4 as an anode for Na-ion batteries,2018,10.1038/s41598-018-27083-z,https://doi.org/10.1038/s41598-018-27083-z,WOS:000434776600045,88,eb310e1dc83479145130e4d339263541e47e9f58d1e19f9e3390d78af2be8022
WOS:000620785300004,3D nitrogen and sulfur equilibrium co-doping hollow carbon nanosheets as Na-ion battery anode with ultralong cycle life and superior rate capability,2021,10.1016/j.apsusc.2021.149168,https://doi.org/10.1016/j.apsusc.2021.149168,WOS:000620785300004,89,5b9a6894f74f11142295161c0e42491988500865c6d7f097e9df82fc93b05cf6
WOS:000515668100002,Crystal doping of K ion on Na site raises the electrochemical performance of NaTi2(PO4)3/C anode for sodium-ion battery,2020,10.1007/s11581-020-03468-x,https://doi.org/10.1007/s11581-020-03468-x,WOS:000515668100002,90,f2e20de7a46f2009c1ac0f855f4372691eb5f534b3820ecaea0b72b7fffa1f22
WOS:001533155400001,Na-Ion Battery Anodes Based on Biphenyl Carboxylate Derivatives,2025,10.1021/acsaem.5c01307,https://doi.org/10.1021/acsaem.5c01307,WOS:001533155400001,91,6c434c03155a2e437cb3752b307b18c105a38c6a0394b60108b7185da5d79062
WOS:000475532200040,High-Voltage All-Solid-State Na-Ion-Based Full Cells Enabled by All NASICON-Structured Materials,2019,10.1021/acsami.9b07647,https://doi.org/10.1021/acsami.9b07647,WOS:000475532200040,92,7c15c1465c33802b36b6f1d815d8c1babe1cce7487c646b51ae84d22ef737a68
WOS:000526375000009,Green Synthesis of a Nanocrystalline Tin Disulfide-Reduced Graphene Oxide Anode from Ammonium Peroxostannate: a Highly Stable Sodium-Ion Battery Anode,2020,10.1021/acssuschemeng.9b06676,https://doi.org/10.1021/acssuschemeng.9b06676,WOS:000526375000009,93,8f58b843112c3151c99e38d92caef26cace0784d882f33a4aaef44f30722b7f4
WOS:001182727800001,Pristine and engineered biochar as Na-ion batteries anode material: A comprehensive overview,2024,10.1016/j.rser.2024.114304,https://doi.org/10.1016/j.rser.2024.114304,WOS:001182727800001,94,414d77224da28ba915d8181523964030ebbb039b77309598773c41ecdfd6024a
WOS:001175628700001,Red phosphorus encapsulated in 3D N-doped porous carbon nanofibers: an enhanced sodium-ion battery anode material,2024,10.1039/d3cc06080b,https://doi.org/10.1039/d3cc06080b,WOS:001175628700001,95,a4a82c3af3128534359d549dbb07af3d45e4a8954d7c8be0c0d1d8b11d663b44
WOS:000599988300001,Na2TiV(PO4)3@C composite with excellent Na-storage performance based on a solid-state polymer electrolyte membrane,2021,10.1002/er.6303,https://doi.org/10.1002/er.6303,WOS:000599988300001,96,5dcdad6299b21cef3fd7dac4d6455c26a9e9967afc280fe6c89828fa302e7c27
WOS:000408582300088,Facile synthesis of FeSi4P4 and its Sodium Ion Storage Performance,2017,10.1016/j.electacta.2017.07.012,https://doi.org/10.1016/j.electacta.2017.07.012,WOS:000408582300088,97,38c2a9e7fd133bc0092360771ce44f8131243fb1600dbbca0fee21b3bc95faa2
WOS:000436218300018,ZnV2O4: A potential anode material for sodium-ion batteries,2018,10.1016/j.jtice.2018.03.052,https://doi.org/10.1016/j.jtice.2018.03.052,WOS:000436218300018,98,781ea6d24e0d81abc48bdddfd3547f127a32db9a8b09ebc9d2892ca50f6df9d0
WOS:000412507400015,Hydrothermally hollow SnO2 microspheres as sodium ion battery anode with high capacity and superior stability,2017,10.1049/mnl.2017.0304,https://doi.org/10.1049/mnl.2017.0304,WOS:000412507400015,99,9a3b1b2781f82f65eeeebda1e7677af18331cc46bced3d41cc9778f163e781f7
WOS:000338810500043,Microspherical Na2Ti3O7 prepared by spray-drying method as anode material for sodium-ion battery,2014,10.1016/j.ssi.2013.11.005,https://doi.org/10.1016/j.ssi.2013.11.005,WOS:000338810500043,100,ab15adb72915d3b37e03dc14957394b9cdab47f95d9567948a49ae845e4619e0
WOS:000354204500041,A polyimide based all-organic sodium ion battery,2015,10.1039/c5ta02043c,https://doi.org/10.1039/c5ta02043c,WOS:000354204500041,101,a9e104791c159a23bd2516adedbcc678b580579126864dbd7d0a88ebae80a7a8
WOS:000345979700026,NaV6O15 Nanoflakes with Good Cycling Stability as a Cathode for Sodium Ion Battery,2015,10.1149/2.0151501jes,https://doi.org/10.1149/2.0151501jes,WOS:000345979700026,102,9c850da1de7cb7ce1ab41ec6d56319f827679663ea6d58c6e0d7008fa676358f
WOS:000314643100039,Na2Ti3O7: an intercalation based anode for sodium-ion battery applications,2013,10.1039/c2ta01057g,https://doi.org/10.1039/c2ta01057g,WOS:000314643100039,103,bfef772ee9baf5b24b507f0bab8bc342f94d8b83ac29c37adf2df61e6104b73a
WOS:000384732300011,A Safer Sodium-Ion Battery Based on Nonflammable Organic Phosphate Electrolyte,2016,10.1002/advs.201600066,https://doi.org/10.1002/advs.201600066,WOS:000384732300011,104,0276fd90cb3d0547ed16233f2253138a1659952c1394e465686841e35aedec1d
WOS:000663750900002,Dispersion-corrected DFT design of nitrogen doped- or TMN4 embedded buckybowl-like porous carbon derived from zeolitic imidazolate frameworks as anode material of sodium-ion battery,2021,10.1016/j.apsusc.2021.150156,https://doi.org/10.1016/j.apsusc.2021.150156,WOS:000663750900002,105,31f173c6190a1172e751d904adfcecfe44721e79c0b3f5e882299cfd4de6b466
WOS:000444182900139,Synergistic Role of Electrolyte and Binder for Enhanced Electrochemical Storage for Sodium-Ion Battery,2018,10.1021/acsomega.8b01407,https://doi.org/10.1021/acsomega.8b01407,WOS:000444182900139,106,789822d7a65c96e0b6bbaef5503a065c2393040e61fbb55c1caff80adfeff597
WOS:000782545800005,Exploration of a Na3V2(PO4)3/C -Pb full cell Na-ion prototype,2022,10.1016/j.nanoen.2022.107010,https://doi.org/10.1016/j.nanoen.2022.107010,WOS:000782545800005,107,73370f22d2dcaacf929e380860e3e846881cde1dda591a4805d7d6d711405266
WOS:000430883400015,High-performance aqueous rechargeable sulfate- and sodium-ion battery based on polypyrrole-MWCNT core-shell nanowires and Na0.44MnO2 nanorods,2018,10.1016/j.apsusc.2018.02.021,https://doi.org/10.1016/j.apsusc.2018.02.021,WOS:000430883400015,108,14129428221b3c9c65e4fa8282d2941530b3a5403965aa26f0bf01843b504c8e
WOS:000593969600004,Bio-synthesized P2-Na0.57CoO2 nanoparticles as cathode for aqueous sodium ion battery,2020,10.1016/j.jelechem.2020.114600,https://doi.org/10.1016/j.jelechem.2020.114600,WOS:000593969600004,109,fbd186b89529906c063d8d91dd3af93948fa481bb2edef09c42196e01069e822
WOS:000397256700021,TiO2/Sunflower Seed Shell-derived Carbon Micro Fiber Hybrids as Promising Anode Materials for Sodium-ion Batteries,2017,10.20964/2017.03.33,https://doi.org/10.20964/2017.03.33,WOS:000397256700021,110,cdc3facaf0d8b76c9361fccd53747a669089913b93208b97a453c7e14a79aa8e
WOS:000530838000007,Sn4P3@Porous carbon nanofiber as a self-supported anode for sodium-ion batteries,2020,10.1016/j.jpowsour.2020.228116,https://doi.org/10.1016/j.jpowsour.2020.228116,WOS:000530838000007,111,df5636ad403d2393df5d7432970c3c1b3a4b1fc06a6eb9c16653383a71ba30a5
WOS:000658385000007,A conjugated plier-linked nano-spacing graphite network for sodium-ion battery,2021,10.1016/j.ensm.2021.04.008,https://doi.org/10.1016/j.ensm.2021.04.008,WOS:000658385000007,112,61f55fc928b120a411ad310097993e4f80422afb26d933ac265fe28ef268a8c7
WOS:001364662800001,Microporous Organic Ladder Polymer with Vertically Aligned Quinones for Sodium-Ion Battery,2025,10.1002/smll.202407756,https://doi.org/10.1002/smll.202407756,WOS:001364662800001,113,4208829be819101464a8bca1a8f1d1a80180de2376ef3e49f029656202d4a772
WOS:000575865300005,Cu2S hollow spheres as an anode for high-rate sodium storage performance,2020,10.1016/j.jelechem.2020.114523,https://doi.org/10.1016/j.jelechem.2020.114523,WOS:000575865300005,114,75c945d3f38679440fd83dabe715b6c8341a1c14b6ab56d77cfe428b1e6dc8f2
WOS:000468258200003,MoS2 hollow spheres in ether-based electrolyte for high performance sodium ion battery,2019,10.1016/j.jcis.2019.04.025,https://doi.org/10.1016/j.jcis.2019.04.025,WOS:000468258200003,115,79977a753d387129531cfeaa4568a7b4ead376214ee3638db8272f8451f4120d
WOS:000724035400001,Nanosheets Derived through Dissolution-Recrystallization of TiB2 as Efficient Anode for Sodium-Ion Batteries,2022,10.1002/batt.202100243,https://doi.org/10.1002/batt.202100243,WOS:000724035400001,116,39e890ed06644d1b141107e111fa18fb3cec0a19d9f0615eaa9b2aa1401b8706
WOS:000419831600084,Pyrite FeS2@C nanorods as smart cathode for sodium ion battery with ultra-long lifespan and notable rate performance from tunable pseudocapacitance,2018,10.1016/j.electacta.2017.12.031,https://doi.org/10.1016/j.electacta.2017.12.031,WOS:000419831600084,117,2e6c7126f32084d202780d964ceff40245c524be9b240c4acf28e83e376bf572
WOS:000328177000101,Preparation and characterization of carbon-coated NaVPO4F as cathode material for rechargeable sodium-ion batteries,2014,10.1016/j.jpowsour.2013.09.018,https://doi.org/10.1016/j.jpowsour.2013.09.018,WOS:000328177000101,118,5c0150eb48388c78882efd5a346ea20d938ae300db31f6bc6e049edc8acd2aca
WOS:000428972700016,3.0 V High Energy Density Symmetric Sodium-Ion Battery: Na4V2(PO4)3||Na3V 2(PO4)3,2018,10.1021/acsami.7b16901,https://doi.org/10.1021/acsami.7b16901,WOS:000428972700016,119,b03054e7474a864f15851ed67004cf1399cb635f83d7ab4c456a50630abc149a
WOS:000387100400149,A Facile Synthesis of Flower-Like CuO as Anode Materials for Lithium (Sodium) Ion Battery Applications,2016,10.1166/jnn.2016.11593,https://doi.org/10.1166/jnn.2016.11593,WOS:000387100400149,120,7c9666ac8fcc850ca2861d00dab60d2380577fa3b0b8b9cef36b470c671c7115
WOS:000659315800065,Carbon-Decorated Na3V2(PO4)3 as Ultralong Lifespan Cathodes for High-Energy-Density Symmetric Sodium-Ion Batteries,2021,10.1021/acsami.1c06160,https://doi.org/10.1021/acsami.1c06160,WOS:000659315800065,121,33b01463f23d339daaa62e7864f12daf84156efbddae6031fa707007c2a031e7
WOS:000600489500001,"N, S self-doped porous carbon with enlarged interlayer distance as anode for high performance sodium ion batteries",2021,10.1002/er.6294,https://doi.org/10.1002/er.6294,WOS:000600489500001,122,c8ed3aaa9bd4c8c2bb8556cb25ea01793676349e80e789a59c2fc2e3d151022e
WOS:000687334600008,Bimetallic alloy SbSn nanodots filled in electrospun N-doped carbon fibers for high performance Na-ion battery anode,2021,10.1016/j.electacta.2021.138246,https://doi.org/10.1016/j.electacta.2021.138246,WOS:000687334600008,123,f8eada81ea63a19762a575013c58e113482bce5eab7ef4faa3dee7645c3e5b82
WOS:000340403800002,Sb2O3 Nanowires as Anode Material for Sodium-Ion Battery,2014,10.1007/s13369-014-1194-4,https://doi.org/10.1007/s13369-014-1194-4,WOS:000340403800002,124,7cca58d5d6f74e20ba32ce335f12b18340e0c193b637bf9d5d162e9f4e74ed27
WOS:000365554400100,Carbon-Coated Li4Ti5O12 as Anode Material for Sodium-Ion Batteries,2015,10.1166/jnn.2015.10523,https://doi.org/10.1166/jnn.2015.10523,WOS:000365554400100,125,8a3cebd467e3761578d69c734d18d287209852c81b85181ba282bfc58fe7a6ff
WOS:000367124900020,Flexible graphite film with laser drilling pores as novel integrated anode free of metal current collector for sodium ion battery,2015,10.1016/j.elecom.2015.10.009,https://doi.org/10.1016/j.elecom.2015.10.009,WOS:000367124900020,126,203c8f174baf2a3db4d25fcc96358ffb3ff60afefc7b251ea205b3a422e346f0
WOS:000506162500034,STRUCTURAL AND ELECTROCHEMICAL PROPERTIES OF P3-Na0.67Mn0.3Co0.7O2 NANOSTRUCTURES PREPARED BY CITRIC-UREA SELF-COMBUSTION ROUTE AS CATHODE FOR SODIUM ION BATTERY,2019,,,WOS:000506162500034,127,f4d58eb34e6bf3e9f671dede5f0191f8b2413284ca2a50fe4a7f0cf99afc9876
WOS:000823229500003,Watermelon-like multicore-shell Fe(PO3)2@carbon nanocapsule anode to construct an all iron phosphate-based sodium ion battery,2022,10.1007/s12274-022-4678-7,https://doi.org/10.1007/s12274-022-4678-7,WOS:000823229500003,128,cc8bda853dcbbb8e75eff0e6133d043dfe777a36b50926642177eae404980ccc
WOS:000376532200033,Development of fiber-type potassium-based cathode for sodium ion battery,2016,10.1016/j.matlet.2016.04.160,https://doi.org/10.1016/j.matlet.2016.04.160,WOS:000376532200033,129,265f1f8cf935643bbb6fb7857ed2bc76e5fd9458632ac8923693d79db6618af1
WOS:000393077700001,Synthesis of Na2MnFe(CN)6 and its Application as Cathode Material for Aqueous Rechargeable Sodium-ion Battery,2016,10.14447/jnmes.v19i3.306,https://doi.org/10.14447/jnmes.v19i3.306,WOS:000393077700001,130,fc2bc2dce5d73a0479e98197009937da4fbfd55ac2bcaf57d089ba4495f32861
WOS:000443381900022,Reaction Mechanisms of Sodium-Ion Batteries under Various Charge and Discharge Conditions in a Three-Electrode Setup,2018,10.1002/celc.201800387,https://doi.org/10.1002/celc.201800387,WOS:000443381900022,131,403d7e7b17c6332f4a9e6212341cbfa4d41fdf351574941d2fe539f881410806
WOS:000514749500058,Modelling of antimonene as an anode material in sodium-ion battery: A first-principles study,2020,10.1016/j.matchemphys.2019.122381,https://doi.org/10.1016/j.matchemphys.2019.122381,WOS:000514749500058,132,9b20d9d7489ec04cdacb933f18700f8712f2c67e4e6f3384119585b05eb89f18
WOS:000397473700037,Flexible Graphene Stacks for Sodium-Ion Storage,2017,10.1002/celc.201600620,https://doi.org/10.1002/celc.201600620,WOS:000397473700037,133,1353b28f26ab12507e856a01b9fa93af5ac3a3993df94045ac1f13ac764911ed
WOS:000454773300002,Exploring the possibility of the zigzag WS2 nanoribbons as anode materials for sodium-ion batteries,2019,10.1007/s00339-018-2336-4,https://doi.org/10.1007/s00339-018-2336-4,WOS:000454773300002,134,211ccad58bf4f2042cffe39ee22f0a8610c6a5e80c57a4df828637c0b8fe3b81
WOS:000424900000030,Thioindigo: A novel cathode material of sodium ion battery predicted through dispersion-corrected density functional theory,2018,10.1016/j.commatsci.2017.11.022,https://doi.org/10.1016/j.commatsci.2017.11.022,WOS:000424900000030,135,133748ea2220dbd527aad6fc8025d24d6a086e9c9b139b66b748d0cb8afe9467
WOS:000414083300074,Self-supported mesoporous FeCo2O4 nanosheets as high capacity anode material for sodium-ion battery,2017,10.1016/j.cej.2017.08.014,https://doi.org/10.1016/j.cej.2017.08.014,WOS:000414083300074,136,18d6f1b1fc89318538e8ca7ef47c214d253ad67a39261252dc1e18fd9e043836
WOS:000458596500062,An acid-pasting approach towards perylenetetracarboxylic diimide based lithium/sodium ion battery cathodes with high rate performances,2019,10.1016/j.jcis.2018.11.085,https://doi.org/10.1016/j.jcis.2018.11.085,WOS:000458596500062,137,817dac01e87f3111baaaa17fc24791452c09c1890b8fe6ecc23f9724f781cd6f
WOS:001496522700001,Study on Thermal Behavior and Safety Properties of Na4Fe3(PO4)2(P2O< sub>7) and NaNi1/3Fe1/3Mn1/3O2 Cathode-Based Sodium Ion Battery,2025,10.3390/batteries11050184,https://doi.org/10.3390/batteries11050184,WOS:001496522700001,138,bcf3cf8cdf4884c6f884849eb3242476f6e22b75b4a9a1b4812e7b4594d17edb
WOS:000860680400001,Microwave-initiated MAX Ti3AlC2-catalyzed upcycling of polyolefin plastic wastes: Selective conversion to hydrogen and carbon nanofibers for sodium-ion battery,2022,10.1016/j.apcatb.2022.121828,https://doi.org/10.1016/j.apcatb.2022.121828,WOS:000860680400001,139,25658dd03f90b8053a5c329ba967f5d3f5c8d0e9f3db79d4c9a90d61acb8cd7e
WOS:000370866700014,Na-Doped Li4Ti5O12 as an Anode Material for Sodium-Ion Battery with Superior Rate and Cycling Performance,2016,10.1149/2.0781605jes,https://doi.org/10.1149/2.0781605jes,WOS:000370866700014,140,8a7664ff1211daef00ca23744676f3195e11b5be9018f9a8578bde8cc77b3ddd
WOS:000458347900052,Carbon Nanofiber Elastically Confined Nanoflowers: A Highly Efficient Design for Molybdenum Disulfide-Based Flexible Anodes Toward Fast Sodium Storage,2019,10.1021/acsami.8b21729,https://doi.org/10.1021/acsami.8b21729,WOS:000458347900052,141,f00ae64349df761f368c494ef7f2207fa79af3b014c3802595a7c231bf234057
WOS:000510313600025,Hierarchical hollow-structured anode for high-rate sodium-ion battery,2020,10.1016/j.jssc.2019.121159,https://doi.org/10.1016/j.jssc.2019.121159,WOS:000510313600025,142,448d3d654bbb59792489f02b760c76f9939c19e41a3800820229ca396c99743a
WOS:000753296500028,Short Communication Causes of Germanium Phosphide Degradation under Prolonged Cycling. EIS Study,2022,10.20964/2022.02.40,https://doi.org/10.20964/2022.02.40,WOS:000753296500028,143,27f6b4f4ef3a6c3e86b08cc6b424bf9f4121c98c4e1caf543762ae28628044ee
WOS:000455264600017,3D graphene decorated Na4Fe3(PO4)2(P2O< sub>7) microspheres as low-cost and high-performance cathode materials for sodium-ion batteries,2019,10.1016/j.nanoen.2018.11.011,https://doi.org/10.1016/j.nanoen.2018.11.011,WOS:000455264600017,144,d6ed11310ebd147ec764e14f8f1fcf464e1def3601d0af1556456b40a5ef398f
WOS:001185068500002,Flexible Tin-Based Carbon Nanofiber as Binder-Free Electrodes for Sodium-Ion Battery,2024,10.1007/s12221-024-00522-7,https://doi.org/10.1007/s12221-024-00522-7,WOS:001185068500002,145,4799e36e434ee725dae5a49882bff9add10aed24f6348353803805746f08b13b
WOS:001332620500001,Pomegranate Peel-Derived Hard Carbons as Anode Materials for Sodium-Ion Batteries,2024,10.3390/molecules29194639,https://doi.org/10.3390/molecules29194639,WOS:001332620500001,146,ff67c4f220592fb45517cc5f682d4af563d001861b2b4b1924430d2851e54ede
WOS:000422673500025,Enhanced Electrochemical Performance of a Tin-antimony Alloy/N-Doped Carbon Nanocomposite as a Sodium-Ion Battery Anode,2018,10.1002/celc.201700828,https://doi.org/10.1002/celc.201700828,WOS:000422673500025,147,a7e0db75c8960ea45e8d535b9d4a178f33b3dd00436a55ec8ea901281414e65a
WOS:000930671300001,Ball mill-assisted synthesis of carbon-free SnSe nanoparticles for sodium-ion battery anodes,2023,10.1007/s10008-023-05416-x,https://doi.org/10.1007/s10008-023-05416-x,WOS:000930671300001,148,8038adaa0b76beb62c0917ff00fbcebd9017c9da0fad88a78a9646c42743b6d1
WOS:000380803600012,Interconnected foams of helical carbon nanofibers grown with ultrahigh yield for high capacity sodium ion battery anodes,2016,10.1016/j.carbon.2016.05.051,https://doi.org/10.1016/j.carbon.2016.05.051,WOS:000380803600012,149,08a5e443e519b8c7e71ff4f9c05bb8870ab16d11088e2e03c7029e41a57c51bd
WOS:000474327300006,Hydrophilic binder interface interactions inducing inadhesion and capacity collapse in sodium-ion battery,2019,10.1016/j.jpowsour.2019.04.063,https://doi.org/10.1016/j.jpowsour.2019.04.063,WOS:000474327300006,150,c400d6553e52444b391695e7db6d321519fc18b0a5bcb3bad176ff2330567a58
WOS:000478969600029,New family of organic anode without aromatics for energy storage,2019,10.1016/j.electacta.2019.06.051,https://doi.org/10.1016/j.electacta.2019.06.051,WOS:000478969600029,151,d5e51f07dcf5e6ed9cea794b9de403b519b2ee7dc11b530797a0d2d74b1687ce
WOS:001127490800001,Layered Oxide Material as a Highly Stable Na-ion Source and Sink for Investigation of Sodium-ion Battery Materials,2024,10.1002/celc.202300529,https://doi.org/10.1002/celc.202300529,WOS:001127490800001,152,4ba6942dbb0fd65f8b64c5d9647c6adc299606374d774c702511a47c3c7ab3fb
WOS:000425113600007,High Energy Density Sodium-Ion Battery with Industrially Feasible and Air-Stable O3-Type Layered Oxide Cathode,2018,10.1002/aenm.201701610,https://doi.org/10.1002/aenm.201701610,WOS:000425113600007,153,d99468a7034f295ae41ee87aa550bb951cd915003eb225eee233494672ae1beb
WOS:000754675400001,Amorphous TiO2-x modified Sb nanowires as a high-performance sodium-ion battery anode,2022,10.1016/j.jnoncrysol.2022.121396,https://doi.org/10.1016/j.jnoncrysol.2022.121396,WOS:000754675400001,154,e01da3ab2f2ec3de5831905abcf0c4d08eacf82a5ef6d488cd528a914486223c
WOS:000609080200015,High performance sodium-ion battery anode using biomass derived hard carbon with engineered defective sites,2021,10.1016/j.electacta.2020.137574,https://doi.org/10.1016/j.electacta.2020.137574,WOS:000609080200015,155,d991729be2abdb4b31f9bf3ce195e6ab7dca60b79d1090b0a1d46c4282d47a12
WOS:000978053600001,New insights on the reaction mechanism and charge contribution of NaNiF3 perovskite as an anode for sodium-ion batteries,2023,10.1016/j.electacta.2023.142341,https://doi.org/10.1016/j.electacta.2023.142341,WOS:000978053600001,156,84484a15be6124a48a870f5f88f6b603284fed2830d2691137a31d3ab30ae106
WOS:001425053500001,Deciphering thermal failure mechanism of Sodium-Ion battery with O3-phase layered cathode,2025,10.1016/j.cej.2025.160202,https://doi.org/10.1016/j.cej.2025.160202,WOS:001425053500001,157,93885e4c97f1e14878ab50dba880deadf250ef7e3249aaf04db50c7bf597ccd2
WOS:000322417400086,Electrospun Sb/C Fibers for a Stable and Fast Sodium-Ion Battery Anode,2013,10.1021/nn4025674,https://doi.org/10.1021/nn4025674,WOS:000322417400086,158,8443150a1c1ebf0bca47dd4b55ae3631af4f0cd898b8aee2f90b46a84fb8bec7
WOS:000832654700001,Expeditious Electrochemical Synthesis of Mesoporous Chalcogenide Flakes: Mesoporous Cu2Se as a Potential High-Rate Anode for Sodium-Ion Battery,2022,10.1002/smll.202106629,https://doi.org/10.1002/smll.202106629,WOS:000832654700001,159,9b8c21c27be6726a1d047b757f474789da9e37700880c9be1eae3a74a5b5b1b4
WOS:000427513400003,GeP5/C composite as anode material for high power sodium-ion batteries with exceptional capacity,2018,10.1016/j.jallcom.2018.01.358,https://doi.org/10.1016/j.jallcom.2018.01.358,WOS:000427513400003,160,f36d989f54c5703b38feda77a24bd6c9d5d1e6b9fc4a8ed25ed7e7507c7c3f67
WOS:001162964900001,"Novel Alkaline Sodium-Ion Battery Capacitor Based on Active Carbon∥Na0.44MnO2 towards Low Cost, High-Rate Capability and Long-Term Lifespan",2024,10.3866/pku.whxb202303041,https://doi.org/10.3866/pku.whxb202303041,WOS:001162964900001,161,6bc24c3e8c9111efcc40752257b8744c8226d91f13537b1e2fc9cbee5836cf49
WOS:000470237300017,High-rate and stable iron phosphide nanorods anode for sodium-ion battery,2019,10.1016/j.electacta.2019.05.071,https://doi.org/10.1016/j.electacta.2019.05.071,WOS:000470237300017,162,4658177969fe5e3c95fa8e9238445cf1a2f59e2ee3ca1f99470f2e4582e89f5b
WOS:000512377800110,Superior Na-storage performance of Na3V2(PO4)3/C-Ag composites as cathode material for Na-ion battery,2020,10.1016/j.jallcom.2019.153587,https://doi.org/10.1016/j.jallcom.2019.153587,WOS:000512377800110,163,00abe164cd7a3e3ad668fc62b4fe4730e6fdfca8537ce4a4c36bd0a1c3718f8c
WOS:000398246900033,Metal Organic Framework Derived Porous Hollow Co3O4/N-C Polyhedron Composite with Excellent Energy Storage Capability,2017,10.1021/acsami.6b15000,https://doi.org/10.1021/acsami.6b15000,WOS:000398246900033,164,e4f858e9b7dcdd77a9f2d4eb0f5f20a5e816f797410a64af2a6b3c8f840f9f7d
WOS:000382514100044,Ultrafine Nb2O5 Nanocrystal Coating on Reduced Graphene Oxide as Anode Material for High Performance Sodium Ion Battery,2016,10.1021/acsami.6b06516,https://doi.org/10.1021/acsami.6b06516,WOS:000382514100044,165,3e8fe5d217ef5f636aa750bc9caeb211e7b0bbf2172ba81f47d4fe059fb4ebb2
WOS:001523726800001,WS2 Composites with Chitosan Derived Hard Carbon as High-Performance Negative Electrode Material for Sodium-Ion Batteries,2025,10.1002/adsu.202500469,https://doi.org/10.1002/adsu.202500469,WOS:001523726800001,166,979032c278c99e52f4f6f5cd226042986fd091521ea4ab735f5fb6208f585f85
WOS:000373519500024,Nickel Disulfide-Graphene Nanosheets Composites with Improved Electrochemical Performance for Sodium Ion Battery,2016,10.1021/acsami.6b00179,https://doi.org/10.1021/acsami.6b00179,WOS:000373519500024,167,302392d14d278367e17fa22d6574a7addd57dfa2f393ad1663663a1cc6b278ae
WOS:000337860800011,Facile synthesis of ammonium vanadium oxide nanorods for Na-ion battery cathodes,2014,10.1016/j.jcis.2014.04.029,https://doi.org/10.1016/j.jcis.2014.04.029,WOS:000337860800011,168,36efb2dca044d06f191dc713891ab60fb2d6994772083b03011861b0ed0f9f49
WOS:000361560300007,An All-solid-state and All-organic Sodium-ion Battery based on Redox-active Polymers and Plastic Crystal Electrolyte,2015,10.1016/j.electacta.2015.07.163,https://doi.org/10.1016/j.electacta.2015.07.163,WOS:000361560300007,169,69e1c5e7766ecf8d29294d8eecadf959985c1020ad8c4139d153649cd33dc5c1
WOS:001281358200001,Colloidally synthesized Cu3VS4 nanocrystals as a long cycling anode material for sodium-ion batteries,2024,10.1016/j.elecom.2024.107783,https://doi.org/10.1016/j.elecom.2024.107783,WOS:001281358200001,170,e325c50a4a43a8d7682920a294c56fa5b04614366f0335393646c315eeefc566
WOS:000461978200036,Rational Combination of an Alabandite MnS Laminated Pyrrhotite Fe1-xS Nanocomposite as a Superior Anode Material for High Performance Sodium-Ion Battery,2019,10.1021/acssuschemeng.8b05904,https://doi.org/10.1021/acssuschemeng.8b05904,WOS:000461978200036,171,f1b3a0f3d252100ce04bcfb822bc5d0638ad241aefdda627752ce85b4e782326
WOS:000506201800063,A low-defect and Na-enriched Prussian blue lattice with ultralong cycle life for sodium-ion battery cathode,2020,10.1016/j.electacta.2019.135533,https://doi.org/10.1016/j.electacta.2019.135533,WOS:000506201800063,172,b30947d83a8e54599ad1fdeb5fa9a950b87abe97ecc94f5dada39ed4096d8a8e
WOS:000512219600061,MOF-derived hollow Co(Ni)Se2/N-doped carbon composite material for preparation of sodium ion battery anode,2020,10.1016/j.ceramint.2019.10.181,https://doi.org/10.1016/j.ceramint.2019.10.181,WOS:000512219600061,173,3269b703032b3b919fbdff9a65bf6cd3461318048e926b279068330a35ed5e0e
WOS:001149109600001,Pseudocapacitive vs diffusion controlled charge storage in Fe2O3 nanosheet Na-ion battery,2023,10.1016/j.electacta.2023.143161,https://doi.org/10.1016/j.electacta.2023.143161,WOS:001149109600001,174,cc36e2a75eb0d4cfc5a06c09ca5d2b9a6d45442d7663f25989156da716fc0a5e
WOS:000455642500016,Metal organic framework-derived carbon structures for sodium-ion battery anodes,2019,10.1016/j.electacta.2018.11.140,https://doi.org/10.1016/j.electacta.2018.11.140,WOS:000455642500016,175,f5dfd9d4c6f8b531b8f3cbf45b75074cb5605fc8a6a99374ba83bbbc9cb9877c
WOS:000369200000036,Antimony nanoparticles anchored in three-dimensional carbon network as promising sodium-ion battery anode,2016,10.1016/j.jpowsour.2015.11.047,https://doi.org/10.1016/j.jpowsour.2015.11.047,WOS:000369200000036,176,8c009a3893173689311c25f00aa747a5a61da897401cbca3798f6e7a50812a37
WOS:000706842900005,Sodium hypophosphite-assist pyrolysis of coal pitch to synthesis P-doped carbon nanosheet anode for ultrafast and long-term cycling sodium-ion batteries,2021,10.1016/j.jallcom.2021.161678,https://doi.org/10.1016/j.jallcom.2021.161678,WOS:000706842900005,177,b919b0510ea877cae17c4e47bb8287e60dc2317cf39050de62425e0131682e88
WOS:000530249300001,Meliorating the sodium storage properties of NaTi2(PO4)3/C by rational structural design,2020,10.1007/s11581-019-03313-w,https://doi.org/10.1007/s11581-019-03313-w,WOS:000530249300001,178,bdb8b03c94cd6ccb8bcec3c72ad20ec70b07ed8c4cd4ef9701b8628181879515
WOS:000389292600016,Sodium vanadate nanowires @ polypyrrole with synergetic core-shell structure for enhanced reversible sodium-ion storage,2016,10.1016/j.compscitech.2016.10.032,https://doi.org/10.1016/j.compscitech.2016.10.032,WOS:000389292600016,179,45d086f0d085ce8eb3f2ed5d51c3eb0ab12088dead7e02200b8847650447ea83
WOS:000437982400010,Fe1-xC decorated porous nitrogen doped carbon matrix as anode for sodium ion battery,2018,10.1080/00150193.2018.1453108,https://doi.org/10.1080/00150193.2018.1453108,WOS:000437982400010,180,16e9443ba479a1c3632d6722cc82a9e6e5e7f80b1b6a006b4303b754c20af758
WOS:001027441700001,Amidation structure design of carbon materials enables high energy and power density symmetric Sodium-ion battery,2023,10.1016/j.cej.2023.144043,https://doi.org/10.1016/j.cej.2023.144043,WOS:001027441700001,181,5898793a85bfa73350671279ac02732aba3638e2f373c0f6212e2b5a2355e1e0
WOS:000392771900003,The mechanism of the sodiation and desodiation in Super P carbon electrode for sodium-ion battery,2017,10.1016/j.jpowsour.2016.11.048,https://doi.org/10.1016/j.jpowsour.2016.11.048,WOS:000392771900003,182,661fc3e9a28fe5b285787f301ca0a6501ffc60968523014448b910718de2e707
WOS:001344187700001,Biomass-derived hard carbon material for high-capacity sodium-ion battery anode through structure regulation,2025,10.1016/j.carbon.2024.119733,https://doi.org/10.1016/j.carbon.2024.119733,WOS:001344187700001,183,d9286de9b3db2d04634137d0688a2fdecc6c0cafcb9ee93729665ed25f91ac12
WOS:000349959500024,Electrochemical and Structural Study of Layered P2-Type Na2/3Ni1/3Mn2/3O2 as Cathode Material for Sodium-Ion Battery,2015,10.1002/asia.201403134,https://doi.org/10.1002/asia.201403134,WOS:000349959500024,184,a46b924aea811883feda5a6a79c95febaf01ccaa5c24aecc8ec5f8313b142053
WOS:000513811800067,Self-assembled NaV6O15 flower-like microstructures for high-capacity and long-life sodium-ion battery cathode,2020,10.1016/j.nanoen.2019.104357,https://doi.org/10.1016/j.nanoen.2019.104357,WOS:000513811800067,185,7c68748dd42c0add7cccd2a5519c5079d4e2e6a0c799c439f731c3439bea757a
WOS:001450231900001,A facile method for preparing non-expanded reduced graphite oxide and its performance for sodium-ion battery anodes,2025,10.1016/j.jallcom.2025.179777,https://doi.org/10.1016/j.jallcom.2025.179777,WOS:001450231900001,186,762864b05739e9d364cdf07d71666ad2e10e0518d5e84fb8bb5a50e3873f2bb8
WOS:000418783700037,"An All-Phosphate and Zero-Strain Sodium-Ion Battery Based on Na3V2(PO4)3 Cathode, NaTi2(PO4)3 Anode, and Trimethyl Phosphate Electrolyte with Intrinsic Safety and Long Lifespan",2017,10.1021/acsami.7b14946,https://doi.org/10.1021/acsami.7b14946,WOS:000418783700037,187,87373a0037f6bbbd60d663f5850fd3dc571f4fd033a62be6fe8b37ba588360b6
WOS:000976631800001,Polycrystalline Fe- and Sn-based sulfides for high-capacity sodium-ion battery anodes,2023,10.1039/d2cc06928h,https://doi.org/10.1039/d2cc06928h,WOS:000976631800001,188,c145dc2ae99178c97567a9695607f7459fd7291d63b55494615b20d150734338
WOS:000704066000001,Synchronous electrochemical evolution of electrode and performance enhancement of sodium ion battery anode,2021,10.1016/j.xcrp.2021.100553,https://doi.org/10.1016/j.xcrp.2021.100553,WOS:000704066000001,189,814365fea3282d6395fb7d65e5a06feac3b1630a98524aa7fa5f69926f93d0d9
WOS:001458978500001,Formation of SnO-based glassy anode for all-solid-state battery prepared by laser-based powder bed fusion technique,2025,10.1111/jace.20543,https://doi.org/10.1111/jace.20543,WOS:001458978500001,190,f2df90036fa8674741abcf24e4af1b0e238d559441ee8ab1df8c5cc788cda578
WOS:000734281100001,Mesoporous Mulberry-like CoMoO4: A Highly Suitable Anode Material for Sodium Ion Batteries over Lithium Ion Batteries,2022,10.1021/acsaem.1c02616,https://doi.org/10.1021/acsaem.1c02616,WOS:000734281100001,191,49356ea7d9d38bd970ee6e6ea9074a3661685367c18bce07a74fe05d85a342b6
WOS:001080931700001,Precipitate-stabilized surface enabling high-performance Na0.67Ni0.33-xMn0.67ZnxO2 for sodium-ion battery,2022,10.1016/j.esci.2022.08.003,https://doi.org/10.1016/j.esci.2022.08.003,WOS:001080931700001,192,8574471b9c3d079d73deca995543978eb33135d997964ac6bce32d2ee2f00692
WOS:000439099400017,Graphene layer reinforcing mesoporous molybdenum disulfide foam as high-performance anode for sodium-ion battery,2018,10.1016/j.mtener.2018.04.001,https://doi.org/10.1016/j.mtener.2018.04.001,WOS:000439099400017,193,45b3bf2e6d15e29823f627e466073e4f195406389579cafdeb7f569cb77b90b1
WOS:000337997400004,Na3Ti2(PO4)3 as a sodium-bearing anode for rechargeable aqueous sodium-ion batteries,2014,10.1016/j.elecom.2014.04.003,https://doi.org/10.1016/j.elecom.2014.04.003,WOS:000337997400004,194,c0eac3a9808c2e4c78238eb154c8a416c83fc36abd71da9da15074b786c3f3d8
WOS:001080738200001,Confining ultrafine tin monophosphide in Ti3C2Tx interlayers for rapid and stable sodium ion storage,2021,10.1016/j.esci.2021.12.004,https://doi.org/10.1016/j.esci.2021.12.004,WOS:001080738200001,195,528121c874c560dcd19f2e8fc7ce969578dbd8c562ef9719921b258d3caa0a27
WOS:000403797000032,Three-dimensional N-doped graphene as anode material with superior cycle stability for sodium ion batteries,2017,10.1016/j.matlet.2017.05.046,https://doi.org/10.1016/j.matlet.2017.05.046,WOS:000403797000032,196,79c93fbf8d0cf3da50abe8b426f32f20bef304b7849afd4d1f1395383a44c200
WOS:000353177000001,Electrochemical Performance of Electrodeposited Zn4Sb3 Films for Sodium-Ion Secondary Battery Anodes,2015,10.1021/am507436u,https://doi.org/10.1021/am507436u,WOS:000353177000001,197,4ac9e2424276548a19b225a8813cb47b47f5327a88890260a5ae50a456f21f91
WOS:001215892000001,Performance of CuP2 Negative Electrode for Na-Ion Batteries with CNTs As Stabilizer,2024,10.1002/slct.202400231,https://doi.org/10.1002/slct.202400231,WOS:001215892000001,198,2bc68a8e1c9fa4e4c1a7aedaa733a7ff63b8b8e1930c9aed056eb418699d6fd9
WOS:001466844600001,Finding Suitable Discharge Potential and Effect of Succinic Anhydride as Electrolyte Additive on MoS2/Carbon Composites for Efficient and Stable Sodium Ion Battery Anode,2025,10.1002/cssc.202402462,https://doi.org/10.1002/cssc.202402462,WOS:001466844600001,199,be66d7da8a3bea54f6bfacb5683b10bec8280da86b76806b9f29c2e394205404
WOS:001374886200001,Core-shell structured carbon@tin sulfide@hard carbon spheres as high-performance anode for low voltage sodium-ion battery,2025,10.1039/d4nj04756g,https://doi.org/10.1039/d4nj04756g,WOS:001374886200001,200,ba94daf5ef100753abb1d0f103b58662fc28c6c822495ccd03ef4d928bf454f7
WOS:001616647800001,"Bagasse-derived hard carbon with N, S co-regulation for high-performance anode materials for sodium-ion battery",2026,10.1016/j.jelechem.2025.119611,https://doi.org/10.1016/j.jelechem.2025.119611,WOS:001616647800001,201,27f594639ba2570832b9a929ce128f42f1923240b8a74b9c6a7c16fae197bbb7
WOS:000347139700020,"Synthetic, Structural, and Electrochemical Study of Monoclinic Na4Ti5O12 as a Sodium-Ion Battery Anode Material",2014,10.1021/cm5035358,https://doi.org/10.1021/cm5035358,WOS:000347139700020,202,c5bb0b8cf348715a4ec9a0eed26fa433d9d2a95d392958c49f9b8fa83b28ba0d
WOS:000729309800001,VS4/multi-walled carbon nanotubes shell-core nanoarchitectures with interfacial V-C bonds for high-rate sodium-ion battery anode,2022,10.1016/j.matlet.2021.131282,https://doi.org/10.1016/j.matlet.2021.131282,WOS:000729309800001,203,176af676e5292e7bd7719b855ecaa80bad761b779074155cded0ac3e28ae0a46
WOS:000920321500001,High stability Na0.7MnO2.05 cathode for sodium ion batteries,2023,10.1016/j.matchemphys.2023.127307,https://doi.org/10.1016/j.matchemphys.2023.127307,WOS:000920321500001,204,4908b7a19f733e08c1bf5bcce9be79a1004c2e057d46e927733a73ffb828a41d
WOS:000408174300004,Characteristic of novel composition Nax[Ni0.6Co0.2Mn0.2]O2< /sub> as Cathode Materials for Sodium Ion-Batteries,2017,10.14447/jnmes.v20i1.290,https://doi.org/10.14447/jnmes.v20i1.290,WOS:000408174300004,205,4a579f0f2110c135dd400de82319edbe09ec363336c0d9b3566745cda1172707
WOS:000380904100031,Experimental Study on Sodiation of Amorphous Silicon for Use as Sodium-Ion Battery Anode,2016,10.1016/j.electacta.2016.06.031,https://doi.org/10.1016/j.electacta.2016.06.031,WOS:000380904100031,206,cae4ff605ef0d415a48b725f2812e3766a12f90dd89bad7ba4518b69af606c67
WOS:000504953500029,Nature-Derived Sodium-Ion Battery: Mechanistic Insights into Na-Ion Coordination within Sustainable Molecular Cathode Materials,2019,10.1021/acsaem.9b01526,https://doi.org/10.1021/acsaem.9b01526,WOS:000504953500029,207,f095bd7cd735be0e135ee338a9dd0c5511113fa7957a55b2cbf00d8666a4b67b
WOS:000355706900034,Vanadium-based polyoxometalate as new material for sodium-ion battery anodes,2015,10.1016/j.jpowsour.2015.04.009,https://doi.org/10.1016/j.jpowsour.2015.04.009,WOS:000355706900034,208,eda370b1d0b93565838d823ca1ed8b596fc6471fec6fadcf28eba4f1bde10934
WOS:000396564600002,In Situ Formation of Polysulfonamide Supported Poly(ethylene glycol) Divinyl Ether Based Polymer Electrolyte toward Monolithic Sodium Ion Batteries,2017,10.1002/smll.201601530,https://doi.org/10.1002/smll.201601530,WOS:000396564600002,209,880cf28edfb21ea15b8ac2257ced9741a240d3570771ae00c4c35c5592d870e4
WOS:000600666100008,Facile construction of uniform ultramicropores in porous carbon for advanced sodium-ion battery,2021,10.1016/j.jcis.2020.08.063,https://doi.org/10.1016/j.jcis.2020.08.063,WOS:000600666100008,210,f22ff0acf29c774eb2e9a5f17c8c01e436bd4ae5b3fa6d62b0de4040b0df49ca
WOS:000521052900018,A simple approach to minimize the first cycle irreversible loss of sodium titanate anode towards the development of sodium-ion battery,2020,10.1016/j.nanoen.2020.104520,https://doi.org/10.1016/j.nanoen.2020.104520,WOS:000521052900018,211,b282eeb1c8ae1e0721f97a697ccb33a7d8ac73d253ef99dc814f08e5c42c2c76
WOS:001494086100001,Synergistic impact of a low band gap polyanionic-cluster (NaCuPO4) and super-high surface area activated carbon on rechargeable Na-ion battery performance,2025,10.1016/j.jpowsour.2025.237191,https://doi.org/10.1016/j.jpowsour.2025.237191,WOS:001494086100001,212,5f09084fa88b8f66bdfa142a0122792bfcbf1e29c307819663838b1476298080
WOS:001362010300001,Ultra-long cycle sodium ion batteries enabled by the glutaric anhydride additive,2024,10.1039/d4sc06492e,https://doi.org/10.1039/d4sc06492e,WOS:001362010300001,213,b9b94646b2f90059d91ca5d14c197b5db4345cdfa574204457b4ae692b7aa5e2
WOS:000329856800033,Facile fabrication of CuO nanosheets on Cu substrate as anode materials for electrochemical energy storage,2014,10.1016/j.jallcom.2013.10.024,https://doi.org/10.1016/j.jallcom.2013.10.024,WOS:000329856800033,214,b48ba83ddbf970bd53e986ed198a5e7fa9113370cd94c862887e54016d62a1a2
WOS:000819873700011,Sodium birnessite@graphene hierarchical structures for ultrafast sodium ion storage,2022,10.1016/j.jelechem.2021.116007,https://doi.org/10.1016/j.jelechem.2021.116007,WOS:000819873700011,215,21b11d612d79f275e7ab89c3f1976fab2f1249209edd05f8f5fa3db3fff09203
WOS:000533998000033,Bottom-Up Synthesis of Advanced Carbonaceous Anode Materials Containing Sulfur for Na-Ion Batteries,2020,10.1002/adfm.202000592,https://doi.org/10.1002/adfm.202000592,WOS:000533998000033,216,e0316c8b4bc187264dce7b66128c4da5dda9b61dcf1e5a9f54494e814e3aa57e
WOS:000636272800007,"Restacked nanohybrid graphene layers with expanded interlayer distance enabled by inorganic spacer for highly efficient, flexible Na-ion battery anodes",2021,10.1016/j.jelechem.2021.115137,https://doi.org/10.1016/j.jelechem.2021.115137,WOS:000636272800007,217,b6eb5cf63f92d5e358b4a327a6df4342f1e920e91aa02e5eff31bc61b7b234a9
WOS:000583984200001,Sodium Quasi-Intercalation in Black P for Superior Sodium-Ion Battery Anodes,2021,10.1002/batt.202000188,https://doi.org/10.1002/batt.202000188,WOS:000583984200001,218,95ed7387ffa2efcd73d4f0001ef89ca6b170c1a871153dfc659014eddabbd19e
WOS:001388502600001,Effective protection for cobalt sulfide constructed using a three-layer core-shell structure in biomass carbon for sodium ion batteries,2025,10.1016/j.jpowsour.2024.236056,https://doi.org/10.1016/j.jpowsour.2024.236056,WOS:001388502600001,219,4e3771fb94887276e7cff79811e75adeb4ca5d741cc2b8f35a57da4e66fda4d4
WOS:000520186300001,SiOC functionalization of MoS2 as a means to improve stability as sodium-ion battery anode,2020,10.1088/1361-6528/ab6480,https://doi.org/10.1088/1361-6528/ab6480,WOS:000520186300001,220,e3ba5e31bd363dc885c73ec7abb09bc1df796522d6b05a2a614c1293f14227dc
WOS:000351980700070,Micro-nano structure Na2MnPO4F/C as cathode material with excellent sodium storage properties,2015,10.1016/j.matlet.2015.01.110,https://doi.org/10.1016/j.matlet.2015.01.110,WOS:000351980700070,221,0da2cc6b0192305f82d6f0bbbcae536c06a4aa6a8bb02cc6ea284880c5159a44
WOS:000703938300001,Synthesis and characteristic of the ternary composite electrode material PTCDA/CNT@MPC and its electrochemical performance in sodium ion battery,2021,10.1016/j.compositesb.2021.109329,https://doi.org/10.1016/j.compositesb.2021.109329,WOS:000703938300001,222,bfb700ff38d9dc52c4d928eb6112889ef6cbd450fe071542fcc1798373edc044
WOS:000418391900027,Ultra-low cost and highly stable hydrated FePO4 anodes for aqueous sodium-ion battery,2018,10.1016/j.jpowsour.2017.10.088,https://doi.org/10.1016/j.jpowsour.2017.10.088,WOS:000418391900027,223,d662eecef09b8da70916651e99fc89f8a69c7834520d6eec7decc262083b06db
WOS:000890473900002,Research Article Manganese-based NASICON structured Na1+2xMnxTi2-x(PO4)3 as promising cathode in aqueous sodium ion battery,2023,10.1016/j.jallcom.2022.167872,https://doi.org/10.1016/j.jallcom.2022.167872,WOS:000890473900002,224,83f766bcea13288a82a761ae9d0c81093cd0f8dbdae019cabdc7b6b5da7a04ed
WOS:000428310500015,Self-Assembled Biomolecular 1D Nanostructures for Aqueous Sodium-Ion Battery,2018,10.1002/advs.201700634,https://doi.org/10.1002/advs.201700634,WOS:000428310500015,225,fb3456ce7a275983a300455639f09194b341683e24b617dd09ea60420cd9d87a
WOS:001564939500001,Two-step synthesis of large-π conjugated polyimides for the anode of sodium ion battery,2025,10.1139/cjc-2025-0080,https://doi.org/10.1139/cjc-2025-0080,WOS:001564939500001,226,ed8579ae405eca34bbecfd655db0164cf264e90014ad4ac4ae8bfa32f123af76
WOS:000571135500005,Tin asymmetric membranes for high capacity sodium ion battery anodes,2020,10.1016/j.mtcomm.2020.100998,https://doi.org/10.1016/j.mtcomm.2020.100998,WOS:000571135500005,227,ec1ae9a893d04ddd6bc48cb834a5aae046839eb28ff4de521400d8dc3da5d850
WOS:000819482200001,Supercritical CO2-Built 2D FexN@FeOOH Heterostructures for Sustainable Sodium Ion Battery,2022,10.1021/acs.energyfuels.2c01445,https://doi.org/10.1021/acs.energyfuels.2c01445,WOS:000819482200001,228,cac36a4c7bdcd7b7336308f162ac27f1faeab2ba464b3a130649af2fa28fc297
WOS:000429503500015,N-doped carbon coated anatase TiO2 nanoparticles as superior Na-ion battery anodes,2018,10.1016/j.jcis.2018.02.001,https://doi.org/10.1016/j.jcis.2018.02.001,WOS:000429503500015,229,3add9efa9fb913f3056be206937f19ffcb9f8bdecebdc2d40a9ddcd0c3391045
WOS:001502120000001,A Disordered Rock Salt Anode for Long-Lived All-Vanadium Sodium-Ion Battery,2025,10.1002/adma.202503143,https://doi.org/10.1002/adma.202503143,WOS:001502120000001,230,c9eede1b393da0c4f7dcb4d105d9f464fbdaa3c67fa9f024b685aa3cee0be199
WOS:000346906100005,An aqueous rechargeable sodium ion battery based on a NaMnO2-NaTi2(PO4)3 hybrid system for stationary energy storage,2015,10.1039/c4ta06018k,https://doi.org/10.1039/c4ta06018k,WOS:000346906100005,231,5e8a43aedc03964b343086a965bfe02108fab6958b40c6bdc9865e862cf6ca5c
WOS:000316531700003,SnO2@MWCNT nanocomposite as a high capacity anode material for sodium-ion batteries,2013,10.1016/j.elecom.2013.01.001,https://doi.org/10.1016/j.elecom.2013.01.001,WOS:000316531700003,232,e19eac600947446c28511af1b417cdccf9beaa70f34303f9a6c415c8ca0434ea
WOS:001622858000001,Bi-material cathodes based on O3-type NaNi1/3Fe1/3Mn1/3O2 and activated carbon for high-energy hybrid sodium ion battery capacitors,2025,10.1016/j.ssi.2025.117071,https://doi.org/10.1016/j.ssi.2025.117071,WOS:001622858000001,233,aacb10a1b504eaf0a1bbd03272be5ad68001f6166cc42611e2c9e1576784769c
WOS:000710751900001,Rechargeable Sodium-Ion Battery Based on Polyazaacene Analogue Anode,2021,10.1002/chem.202103088,https://doi.org/10.1002/chem.202103088,WOS:000710751900001,234,8935d48e5ea9d724cf7016f01df9b5f7e9c889f0d8638bfaeb2383339c883c44
WOS:000444058300060,Carbon encapsulated cobalt sulfide nano-particles anchored on reduced graphene oxide as high capacity anodes for sodium-ion batteries and glucose sensor,2018,10.1016/j.jallcom.2018.06.098,https://doi.org/10.1016/j.jallcom.2018.06.098,WOS:000444058300060,235,81af88fb94fe7c29a6ebbddb3ef9db7ba13650cd03fcad346fcbebb6327c9827
WOS:000405139100020,"Synthesis, Crystal Structure, and Electrochemical Properties of Alluaudite Na1.702Fe3(PO4)3 as a Sodium-Ion Battery Cathode",2017,10.1021/acssuschemeng.7b00371,https://doi.org/10.1021/acssuschemeng.7b00371,WOS:000405139100020,236,787311ca235616ed01f77080cc8a3e4fb8330dcc2801108a01dfce22b982a29c
WOS:000572497300001,Sb2S3@SnO2hetero-nanocomposite as high-performance anode material for sodium-ion battery,2020,10.1080/15435075.2020.1821692,https://doi.org/10.1080/15435075.2020.1821692,WOS:000572497300001,237,694b3ccb1b32ec89d2751a05184b8208fcec9d72ae46a16ed41e912cfd994bb3
WOS:000776645100001,Carbon Encapsulated and rGO Wrapped Mo2C: an Anode Material with Enhanced Sodium Storage Capacity,2022,10.1002/celc.202101506,https://doi.org/10.1002/celc.202101506,WOS:000776645100001,238,7a8af6425276add11900bcdd9603f33a1ebbd6db2cdbb19ce7c4fa5cfe4178c7
WOS:000661931500001,Investigation of the high-rate Na ion storage property in bulk Cu2-xSe plates,2021,10.1016/j.jallcom.2021.160485,https://doi.org/10.1016/j.jallcom.2021.160485,WOS:000661931500001,239,933ca2d900b071cf6fc35beb674df7d5fbd63b82713053fc8d89148d8061cb5a
WOS:000521107900010,One-step synthesis of Co9S8@Ni3S2 heterostructure for enhanced electrochemical performance as sodium ion battery anode material and hydrogen evolution electrocatalyst,2020,10.1016/j.jssc.2020.121230,https://doi.org/10.1016/j.jssc.2020.121230,WOS:000521107900010,240,045bd1feba30e0e1bb102b25bc4c097bda7867c20d66aba5a11ad9c5c42f3e05
WOS:000657745900003,VS4/carbon nanotube hybrid: A high-rate anode for sodium-ion battery,2021,10.1016/j.jpowsour.2021.230021,https://doi.org/10.1016/j.jpowsour.2021.230021,WOS:000657745900003,241,ca3dc000ee277ec7f01748f049970822f587c96b90d26bdad7752b80b5026d05
WOS:000366307100061,Synthesis and Electrochemical Performance of Fe2(MoO4)3/RGO Nanocomposite Cathode Material for Sodium-ion Batteries,2015,,,WOS:000366307100061,242,ee836053d2834f141d3beb35d1dcb53ded4c916e343bdeb37f9e1655d3494581
WOS:000375823400018,Long-term cycling stability of porous Sn anode for sodium-ion batteries,2016,10.1016/j.jpowsour.2016.03.060,https://doi.org/10.1016/j.jpowsour.2016.03.060,WOS:000375823400018,243,41b393659e4bb59e588e8d5c238fe1155163ac08a54a4da53944c3ee22d3383e
WOS:000648508900045,Novel Solid-State Sodium-Ion Battery with Wide Band Gap NaTi2(PO4)3E Nanocrystal Electrolyte,2021,10.1021/acsomega.1c00664,https://doi.org/10.1021/acsomega.1c00664,WOS:000648508900045,244,d5dca4c8d2098d85697c2edcb461e5c66f106c950dedfffaf4554718da872a1c
WOS:000391081700032,An Enhanced High-Rate Na3V2(PO4)3-Ni2P Nanocomposite Cathode with Stable Lifetime for Sodium-Ion Batteries,2016,10.1021/acsami.6b11629,https://doi.org/10.1021/acsami.6b11629,WOS:000391081700032,245,571157cadc88be26e85dfb286aff29549c55538f808322256161971df9ca1c34
WOS:000398330200012,Large-scale synthesis of ternary Sn5SbP3/C composite by ball milling for superior stable sodium-ion battery anode,2017,10.1016/j.electacta.2017.03.093,https://doi.org/10.1016/j.electacta.2017.03.093,WOS:000398330200012,246,37e33191e2cf0f50c0c91ba915a001c1c87170456e56f8ac82c4d1c5d8559ccf
WOS:000390494500014,Three-dimensional SnS2 flowers/carbon nanotubes network: Extraordinary rate capacity for sodium-ion battery,2017,10.1016/j.matlet.2016.09.089,https://doi.org/10.1016/j.matlet.2016.09.089,WOS:000390494500014,247,da38d07f461969f18d2821caf74a5a9e73124880451953dbb883e9d9a675e0a1
WOS:000387083900082,Structural and Electrochemical Performance of Nax[Ni0.6Co0.2Mn0.2]O 2 as Cathode Materials for Sodium Ion Battery,2016,10.1166/jnn.2016.12524,https://doi.org/10.1166/jnn.2016.12524,WOS:000387083900082,248,ecc6fcd439dc9548ee97470cd24fcafa1725411921fce1b2417264ea8a8f18f3
WOS:000576973200011,High-performance CoSbS-based Na-ion battery anodes,2020,10.1016/j.mtener.2020.100470,https://doi.org/10.1016/j.mtener.2020.100470,WOS:000576973200011,249,21e5544b90491fa0fdd51cdcce6cd946f67d382d21c8a82a7a8c77676df57845
WOS:000875627800020,PxSy nanoparticles encapsulated in graphene as highly reversible cathode for sodium ion batteries,2023,10.1016/j.cclet.2022.02.021,https://doi.org/10.1016/j.cclet.2022.02.021,WOS:000875627800020,250,e7e75050c8107ef25575bc9b737af2511562d2631e3e37729a5e7b4cd090b320
WOS:000382110200003,A waste biomass derived hard carbon as a high-performance anode material for sodium-ion batteries,2016,10.1039/c6ta04877c,https://doi.org/10.1039/c6ta04877c,WOS:000382110200003,251,0f3c73625fbb8968254fe7c6a8bab94e83366f414536a86e70b3221a85abf41f
WOS:000346832700002,Ultrafine tin oxide on reduced graphene oxide as high-performance anode for sodium-ion batteries,2015,10.1016/j.electacta.2014.11.009,https://doi.org/10.1016/j.electacta.2014.11.009,WOS:000346832700002,252,69c290da3d910a6da851b2d325b5c57d27f48a962f59ae4317922b1cb345c8b0
WOS:001068934000001,Capturing Nano-Scale Inhomogeneity of the Electrode Electrolyte Interface in Sodium-Ion Batteries Through Tip-Enhanced Raman Spectroscopy,2023,10.1002/aenm.202302176,https://doi.org/10.1002/aenm.202302176,WOS:001068934000001,253,ab2337acec5dd7a49c810e5a08a96918f89093747880aeb87ff4477804644bd6
WOS:000348450000008,MoS2-reduced graphene oxide composites via microwave assisted synthesis for sodium ion battery anode with improved capacity and cycling performance,2015,10.1016/j.electacta.2014.11.034,https://doi.org/10.1016/j.electacta.2014.11.034,WOS:000348450000008,254,f5cc590a280f07489ea4a3533ccb9dc48a821f1d4f8551e7866ea4732f5efc42
WOS:000595587800024,FeS2@TiO2 nanorods as high-performance anode for sodium ion battery,2020,10.1016/j.cjche.2020.07.011,https://doi.org/10.1016/j.cjche.2020.07.011,WOS:000595587800024,255,368d7d70340a6059bee80cc59910db8e35cf853e6c912b300bb0b0ec8fcf42b3
WOS:000403548200034,Na2MnSiO4 as an attractive high capacity cathode material for sodium-ion battery,2017,10.1016/j.jpowsour.2017.05.069,https://doi.org/10.1016/j.jpowsour.2017.05.069,WOS:000403548200034,256,f4f321f93a9b8c0d0bdcc821b702b3864893f4e534c49dfc6e4cd0e539c5ee31
WOS:001001986400001,Investigating the role of interstitial water molecules in copper hexacyanoferrate for sodium-ion battery cathodes,2023,10.1039/d3ta02417b,https://doi.org/10.1039/d3ta02417b,WOS:001001986400001,257,30b2cc977944ac145b6731da0f5fc2f22a2aa41a4dba0224c3ee9744e53dd7f6
WOS:000409458000014,Alkaline earth metal vanadates as sodium-ion battery anodes,2017,10.1038/s41467-017-00211-5,https://doi.org/10.1038/s41467-017-00211-5,WOS:000409458000014,258,0a23f8bda2e0c0d98a602d8710d13aa7cf63cd634a58d7248a7f4189669103bf
WOS:001115545500008,Recent Advances in Amorphous FePO4 for Sodium-Ion Battery Cathodes,2023,10.7503/cjcu20220724,https://doi.org/10.7503/cjcu20220724,WOS:001115545500008,259,270d504bed427b3313303382e51b3e94fe341de5f11db1aac9d56a1b215ebbb9
WOS:000408044100041,Nanotubular Hard Carbon Derived from Renewable Natural Seed Gel for High Performance Sodium-Ion Battery Anode,2017,10.1002/slct.201701123,https://doi.org/10.1002/slct.201701123,WOS:000408044100041,260,a13aed792668ad11ba17664ab40511e5657b3b7d46809ee0754070a483274e26
WOS:000330160800045,Graphene oxide wrapped croconic acid disodium salt for sodium ion battery electrodes,2014,10.1016/j.jpowsour.2013.10.131,https://doi.org/10.1016/j.jpowsour.2013.10.131,WOS:000330160800045,261,3af5db6f00724d730d13918b18ae42586ddd0f25874b0109fa29ea460a0f9b57
WOS:000982750800001,Nanoengineering of N-doped carbon-coated anatase TiO2 nanoparticles for high-performance sodium ion battery,2023,10.1007/s11581-023-05020-z,https://doi.org/10.1007/s11581-023-05020-z,WOS:000982750800001,262,a55f577e2bd175772acc0300298874f2e322db034d137339a2bbdc74ea09c42d
WOS:000493823600013,Synthesis of Na3V2(PO4)2F3@V<s ub>2O5-x as Cathode Material for Sodium-ion Battery,2019,10.15541/jim20190058,https://doi.org/10.15541/jim20190058,WOS:000493823600013,263,74846ead0fb6f5de7a348511dff9ea835d7ef24db7d748d33fa3cba02396a901
WOS:000582503700164,Outstanding electrochemical performance of N/S co-doped carbon/Na3V2(PO4)3 hybrid as the cathode of a sodium-ion battery,2020,10.1016/j.ceramint.2020.07.303,https://doi.org/10.1016/j.ceramint.2020.07.303,WOS:000582503700164,264,23e8ba64e7bd8a3660bfc870decd8389bbf4c8df4d27563828d691424bce08c8
WOS:000438076200037,Sequentially-processed Na3V2(PO4)3 for cathode material of aprotic sodium ion battery,2018,10.1016/j.nanoen.2018.05.015,https://doi.org/10.1016/j.nanoen.2018.05.015,WOS:000438076200037,265,e32a2367ba1cc436a3f9945b8664d717169b373c0ce8ecc91f3cef6380e8d79d
WOS:001442844600001,Exploring calcium pillaring of O3-type NaNi0.9Ti0.1O2 cathodes to advance Na-ion battery technology,2025,10.1016/j.cej.2025.160939,https://doi.org/10.1016/j.cej.2025.160939,WOS:001442844600001,266,1280539d87bae7e185550df3e610def7101ff0c455c7f8dbc61cacc9a4c2be01
WOS:000823160400004,The universality applications of MoS2@MnS heterojunction hollow microspheres for univalence organic or multivalence aqueous electrolyte energy storage device,2022,10.1016/j.jpowsour.2021.230747,https://doi.org/10.1016/j.jpowsour.2021.230747,WOS:000823160400004,267,23527f1ac513fc56cefbec373fa59901ce6c989c2ab9c679fd4acda1786cabc5
WOS:000377733500132,Synthesis and evaluation of NaNi0.5Co0.2Mn0.3O2 as a cathode material for Na-ion battery,2016,10.1016/j.ceramint.2016.04.141,https://doi.org/10.1016/j.ceramint.2016.04.141,WOS:000377733500132,268,fc307715860e9e48f0452e786006b301025574d84890d34a39b34056f9b9fa8d
WOS:000340019600002,Preparation of Fiber-Type Cathode and Its Electrode Characteristics for Sodium Ion Battery,2014,10.1149/2.0071409jes,https://doi.org/10.1149/2.0071409jes,WOS:000340019600002,269,83a52e410518a2f9749877586fdc9b1fa360357abcefe52185f74f9b53ed7cf6
WOS:001600867900002,Sodium Ferrate Synthesized in a Solar Furnace: a Cathode Material for a Sodium-Ion Battery,2025,10.1134/s1063785025600061,https://doi.org/10.1134/s1063785025600061,WOS:001600867900002,270,b168b90d35203c3284d5a1c1fd81868311e925f2432441ecd7ad16832b3aeed7
WOS:000785184300001,Acid-Assisted Ball Mill Synthesis of Carboxyl-Functional-Group-Modified Prussian Blue as Sodium-Ion Battery Cathode,2022,10.3390/nano12081290,https://doi.org/10.3390/nano12081290,WOS:000785184300001,271,b3755a0b7ffc9e7be74ce7472a8fe19b0917b349cb026daf42a3d47491794c94
WOS:000862694900002,Fabrication of Bi2Se3/Mo3Se4 composite for efficient sodium storage,2022,10.1016/j.jallcom.2022.166462,https://doi.org/10.1016/j.jallcom.2022.166462,WOS:000862694900002,272,18af2e6e5fa7c49e25ab8a2bffe9521f9a21216508750f38acb1be9ef499464d
WOS:000882530500005,A superior sodium-ion battery based on tubular Prussian blue cathode and its derived phosphide anode,2023,10.1016/j.jpowsour.2022.232334,https://doi.org/10.1016/j.jpowsour.2022.232334,WOS:000882530500005,273,6eb759f56564ec0764026a9cd5df0110d6561321e6f1529725b9fa8381a1f340
WOS:000697652600001,Ship in bottle synthesis of yolk-shell MnS@hollow carbon spheres for sodium storage,2021,10.1088/1361-6528/ac1ebc,https://doi.org/10.1088/1361-6528/ac1ebc,WOS:000697652600001,274,e33baea7b296eb5f7b168e73a913c143c75fd2b402fb2d5c2c24428563b18b14
WOS:000456225900085,Hierarchical microstructure of CNTs interwoven ultrathin Co3S4 nanosheets as a high performance anode for sodium-ion battery,2019,10.1016/j.ceramint.2018.11.019,https://doi.org/10.1016/j.ceramint.2018.11.019,WOS:000456225900085,275,f80a2fe79c411759b830735f587abeaa41c86754d1cf270db71ff83e5d193684
WOS:000340992300081,Enhanced Sodium-Ion Battery Performance by Structural Phase Transition from Two-Dimensional Hexagonal-SnS2 to Orthorhombic-SnS,2014,10.1021/nn503582c,https://doi.org/10.1021/nn503582c,WOS:000340992300081,276,7bc65c677f2c8a7dfd588becabc6e7c808527dde83717a5987920f36b49863e8
WOS:000577307800051,Nitrogen-doped carbon flakes inlaid with bimetallic selenide for high-performance sodium ion storage,2020,10.1016/j.ceramint.2020.07.056,https://doi.org/10.1016/j.ceramint.2020.07.056,WOS:000577307800051,277,303813daf2f197d76670178db1e15f805ec605b45e549bca154a3bb9b6897945
WOS:000330256300047,Aqueous rechargeable alkali-ion batteries with polyimide anode,2014,10.1016/j.jpowsour.2013.10.091,https://doi.org/10.1016/j.jpowsour.2013.10.091,WOS:000330256300047,278,5377201b22bd809989bd5a3049230b2285456274c0340857c195a9d340e9532c
WOS:000667982100058,Self-Standing Film Assembled using SnS-Sn/Multiwalled Carbon Nanotubes Encapsulated Carbon Fibers: A Potential Large-Scale Production Material for Ultra-stable Sodium-Ion Battery Anodes,2021,10.1021/acsami.1c07152,https://doi.org/10.1021/acsami.1c07152,WOS:000667982100058,279,dec4ca283c6c84a49e144c2f851d3e9a2d6296174e6963bd3283dd0f2fed387a
WOS:000468282200024,TiNb2O7/carbon nanotube composites as long cycle life anode for sodium-ion batteries,2019,10.1007/s11581-018-2784-z,https://doi.org/10.1007/s11581-018-2784-z,WOS:000468282200024,280,a60aa40b183fedc86c03e8e5639668d110cf3fe330281e4c02f479443f221346
WOS:000363270500051,SnS2@Graphene nanosheet arrays grown on carbon cloth as freestanding binder-free flexible anodes for advanced sodium batteries,2016,10.1016/j.jallcom.2015.09.050,https://doi.org/10.1016/j.jallcom.2015.09.050,WOS:000363270500051,281,b6d4b7e27a920d0b827eaa4d0eebde06ca985e235eeb643cfc43834f907939c9
WOS:000367280100042,"Advanced Sodium Ion Battery Anode Constructed via Chemical Bonding between Phosphorus, Carbon Nanotube, and Cross-Linked Polymer Binder",2015,10.1021/acsnano.5b04474,https://doi.org/10.1021/acsnano.5b04474,WOS:000367280100042,282,5a4af547528db27bae45111aa5d7e76722724f8e1e8c59eb1053a230f22cd24d
WOS:000815692100001,Dual Carbon Design Strategy for Anodes of Sodium-Ion Battery: Mesoporous CoS2/CoO on Open Framework Carbon-Spheres with rGO Encapsulating,2022,10.1021/acsami.2c06551,https://doi.org/10.1021/acsami.2c06551,WOS:000815692100001,283,5ce73b6193d75a32b744ba73836fb19ec928d1f81651055c0dc4748ee30e44ed
WOS:001521540100001,Based on first principles: in-depth analysis of negative electrode performance of SiC/Nb2CO2 heterojunction sodium ion battery,2025,10.1007/s10008-025-06375-1,https://doi.org/10.1007/s10008-025-06375-1,WOS:001521540100001,284,c087ab04420d35f131ead11663c1f56c62991437046f9c5e4ed1ac27b6c9f8dc
WOS:000330748700035,Enhanced electrochemical performance of ammonium vanadium bronze through sodium intercalation and optimization of electrolyte,2014,10.1016/j.jcis.2013.12.022,https://doi.org/10.1016/j.jcis.2013.12.022,WOS:000330748700035,285,06c7d7b3cf26b0425e5ddfe810c4147dbd627f725fa62f47a920f53277c14447
WOS:001096098100011,Preparation of Disodium Hydroquinone as Cathode Material for Sodium-ion Batteries,2023,10.7503/cjcu20230158,https://doi.org/10.7503/cjcu20230158,WOS:001096098100011,286,2bc3a820c2e004dc88a67e89feda3de2750ce3309489d9aa9fda300f472db0c9
WOS:001282268200001,Ultrathin (15 nm) Carbon Sheets with Surface Oxygen Functionalization for Efficient Pseudocapacitive Na-ion Storage,2024,10.1002/celc.202400255,https://doi.org/10.1002/celc.202400255,WOS:001282268200001,287,15873a993ef2392498f21cffda12f6c1b7fa700c844afe250ba8a8d12f1364fc
WOS:000783663600001,Experimentally Validated Three-Dimensional Modeling of Organic-Based Sodium-Ion Battery Electrode Manufacturing,2022,10.1002/batt.202200116,https://doi.org/10.1002/batt.202200116,WOS:000783663600001,288,55ad7303f81933470edf5d1fd3398f6b47a4d2798f207ba1e27e0c40be71ec3a
WOS:001555614100001,Electrodeposition of NiCo2O4 nanoparticles on MXene-carbon nanofiber binary composite for high-performance supercapacitor and sodium-ion battery applications,2025,10.1007/s10853-025-11329-z,https://doi.org/10.1007/s10853-025-11329-z,WOS:001555614100001,289,25885d20338db9a85668336aee6705995da264a9317ad1a20600dfe6dc1b9533
WOS:000336804000007,Energetic Aqueous Rechargeable Sodium-Ion Battery Based on Na2CuFe(CN)6-NaTi2(PO4) 3 Intercalation Chemistry,2014,10.1002/cssc.201301036,https://doi.org/10.1002/cssc.201301036,WOS:000336804000007,290,e15010ba7012fe01e7947d7ebf3f1575521b9f443f90908e74a70ccef5d7a72f
WOS:000615280600011,Electrophoretically deposited NiSb2O6-carbon black composite film as a potential anode for sodium-ion battery,2021,10.1016/j.surfcoat.2020.126787,https://doi.org/10.1016/j.surfcoat.2020.126787,WOS:000615280600011,291,f6004793846fc6c7405d927ce3218d0d50d0bb4b34c96d04f08ad44bb4a0564f
WOS:000928382000001,Antimony nanobelt asymmetric membranes for sodium ion battery,2023,10.1088/1361-6528/acb15c,https://doi.org/10.1088/1361-6528/acb15c,WOS:000928382000001,292,0ee635dca4d454fd57d78cc4569f5fa37cf2603ccb52359239039b7dac2af92a
WOS:000432437500014,Enhanced electrochemical stability of carbon-coated antimony nanoparticles with sodium alginate binder for sodium-ion batteries,2018,10.1016/j.pnsc.2018.01.018,https://doi.org/10.1016/j.pnsc.2018.01.018,WOS:000432437500014,293,32cbd744d6ca8a70eab3fe465d61545df860604ff4ec83cfbf3fb78d58ae36f2
WOS:000509632300011,A facile and cost effective synthesis of nitrogen and fluorine Co-doped porous carbon for high performance Sodium ion battery anode material,2020,10.1016/j.jpowsour.2019.227568,https://doi.org/10.1016/j.jpowsour.2019.227568,WOS:000509632300011,294,44f9c694ddbf4450e00799c9e6626945ce57d2bf6c5d7021b1504fe2081ab674
WOS:000731048700005,Graphene-coated micro/nanostructure hard carbon with improved electrochemical performance for sodium-ion battery,2021,10.1007/s00339-021-04668-6,https://doi.org/10.1007/s00339-021-04668-6,WOS:000731048700005,295,462b48b66e44ae83e739248bd3386fce2ddc0ae32b4826162c7dd1a5993f83e6
WOS:001258167900001,Understanding and Mitigating Lattice Collapse Degradation in Layered Oxide Materials for Sodium-Ion Battery Anode,2024,10.1021/acsami.4c05433,https://doi.org/10.1021/acsami.4c05433,WOS:001258167900001,296,5f921e992272d89177ea0fd1cd45ed1d7f580aa80b4b0feaedd52ad8d8bde846
WOS:001604045200001,From waste to power: transforming waste tires into high-performance sodium-ion battery anodes via carbon/MoS2 composites,2025,10.1039/d5dt02286j,https://doi.org/10.1039/d5dt02286j,WOS:001604045200001,297,61c938806f5e90d4aeaa686bc5ad367edab1e3448fe30c6da26a4a63635d59dd
WOS:001639806300001,Hydrothermal-Assisted Preparation of Nitrogen and Phosphorus Co-doped Sugarcane Bagasse-Derived Hard Carbon for Sodium-Ion Battery Anode,2025,10.1007/s11665-025-12978-6,https://doi.org/10.1007/s11665-025-12978-6,WOS:001639806300001,298,18613c6984263de096ab52681e4b9bca3cdbf594595ad835489b14b5b4c690c3
WOS:000623043400003,Study on Efficient Electrode from Electronic waste renewed carbon material for sodium battery applications,2021,10.1016/j.jece.2021.105024,https://doi.org/10.1016/j.jece.2021.105024,WOS:000623043400003,299,86aa465fe5defa5b1838d939939527118145784121453a141e85035ba230494e
WOS:000337618600007,"Layered SnS2-Reduced Graphene Oxide Composite - A High-Capacity, High-Rate, and Long-Cycle Life Sodium-Ion Battery Anode Material",2014,10.1002/adma.201306314,https://doi.org/10.1002/adma.201306314,WOS:000337618600007,300,8855861d832fbb05b2567d39bc4466823e5590c214ac72e0daefbf7b08793e73
WOS:000374810700025,Study of tin-sulphur-carbon nanocomposites based on electrically exploded tin as anode for sodium battery,2016,10.1016/j.jpowsour.2016.03.047,https://doi.org/10.1016/j.jpowsour.2016.03.047,WOS:000374810700025,301,f45e30abd8f0ed3a21572dca4e3b304e8c6c349b2a61dd02c65e12b4c45cda42
WOS:000534411100016,The insight into promoting sodium storage mechanism of α-CrPO4-type NaV3(PO4)3 anode material for sodium-ion batteries,2020,10.1016/j.jpowsour.2020.228194,https://doi.org/10.1016/j.jpowsour.2020.228194,WOS:000534411100016,302,73c295ef18dde348b0d61a4c89dd29490ef635806402c02d423c1a488a16d918
WOS:000427408200005,Mo-doped Na3V2(PO4)3@C composites for high stable sodium ion battery cathode,2018,10.1007/s11706-018-0414-3,https://doi.org/10.1007/s11706-018-0414-3,WOS:000427408200005,303,cc337682ab48ec1202bfd446d7a4eaeee1c49bf79c4defb61949a657c223d8cc
WOS:000336639200015,Effective Liquid-Phase Exfoliation and Sodium Ion Battery Application of MoS2 Nanosheets,2014,10.1021/am4060222,https://doi.org/10.1021/am4060222,WOS:000336639200015,304,174e9fdd9be079c53a5ef133f7b29ff634534a5ec0b865eb4aaada5acb05f82d
WOS:000929679400014,Effect of Ti doping on the structure and electrochemical properties of Na3V2(PO4)2F3 as anode material for sodium ion batteries,2023,10.1080/00150193.2022.2149309,https://doi.org/10.1080/00150193.2022.2149309,WOS:000929679400014,305,918b23ee70ce013f74589913073c4002df8c3a739c5a5b18d047e1920c20a9b4
WOS:000431905900004,Based on Cu as framework constructed nanoporous CuO/Cu composites by a dealloy method for sodium-ion battery anode,2018,10.1007/s11051-018-4245-z,https://doi.org/10.1007/s11051-018-4245-z,WOS:000431905900004,306,690d644090204401ce180dfc67e08c51fb256680fc5196274e5027e0ef2bde3b
WOS:000986387600002,Insights into the charge storage mechanism of Na3V2(PO4)3 cathode in sodium-ion batteries,2023,10.1007/s12034-023-02937-z,https://doi.org/10.1007/s12034-023-02937-z,WOS:000986387600002,307,caa7eefc92420ba8cc381c9b5b96173165cb1011a51f28faab00374360096bf0
WOS:000503381200016,AlPO4-coated P2-type hexagonal Na0.7MnO2.05 as high stability cathode for sodium ion battery,2020,10.1016/j.cej.2019.122697,https://doi.org/10.1016/j.cej.2019.122697,WOS:000503381200016,308,f61f48ad148a55d22274312002769e6782575156a9e08a2837ac6de7488233fe
WOS:000408878200052,A high-performance sodium-ion battery enhanced by macadamia shell derived hard carbon anode,2017,10.1016/j.nanoen.2017.07.018,https://doi.org/10.1016/j.nanoen.2017.07.018,WOS:000408878200052,309,64c79179e04c5e39b9dedac6e952214b3eb5f5817c8bc8e0ac66e44d19e2730e
WOS:000411687800061,Advanced anode for sodium-ion battery with promising long cycling stability achieved by tuning phosphorus-carbon nanostructures,2017,10.1016/j.nanoen.2017.08.019,https://doi.org/10.1016/j.nanoen.2017.08.019,WOS:000411687800061,310,afdab24c11dc975e02a92b3a25fc188e7017f0d39289d8537d08b0d7244aa0a2
WOS:000336941700007,Transition metal oxides for high performance sodium ion battery anodes,2014,10.1016/j.nanoen.2014.02.002,https://doi.org/10.1016/j.nanoen.2014.02.002,WOS:000336941700007,311,4015f0fbc52aa651ab9156ab440c73767caf1d14649dc705000a4c1c5990574a
WOS:000793369800009,Three-dimensional 1T-SnS2 wrapped with graphene for sodium-ion battery anodes with highly reversible sodiation/desodiation,2022,10.1016/j.scriptamat.2022.114500,https://doi.org/10.1016/j.scriptamat.2022.114500,WOS:000793369800009,312,540eb6a3f6ca854bbd07a5d52e562b9d879536415f99ce2fa6d43add967e8ab0
WOS:001433707300001,Towards a widely operate temperature sodium-ion battery via a new zinc phosphate anode material,2025,10.1016/j.cej.2025.160014,https://doi.org/10.1016/j.cej.2025.160014,WOS:001433707300001,313,5ecfe65bf9b94d03fa9956f73cd83215bdaa6ffd75cc39717a18592c7e138f3b
WOS:000521052900030,Dual carbon decorated Na3MnTi(PO4)3: A high-energy-density cathode material for sodium-ion batteries,2020,10.1016/j.nanoen.2020.104548,https://doi.org/10.1016/j.nanoen.2020.104548,WOS:000521052900030,314,b56be146148cc482237f5747409d4fd6cab90a7e6e37403f079cafc3e4649f2b
WOS:000412250800046,Improving the cycling stability of Sn4P3 anode for sodium-ion battery,2017,10.1016/j.jpowsour.2017.08.060,https://doi.org/10.1016/j.jpowsour.2017.08.060,WOS:000412250800046,315,f6bafc609de56eb49e82b5d806a7d0a625312903c8d5d8bdcedd6b5c2abe9d3c
WOS:000343391600064,Carbon coated Na7Fe7(PO4)6F3: A novel intercalation cathode for sodium-ion batteries,2014,10.1016/j.jpowsour.2014.08.039,https://doi.org/10.1016/j.jpowsour.2014.08.039,WOS:000343391600064,316,3108ae99af000e750039618ce29a35dea37b103d20f073b5b9bac75c8772db3a
WOS:000436924800020,Pilotaxitic Na1.1V3O7.9 nanoribbons/graphene as high-performance sodium ion battery and aqueous zinc ion battery cathode,2018,10.1016/j.ensm.2018.01.009,https://doi.org/10.1016/j.ensm.2018.01.009,WOS:000436924800020,317,86e542d356d8bdef203b4365f772ae96d3cb73fb2696f8cd8f8ea78dc448418b
WOS:000408622000018,Nitrogen-Doped Carbon for Sodium-Ion Battery Anode by Self-Etching and Graphitization of Bimetallic MOF-Based Composite,2017,10.1016/j.chempr.2017.05.021,https://doi.org/10.1016/j.chempr.2017.05.021,WOS:000408622000018,318,38b6498dc7fe40b3f62c547c8519c99d7bd64aae1920274cdfe64e8fa0d78c11
WOS:000449577200124,Network Carbon with Macropores from Apple Pomace for Stable and High Areal Capacity of Sodium Storage,2018,10.1021/acssuschemeng.8b03297,https://doi.org/10.1021/acssuschemeng.8b03297,WOS:000449577200124,319,be2cbe9c68a93dc16b24bc63e772fd0abccce8745b4aadc8109932e6cf8f573f
WOS:000923171800002,Effect of Sn Addition on Anode Properties of SiOx in Sodium-Ion Batteries,2023,10.5796/electrochemistry.22-00123,https://doi.org/10.5796/electrochemistry.22-00123,WOS:000923171800002,320,70574167add33aa8727bfc7d1736dfb83a31d42b3f44fedc689520a4108b83ed
WOS:000472973600004,3D CoMoSe4 Nanosheet Arrays Converted Directly from Hydrothermally Processed CoMoO4 Nanosheet Arrays by Plasma-Assisted Selenization Process Toward Excellent Anode Material in Sodium-Ion Battery,2019,10.1186/s11671-019-3035-6,https://doi.org/10.1186/s11671-019-3035-6,WOS:000472973600004,321,4d2473e4aa5672ded5b96c08f843328aae8f18d8d1d1af4a5c21566720ec2583
WOS:000910752000002,Two-dimensional silicether: A promising anode material for sodium-ion battery,2023,10.1016/j.commatsci.2022.111920,https://doi.org/10.1016/j.commatsci.2022.111920,WOS:000910752000002,322,04505c4aebb478da7cabf1a8c81cc102a79eeda8e9156a5bc63fb99f064e654a
WOS:001160205300001,Eucommia Ulmoides Barks-derived Anodes for Sodium ion Battery and Method to Improve Electrochemical Performances by Modifying Defects,2024,10.1007/s13391-024-00486-z,https://doi.org/10.1007/s13391-024-00486-z,WOS:001160205300001,323,122809e1bc22f7ca92e29be744b6834bf24cd059513e92d0ea3baf0bbedb8ea3
WOS:000936437800001,Electrochemically exfoliated WS2 in molten salt for sodium-ion battery anode,2023,10.1007/s12598-022-02209-5,https://doi.org/10.1007/s12598-022-02209-5,WOS:000936437800001,324,f896b7712cca95571261fa0134d019b093aa37ab50bf9587f7f591839f314b67
WOS:000460155300009,Preparation of MoP2 nanoparticles as a novel anode material for sodium ion batteries,2018,10.1080/10584587.2018.1521672,https://doi.org/10.1080/10584587.2018.1521672,WOS:000460155300009,325,03379c1e721dd7a59bd8bdcb9737864c8e89b92c888cdf5def0002e799b510cf
WOS:000722894100006,Rich-oxygen-doped FeSe2 nanosheets with high pseudocapacitance capacity as a highly stable anode for sodium ion battery,2022,10.1016/j.cej.2021.132637,https://doi.org/10.1016/j.cej.2021.132637,WOS:000722894100006,326,3f5591c2c5e13d76d7e60e2e5023498c2a136f6323eed9f427e5a9d2afa4f86d
WOS:000833423900001,"Designing and preparing a 3D ""overpass"" hierarchical porous carbon membranes free-standing anode for sodium ion battery",2022,10.1016/j.cej.2022.137628,https://doi.org/10.1016/j.cej.2022.137628,WOS:000833423900001,327,dcdc4fe75fd473dede9b468b366352ef6f6a1da3d613984a8931e67b537fbd94
WOS:001567002000007,Enhanced electrochemical performances of 2D flaky Bi2MoO6 with amorphous carbon for lithium/sodium-ion battery anode,2025,10.1016/j.inoche.2025.115439,https://doi.org/10.1016/j.inoche.2025.115439,WOS:001567002000007,328,c00183db13a4073944fde340c8db4a98b761e8afa0977edbab1fe96bc5d9e36b
WOS:000340321300135,Synthesis and electrochemical performance of Na0.7Fe0.7Mn0.3O2 as a cathode material for Na-ion battery,2014,10.1016/j.ceramint.2014.04.126,https://doi.org/10.1016/j.ceramint.2014.04.126,WOS:000340321300135,329,90645319f71f43603546c98641601b7e16529bb89537302c8e36b6fa37a06799
WOS:000454609700031,Nanostructured sodium vanadate arrays as an advanced cathode material in high-performance sodium-ion batteries,2019,10.1016/j.matlet.2018.10.075,https://doi.org/10.1016/j.matlet.2018.10.075,WOS:000454609700031,330,e28caae452d1be83bf5292c084c6ab9eee29b37f9ee439e26044d2da1bdde253
WOS:000389086900023,Alternating voltage induced ordered anatase TiO2 nanopores: An electrochemical investigation of sodium storage,2016,10.1016/j.jpowsour.2016.10.072,https://doi.org/10.1016/j.jpowsour.2016.10.072,WOS:000389086900023,331,afb1312974558d94777ad8c51d7efcd6382f108a579516b7aaa981bea343bdb9
WOS:000370463400026,Characteristics of an ionic liquid electrolyte for sodium-ion batteries,2016,10.1016/j.jpowsour.2015.10.100,https://doi.org/10.1016/j.jpowsour.2015.10.100,WOS:000370463400026,332,15bcd896a345ec12484e89f78c9811e9a8bf64c1b962d3ed3923d0f6ce03b9c2
WOS:001474935700001,Revealing the Hazard of Mild Electrical Abuse on the Safety Characteristics of NaNi1/3Fe1/3Mn1/3O2 Cathode Sodium-Ion Battery,2025,10.1002/advs.202501649,https://doi.org/10.1002/advs.202501649,WOS:001474935700001,333,254fa81674ad21128194acbd6f53e48957a760fb5f1eef75c8eb708aa8765656
WOS:000661483700009,Preparation of thin-walled Na2Ti3O7 nanotube and its electrochemical properties,2021,10.20964/2021.05.40,https://doi.org/10.20964/2021.05.40,WOS:000661483700009,334,ae6ba3deea427fd67bac463f42f8a23b8978363c8f85a7d7bce288dd2e090fc3
WOS:000336848000036,Nanocrystalline tin disulfide coating of reduced graphene oxide produced by the peroxostannate deposition route for sodium ion battery anodes,2014,10.1039/c3ta15248k,https://doi.org/10.1039/c3ta15248k,WOS:000336848000036,335,24e6c3f8a7226e87a55033a4fdedf59a2eadcd11e05db4246f97eca4b5febc9d
WOS:000422797500009,Multi-shell tin phosphide nanospheres as high performance anode material for a sodium ion battery,2017,10.1039/c7se00355b,https://doi.org/10.1039/c7se00355b,WOS:000422797500009,336,b271f80df55318ff2752bb1e3249dfda761fb3d0cbfde77e3cddf88047750044
WOS:000472714900016,Fluoroethylene Carbonate as an Additive for Sodium-Ion Batteries: Effect on the Sodium Cathode,2019,10.3866/pku.whxb201811033,https://doi.org/10.3866/pku.whxb201811033,WOS:000472714900016,337,5be1c105641213eb8007333105a8192f861b6269a465365db301b3949e61db22
WOS:000411349500005,Rubidium and cesium ions as electrolyte additive for improving performance of hard carbon anode in sodium-ion battery,2017,10.1016/j.elecom.2017.08.012,https://doi.org/10.1016/j.elecom.2017.08.012,WOS:000411349500005,338,8a11231c645aa130c95f29e84fab66c215162f2ea034980a980718c0997d2151
WOS:000623412300014,Three dimensional carbon coated In2S3 nanowires assembled graphene composites as high performance sodium ion battery anode,2021,10.1016/j.electacta.2021.137722,https://doi.org/10.1016/j.electacta.2021.137722,WOS:000623412300014,339,6e27cb270d1b07a8ebf2fe6857e03e0fa051714b316e5c3f717e870087ac46ce
WOS:000604447800009,Understanding the interaction between heteroatom-doped carbon matrix and Sb2S3 for efficient sodium-ion battery anodes,2021,10.1016/j.jcis.2020.10.044,https://doi.org/10.1016/j.jcis.2020.10.044,WOS:000604447800009,340,dc0a7f0ba38dfd7d6fa825f3a63872c7974902307222b39ad7b0ec1bef2912da
WOS:000810772600001,A new tellurium-based Ni3TeO6-carbon nanotubes composite anode for Na-ion battery,2022,10.1002/er.8221,https://doi.org/10.1002/er.8221,WOS:000810772600001,341,a2981b8108ef7c139a0ba2bce8244c3aa421a4e2926d2ea5be8e99ae695e061b
WOS:000500556300009,High-quality Fe4[Fe(CN)6]3 Nanocubes: Synthesis and Electrochemical Performance as Cathode Material for Aqueous Sodium-ion Battery,2019,10.15541/jim20190076,https://doi.org/10.15541/jim20190076,WOS:000500556300009,342,0c9475e689acc1a565c4c27e83fba949b82b81e0195ac0c9f0f956a08922c73f
WOS:001006785300001,Heteroatoms tri-doped carbon hollow spheres as the anode material of sodium ion battery,2023,10.1016/j.jelechem.2023.117553,https://doi.org/10.1016/j.jelechem.2023.117553,WOS:001006785300001,343,2e3f1b3975748979c67c6a149f3d4079e52079dfd4a929ac18318efb2e8a8ad5
WOS:000897003900002,Fluorine substitution enabled superior performance of NaxMn2-xO1.5F0.5 (x=1.05-1.3) type Na-rich cathode,2023,10.1016/j.cej.2022.139876,https://doi.org/10.1016/j.cej.2022.139876,WOS:000897003900002,344,567a13ed803325e3e15793770bc59eb600f9144b7895f28c41ea4a52c5cf40e1
WOS:000480706000081,Understanding sodium-ion battery anodes through operando spectroscopic techniques,2019,10.1016/j.electacta.2019.07.030,https://doi.org/10.1016/j.electacta.2019.07.030,WOS:000480706000081,345,07fd9e5dc4bc8e3f41f6f8e7807f2037067ac715717a023015faac57c9433430
WOS:000356316700007,Structural Effect on Electrochemical Performance of Ordered Porous Carbon Electrodes for Na-Ion Batteries,2015,10.1021/acsami.5b03186,https://doi.org/10.1021/acsami.5b03186,WOS:000356316700007,346,cb4d8847294082620c82fb5f80bf5515589a219446b817d3d69c6a3088204e72
WOS:000382190200003,Mental-organic framework derived CuO hollow spheres as high performance anodes for sodium ion battery,2016,10.1080/10667857.2016.1189024,https://doi.org/10.1080/10667857.2016.1189024,WOS:000382190200003,347,537314c8edbc08b086f7ca1c6e639286968a81335b3f250defc36cb2d3bd6276
WOS:000510104700064,Combustion Synthesized Porous Bismuth/N-Doped Carbon Nanocomposite for Reversible Sodiation in a Sodium-Ion Battery,2020,10.1021/acsaem.9b01799,https://doi.org/10.1021/acsaem.9b01799,WOS:000510104700064,348,26c24241670b95c359e4fc81a2a1c3d3e511ea6140dea5aeb14acf9f869cbc8c
WOS:000924905000001,Polyphenylene sulfite based solid-state separator for blocking polysulfide in sodium-ion battery with cheap FeS anode,2023,10.1016/j.jallcom.2023.168886,https://doi.org/10.1016/j.jallcom.2023.168886,WOS:000924905000001,349,cf01ca69f0e43a64715f04e1410126b535898632d8f2eab54fb5a93464a66de9
WOS:000340781400007,High stable post-spinel NaMn2O4 cathode of sodium ion battery,2014,10.1039/c4ta03349c,https://doi.org/10.1039/c4ta03349c,WOS:000340781400007,350,669a46f460523260e2f7c76f1d0526e567caa9e57b98851feec47dd102e70a5b
WOS:000446316500017,An efficient sodium-ion battery consisting of reduced graphene oxide bonded Na3V2(PO4)3 in a composite carbon network,2018,10.1016/j.jallcom.2018.07.082,https://doi.org/10.1016/j.jallcom.2018.07.082,WOS:000446316500017,351,b8cac218883fa9ab3acf814db73b2e289b6013188217b61b3a1aeb4d750b91b4
WOS:001366421000001,Excellent Performance of Sodium Ion Battery Cathode Materials Benefiting from the Inorganic Acid Regulating Strategy,2024,10.1021/acssuschemeng.4c08326,https://doi.org/10.1021/acssuschemeng.4c08326,WOS:001366421000001,352,c9ab029756511c828e0b22b9e728e9dba57c2d6a07f78741df1fa6ce66670a5c
WOS:000407691000038,Highly ordered three-dimensional TiO2@C nanotube arrays as freestanding electrode for sodium-ion battery,2017,10.1016/j.matlet.2017.07.066,https://doi.org/10.1016/j.matlet.2017.07.066,WOS:000407691000038,353,de9eeaf625e948a0dfd481962d5485a6925a4cf64fd7a12554e11fe84ca90f86
WOS:000399242100073,Custom designed ZnMn2O4/nitrogen doped graphene composite anode validated for sodium ion battery application,2017,10.1039/c7ra02289a,https://doi.org/10.1039/c7ra02289a,WOS:000399242100073,354,284a34ad4af46a08aa2a85e1d8da42f1fd5c60b9f061547b0e0852743b0bfc09
WOS:000908937900001,Sodium storage behavior and long cycle stability of boron-doped carbon nanofibers for sodium-ion battery anodes,2023,10.1016/j.electacta.2022.141730,https://doi.org/10.1016/j.electacta.2022.141730,WOS:000908937900001,355,a6312db816f358e0ebf453398a1f209056c22b7616028402ba1b246d69d03df6
WOS:000863309800002,Multi-wall carbon nanotube-induced nanobelt potassium vanadate composite as cathode for sodium-ion batteries,2022,10.1016/j.electacta.2022.141128,https://doi.org/10.1016/j.electacta.2022.141128,WOS:000863309800002,356,86648a6f74fc0e9216ec20eb31f3cf7c806cd6260aa130f8caac7ed4fe64f8ab
WOS:000392037400047,High Temperature Carbonized Grass as a High Performance Sodium Ion Battery Anode,2017,10.1021/acsami.6b12542,https://doi.org/10.1021/acsami.6b12542,WOS:000392037400047,357,8e0eeac1e985ca8bdba123c5ef39e323f4de3e91c0bcd7d1da82aa7268dbed61
WOS:000637295600009,Enhanced 1T phase promotes sodium storage performances of MoS2 flower-like spheres with embedded reduced graphene oxides,2021,10.1016/j.jssc.2021.122027,https://doi.org/10.1016/j.jssc.2021.122027,WOS:000637295600009,358,a72c7406399efc0ddc156b2146a289363514d7bf9307aebe4027d3a9c7da155f
WOS:001343636200001,A novel layered Na0.44VOPO4⋅1.6H2O cathode materials for sodium-ion batteries synthesized by one-step oxidation,2024,10.1016/j.est.2024.114257,https://doi.org/10.1016/j.est.2024.114257,WOS:001343636200001,359,ee96c3b5d99807619ba59ccfff34a0d7b87c5b16d9d15c3c3106ea0b994e087f
WOS:001215451900001,In situ confined growth of Cu2-xSe nanoparticles in highly defective nitrogen-doped carbon for high-rate sodium-ion battery anodes,2024,10.1016/j.cej.2024.150701,https://doi.org/10.1016/j.cej.2024.150701,WOS:001215451900001,360,6c4f780bf261e9cf4b82bada448eb429af4357d49aa371a58f612e19ea9890eb
WOS:000489224100004,Nanorod Cuprous Oxide as Anode for Sodium Ion Battery,2019,10.20964/2019.10.46,https://doi.org/10.20964/2019.10.46,WOS:000489224100004,361,44e034217e94089f9a6c13a3f94ecba68d7b92977d38ae2020c2fd921006abe4
WOS:000814469900003,Synthesis of NaNiF3 and its composite with multi-walled carbon nanotubes as cathode materials for aqueous sodium-ion battery,2022,10.1007/s10854-022-08577-z,https://doi.org/10.1007/s10854-022-08577-z,WOS:000814469900003,362,840db0502f5c21d4b627361289782b04b7557cd61b21ffaaefa35e6eae61b365
WOS:000444359600016,SnO2\ nanoparticles confined by N-doped and CNTs-modified carbon fibers as superior anode material for sodium-ion battery,2018,10.1016/j.ssi.2018.05.022,https://doi.org/10.1016/j.ssi.2018.05.022,WOS:000444359600016,363,d0648a42d3a489a6cfa422aa4d9793eae4077fe79219524498bbf36a171c8a51
WOS:000388610400019,Porous graphene anchored with Sb/SbOx as sodium-ion battery anode with enhanced reversible capacity and cycle performance,2017,10.1016/j.jallcom.2016.09.150,https://doi.org/10.1016/j.jallcom.2016.09.150,WOS:000388610400019,364,5c9fcd3389a42a13569466521eb85f089813be670202dfa68eb56800725fa74b
WOS:000669533800041,Hydrogenated Anatase and Rutile TiO2 for Sodium-Ion Battery Anodes,2021,10.1021/acsaem.1c00571,https://doi.org/10.1021/acsaem.1c00571,WOS:000669533800041,365,c4b810a5506db9299a35ca2231e7cbc7869642339a03e8a9053c065450f0cb61
WOS:000605594000009,NaFeSnO4: Tunnel structured anode material for rechargeable sodium-ion batteries,2020,10.1016/j.elecom.2020.106873,https://doi.org/10.1016/j.elecom.2020.106873,WOS:000605594000009,366,5205b00da5d60cbc5a538ac2482343dfc6056795e15a64cbbf356884722619b3
WOS:000501286600022,Red Phosphorus/Onion-like Mesoporous Carbon Composite as High-Performance Anode for Sodium-Ion Battery,2019,10.1002/celc.201901696,https://doi.org/10.1002/celc.201901696,WOS:000501286600022,367,842b879c3b347a841e3e031976c558ba78cef3987e5cfd9b2e4b11a7b7016121
WOS:000436257800052,One-step Convenient Hydrothermal Synthesis of MoS2/RGO as a High-performance Anode for Sodium-ion Batteries,2018,10.20964/2018.05.29,https://doi.org/10.20964/2018.05.29,WOS:000436257800052,368,741ebc18d92060bfa33d67fcd6739855638853b88ca533ffcfeeac19228239a4
WOS:000470179400031,Role of Nickel Nanoparticles in High-Performance TiO2/Ni/Carbon Nanohybrid Lithium/Sodium-Ion Battery Anodes,2019,10.1002/asia.201900231,https://doi.org/10.1002/asia.201900231,WOS:000470179400031,369,955ce382c37a489415afa9330e4b5b37ee031fb6a9f280d815f229d20aecd8e1
WOS:001204238100001,Enhancing reversible Na-ion intercalation by introducing K-ions into layered vanadyl phosphate for sodium-ion battery cathodes,2024,10.1088/2515-7655/ad3c27,https://doi.org/10.1088/2515-7655/ad3c27,WOS:001204238100001,370,a24e6da13a1ec2c6d0501fe06ba0a44e823fd3e248863ed5fd61c72c35550f17
WOS:000471042200026,Electrodeposition of pure phase SnSb exhibiting high stability as a sodium-ion battery anode,2019,10.1039/c9cc00001a,https://doi.org/10.1039/c9cc00001a,WOS:000471042200026,371,ffdbf10749fe5af18eb4bdfe98dc7ae860e60e12011a2cdc515683ed63a885a2
WOS:000393848800100,Two-Dimensional SnO Anodes with a Tunable Number of Atomic Layers for Sodium Ion Batteries,2017,10.1021/acs.nanolett.6b05280,https://doi.org/10.1021/acs.nanolett.6b05280,WOS:000393848800100,372,13b4798f9a05702d4fc707bf32c23779dea9d498a47dfa3379ad0b706501f549
WOS:000414115700039,Bridging Covalently Functionalized Black Phosphorus on Graphene for High-Performance Sodium-Ion Battery,2017,10.1021/acsami.7b11599,https://doi.org/10.1021/acsami.7b11599,WOS:000414115700039,373,8dad3967dc76603b58a019671dbb6598c3ad094fbae575668c28334eddb34891
WOS:000354906000022,Improving the Capacity of Sodium Ion Battery Using a Virus-Templated Nanostructured Composite Cathode,2015,10.1021/nl504676v,https://doi.org/10.1021/nl504676v,WOS:000354906000022,374,affa5d33a91b8c6395b53431add46a7ca0944b0dc71b899c22f0cfc0613dbd9f
WOS:000441061800032,Coal-Based Amorphous Carbon as Economical Anode Material for Sodium-Ion Battery,2018,10.1149/2.0981810jes,https://doi.org/10.1149/2.0981810jes,WOS:000441061800032,375,40ab18365b96b62fcfb48163505dbd06648cf00fa18731b4ee5225bf66478a73
WOS:001536688600003,Dissecting the chemical strain in inactive components of sodium-ion battery cathodes,2025,10.1016/j.scriptamat.2025.116880,https://doi.org/10.1016/j.scriptamat.2025.116880,WOS:001536688600003,376,6f9ca89b42b855f7113d90140252945676e472734edae0706d519a57769b7d83
WOS:001615013000002,Hard carbon-encapsulated cobalt chalcogenides derived from waste apricot seed testa biomass: High performance anode electrode materials for Na-ion storage,2025,10.1016/j.est.2025.119017,https://doi.org/10.1016/j.est.2025.119017,WOS:001615013000002,377,77d3eec427569e179d49208587893422d8484d97a4010d1888af6f8b297db1ab
WOS:000695245400001,Vitrification of maricite NaFePO4 crystal by laser irradiation and enhanced sodium ion battery performance,2021,10.1016/j.jallcom.2021.160928,https://doi.org/10.1016/j.jallcom.2021.160928,WOS:000695245400001,378,4174ae1314247f883de8fe19d35e59ccfe93369734a24dc26b4072dc970a4b45
WOS:000521938400027,Manganese hexacyanoferrate reinforced by PEDOT coating towards high-rate and long-life sodium-ion battery cathode,2020,10.1039/c9ta12376h,https://doi.org/10.1039/c9ta12376h,WOS:000521938400027,379,97cb02a79a7cf8b3c54bf110224960a5e823a267e4fd2b2ed64c0df57f715cda
WOS:000382921600021,Lithium-Rich Layered Oxide Li1.18Ni0.15Co0.15Mn0.52O<su b>2 as the Cathode Material for Hybrid Sodium-Ion Batteries,2016,10.1002/chem.201600757,https://doi.org/10.1002/chem.201600757,WOS:000382921600021,380,753542ea642eb08b30512f8ae90b58d5fa2ccb1e5f96c638cb257adf3a4b8af0
WOS:000828193400001,Effect of vanadium doping on the electrochemical performances of sodium titanate anode for sodium ion battery application,2022,10.1039/d2dt01626e,https://doi.org/10.1039/d2dt01626e,WOS:000828193400001,381,44407e915f908c6ca39d38935d1a980034546c71b7058e41673c6ed6dc35815d
WOS:001263984800001,Realizing Three-Electron Redox Reactions in NASICON-Type NaCrNb(PO4)3 for Sodium Ion Battery Applications,2024,10.1021/acs.chemmater.4c00933,https://doi.org/10.1021/acs.chemmater.4c00933,WOS:001263984800001,382,8984b814fcbc3ed05ae8defcc58c9adf43fef1bdc577f16a4d50deb236e3c254
WOS:000653229500126,Engineering sodium-rich manganese oxide with robust tunnel structure for high-performance sodium-ion battery cathode application,2021,10.1016/j.cej.2020.128097,https://doi.org/10.1016/j.cej.2020.128097,WOS:000653229500126,383,89029f9b472e700efebd1907344bbf644cc27986b53db1d41db2aed18182a4f6
WOS:000344208700107,Uniform and continuous carbon coated sodium vanadium phosphate cathode materials for sodium-ion battery,2014,10.1016/j.jpowsour.2014.09.046,https://doi.org/10.1016/j.jpowsour.2014.09.046,WOS:000344208700107,384,ff5e2350b051ca24a38aa701791f460102c352329556311b6256f21901da26e3
WOS:000400560400059,Electrochemical Performance of a V2O5 Cathode for a Sodium Ion Battery,2017,10.1007/s11664-017-5298-y,https://doi.org/10.1007/s11664-017-5298-y,WOS:000400560400059,385,8be2a2550d602e8e9a6b7aa6cd4d139b8d3ad98f8f8158e19025558fd4c85462
WOS:000336941700012,High-performance aqueous sodium-ion batteries with K0.27MnO2 cathode and their sodium storage mechanism,2014,10.1016/j.nanoen.2014.02.010,https://doi.org/10.1016/j.nanoen.2014.02.010,WOS:000336941700012,386,f2e4de40203c4ce7e00804321ada05ad8021d19a3038ca34e9b356bfd8103f94
WOS:001330851600001,Optimizing O3-type cathode materials with modified collector for sodium-ion batteries: Insights of interfacial reaction between collector and electrolyte,2024,10.1016/j.jpowsour.2024.235558,https://doi.org/10.1016/j.jpowsour.2024.235558,WOS:001330851600001,387,ce248697a72bdbcd3269de8bdd743952a5249e9768710b53d49a3afa4dc3fce2
WOS:000619199300131,Polyaniline-coated nanoporous antimony with improved performance for sodium-ion battery anodes,2021,10.1016/j.jallcom.2021.158647,https://doi.org/10.1016/j.jallcom.2021.158647,WOS:000619199300131,388,cde525a016f638e85852594cc790effb6e2b0de4b05d8adeedc699be5d476340
WOS:000401686100022,Defect-rich TiO2-δ nanocrystals confined in a mooncake-shaped porous carbon matrix as an advanced Na ion battery anode,2017,10.1016/j.jpowsour.2017.04.035,https://doi.org/10.1016/j.jpowsour.2017.04.035,WOS:000401686100022,389,3a437de01987dc928130710dd535392f73f11829a82e18bf6b11e33c02b52562
WOS:000427380600020,Significantly improved performance of red phosphorus sodium-ion anodes with the addition of iron,2018,10.1016/j.electacta.2017.12.105,https://doi.org/10.1016/j.electacta.2017.12.105,WOS:000427380600020,390,6add7414c811ed543b9c1e67a66a571fb77fcbd284464b699a8862ceaf365c05
WOS:000488957400073,Pomegranate-inspired SnS/ZnS@C heterostructural nanocubes towards high-performance sodium ion battery,2019,10.1016/j.apsusc.2019.143631,https://doi.org/10.1016/j.apsusc.2019.143631,WOS:000488957400073,391,e8d2cbd069156608e1139b1f993a1bc6055ecad85228e6c8561b49b6f9157796
WOS:000316951400005,RECENT ADVANCES IN SODIUM INTERCALATION POSITIVE ELECTRODE MATERIALS FOR SODIUM ION BATTERIES,2013,10.1142/s1793604713300016,https://doi.org/10.1142/s1793604713300016,WOS:000316951400005,392,19a342dcf8448e4057f13c34ecd64c743b7dbe90567891a52cbf312ae3ba2850
WOS:000814492200002,Enhanced interphasial stability of hard carbon for sodium-ion battery via film-forming electrolyte additive,2023,10.1007/s12274-022-4583-0,https://doi.org/10.1007/s12274-022-4583-0,WOS:000814492200002,393,2412bed9bd53d84c0d47cb3fdb3cd5d3535b9f5ae3cbccc8b65146b78a24512c
WOS:001092160100001,Insights into the electrochemical properties of bagasse-derived hard carbon anode materials for sodium-ion battery,2023,10.1007/s11581-023-05240-3,https://doi.org/10.1007/s11581-023-05240-3,WOS:001092160100001,394,4eb7af3947cf645a27225277ec5f74836de0b5b6ad93187047fde968f93a5635
WOS:001127299600001,Flash-pyrolyzed coal char as a high-performance anode for sodium-ion batteries,2023,10.1016/j.fuproc.2023.107998,https://doi.org/10.1016/j.fuproc.2023.107998,WOS:001127299600001,395,35f767cb2d05bd8a79841c9c2c85c41ee07ade80d478bd691df623da1202e825
WOS:000390598200005,Arginine-Assisted Formation of Hierarchical TiO2 Microspheres for Lithium-Ion and Sodium-Ion Battery Applications,2016,10.1002/cnma.201600231,https://doi.org/10.1002/cnma.201600231,WOS:000390598200005,396,026be53ead3a5bcbda9c3e62617b8addd8b3ff8a739903019e7028f8c6d4501f
WOS:000374361400005,A new gridding cyanoferrate anode material for lithium and sodium ion batteries: Ti0.75Fe0.25[Fe(CN)6]0.96•1. 9H2O with excellent electrochemical properties,2016,10.1016/j.jpowsour.2016.03.011,https://doi.org/10.1016/j.jpowsour.2016.03.011,WOS:000374361400005,397,9e5c73bc80f1808955df74f111655a569296b49ab9fac54a13176e6a6a31dbfa
WOS:000574904900105,Highly Stable Basswood Porous Carbon Anode Activated by Phosphoric Acid for a Sodium Ion Battery,2020,10.1021/acs.energyfuels.0c02286,https://doi.org/10.1021/acs.energyfuels.0c02286,WOS:000574904900105,398,1274c0256049872607e87bf691713c9487cb687fb225b1a470521b3c2cdaf1f3
WOS:000408287900103,Design of NaTi2(PO4)3 nanocrystals embedded in N-doped graphene sheets for sodium-ion battery anode with superior electrochemical performance,2017,10.1016/j.ceramint.2017.06.098,https://doi.org/10.1016/j.ceramint.2017.06.098,WOS:000408287900103,399,f8c9c7052ded787296a9441167999630996a80e7031fcdeef4cd2e5db17e2f4c
WOS:000701684600002,Formation of highly dispersed tin nanoparticles in amorphous silicates for sodium ion battery anode,2022,10.1016/j.jpcs.2021.110377,https://doi.org/10.1016/j.jpcs.2021.110377,WOS:000701684600002,400,fa985df622c1c6837ad1bb77cabe55f0e9d1c6a10f5537980bf0d11182af8a5e
WOS:000627041500001,Sodium-Ion Battery Full-Cell Study with a Pseudocapacitive MoSe2-Porous N-Doped Carbon Composite Anode and Intercalated Sodium Vanadium Fluorophosphate Cathode,2021,10.1002/batt.202100026,https://doi.org/10.1002/batt.202100026,WOS:000627041500001,401,1a7758b6a6dbcd61c68c9e88bb1240f8b7d8cc0086990d2df6ad8479fa6fc701
WOS:000361931600048,Vanadium Sulfide on Reduced Graphene Oxide Layer as a Promising Anode for Sodium Ion Battery,2015,10.1021/acsami.5b06385,https://doi.org/10.1021/acsami.5b06385,WOS:000361931600048,402,d8bd37fa61980ee45cd419f8c876c5269d28439d583e365aef3186f08287484c
WOS:001474958800001,Highly Crystalline and Robust Donor-Acceptor Type Covalent Organic Frameworks for Long-life Sodium-Ion Battery Cathodes,2025,10.1002/smll.202412698,https://doi.org/10.1002/smll.202412698,WOS:001474958800001,403,5d865605a5d0cff1eddcaf667059e8b1d1ba3510627a3674541fe798d3966a01
WOS:000444413700022,Flexible MnS-Carbon Fiber Hybrids for Lithium-Ion and Sodium-Ion Energy Storage,2018,10.1002/chem.201801979,https://doi.org/10.1002/chem.201801979,WOS:000444413700022,404,dbcf3da747b7164a2e0b8c872beabf75e8800d403a07c90adb6ffeadd483a2e2
WOS:000437090400007,A hit-and-run strategy towards perylene diimide/reduced graphene oxide as high performance sodium ion battery cathode,2018,10.1016/j.cej.2018.05.078,https://doi.org/10.1016/j.cej.2018.05.078,WOS:000437090400007,405,a701a0379be010ed761ca2b4f389beae4cca10988023cf0f16317c1f80dc998a
WOS:000910974300001,Carbon confined GeS2 particles and its three-dimensional flexible electrode toward sodium ion battery anode,2023,10.1016/j.jallcom.2022.168505,https://doi.org/10.1016/j.jallcom.2022.168505,WOS:000910974300001,406,d14278d7977ee3bcd029b57f78fb8850542d68d34d4a909861a0d915e86eea90
WOS:000502548500049,"Rational design of a PC3 monolayer: A high-capacity, rapidly charging anode material for sodium-ion batteries",2020,10.1016/j.carbon.2019.10.086,https://doi.org/10.1016/j.carbon.2019.10.086,WOS:000502548500049,407,cd2447fad3b6867705bab70ae4e78de56b0b9c7df9b9f46b225a12f24bfc6730
WOS:001297122200001,A high-entropy cathode for sodium-ion batteries: Cu/Zn-doping O3-Type Ni/Fe/Mn layer oxides,2024,10.1016/j.jpcs.2024.112241,https://doi.org/10.1016/j.jpcs.2024.112241,WOS:001297122200001,408,c7475b98e7c11f3fbb688d275154c13e7325e821240139fc59e60d2be1a17f12
WOS:000437819600033,Pitch-derived N-doped porous carbon nanosheets with expanded interlayer distance as high-performance sodium-ion battery anodes,2018,10.1016/j.fuproc.2018.05.007,https://doi.org/10.1016/j.fuproc.2018.05.007,WOS:000437819600033,409,8076aea432e9cfe464dd1c84e64a2a335187c29849123de14b5976e32b990f6c
WOS:000430706900109,Synthesis and Electrochemical Properties of Amorphous Carbon Coated Sn Anode Material for Lithium Ion Batteries and Sodium Ion Batteries,2018,10.1166/jnn.2018.15684,https://doi.org/10.1166/jnn.2018.15684,WOS:000430706900109,410,46822661e3988b300ce4c928a163dc32f5afe9618e1ea776e8eae8911290c05b
WOS:000479082900023,Metallic 1T MoS2 overlapped nitrogen-doped carbon superstructures for enhanced sodium-ion storage,2019,10.1016/j.apsusc.2019.06.115,https://doi.org/10.1016/j.apsusc.2019.06.115,WOS:000479082900023,411,8cf41825c4b9ca87f19002fe78d1bfeb98c4d2480161e9fe61c651f3dd92dbd9
WOS:000851702600001,Excimer Laser-Deposited Na2/3Ni1/4Mn3/4O2 Film Cathode for Stable Sodium-Ion Battery,2022,10.3390/nano12173018,https://doi.org/10.3390/nano12173018,WOS:000851702600001,412,e234d099fcf3b1f28837b9f9e691c57ac90e1a5b5902685c3451d7b4ef121671
WOS:001090978200005,Promising cathode material MnO2/CoO2 heterostructure for the Li and Na ion battery: A computational study,2023,10.1063/5.0166023,https://doi.org/10.1063/5.0166023,WOS:001090978200005,413,082cde63b177e147ac4683a84233ece685a5bd8100502d63c1a5b5261d51d80c
WOS:000457816900031,Interpreting Abnormal Charge-Discharge Plateau Migration in CuxS during Long-Term Cycling,2019,10.1021/acsami.8b18864,https://doi.org/10.1021/acsami.8b18864,WOS:000457816900031,414,b35f80d6e79cbc7946aa18ccee3f7b43beef10fe16928c143261ea54bda7ec1b
WOS:001513015000001,High Voltage Flexible Sodium-Ion Battery Cathode Materials Based on 1D Covalent Organic Framework,2025,10.1002/advs.202505311,https://doi.org/10.1002/advs.202505311,WOS:001513015000001,415,b63d91420298f60735bf80989dbf25aaaa269e523f9c189c84aaee3009143c3d
WOS:000397003700015,Metal-organic frameworks derived porous core/shellCoP@C polyhedrons anchored on 3D reduced graphene oxide networks as anode for sodium- ion battery,2017,10.1016/j.nanoen.2016.11.055,https://doi.org/10.1016/j.nanoen.2016.11.055,WOS:000397003700015,416,6d0448a5f3f77d62560db360ebad6a444080275a2fd0b6c29cefd8f8f2b714e9
WOS:000432686100002,WS2 nanoplates embedded in graphitic carbon nanotubes with excellent electrochemical performance for lithium and sodium storage,2018,10.1007/s40843-017-9185-3,https://doi.org/10.1007/s40843-017-9185-3,WOS:000432686100002,417,2855aa432ded3381556364f649f26024d3dbbcfa4b8e5184b25b0727ff1c2df0
WOS:001019685800001,Disodium naphthalene dicarboxylate based negative electrode engineering for organic-inorganic hybrid sodium batteries,2023,10.1016/j.susmat.2023.e00639,https://doi.org/10.1016/j.susmat.2023.e00639,WOS:001019685800001,418,5d90097ea616cd4f9379ad399d535e8159b683de5dc32c891f889e872ee508f7
WOS:001066654500004,Synthesis and properties of P2-Na2/3Mn1/3Bi1/3Ni1/3O<sub >2 as long-life and high voltage sodium-ion battery cathode,2023,10.11862/cjic.2023.077,https://doi.org/10.11862/cjic.2023.077,WOS:001066654500004,419,b0004ba603cd258cbaf13bdd7d9968331650e3920ffdc6754b8e5d7d0e7e6c3d
WOS:001509324700001,In-situ produced three-dimensional hierarchical porous Cu@Bi enables ultra-long sodium storage,2025,10.1016/j.jcis.2025.137790,https://doi.org/10.1016/j.jcis.2025.137790,WOS:001509324700001,420,ad59e4290632632d2bd39bae188931941c73144196483e371e99a9b9809316bd
WOS:001072703400001,Modified Recovered Carbon from Aluminum Electrolysis by Expansion Treatment as an Anode for Sodium-Ion Batteries,2023,10.1021/acs.energyfuels.3c02537,https://doi.org/10.1021/acs.energyfuels.3c02537,WOS:001072703400001,421,fe94bf63fd32ad53afc04cdfa9493e0eeae597cd08d07cc3969fa7a5261181f9
WOS:001080638100001,Co3O4/nitrogen-doped graphene promise high-performance sodium-ion battery anode,2023,10.1016/j.jelechem.2023.117801,https://doi.org/10.1016/j.jelechem.2023.117801,WOS:001080638100001,422,615f52d4fcdcae0bb1db7e7eaa2ac87fa2dd4b6f87a726d74f0c1c5410cbe52a
WOS:000550633400030,Symmetric Sodium-Ion Battery Based on Dual-Electron Reactions of NASICON-Structured Na3MnTi(PO4)3 Material,2020,10.1021/acsami.0c05784,https://doi.org/10.1021/acsami.0c05784,WOS:000550633400030,423,6f965d375153b53fec864a75df5258983f30e242e7d0a6c415db70e5ba8dc2b3
WOS:001145169000001,N-doped Sb2SnO5@C as advanced anode material for sodium-ion batteries,2024,10.1007/s11581-024-05383-x,https://doi.org/10.1007/s11581-024-05383-x,WOS:001145169000001,424,186134c07304102f52dafd25f80e6d66b6a12a2ae3a0495b39446efb3b4e69f1
WOS:000936220900001,Seamless Stitching of Redox Windows to Enable High-Voltage Resilient Solid Sodium Ion Batteries,2023,10.1002/eem2.12477,https://doi.org/10.1002/eem2.12477,WOS:000936220900001,425,6e90896e13c6ce9855224d778c37f98733b527e2304338f7f4186b72f70d3345
WOS:000509223000009,MoS2/SnS2 nanocomposite as stable sodium-ion battery anode,2020,10.1142/s1793604719500954,https://doi.org/10.1142/s1793604719500954,WOS:000509223000009,426,b807fe72b21f37bc0ba2ef986bfe96a4a0bc6679510101dcf64f5e7cb36f53fc
WOS:000380076700049,Na3V2O2(PO4)2F-MW CNT nanocomposites as a stable and high rate cathode for aqueous and non-aqueous sodium-ion batteries,2016,10.1016/j.jpowsour.2016.05.096,https://doi.org/10.1016/j.jpowsour.2016.05.096,WOS:000380076700049,427,01ab2e1fe8092657d41d76cd9a413438d9168789d7a61f99f0aa7ae627cda9ac
WOS:000437403200004,Electrochemical construction and sodium storage performance of three-dimensional porous self-supported MoS2 electrodes,2018,10.1142/s1793604718500509,https://doi.org/10.1142/s1793604718500509,WOS:000437403200004,428,4cf301dd6873294be50ce36b4bd03476ae51466ce2c3a8fa5be4a13e6274aa54
WOS:000348772600014,Unfolding the Mechanism of Sodium Insertion in Anatase TiO2 Nanoparticles,2015,10.1002/aenm.201401142,https://doi.org/10.1002/aenm.201401142,WOS:000348772600014,429,779aaa3091518d68bda07e10382fd9e9801e486d3c0525cb40e18df79754a4f2
WOS:000893160800001,Spatially Guided Assembly of Polyoxometalate Superlattices and Their Derivatives as High-Power Sodium-Ion Battery Anodes,2022,10.1021/acsnano.2c09796,https://doi.org/10.1021/acsnano.2c09796,WOS:000893160800001,430,a3669900ac0082317934fd0e3debec39ba4bc13d2dbff973e9d724dafaf47966
WOS:000535906300001,Switching between Local and Global Aromaticity in a Conjugated Macrocycle for High-Performance Organic Sodium-Ion Battery Anodes,2020,10.1002/anie.202003386,https://doi.org/10.1002/anie.202003386,WOS:000535906300001,431,629e7fb5759abffbf4644fc87f96a78ef96d4773b6887e0f57b342b11fc71ecb
WOS:000358809700073,Highly stable and ultrafast electrode reaction of graphite for sodium ion batteries,2015,10.1016/j.jpowsour.2015.05.116,https://doi.org/10.1016/j.jpowsour.2015.05.116,WOS:000358809700073,432,5b5a7bd74f5654c65dd030ea64b5582425fc00d73d7534f2c65570775e20fad3
WOS:001304244900001,Bi-Doped P2 layered Sodium-Ion Battery Cathode with Improved Cycling Stability,2024,10.1149/1945-7111/ad7291,https://doi.org/10.1149/1945-7111/ad7291,WOS:001304244900001,433,5a19650a17fd1d6fab27164464cf8a13fb23bcbadacff6568084c05e67276aeb
WOS:000383827900035,Sodium ion storage in reduced graphene oxide,2016,10.1016/j.electacta.2016.08.058,https://doi.org/10.1016/j.electacta.2016.08.058,WOS:000383827900035,434,ad1a889d8613a1e24a93f03a1ea0a3a55b1acd1d2b9d833c8ba9c30bc0d11065
WOS:000345975500018,Electrode Performance and Structural Characterization of Fiber-Type Cathode for Sodium Ion Battery,2014,10.1149/2.0141414jes,https://doi.org/10.1149/2.0141414jes,WOS:000345975500018,435,3294981cdb9e47df141ec2fe610fe3a7f6eeb4075115f109ed501c0e7274b61e
WOS:000364325800005,"Tailoring MoO2/Graphene Oxide Nanostructures for Stable, High-Density Sodium-Ion Battery Anodes",2015,10.1002/ente.201500160,https://doi.org/10.1002/ente.201500160,WOS:000364325800005,436,315d133b330a0418c0531d339beffb8041e3e2edd2656740bffc012ba10e5e1d
WOS:000734186000002,High-Performance PDB Organic Cathodes Reinforced by 3D Flower- like Carbon for Lithium-/Sodium-Ion Batteries,2021,10.1021/acsaem.1c02393,https://doi.org/10.1021/acsaem.1c02393,WOS:000734186000002,437,9ccdbace42a647efc399a06d0045a8987e026a7d477a8307d127473500185b53
WOS:000504646200014,The effect of S-functionalized and vacancies on V2C MXenes as anode materials for Na-ion and Li-ion batteries,2020,10.1016/j.cap.2019.11.025,https://doi.org/10.1016/j.cap.2019.11.025,WOS:000504646200014,438,3c0c9678e4f92f171ddff56608fb56768c3dddf56891c3a440c8a5a210c19ed7
WOS:000375635200014,"Neutron diffraction studies of the Na-ion battery electrode materials NaCoCr2(PO4)3, NaNiCr2(PO4)3, and Na2Ni2Cr(PO4)3",2016,10.1016/j.jssc.2016.03.011,https://doi.org/10.1016/j.jssc.2016.03.011,WOS:000375635200014,439,87c87e7a7ff7ce43009b272fd0bf58f29cb6c6e0d12964b77c91ae1064185a22
WOS:000407540300024,Activation of Sodium Storage Sites in Prussian Blue Analogues via Surface Etching,2017,10.1021/acs.nanolett.7b01366,https://doi.org/10.1021/acs.nanolett.7b01366,WOS:000407540300024,440,10941984f9635d94dc10a1954ad6523fc7ccb94cd9495659596b18fb9ef371f2
WOS:000673459900001,Facile preparation of MoP/TiO2 composite by electrospinning method for sodium ion battery anode,2021,10.1080/21663831.2021.1949401,https://doi.org/10.1080/21663831.2021.1949401,WOS:000673459900001,441,f5fc78add5a6c6e6de55f6a6cf26700bdf4f633bd35e363dab83de19c3221041
WOS:000447646800021,Facile hydrothermal treatment route of reed straw-derived hard carbon for high performance sodium ion battery,2018,10.1016/j.electacta.2018.08.136,https://doi.org/10.1016/j.electacta.2018.08.136,WOS:000447646800021,442,f4bd398859aa9e74bf9772b25d5bc57796228945c82b34c870add1ab45ae449b
WOS:000436552700292,SnSb Alloy Blended with Hard Carbon as Anode for Na-Ion Batteries,2018,10.3390/en11061614,https://doi.org/10.3390/en11061614,WOS:000436552700292,443,352791d1d179367b4a14692b4c1ddba7077742360f95d3a99e54b00d83e204ba
WOS:000370468300018,TiS2 nanoplates: A high-rate and stable electrode material for sodium ion batteries,2016,10.1016/j.nanoen.2015.12.028,https://doi.org/10.1016/j.nanoen.2015.12.028,WOS:000370468300018,444,e8b234530c8ecc1c9e7f949f05f3fdd6ac634c786e2028bf2ec836335a9bb0f1
WOS:000496593500010,Bimetallic phosphides embedded in hierarchical P-doped carbon for sodium ion battery and hydrogen evolution reaction applications,2019,10.1007/s40843-019-9474-0,https://doi.org/10.1007/s40843-019-9474-0,WOS:000496593500010,445,40913d2e9bc9d145ef81af0de081556dfabfe4232b65e66f4d245f2b9b0660c8
WOS:000487931500021,Engineering the trap effect of residual oxygen atoms and defects in hard carbon anode towards high initial Coulombic efficiency,2019,10.1016/j.nanoen.2019.103937,https://doi.org/10.1016/j.nanoen.2019.103937,WOS:000487931500021,446,498cbc1937404bfe308d4c17a08fc3f97d490b403315816fc78ee637f244a2d1
WOS:001347239900001,Nano-crystalline Fe3V3O8 material as an efficient advanced anode for energy storage applications,2024,10.1016/j.jpowsour.2024.234947,https://doi.org/10.1016/j.jpowsour.2024.234947,WOS:001347239900001,447,48f603b070218dd1397b9c1f690be4a7a54f8c5cc6dcdeb1d525cd42a492a11a
WOS:000461864600007,Mechanism of the Na-substituted Spinel Phase Generation in a Li4Ti5O12 Electrode via Sodium-ion Battery Cycling,2018,10.5796/electrochemistry.18-00029,https://doi.org/10.5796/electrochemistry.18-00029,WOS:000461864600007,448,6eb699ca6a77efc08ff7b88195ebcde7fb5b503b733316133a396abfc9677355
WOS:001542755600001,"Advancing Sodium-Ion Battery Cathodes: A Low-Cost, Eco-Friendly Mechanofusion Route from TiO2 Coating to Ti4+ Doping",2025,10.1021/acs.chemmater.5c01485,https://doi.org/10.1021/acs.chemmater.5c01485,WOS:001542755600001,449,70ec6787dd6c8de1469c836c8279a45c1fae78e8d257ac02636037d2645c9516
WOS:000454251000017,Na3V2(PO4)2F3-SWC NT: a high voltage cathode for non-aqueous and aqueous sodium-ion batteries,2019,10.1039/c8ta09194c,https://doi.org/10.1039/c8ta09194c,WOS:000454251000017,450,8d4d3a065dc6b7cc179b97fdce521832724334f091ba79f87a73cf19014f9308
WOS:000473271000023,Enhancement of First Cycle Coulombic Efficiency of Hard Carbon Derived from Eucalyptus in a Sodium Ion Battery,2019,10.1246/cl.190230,https://doi.org/10.1246/cl.190230,WOS:000473271000023,451,b4d8553faf7086e2ad2834351f0624a769919d1e0016f5f03d96bd609254c5ec
WOS:000316520100055,Discharge mechanism of MoS2 for sodium ion battery: Electrochemical measurements and characterization,2013,10.1016/j.electacta.2013.01.057,https://doi.org/10.1016/j.electacta.2013.01.057,WOS:000316520100055,452,25949396e01a2d95625e08477be8f0657353a6e9f26be038098a023839edc191
WOS:000380968300032,Scalable Synthesis of Few-Layer MoS2 Incorporated into Hierarchical Porous Carbon Nanosheets for High-Performance Li- and Na-Ion Battery Anodes,2016,10.1021/acsami.6b05010,https://doi.org/10.1021/acsami.6b05010,WOS:000380968300032,453,0f38fee512995438343c8c07d9e390310b76c4b8eb80af3e46160b0ef6c081f9
WOS:000581339400001,One-Pot Synthesized Biomass C-Si Nanocomposites as an Anodic Material for High-Performance Sodium-Ion Battery,2020,10.3390/nano10091728,https://doi.org/10.3390/nano10091728,WOS:000581339400001,454,321329f264033308a00ef1f45473d62cdfe951c1ae1f7c177e915ae1e9eee808
WOS:000522731700068,Highly dispersed ultra-small nano Sn-SnSb nanoparticles anchored on N-doped graphene sheets as high performance anode for sodium ion batteries,2020,10.1016/j.apsusc.2020.145686,https://doi.org/10.1016/j.apsusc.2020.145686,WOS:000522731700068,455,4bd54ea6eb532b664c735c6103b04b04365c0d01d07887faf85a800d25f5df1f
WOS:001395956300001,Boosting the rate capability of heteroatom co-doped graphene-supported Na3V2(PO4)3 as cathode material for sodium-ion battery full cell,2025,10.1016/j.jtice.2024.105917,https://doi.org/10.1016/j.jtice.2024.105917,WOS:001395956300001,456,c05a9a52a3559a03fb8c0f1dfdab767ea4bdfb35dde83ffb0e0f44f601b14196
WOS:000374349600007,Layered SnS2 cross-linked by carbon nanotubes as a high performance anode for sodium ion batteries,2016,10.1039/c6ra04941a,https://doi.org/10.1039/c6ra04941a,WOS:000374349600007,457,fe91aa376fc464c50d4571b82fd0047993a1f398db497b7f66e322ec95087387
WOS:000427316300043,"First-principles study of mixed eldfellite compounds Nax(Fe1/2M1/2)(SO4)2</s ub> (x=0-2, M = Mn, Co, Ni): A new family of high electrode potential cathodes for the sodium-ion battery",2018,10.1016/j.jpowsour.2017.12.051,https://doi.org/10.1016/j.jpowsour.2017.12.051,WOS:000427316300043,458,8dd577a89d32e6a9cb5c94a6f2a4033e627e7e75f193627e80c1ddf4db50bc5b
WOS:000409410700012,Chemical Structures of Specific Sodium Ion Battery Components Determined by Operando Pair Distribution Function and X-ray Diffraction Computed Tomography,2017,10.1002/anie.201704271,https://doi.org/10.1002/anie.201704271,WOS:000409410700012,459,b1f28546c5554dc936de81f480a927382d0455e78f8876a97aeb0156bc4bb76d
WOS:000476718000019,Understanding the improved electrochemical performance of nitrogen-doped hard carbons as an anode for sodium ion battery,2019,10.1016/j.electacta.2019.05.158,https://doi.org/10.1016/j.electacta.2019.05.158,WOS:000476718000019,460,26d73f6feed0ecaeb70fc808b5358e10012883bff4cb40f9c1a388ea684771cd
WOS:000458706900080,Manipulating Local Chemistry of Phosphorus for High-Performance Sodium Ion Battery Anode Applications,2019,10.1021/acsaem.8b01666,https://doi.org/10.1021/acsaem.8b01666,WOS:000458706900080,461,30b67faff22868ec5d90ffe6c7f8109144523df3ca1f26b5688c947e7de43fb3
WOS:000453745000010,Three-Dimensional Graphene-based N-doped Carbon Composites as High-Performance Anode Materials for Sodium-ion Batteries,2018,10.1002/asia.201801484,https://doi.org/10.1002/asia.201801484,WOS:000453745000010,462,00f0ff4fc95865633d3e93377c756c6c8f4e3450414253c1954bfa661c80d257
WOS:000458992000030,Spindle-like Fe7S8/N-doped carbon nanohybrids for high-performance sodium ion battery anodes,2019,10.1007/s12274-019-2278-y,https://doi.org/10.1007/s12274-019-2278-y,WOS:000458992000030,463,a3e097339fbbba050de0ebfc5cf23265be5b09e2a0dccfecf843a792e9a5283c
WOS:000657202500072,Controllable Insertion Mechanism of Expanded Graphite Anodes Employing Conversion Reaction Pillars for Sodium-Ion Batteries,2021,10.1021/acsami.1c05928,https://doi.org/10.1021/acsami.1c05928,WOS:000657202500072,464,0cd3654ac2c1e2943f23133b2566e6a7559424c6fc2da0900c58ed6e9fcd6b6c
WOS:000443670200014,"Two-dimensional MTe2 (M = Co, Fe, Mn, Sc, Ti) transition metal tellurides as sodium ion battery anode materials: Density functional theory calculations",2018,10.1016/j.physleta.2018.06.009,https://doi.org/10.1016/j.physleta.2018.06.009,WOS:000443670200014,465,550c2b2bda52b704540e3f42b3d7ccf60a2883a1a2f9911597aa134cebf21b9d
WOS:000489727600009,Highly crystalline sodium manganese ferrocyanide microcubes for advanced sodium ion battery cathodes,2019,10.1039/c9ta08603j,https://doi.org/10.1039/c9ta08603j,WOS:000489727600009,466,0e6276c997e8412ffe88f9e1f20c14c8c181f618e170104de961e632b0ff854c
WOS:000703180200001,Ti and V co-doped P2-Na0.59Co0.10Mn0.90O2 cathode with excellent sodium storage performance,2021,10.1016/j.cplett.2021.139050,https://doi.org/10.1016/j.cplett.2021.139050,WOS:000703180200001,467,729e41cc4cbe9f34170c9cee434e768b61957c2b167cf5114392a4dd4cff759c
WOS:000519848100021,N-Doped Carbon Nanonecklaces with Encapsulated Sb as a Sodium-Ion Battery Anode,2019,10.1016/j.matt.2019.03.010,https://doi.org/10.1016/j.matt.2019.03.010,WOS:000519848100021,468,e03a853d464705aad13a0386f1cd2b16d11e1a765a6cade69c2ae4998d54581d
WOS:000350682100035,Direct growth of FePO4/reduced graphene oxide nanosheet composites for the sodium-ion battery,2015,10.1039/c5ta00199d,https://doi.org/10.1039/c5ta00199d,WOS:000350682100035,469,480a4efd94340bbf1edc648f4340f96dbe0ae9e0c1d5df109782c220bf7537cc
WOS:000327752500013,Phase Diagram of Olivine NaxFePO4 (0 &lt; x &lt; 1),2013,10.1021/cm402617b,https://doi.org/10.1021/cm402617b,WOS:000327752500013,470,cdd4288cf781e99d984650577092647092afa27d5ac0c80efbc5fa6193d34cac
WOS:000503919500019,A New Metallic In3O4 Sheet as an Anode Material for Sodium-Ion Batteries,2019,10.1021/acs.jpcc.9b09998,https://doi.org/10.1021/acs.jpcc.9b09998,WOS:000503919500019,471,be1766108124b1f58c571b1c0f6de5925d3e661ae08fe38386a559a1926efc38
WOS:000532715600005,High electrochemical sodium storage performance of ZnSe/CoSe@N-doped porous carbon synthesized by the in-situselenization of ZIF-8/67 polyhedron,2020,10.1016/j.apsusc.2020.146259,https://doi.org/10.1016/j.apsusc.2020.146259,WOS:000532715600005,472,9fc1c6def3182a0569cfd08777d4d23db8d551645193b2acdafc831d2bc12498
WOS:001140607700001,In-Situ Construction of Anti-Aggregation Tellurium Nanorods/Reduced Graphene Oxide Composite to Enable Fast Sodium Storage,2024,10.3390/nano14010118,https://doi.org/10.3390/nano14010118,WOS:001140607700001,473,25a0be74958806f023a2e1933c56a07728f0588d70bd2d6513dd2ce3bff02ebf
WOS:001133865000001,Controllable hierarchical porous FeSe2 with excellent long cycle lifespan as anode materials for sodium-ion battery,2024,10.1016/j.jpowsour.2023.233913,https://doi.org/10.1016/j.jpowsour.2023.233913,WOS:001133865000001,474,e829a14adfb4e807160e2e785e08858bcd599d51fbb3de5126f0a25ee254dbb3
WOS:000395956300025,Li4Ti5O12-TiO2 nanowire arrays constructed with stacked nanocrystals for high-rate lithium and sodium ion batteries,2017,10.1016/j.jpowsour.2017.01.033,https://doi.org/10.1016/j.jpowsour.2017.01.033,WOS:000395956300025,475,e94544072dc585ca177765d6ff52e60223c2fabb44c47d165254cd7850cc4e19
WOS:000351963900043,Cathodically induced antimony for rechargeable Li-ion and Na-ion batteries: The influences of hexagonal and amorphous phase,2015,10.1016/j.jpowsour.2015.02.071,https://doi.org/10.1016/j.jpowsour.2015.02.071,WOS:000351963900043,476,65f9ad8fba65c3c4aab3158dfe3819d6d2524918347eb4b30da11f5acecb9eed
WOS:000659414300006,Engineering optimization approach of nonaqueous electrolyte for sodium ion battery with long cycle life and safety,2021,10.1016/j.gee.2020.04.007,https://doi.org/10.1016/j.gee.2020.04.007,WOS:000659414300006,477,2271e1843245126c4a5a15ca5feb4f5720a3f2d2dce6a766017f04148d87abab
WOS:001220239600001,Micropore self-repairing/blocking by the rapid carbonization of MOFs/ graphene for various sodium storage,2024,10.1016/j.ces.2024.120063,https://doi.org/10.1016/j.ces.2024.120063,WOS:001220239600001,478,ff43deb1bd2aeae3ea49f43768202774cb926ea9e6add45bf217898debed39b8
WOS:000750204700002,Ni3Se4@CoSe2 hetero-nanocrystals encapsulated into CNT-porous carbon interpenetrating frameworks for high-performance sodium ion battery,2022,10.1016/j.jcis.2021.11.175,https://doi.org/10.1016/j.jcis.2021.11.175,WOS:000750204700002,479,d813be9388c9e23a79a55d0e73bd01929ba31a8a7f8a0db11795e093ce371f63
WOS:001355925900001,From Powder to Pouch Cell: Setting up a Sodium-Ion Battery Reference System Based on Na3V2(PO4)3/C and Hard Carbon,2024,10.1002/batt.202400406,https://doi.org/10.1002/batt.202400406,WOS:001355925900001,480,bfb70dd68a18059e1c9d1f01833f1772c9685d9b68d0e5df45e9027ce7170a98
WOS:000596039300004,ZnSe with nanostructure embedded in graphene nanosheets with elevated electrochemical performance for anode material of sodium ion battery,2021,10.1016/j.jallcom.2020.157318,https://doi.org/10.1016/j.jallcom.2020.157318,WOS:000596039300004,481,01d300960c479777a7a625fa24094ad7dcfc229cac405473b9254d281fa68c38
WOS:000438001800034,Surface engineering induced core-shell Prussian blue@polyaniline nanocubes as a high-rate and long-life sodium-ion battery cathode,2018,10.1016/j.jpowsour.2018.05.085,https://doi.org/10.1016/j.jpowsour.2018.05.085,WOS:000438001800034,482,b646b4530cca538aac6d6432032b89c8e766d25e41913a5c32249cb01fab0cf9
WOS:000485816500001,Boosting High-Rate Sodium Storage Performance of N-Doped Carbon-Encapsulated Na3V2(PO4)3 Nanoparticles Anchoring on Carbon Cloth,2019,10.1002/smll.201902432,https://doi.org/10.1002/smll.201902432,WOS:000485816500001,483,88c89f587397754405496e1d4b1481b2e0ecba2e8e1bf00d9b5f43a755d1b595
WOS:001320790100001,Boosting performances of sodium-ion battery by employment of nanodiamond modified separator,2024,10.1016/j.est.2024.113745,https://doi.org/10.1016/j.est.2024.113745,WOS:001320790100001,484,31cfa7880cbb356493a8e08ce11c318f26a419e6258d4e420643cc3fdababc2a
WOS:000428806700028,Ni-polymer gels-derived hollow NiSb alloy confined in 3D interconnected carbon as superior sodium-ion battery anode,2018,10.1016/j.electacta.2018.03.010,https://doi.org/10.1016/j.electacta.2018.03.010,WOS:000428806700028,485,4b201c76461b85213dd3ea85862ab3ff01fde4b204905d4f3c17cbac562b7658
WOS:000488702000001,Rambutan peel based hard carbons as anode materials for sodium ion battery,2019,10.1080/1536383x.2019.1671372,https://doi.org/10.1080/1536383x.2019.1671372,WOS:000488702000001,486,75faca05846fc432b57076a7df9b951c364b21ad457ab1a7c2a75fd549d6b9e0
WOS:000806391400004,Triglyme-based solvate ionic liquid gelled in a polymer: A novel electrolyte composition for sodium ion battery,2022,10.1016/j.mtcomm.2022.103392,https://doi.org/10.1016/j.mtcomm.2022.103392,WOS:000806391400004,487,1c1055eb02224b8135de9efdca4f2ba37552b7ba20116142d87c7674c9113996
WOS:000985200600001,CuMn2O4 anchored on graphene sheets as a high-performance electrodes for sodium-ion batteries,2023,10.1016/j.est.2023.107346,https://doi.org/10.1016/j.est.2023.107346,WOS:000985200600001,488,66396df0a6a831fce0f6bb295db24bab4a051baf8bfcb85e4b311b358e1090dc
WOS:000952086400001,Coexistence of Sn and FeSn2 nanoparticles dispersed in glass-ceramics and their electrochemical performance as sodium-ion battery anode,2023,10.1016/j.jallcom.2023.169576,https://doi.org/10.1016/j.jallcom.2023.169576,WOS:000952086400001,489,2dff14b24a8fec9d4d4d8ddc5e1aa66e546819a5b32985ea7a2821ab2731b315
WOS:001204683800001,Toward Ultrahigh Rate and Cycling Performance of Cathode Materials of Sodium Ion Battery by Introducing a Bicontinuous Porous Structure,2024,10.1002/adma.202402005,https://doi.org/10.1002/adma.202402005,WOS:001204683800001,490,f269b29251d2981e5c8eaaf61284ec9bec9b53b817d30caeac4cf5801b9a10dd
WOS:000387100600100,"The Study on the Structural Change of Li Substitution in Na0.5[LixNi1/3Co1/3Mn 1/3]O2(x=0.05, 0.25, and 0.5) Cathode Materials for High-Capacity Sodium Ion Batteries",2016,10.1166/jnn.2016.13221,https://doi.org/10.1166/jnn.2016.13221,WOS:000387100600100,491,a9ceeff59ef232fdc7f879a3401fa7c0bc56d5b4ca7153e65ca5176211dd5229
WOS:000691785200040,"Stable Interfaces in a Sodium Metal-Free, Solid-State Sodium-Ion Battery with Gradient Composite Electrolyte",2021,10.1021/acsami.1c09792,https://doi.org/10.1021/acsami.1c09792,WOS:000691785200040,492,7b274009732d2ef3ec365ed9b9157ca0742d6167ce8912c80421454715a74ad6
WOS:000890505500001,Rational construction of 3D porous Fe3N@C frameworks for high- performance sodium-ion half/full batteries,2023,10.1016/j.jallcom.2022.167934,https://doi.org/10.1016/j.jallcom.2022.167934,WOS:000890505500001,493,01d9132a0700bbd477144dab3c7f91b10f26f674c1f8b089b00550c0c16c2e65
WOS:000429024000018,Ionic liquid electrolytes supporting high energy density in sodium-ion batteries based on sodium vanadium phosphate composites,2018,10.1039/c8cc00365c,https://doi.org/10.1039/c8cc00365c,WOS:000429024000018,494,94122a5ee4c9754c18b7afbbf3841e6093e46d6aabac974b765d0889c47ee5d4
WOS:000589847300010,Approaching the theoretical capacity limit of Na2FeSiO4-based cathodes with fully reversible two-electron redox reaction for sodium-ion battery,2020,10.1016/j.mtnano.2020.100098,https://doi.org/10.1016/j.mtnano.2020.100098,WOS:000589847300010,495,047a78842883bcbe0f175add06cac5566822e7b4b4b80453e227ce78f62f3917
WOS:001467311300001,Green synthesis of high-quality V2O5/single-walled carbon nanotube composites via Trachyspermum Ammi leaf extract: A sustainable approach to sodium-ion battery anodes,2025,10.1016/j.est.2025.116505,https://doi.org/10.1016/j.est.2025.116505,WOS:001467311300001,496,148d67e79d0f9eee5348be9652605940a1f5d1ee721763571463ad1cfa17327d
WOS:000413009800002,γ′-V2O5: A new high voltage cathode material for sodium-ion battery,2017,10.1016/j.electacta.2017.08.175,https://doi.org/10.1016/j.electacta.2017.08.175,WOS:000413009800002,497,5b1435205d481d1d7ab288660edde64f8b368d8336ecc9d7acebba2c83c05499
WOS:000965583500001,The CrBr3 monolayer: Two dimension sodium ion battery anode material to characterize state-of-charge by magnetism,2023,10.1016/j.apsusc.2023.157074,https://doi.org/10.1016/j.apsusc.2023.157074,WOS:000965583500001,498,6842ec959b1b4361257559892ca99ac4b9fbc7bf8892713c10b4f360488c2af1
WOS:000418324800025,Self-assembled nickel-cobalt oxide microspheres from rods with enhanced electrochemical performance for sodium ion battery,2017,10.1016/j.electacta.2017.10.114,https://doi.org/10.1016/j.electacta.2017.10.114,WOS:000418324800025,499,f30dfd58637202952513396f2f2345c25c35691f0e8172250661a5296fe8dd92
WOS:001371367900001,A multichambered carbon based electrode materials to realize efficient sodium-ion batteries,2025,10.1016/j.est.2024.114804,https://doi.org/10.1016/j.est.2024.114804,WOS:001371367900001,500,34d31edd68a5fcf65d482c37816ba60b2f84b30ae2800fe36cc2321768bd4216
WOS:001632164500004,Hard carbon with closed pores via co-hydrothermal carbonization of PVC and pomelo peel as sodium-ion battery anode with improved capacity,2026,10.1016/j.ces.2025.123057,https://doi.org/10.1016/j.ces.2025.123057,WOS:001632164500004,501,c757f01fdf4591d39599a8156108c67b4c1d0ec9f2f521a67bb3d556797e8827
WOS:000528218100007,Carbon encapsulation and chlorine doping enable Na3V2(PO4)3 superior sodium ion storage properties as cathodematerial for sodium ion battery,2020,10.1016/j.powtec.2020.01.055,https://doi.org/10.1016/j.powtec.2020.01.055,WOS:000528218100007,502,a5d22d4662bbc1d7458e2847e2dd84a2a992de3fc563d86d161d76116331711c
WOS:000499186800001,Preparation of Carbon Coated Ti2Nb2O9 Nanosheets and Its Sodium Ion Storage Properties,2020,10.3866/pku.whxb201906024,https://doi.org/10.3866/pku.whxb201906024,WOS:000499186800001,503,67887a82654407f2a0bc5e7f0639eb2bef31fa85bd35e5906fafabbbbd740b9f
WOS:000363151000005,Honeycomb in honeycomb carbon bubbles: excellent Li- and Na-storage performances,2015,10.1039/c5ta04561d,https://doi.org/10.1039/c5ta04561d,WOS:000363151000005,504,34c45a08c24a35a98b3b7ea5b412913b4c79bf8bf5af1472b5d091b15ed44b31
WOS:001348408400001,Structure-directing agent mediated synthesis of SnS2 coupled with UltrapheneTM as highly stable anode material for sodium-ion battery,2025,10.1016/j.jcis.2024.10.143,https://doi.org/10.1016/j.jcis.2024.10.143,WOS:001348408400001,505,f5793763fa3302f6e3f25dfb730710dace460700279d2a4337a20e2facd99cdd
WOS:001285984400001,Large ligand metal-organic framework derived CoSe2 to improve sodium storage performance,2024,10.1016/j.matlet.2024.137094,https://doi.org/10.1016/j.matlet.2024.137094,WOS:001285984400001,506,e5bc76dfd027b8acbd0cb8fbd564ebed86b1d0714c5c31596c42e1334ee9d7c4
WOS:000389090800080,Ball mill assisted synthesis of Na3MnCO3PO4 nanoparticles anchored on reduced graphene oxide for sodium ion battery cathodes,2016,10.1016/j.electacta.2016.10.160,https://doi.org/10.1016/j.electacta.2016.10.160,WOS:000389090800080,507,0cd51cfde689a9b4f73fcd327ed847e990c466264de310785194c229dcf8ce5a
WOS:000456710500046,Bio-derived mesoporous disordered carbon: An excellent anode in sodium-ion battery and full-cell lab prototype,2019,10.1016/j.carbon.2018.11.038,https://doi.org/10.1016/j.carbon.2018.11.038,WOS:000456710500046,508,917751f856190fb122cfdaf6aecb83b24e0a45f297451c55a3b5fd76337c5f69
WOS:000728153700020,Improved sodium storage properties of co-doped Na3V2(PO4)2F3@gra phene as anode material for sodium ion batteries,2021,10.1080/00150193.2021.1984770,https://doi.org/10.1080/00150193.2021.1984770,WOS:000728153700020,509,d49da9f3e4f7799b6d053434e7dafb33af0174008d6bcffb85c65ceeaf26303e
WOS:000861314700003,3D substrate self-sacrifice Ni2P integrated anode for high-performance sodium-ion battery,2022,10.1016/j.jallcom.2022.167108,https://doi.org/10.1016/j.jallcom.2022.167108,WOS:000861314700003,510,17c6cb006e1ce203d77f0d9c1143188e3f3d6bb95ed059f7fe55d0d25698bf63
WOS:000595488500093,Impact of Hierarchical Nanoporous Architectures on Sodium Storage in Antimony-Based Sodium-Ion Battery Anodes,2020,10.1021/acsaem.0c02161,https://doi.org/10.1021/acsaem.0c02161,WOS:000595488500093,511,9b429cf7972e451954b6be659c4e8072287b55755566b7c1b1f53a60d85364fe
WOS:000441363100017,Pyrrolic nitrogen-doped carbon sandwiched monolayer MoS2 vertically anchored on graphene oxide for high-performance sodium-ion battery anodes,2018,10.1007/s10008-018-3994-z,https://doi.org/10.1007/s10008-018-3994-z,WOS:000441363100017,512,9fbdc8430ebd2c64aabc074757653beb8fb64b64bc45cc85d1e4ce14a40a7545
WOS:000458706700076,High-Efficiency Sodium-Ion Battery Based on NASICON Electrodes with High Power and Long Lifespan,2018,10.1021/acsaem.8b01390,https://doi.org/10.1021/acsaem.8b01390,WOS:000458706700076,513,7fd7fd92fd0fd10dfb216c9db078cb368e0df5ee5105de3c2b7aa1624d120484
WOS:000531056900036,MnS hollow microspheres combined with carbon nanotubes for enhanced performance sodium-ion battery anode,2020,10.1016/j.cclet.2019.09.050,https://doi.org/10.1016/j.cclet.2019.09.050,WOS:000531056900036,514,695d7b0e82b6c7889f383a9a75c9421e942b587b3753250b1ef6ddcdfc7a87a4
WOS:000424663900025,Synthesis of alluaudite-type Na2VFe2(PO4)3/C and its electrochemical performance as cathode material for sodium-ion battery,2018,10.1007/s10008-017-3826-6,https://doi.org/10.1007/s10008-017-3826-6,WOS:000424663900025,515,d16d6732ee43e2aa61be9f1b6cd6ca191afa7e84d0b839128f7580cd358f6484
WOS:000315309900005,Triclinic Na2-xFe1+x/2P2O7</su b>/C glass-ceramics with high current density performance for sodium ion battery,2013,10.1016/j.jpowsour.2012.11.030,https://doi.org/10.1016/j.jpowsour.2012.11.030,WOS:000315309900005,516,1f18944bd8325286ac016b174ecabc3c0362654cfedc76e7cdb26e3513d139c2
WOS:001012401800001,Ion transport through carbon nanotubes enable highly crystalline Na3V2(PO4)2F3 cathode for ultra-stable sodium-ion storage,2023,10.1016/j.jpowsour.2023.233226,https://doi.org/10.1016/j.jpowsour.2023.233226,WOS:001012401800001,517,ae54b125a863341bbd3fe0c4eeeb65d92139dd07019bbe2fa1c17bbbf38ade12
WOS:000382250200052,Spinel manganese oxide: A high capacity positive electrode material for the sodium ion battery,2016,10.1016/j.electacta.2016.07.038,https://doi.org/10.1016/j.electacta.2016.07.038,WOS:000382250200052,518,98805e64dfa6066c9cb84040574a5bee2de661c2a286d8e61159a89d79987449
WOS:001594540200001,β-Ketoenamine-Linked Benzobisthiazole-Based COF Nanocomposite Anode for High-Performance Sodium-Ion Battery,2025,10.1002/adfm.202513018,https://doi.org/10.1002/adfm.202513018,WOS:001594540200001,519,3f0ff80a4ab744e03bf3821adc2eb9f5865328dc4fa906cea4de76208603ee65
WOS:000630241800037,Carbon coated NaLi0.2Mn0.8O2 as a superb cathode material for sodium ion batteries,2021,10.1016/j.jallcom.2021.158950,https://doi.org/10.1016/j.jallcom.2021.158950,WOS:000630241800037,520,7deeafc572ede0031944797926c389b6054bb088ceee4d62ebabee92fb75f35e
WOS:000445322600042,Metal organic frameworks derived cobalt sulfide/reduced graphene oxide composites with fast reaction kinetic and excellent structural stability for sodium storage,2018,10.1016/j.jcis.2018.08.002,https://doi.org/10.1016/j.jcis.2018.08.002,WOS:000445322600042,521,0e27f1ef4df83b3c9aca1ba47c0ed4050ca5239b7dc6a8b25639b2c6a562c742
WOS:000343965700028,The binder effect on an oxide-based anode in lithium and sodium-ion battery applications: the fastest way to ultrahigh performance,2014,10.1039/c4cc02657h,https://doi.org/10.1039/c4cc02657h,WOS:000343965700028,522,88a1ab20324ed20305e8cad01c6392096d931c5a11e902e89b77ebead893b612
WOS:000427204100053,Controllable Electrochemical Synthesis of Copper Sulfides as Sodium-Ion Battery Anodes with Superior Rate Capability and Ultralong Cycle Life,2018,10.1021/acsami.7b19138,https://doi.org/10.1021/acsami.7b19138,WOS:000427204100053,523,517842373bf6001867112b640b6355b5d385e0a8a085ebfe710346498900c1ed
WOS:000588305500060,Hierarchically nanorod structured Na2Ti6O13/Na2Ti3O 7 nanocomposite as a superior anode for high-performance sodium ion battery,2020,10.1016/j.jelechem.2020.114747,https://doi.org/10.1016/j.jelechem.2020.114747,WOS:000588305500060,524,40ccfae7c77c533c2e685e15847a1becfbbf4573fa6444764e51cd8a2f6ff124
WOS:000452473200020,In Situ Growth of a Feather-like MnO2 Nanostructure on Carbon Paper for High-Performance Rechargeable Sodium-Ion Batteries,2018,10.1002/celc.201800830,https://doi.org/10.1002/celc.201800830,WOS:000452473200020,525,162a30922c328be7f491e146548777dac07de99e03f26ee6593e7d4074ba5f73
WOS:001494076200002,Structural Evolution and Electrochemical Performance of Na4FexP4O12+x/C Cathode Materials for Sodium-ion Batteries,2025,10.15541/jim20240490,https://doi.org/10.15541/jim20240490,WOS:001494076200002,526,5dec33e26d232c051a6ef0212265eeab99fd9d434090c748aba1f45ad6575279
WOS:001064214300001,P2/O3 Biphasic Layered Oxide Heterojunction: A Cathode for High-Capacity Sodium-Ion Batteries,2023,10.1021/acsaem.3c01246,https://doi.org/10.1021/acsaem.3c01246,WOS:001064214300001,527,e510a6c59509c2c3fde3692c53a511ddc9ec6295d05d47633a786f013da4ace1
WOS:000500415700036,Sulfur-Doped TiO2 Anchored on a Large-Area Carbon Sheet as a High-Performance Anode for Sodium-Ion Battery,2019,10.1021/acsami.9b14597,https://doi.org/10.1021/acsami.9b14597,WOS:000500415700036,528,43d005fa61e4ab907125211bbe77745d36eb65df43a11c5d8c350cb8d331dffb
WOS:000773071500002,Polyrrole-encapsulated Cu2Se nanosheets in situ grown on Cu mesh for high stability sodium-ion battery anode,2022,10.1016/j.cej.2021.134477,https://doi.org/10.1016/j.cej.2021.134477,WOS:000773071500002,529,8be92cf8666e8f8ca3ad818cf15b6ba66ba89c1c3ab397a3cf0a9c5e1a2bf3bd
WOS:000338296500006,Aqueous Sodium-Ion Battery using a Na3V2(PO4)3 Electrode,2014,10.1002/celc.201300248,https://doi.org/10.1002/celc.201300248,WOS:000338296500006,530,c5845b81bc9e42819b77a4fee3ba6b29d3ed51a5ac7f366371fab0aa4a0cbdf6
WOS:001355369600001,Hierarchical Co3O4 anode for high-performance Na-ion battery,2025,10.1016/j.electacta.2024.145309,https://doi.org/10.1016/j.electacta.2024.145309,WOS:001355369600001,531,dc3041c60617e277558de599096395073c801423a40964e284d92b58c793eb40
WOS:001415036000001,Strong interfacial interaction assisted by open architecture structure for efficient energy conversion,2025,10.1016/j.mtchem.2025.102543,https://doi.org/10.1016/j.mtchem.2025.102543,WOS:001415036000001,532,fd8cb6625ea4f237090b5861629c8bc7ccc975a5618cdff32d1e0f6012b448d0
WOS:000645271500001,Ag-Coated Cu/Polylactic Acid Composite Filament for Lithium and Sodium-Ion Battery Current Collector Three-Dimensional Printing via Thermoplastic Material Extrusion,2021,10.3389/fenrg.2021.651041,https://doi.org/10.3389/fenrg.2021.651041,WOS:000645271500001,533,9b109dce2eb200f5e00a1d1b606e0bc3d83f0ddaceabaecaadc220d687a8e24c
WOS:000445180000006,Cu2GeS3 derived ultrafine nanoparticles as high-performance anode for sodium ion battery,2018,10.1007/s40843-018-9236-9,https://doi.org/10.1007/s40843-018-9236-9,WOS:000445180000006,534,cfc8e204b537a46b4f15ce6317e892336fef053da4b6a603b4bec689625c3d1f
WOS:000438548800040,Dual carbon-protected metal sulfides and their application to sodium-ion battery anodes,2018,10.1039/c8ta03444c,https://doi.org/10.1039/c8ta03444c,WOS:000438548800040,535,2aa67a7f2f6a806607a8e64b277b560dde2139ee2f223249c9edfb59d603e817
WOS:001574158300001,Towards Accurate Sodium-Ion Cell Modelling: Parametrization and Validation of a Commercial Sodium-Ion Cell Incorporating Temperature-Dependent Kinetic,2025,10.1149/1945-7111/adfd16,https://doi.org/10.1149/1945-7111/adfd16,WOS:001574158300001,536,b75f94cb5a60d99d0e83c646948772658684e6422bb8c64a8ab879deb762818e
WOS:001556176400001,An Integrated Grid Interface of Electrode for Sodium-Ion Battery,2025,10.1002/smll.202508131,https://doi.org/10.1002/smll.202508131,WOS:001556176400001,537,573514adba8888cc85367e2bd4bbaac8baa3e41f2cc3ef38b266c225173e550f
WOS:000414918700004,Carbon Coated Bimetallic Sulfide Hollow Nanocubes as Advanced Sodium Ion Battery Anode,2017,10.1002/aenm.201700180,https://doi.org/10.1002/aenm.201700180,WOS:000414918700004,538,12fe4fba60e880a2bb90d3f9ffdc8a2acd38382e024fcc35e718c58317146564
WOS:001242571700001,"Carbon Atom Modulation of 2H-MoS2 Promotes Sodium Storage Kinetics by a Unique ""Intercalation-Conversion"" Mechanism",2024,10.1002/aenm.202400470,https://doi.org/10.1002/aenm.202400470,WOS:001242571700001,539,04a8bf7b70dadd1f1a0f2fbdc1fec537bbd294e15ac45c1d40eaceeff2e7c7ca
WOS:000683653100001,One-pot fabrication of pitch-derived soft carbon with hierarchical porous structure and rich sp2 carbon for sodium-ion battery,2021,10.1007/s10854-021-06601-2,https://doi.org/10.1007/s10854-021-06601-2,WOS:000683653100001,540,62a9d66b2123297734cbc2e734b96e383ca526a9c55fdcff562606aee989181f
WOS:001327607200001,Polydopamine derived carbon coated cobalt molybdenum layered double hydroxide as highly stable anode materials of sodium-ion battery,2024,10.1016/j.est.2024.113961,https://doi.org/10.1016/j.est.2024.113961,WOS:001327607200001,541,52f13517944eb06b2110ba30546aa54abefea0ae44140c31209ccab0dbcc105e
WOS:000370468300002,Controllable construction of 3D-skeleton-carbon coated Na3V2(PO4)3 for high-performance sodium ion battery cathode,2016,10.1016/j.nanoen.2015.12.005,https://doi.org/10.1016/j.nanoen.2015.12.005,WOS:000370468300002,542,99bab797289bff8355df7369910b64823fcf29bfccf3ad587ba1ffc80e9c4205
WOS:000454822400116,Enhanced sodium-ion storage capability of P2/O3 biphase by Li-ion substitution into P2-type Na0.5Fe0.5Mn0.5O2 layered cathode,2019,10.1016/j.electacta.2018.11.160,https://doi.org/10.1016/j.electacta.2018.11.160,WOS:000454822400116,543,e49fe8eb21ab01de0682fb49ac792b10e4dd642903fb1f47d67a9acd17c99c07
WOS:000557375200028,Facile Synthesis of High Electrochemical Performance Na2FePO4F@CNT&GN Cathode Material as Sodium Ion Batteries,2020,10.1021/acsaem.0c00323,https://doi.org/10.1021/acsaem.0c00323,WOS:000557375200028,544,bb6b8215122269b62e69902fcb8e9fcf3558beecd0bf74e7dad9c7ddb91b50cd
WOS:000364700200016,An Advanced Sodium-Ion Battery Composed of Carbon Coated Na3V2(PO4)3 in a Porous Graphene Network,2015,10.1002/adma.201502864,https://doi.org/10.1002/adma.201502864,WOS:000364700200016,545,7a35eb7ffea650d2846e30a8d7fc14ec5e19a557b6f41f1cb489ce0ebe586b77
WOS:000582033300012,Boron and phosphorous co-doped porous carbon as high-performance anode for sodium-ion battery,2020,10.1016/j.ssi.2020.115455,https://doi.org/10.1016/j.ssi.2020.115455,WOS:000582033300012,546,d950b50bb137e367f8d056b94f9925365d2b590b32a12873cf8d970206f02ea3
WOS:000636130900001,Cycling properties of Na3V2(PO4)2F3 as positive material for sodium-ion batteries,2021,10.1007/s11581-021-04015-y,https://doi.org/10.1007/s11581-021-04015-y,WOS:000636130900001,547,df6952818f7d3f9dab712bf5d758921fa430a21a6a987f3c114b8fe62d85a882
WOS:000442676600002,Scalable Synthesis of Hierarchical Antimony/Carbon Micro-/Nanohybrid Lithium/Sodium-Ion Battery Anodes Based on Dimethacrylate Monomer,2018,10.1007/s40195-018-0733-5,https://doi.org/10.1007/s40195-018-0733-5,WOS:000442676600002,548,7f2c05281e0dcca8e64cfb4c1d74704be83c11d2cb23f0856bdf6138f538818e
WOS:000804621100007,Flexible 3D porous boron nitride interconnected network as a high-performance Li-and Na-ion battery electrodes,2022,10.1016/j.electacta.2022.140491,https://doi.org/10.1016/j.electacta.2022.140491,WOS:000804621100007,549,7b6e0a0da1660ba677111d7077031adbd49e00bf008d70035432461d61c7db53
WOS:000633032600005,"Tailoring superficial morphology, defect and functional group of commercial carbon cloth for a flexible, stable and high-capacity anode in sodium ion battery",2021,10.1016/j.electacta.2021.137934,https://doi.org/10.1016/j.electacta.2021.137934,WOS:000633032600005,550,b7ba8e71db607c60d782277525ce18d415a99e991cf1de6ee0fd12a10892abb3
WOS:001037180400001,Progress of Hollow Carbon Materials as Anode for Sodium-ion Battery,2023,10.7503/cjcu20220620,https://doi.org/10.7503/cjcu20220620,WOS:001037180400001,551,5342be468bb5cb3ad2b564f4861fbf611086b6894abdf025342710bdcb3d7c74
WOS:000885567400001,Implementation of structural and surface engineering strategies to copper sulfide for enhanced sodium-ion storage,2022,10.1016/j.jallcom.2022.166308,https://doi.org/10.1016/j.jallcom.2022.166308,WOS:000885567400001,552,b1f3b9da82435ced97e4c9f2777fbd60f0edfbef5da261c6970ac1d9c5397f97
WOS:001025968000001,Understanding dehydration of Prussian white: from material to aqueous processed composite electrodes for sodium-ion battery application,2023,10.1039/d3ta02570e,https://doi.org/10.1039/d3ta02570e,WOS:001025968000001,553,d43e6f59c9180beb33e17c16d5b5d43e8bb5d8ffc9ee0d47682e2c1ab298b61e
WOS:000711895200001,"Scalable, colloidal synthesis of SnSb nanoalloy-decorated mesoporous 3D NiO microspheres as a sodium-ion battery anode",2022,10.1002/er.7424,https://doi.org/10.1002/er.7424,WOS:000711895200001,554,9e3bdc1fc4aeadf539df657cf3fee7d89568f2e5cac9608827d19391c192f153
WOS:001418973000001,Influence of Hard/Soft Carbon Ratio in Composite Anodes for Enhanced Performance in Sodium-Ion Battery,2025,10.1002/celc.202400586,https://doi.org/10.1002/celc.202400586,WOS:001418973000001,555,e3f8d20c0f4c5320cea2aebc3b81911d9b5ed1dc82a5370ed061988bad045be0
WOS:000395839100110,Activated hard carbon from orange peel for lithium/sodium ion battery anode with long cycle life,2017,10.1016/j.jallcom.2017.01.206,https://doi.org/10.1016/j.jallcom.2017.01.206,WOS:000395839100110,556,11da12f619564f4ab656fba8b295f0427ff2b50943d8ad4293596176fca60148
WOS:000795051800001,A novel reed-leaves like aluminum-doped manganese oxide presetting sodium-ion constructed by coprecipitation method for high electrochemical performance sodium-ion battery,2022,10.1002/er.8090,https://doi.org/10.1002/er.8090,WOS:000795051800001,557,775a5cf08fe4b286aee5488c8238774c078b2da1b7a98db17c47f2022438a015
WOS:000458706600007,Na1.68H0.32Ti2O3SiO4</s ub>•1.76H2O as a Low-Potential Anode Material for Sodium-Ion Battery,2018,10.1021/acsaem.8b01412,https://doi.org/10.1021/acsaem.8b01412,WOS:000458706600007,558,de7a10c22945006cae7e027a4e8b3492ca98259c6d2faaa922029738432340ec
WOS:000963296700001,Anion exchanged NiP2-xSx solid solution as an anode for sodium ion battery,2023,10.1016/j.cej.2022.140798,https://doi.org/10.1016/j.cej.2022.140798,WOS:000963296700001,559,e8bc43d1207e1bcde05edbb00ef557f0119e48e3d85750b00aa83e5a4f06ed48
WOS:000451023500118,Flexible sodium-ion battery anodes using indium sulfide-based nanohybrid paper electrodes,2019,10.1016/j.apsusc.2018.10.219,https://doi.org/10.1016/j.apsusc.2018.10.219,WOS:000451023500118,560,66751e5c1c5dc90373da2c5cd096f8db89a856591ae3386423cf23363ec26f05
WOS:000472243800004,Enhanced electrochemical properties of single-layer MoS2 embedded in carbon nanofibers by electrospinning as anode materials for sodium-ion batteries,2019,10.1016/j.jelechem.2019.04.059,https://doi.org/10.1016/j.jelechem.2019.04.059,WOS:000472243800004,561,e70f8f2901a235ca381ad677216ef19d530a13157cf8273f551718e5850deaad
WOS:000718650800001,Carbon microsphere encapsulated SnS for use as an anode material in full-cell sodium-ion battery,2022,10.1002/er.7468,https://doi.org/10.1002/er.7468,WOS:000718650800001,562,23ab93c1c3cb71db98503f7215e174fd1dde7b2008b79ff519f7a23db6adc870
WOS:000551023700009,Electrospun N-doped carbon nanofibers confined Fe1-xS composite as superior anode material for sodium-ion battery,2020,10.1016/j.jallcom.2020.155642,https://doi.org/10.1016/j.jallcom.2020.155642,WOS:000551023700009,563,de4f18fe0ddde9d40eea20859694efab116ac23073c13098348d9a4613499c0f
WOS:000493320400011,A green route to synthesize low-cost and high-performance hard carbon as promising sodium-ion battery anodes from sorghum stalk waste,2017,10.1016/j.gee.2017.05.004,https://doi.org/10.1016/j.gee.2017.05.004,WOS:000493320400011,564,2df3c0e2cff089ac09325d70c25ea6d9cb162d47f51745dcd85761f9d97cc385
WOS:000534192700003,Amino-terminated hyperbranched polyamide regulating Cu2S twin-daffodil with enhanced sodium-storage performance,2020,10.1016/j.matchemphys.2020.122934,https://doi.org/10.1016/j.matchemphys.2020.122934,WOS:000534192700003,565,31fd532677bc18437d3371333bc4bfb87aab2e61470570e59ad12375f2130fd4
WOS:000355891700024,Ultrasmall TiO2 Nanoparticles in Situ Growth on Graphene Hybrid as Superior Anode Material for Sodium/Lithium Ion Batteries,2015,10.1021/acsami.5b02724,https://doi.org/10.1021/acsami.5b02724,WOS:000355891700024,566,081cdebcf758b1d2900a87f278a09afb55ccc9bf94e6c5e8c559836bccdd6f89
WOS:000649694200003,One-dimensional channel to trigger high-performance sodium-ion battery via doping engineering,2021,10.1016/j.nanoen.2021.105875,https://doi.org/10.1016/j.nanoen.2021.105875,WOS:000649694200003,567,bc9f5fec288f5d45c6ea189d617d2efe7a80209d2b53b016f3bee4905eb92df3
WOS:000502548500028,Zeolitic imidazolate frameworks derived ZnS/Co3S4 composite nanoparticles doping on polyhedral carbon framework for efficient lithium/sodium storage anode materials,2020,10.1016/j.carbon.2019.10.052,https://doi.org/10.1016/j.carbon.2019.10.052,WOS:000502548500028,568,85bc00c3e2aa287c93c05b3285fa27b8499098789102190592c4db54cc14308e
WOS:000425896100033,Spherical FeF3•0.33H2O/MWCNTs nanocomposite with mesoporous structure as cathode material of sodium ion battery,2018,10.1016/j.jechem.2017.10.032,https://doi.org/10.1016/j.jechem.2017.10.032,WOS:000425896100033,569,e54f53802ffee9d9d5bf1217f923891131a07feda8329fbd72f09eb813f00157
WOS:000355063800019,Electrochemical reactions of layered niobate material as novel anode for sodium ion batteries,2015,10.1016/j.jpowsour.2015.04.048,https://doi.org/10.1016/j.jpowsour.2015.04.048,WOS:000355063800019,570,2b062516efdb8aacadce3bbf36ceff552951316cc14b610224d9033e362b3484
WOS:000432754700071,Semimetallic 1T′ WTe2 Nanorods as Anode Material for the Sodium Ion Battery,2018,10.1021/acs.energyfuels.8b00454,https://doi.org/10.1021/acs.energyfuels.8b00454,WOS:000432754700071,571,7a9f337f3836f3eb8df47d8e5fc78ee221287eef6a5db86876936f8bab7ef245
WOS:000435697700009,P2-type Na0.67Mn0.6Fe0.4-x-yZnxNi<su b>yO2 cathode material with high-capacity for sodium-ion battery,2018,10.1007/s11581-018-2442-5,https://doi.org/10.1007/s11581-018-2442-5,WOS:000435697700009,572,32b66cde6adde2bd1896afd868b3233247e7c7a48463b53aefaeccf22daa55fe
WOS:001283011400001,Polyaniline-Coated Na3V2(PO4)2F3 Cathode Enables Fast Sodium Ion Diffusion and Structural Stability in Rechargeable Batteries,2024,10.1021/acsami.4c05832,https://doi.org/10.1021/acsami.4c05832,WOS:001283011400001,573,5fc5407cadba09594c17be957a6882aabb47bf03f2061a69d22da19198974085
WOS:000444331000008,Flexible and binder-free electrospun Co3O4 nanoparticles/carbon composite nanofiber mats as negative electrodes for sodium-ion batteries,2018,10.1142/s1793604718500728,https://doi.org/10.1142/s1793604718500728,WOS:000444331000008,574,a2e64487d370ae84017ea734d86a24298bfb5dc336c4f5ca4c11c8015733792a
WOS:000781487800006,"Tailoring interphase structure to enable high-rate, durable sodium-ion battery cathode",2022,10.1016/j.jechem.2021.12.018,https://doi.org/10.1016/j.jechem.2021.12.018,WOS:000781487800006,575,e90f83c74bd4fd49126f847b1a206457ada3c15638873b103e789859f8593f58
WOS:001023422600001,All-Climate Long-Life and Fast-Charging Sodium-Ion Battery using Co3S4@NiS2 Heterostructures Encapsulated in Carbon Matrix as Anode,2023,10.1002/smll.202304165,https://doi.org/10.1002/smll.202304165,WOS:001023422600001,576,4647a4f1dbaf8da07ee1b39eb902206ff043ac1e141022b1bf188d1e2672c3a7
WOS:000776668900001,Electrochemical Study of Prussian White Cathodes with Glymes - Pathway to Graphite-Based Sodium-Ion Battery Full Cells,2022,10.1002/batt.202200043,https://doi.org/10.1002/batt.202200043,WOS:000776668900001,577,9df8783f7819574fd907c40baa9c5ecd48d79782faf6f9cc4494c181ca7542ab
WOS:000543866400012,Amorphous SnSe quantum dots anchoring on graphene as high performance anodes for battery/capacitor sodium ion storage,2020,10.1016/j.jpowsour.2020.228414,https://doi.org/10.1016/j.jpowsour.2020.228414,WOS:000543866400012,578,ea18c32823c5126d187804cdf2e84250d76808ca625476f235c952492fd7df29
WOS:000502588700014,Recrystallization synthesis of disodium rhodizonate-conductive polyaniline composite with high cyclic performance as cathode material of sodium-ion battery,2020,10.1016/j.apsusc.2019.143849,https://doi.org/10.1016/j.apsusc.2019.143849,WOS:000502588700014,579,2325592fbc778ff9c376b2b2dc44a1587e4fd6ecb0d3bfff5ff61525df492ee5
WOS:000508172800011,HPO32- as a building unit for sodium-ion battery cathodes: 3.1 V operation of Na2-xFe(HPO3)2 (0 &lt; x &lt; 1),2019,10.1039/c9cc07516j,https://doi.org/10.1039/c9cc07516j,WOS:000508172800011,580,a36ced2fd4fe2e85f7944fed58def3ed90baccdcea951b7410d71ec69935b4eb
WOS:000385840100035,Rod-like Ordered Mesoporous Carbons with Various Lengths as Anode Materials for Sodium Ion Battery,2016,10.1016/j.electacta.2016.09.124,https://doi.org/10.1016/j.electacta.2016.09.124,WOS:000385840100035,581,8cf36154e6f54a5af526f193a2771cca96b455fd19d39f7ba6115a728656b28e
WOS:000368651100032,Antimony Nanocrystals Encapsulated in Carbon Microspheres Synthesized by a Facile Self-Catalyzing Solvothermal Method for High-Performance Sodium-Ion Battery Anodes,2016,10.1021/acsami.5b10182,https://doi.org/10.1021/acsami.5b10182,WOS:000368651100032,582,dededdd70067e492deb671494dd62ffecc9164f872a0f8d36b193a649667f1fe
WOS:001635993100001,Optimization of electrochemical performance in P2-type sodium-ion battery cathode materials via sodium stoichiometry adjustment and MgO coating,2025,10.1007/s11581-025-06895-w,https://doi.org/10.1007/s11581-025-06895-w,WOS:001635993100001,583,f5dfe5bd3e9764a0cdb1f6cf24271074f151000aa5c54f52507ef05f70c028a5
WOS:000940735700001,Enabling High-Performance Sodium Battery Anodes by Complete Reduction of Graphene Oxide and Cooperative In-Situ Crystallization of Ultrafine SnO2 Nanocrystals,2023,10.1002/eem2.12431,https://doi.org/10.1002/eem2.12431,WOS:000940735700001,584,9334de112a5be9c1a9cdbc939d3e392e3c5b466c880efd28c32b6e34cd701ac6
WOS:000577010100001,High performance sodium-ion full battery based on one-dimensional nanostructures: the case of Na0.44MnO2cathode and MoS2anode,2021,10.1088/1361-6463/abb8aa,https://doi.org/10.1088/1361-6463/abb8aa,WOS:000577010100001,585,ded6f8c5511542682cae5551c9b84828d987cff5939e2ec863c53480c1defbe0
WOS:000384906500067,Ultra-long Nanorods of Single-crystalline Na0.44MnO2 as Cathode Materials for Sodium-ion Batteries,2016,10.20964/2016.08.68,https://doi.org/10.20964/2016.08.68,WOS:000384906500067,586,6079b1b7705c1732279ed8789fda037fe958d99de89b1e8818199f1fcdc8610a
WOS:000429262900041,Layered P2-type novel Na0.7Ni0.3Mn0.59Co0.1Cu 0.01O2 cathode material for high-capacity & stable rechargeable sodium ion battery,2018,10.1016/j.electacta.2018.03.058,https://doi.org/10.1016/j.electacta.2018.03.058,WOS:000429262900041,587,3c669b11f2e6b3eecae9786ac70c3163bb544e21297f7756377c3fd417bf36e6
WOS:001315937800001,Comprehensive Analysis of Commercial Sodium-Ion Batteries: Structural and Electrochemical Insights,2024,10.1149/1945-7111/ad7765,https://doi.org/10.1149/1945-7111/ad7765,WOS:001315937800001,588,ebbad0bb6d4bd615bd8772aebdf2eff29b7ea0f8e35d51c3dbf76e3ace510454
WOS:000430961600001,Adsorption contributions of graphene to sodium ion storage performance,2018,10.1088/1361-6463/aabc4b,https://doi.org/10.1088/1361-6463/aabc4b,WOS:000430961600001,589,bb1ff49b8894ef90dd6c786e4b1884ad67c3369fb2431ee9a9e89373109599a0
WOS:000607845700017,CuCo2S4: Versatile anode for high capacity and high rate for lithium and sodium ion battery application,2021,10.1016/j.jpcs.2020.109902,https://doi.org/10.1016/j.jpcs.2020.109902,WOS:000607845700017,590,a939e5b9aa0433adb7be68dd04a5cfd2305e6e613fcea76cd6a6b78581c83721
WOS:001051605700001,Preparation of disodium terephthalate/multi-walled carbon nanotube composite as an anode material for sodium-ion batteries: Performance and mechanism,2023,10.1016/j.matchemphys.2023.128272,https://doi.org/10.1016/j.matchemphys.2023.128272,WOS:001051605700001,591,e9ea7e47dff63f3334ac978a0a2ea5d3f8b1789e6dbd383a8508e1a7745d2132
WOS:000431622800014,Effect of Long-Range and Local Order of Exfoliated and Proton-Beam-irradiated WSe2 Nanosheets for Sodium Ion Battery Application,2018,10.1002/bkcs.11456,https://doi.org/10.1002/bkcs.11456,WOS:000431622800014,592,e669fccaf0bb5dc8ae22549437d27bc01e0dd30989199b0f05cb94fa97c99233
WOS:000794091900004,Hierarchical MoS2/carbon composites as superior anode for advanced sodium-ion battery,2022,10.1007/s11581-022-04605-4,https://doi.org/10.1007/s11581-022-04605-4,WOS:000794091900004,593,5e5d209d04288c87ccebaefd02c0eab13c390fc96ed5e946d1ce836e5145b59d
WOS:000645611200001,Free-Standing N-Doped Porous Carbon Fiber Membrane Derived From Zn-MOF-74: Synthesis and Application as Anode for Sodium-Ion Battery With an Excellent Performance,2021,10.3389/fchem.2021.647545,https://doi.org/10.3389/fchem.2021.647545,WOS:000645611200001,594,5b7e1fadce12d1a32475cad7f7a0f679eb3d2de7298212cbf7ae9d7dd533fbb8
WOS:001502133400001,Inhibiting Mn Dissolution of Mn-Based Prussian Blue Analogue Through Cross-Linking Network for Sustainable Sodium-Ion Battery,2025,10.1002/aenm.202500544,https://doi.org/10.1002/aenm.202500544,WOS:001502133400001,595,f0ea5bb40e919caeaf852043c35249cd9f7ae0747be0447395460ce0beab74bd
WOS:000669519900004,Electrochemical Characteristics of Micrometer-sized Sn and Acetylene Black Composites Prepared by Mechanical Milling for Sodium-ion Battery Anodes,2021,10.5796/electrochemistry.21-00035,https://doi.org/10.5796/electrochemistry.21-00035,WOS:000669519900004,596,1edc6d66294bc5a0cb518f9fb9a5ffca4ca7adad1e0136113a28709c273f6b18
WOS:001338655300001,CVD-Synthesized Titanium Carbide Nanoflowers as High-Performance Anodes for Sodium-Ion Batteries,2024,10.1021/acs.nanolett.4c03597,https://doi.org/10.1021/acs.nanolett.4c03597,WOS:001338655300001,597,559a0a21aa911461d665651f6e38a16e14b6c1295804edb7c21a790a23e31fbe
WOS:000719889900001,Towards high-performance battery systems by regulating morphology of TiO2 materials,2021,10.1016/j.susmat.2021.e00355,https://doi.org/10.1016/j.susmat.2021.e00355,WOS:000719889900001,598,7bd2c1272755f272d4297687b224215e5cde04b4cd154c0fee8a442b11a36207
WOS:000384129300075,Highly-ordered microporous carbon nanospheres: a promising anode for high-performance sodium-ion batteries,2016,10.1039/c6ra19393e,https://doi.org/10.1039/c6ra19393e,WOS:000384129300075,599,0c57189ab29d9428fcae8bb9819d33089934b0ca5f7bdfa734918206a9c302cd
WOS:000617961700011,Enhancing capacitive storage of carbonaceous anode by surface doping and structural modulation for high-performance sodium-ion battery,2021,10.1016/j.powtec.2021.01.020,https://doi.org/10.1016/j.powtec.2021.01.020,WOS:000617961700011,600,42b2d31b29b9d2e612dca23edff5e71c44cd3aea8bc2b50acf6313e433db7565
WOS:000517758800046,Insights into the phase transformation of NiCo2S4@rGO for sodium-ion battery electrode,2020,10.1016/j.electacta.2020.135900,https://doi.org/10.1016/j.electacta.2020.135900,WOS:000517758800046,601,2cc38cddeadfae1c858942af6770e8978f1c08c3e2158543d4b750bb0d6c8a9a
WOS:000522423100001,The Use of Phosphorus in Sodium-Ion Batteries (A Review),2020,10.1134/s1023193520010061,https://doi.org/10.1134/s1023193520010061,WOS:000522423100001,602,e83bbfd37669e334275bd7078665fac5e5cce986b85e6cd9d44961fa17a5323e
WOS:000749783500003,Transformation of diffusive to capacitive kinetics in nanoscale modified Co-TiO2@CNTs composites safeguarding steady reversible capacity as sodium-ion battery anode,2022,10.1016/j.jallcom.2022.163772,https://doi.org/10.1016/j.jallcom.2022.163772,WOS:000749783500003,603,fdd8b8c7be800a251cdef9d2154bd050b27fe4b2989de8fa396df014217eb9b1
WOS:000453113700019,Sodium storage performance and mechanism of rGO-wrapped nanorod vanadium sulfide as an anode material for sodium ion batteries,2018,10.1016/j.ssi.2018.10.022,https://doi.org/10.1016/j.ssi.2018.10.022,WOS:000453113700019,604,57f20827bac6e1c085ebe22a2b5a952bfc8eb2bcf1e4d7bffae6b2cc1768d431
WOS:000869296700001,Sodium Ion Storage in Na4MnV(PO4)3@C Free-Standing Electrode,2022,10.1002/adfm.202208051,https://doi.org/10.1002/adfm.202208051,WOS:000869296700001,605,c66c5be4b2a0769cb7556c8f88f37128998f96f8b4e409651bd0047456c88243
WOS:001510792000011,Novel sodium-ion battery anode design of Sn4P3 nanoparticles loaded on biomass-derived carbon,2025,10.1007/s11771-025-5961-z,https://doi.org/10.1007/s11771-025-5961-z,WOS:001510792000011,606,d89fc22f18662c610f39d14ee8dddb8ea1cf7ab895879f32a65a0eee489931f2
WOS:000361832500006,Romanechite-structured Na0.31MnO1.9 nanofibers as high-performance cathode material for a sodium-ion battery,2015,10.1039/c5cc05739f,https://doi.org/10.1039/c5cc05739f,WOS:000361832500006,607,dd5467620cdf454e5ccf8ce61110f80aec2ba8b8872680cc2702afd2a40f628c
WOS:000448181000023,Circuit board-like CoS/MXene composite with superior performance for sodium storage,2019,10.1016/j.cej.2018.09.142,https://doi.org/10.1016/j.cej.2018.09.142,WOS:000448181000023,608,23c53c1cd3b0c2527bb8078f99497ae37fa6809b63d735e1da763ca279a21982
WOS:000573297600005,Self-supported cobalt phosphate nanoarray with pseudocapacitive behavior: An efficient 3D anode material for sodium-ion batteries,2020,10.1016/j.jallcom.2020.156285,https://doi.org/10.1016/j.jallcom.2020.156285,WOS:000573297600005,609,a7d66ffc16fb9c85e55279a8c2effcc1f967ce4888d6b5e8c9e33eeb1202a262
WOS:000517360000037,Realizing the Single-Phase Spinel-Type Sodium Titanium Oxide with the Li4Ti5O12-like Structure for Building Stable Sodium-Ion Batteries,2020,10.1021/acsami.9b21925,https://doi.org/10.1021/acsami.9b21925,WOS:000517360000037,610,a6d4cbf0a0f7df6698952cfa9f2d3e74e6d57561eee4c62bff08ecba8a1dd7be
WOS:000916380900001,KxCo1.5-0.5xFe(CN)6/rGO with Dual-Active Sodium Ion Storage Site as Superior Anode for Sodium Ion Battery,2023,10.3390/nano13020264,https://doi.org/10.3390/nano13020264,WOS:000916380900001,611,e61e95a7b63ad3c802dd9e87968fd9fee51ee18999d870889fae5f55cd6957f4
WOS:000440876700055,Interconnected mesoporous Na2FeSiO4 nanospheres supported on carbon nanotubes as a highly stable and efficient cathode material for sodium-ion battery,2018,10.1016/j.jpowsour.2018.06.049,https://doi.org/10.1016/j.jpowsour.2018.06.049,WOS:000440876700055,612,f5f1150995de4b3071173181aa4935391d208e1162e98ec685bd2b4567a7a9ce
WOS:000405764700030,"A High Capacity, Good Safety and Low Cost Na2FeSiO4-Based Cathode for Rechargeable Sodium-Ion Battery",2017,10.1021/acsami.7b02385,https://doi.org/10.1021/acsami.7b02385,WOS:000405764700030,613,2b0da1a14566cb065e89c3fc3afa1507ab15a6d19ffac09be90777ab016e7e34
WOS:001495987100003,Solid solution reaction enhanced rapid sodium ion Migration for superior Low-Temperature performance,2025,10.1016/j.jcis.2025.137851,https://doi.org/10.1016/j.jcis.2025.137851,WOS:001495987100003,614,f255d81a3c1f1f12f3febba5d86e0ed7bc6961d0715284cb11a3f5061130d8fe
WOS:000507146100082,Identifying Anionic Redox Activity within the Related O3-and P2-Type Cathodes for Sodium-Ion Battery,2020,10.1021/acsami.9b18493,https://doi.org/10.1021/acsami.9b18493,WOS:000507146100082,615,814238fa92fe1704e875725b73bebf866d56ef5bd0189f78cb077ec5d6a1d589
WOS:000781660600005,Two Birds with One Stone: A NaCl-Assisted Strategy toward MoTe2 Nanosheets Nanoconfined in 3D Porous Carbon Network for Sodium-Ion Battery Anode,2022,10.1016/j.ensm.2022.02.046,https://doi.org/10.1016/j.ensm.2022.02.046,WOS:000781660600005,616,6fc959c19826b4e3646db2875de4fdd1617529fc1e9d11902d1f59dddf137030
WOS:001330995200001,Insightful interpretation of the unique stacking faults of Na3Ni2SbO6 through cobalt doping for enhanced sodium-ion battery performance,2024,10.1016/j.electacta.2024.145159,https://doi.org/10.1016/j.electacta.2024.145159,WOS:001330995200001,617,eb2ea9dccdfad20b0247fb3aafb6c8ced430026f3561e85e41f42e87a9e2c361
WOS:000337857500023,Pyrolytic carbon from graphite oxide as a negative electrode of sodium-ion battery,2014,10.1016/j.jpowsour.2014.04.038,https://doi.org/10.1016/j.jpowsour.2014.04.038,WOS:000337857500023,618,870f3a06a37f22337b8778c248d14aaed3cfdb2af239cc0de447cfe29358b46e
WOS:000345725700042,Electrochemical performance of NaFex(Ni0.5Ti0.5)1-x O2 (x=0.2 and x=0.4) cathode for sodium-ion battery,2015,10.1016/j.jpowsour.2014.09.050,https://doi.org/10.1016/j.jpowsour.2014.09.050,WOS:000345725700042,619,5edf56b1e6e5620ffa73688421707624ce4b6c51b5055507eb6cb4e91225a080
WOS:001022151500006,Green synthesis of novel conjugated poly(perylene diimide) as cathode with stable sodium storage,2023,10.1007/s12274-023-5871-z,https://doi.org/10.1007/s12274-023-5871-z,WOS:001022151500006,620,5e465ba3850e43073b95f3d75b82d70a184d858ed6eee5a03eb923c6d5ae9447
WOS:000350192700025,Rhombohedral Prussian White as Cathode for Rechargeable Sodium-Ion Batteries,2015,10.1021/ja510347s,https://doi.org/10.1021/ja510347s,WOS:000350192700025,621,9829c813c7360bb902cd8c3b9913eb5ca1513fa53964c31bbb7699ff9c72137f
WOS:000465328200032,Morphological adaptability of graphitic carbon nanofibers to enhance sodium insertion in a diglyme-based electrolyte,2019,10.1039/c9dt00563c,https://doi.org/10.1039/c9dt00563c,WOS:000465328200032,622,d7f5d78a78564802501a3fd27e07d58e9aab26fbf6b14663f73a35975ddb58a9
WOS:000920169600001,Substituting inert phosphate with redox-active silicate towards advanced polyanion-type cathode materials for sodium-ion batteries,2023,10.1039/d2nr06602e,https://doi.org/10.1039/d2nr06602e,WOS:000920169600001,623,e6d2f8f9be24f7a883335f78d9a283b176e4d1aac2a9bffb06ee9c33457140b9
WOS:000389099100023,Free-standing electrodes composed of carbon-coated Li4Ti5O12 nanosheets and reduced graphene oxide for advanced sodium ion batteries,2017,10.1016/j.jpowsour.2016.10.088,https://doi.org/10.1016/j.jpowsour.2016.10.088,WOS:000389099100023,624,c679b91d8d3f6d9f9da57fde42d3b81b468139f9dfff8a52f7d15309e8468629
WOS:000419645700001,A Novel Open-Framework Cu-Ge-Based Chalcogenide Anode Material for Sodium-Ion Battery,2017,10.1155/2017/3876525,https://doi.org/10.1155/2017/3876525,WOS:000419645700001,625,bd6975b36a92ffdeabd1a5c94d7ac642c3e5e604500354cc43763ba67cf137d8
WOS:000854219500001,Point defects and their impact on electrochemical performance in Na0.44MnO2 for sodium-ion battery cathode application,2022,10.1039/d2cp03199j,https://doi.org/10.1039/d2cp03199j,WOS:000854219500001,626,a50bf3d63bac52a4baacc683253201a3d307c97bfc123318c51ea99e8c46292d
WOS:000866987000001,Metal-Organic Framework-Derived NiSe Embedded into a Porous Multi-Heteroatom Self-Doped Carbon Matrix as a Promising Anode for Sodium-Ion Battery,2022,10.3390/nano12193345,https://doi.org/10.3390/nano12193345,WOS:000866987000001,627,9dd9771d196f1cfb72174ed23b42322f6af8b5b2a49a8b45e9d4a54b6d56d290
WOS:000364578900044,Enhancing sodium-ion battery performance with interlayer-expanded MoS2-PEO nanocomposites,2015,10.1016/j.nanoen.2015.05.012,https://doi.org/10.1016/j.nanoen.2015.05.012,WOS:000364578900044,628,ffa2045ea194042d2ce3f4590f29f541b068ae06eb349247670c6ede6c63fc43
WOS:000371141500049,Investigation of the Effect of Fluoroethylene Carbonate Additive on Electrochemical Performance of Sb-Based Anode for Sodium-Ion Batteries,2016,10.1016/j.electacta.2015.12.136,https://doi.org/10.1016/j.electacta.2015.12.136,WOS:000371141500049,629,5764522c26c4c785b2362cf5b2262575629d30536357d44599869dbbdf450f87
WOS:000390125500011,Hybrid materials of graphene anchored with CoFe2O4 for the anode in sodium-ion batteries,2017,10.1007/s10853-016-0601-5,https://doi.org/10.1007/s10853-016-0601-5,WOS:000390125500011,630,d79bfe1500b20973b3a562211d430ce4d96a32b7c66d5cd28a43b052b9a27573
WOS:000609149500048,"A flexible, integrated film battery configuration for ultrafast sodium ion storage",2021,10.1039/d0ta10238e,https://doi.org/10.1039/d0ta10238e,WOS:000609149500048,631,34568f6214edf7ef060af2bd15d2213b02ad5026301ecf8d0d6f87ed095c68a2
WOS:000660433800003,Interlayer-expanded MoS2 vertically anchored on graphene via COS bonds for superior sodium-ion batteries,2021,10.1016/j.jallcom.2021.160280,https://doi.org/10.1016/j.jallcom.2021.160280,WOS:000660433800003,632,e5f651999501c56b9ae726b4705fdccd25984fbe01a899769193b8ac3c37543c
WOS:001450271900001,Regulating (010) Exposed Facets of a Sb2O3 Anode to Achieve High-Performance Sodium-Ion Batteries,2025,10.1021/acs.nanolett.5c00847,https://doi.org/10.1021/acs.nanolett.5c00847,WOS:001450271900001,633,3062af10b5aa502c58415ebb0a3a052b1f95c417bb60a4453ea5e1ac3b2c821d
WOS:000881642300001,Bio-Waste-Derived Hard Carbon Anodes Through a Sustainable and Cost-Effective Synthesis Process for Sodium-Ion Batteries,2022,10.1002/cssc.202201713,https://doi.org/10.1002/cssc.202201713,WOS:000881642300001,634,261f6b447fc89895443aa2865cb19785e31da8824372ec391d3fe2e8f436dacb
WOS:001065992700001,Bimetal Oxide Reduction-Induced Perforation Strategy for Preparing a Multi-Microchannel Graphene-Based Anode Material with Rapid Sodium-Ion Diffusion,2023,10.1021/acsami.3c07118,https://doi.org/10.1021/acsami.3c07118,WOS:001065992700001,635,a151dbbfc4dd77ee600da32af5c55f6c5491ef7b939623f84ce7fc82f92f418f
WOS:000390494500084,Long life anode material sodium titanate synthesized by a moderate method,2017,10.1016/j.matlet.2016.10.027,https://doi.org/10.1016/j.matlet.2016.10.027,WOS:000390494500084,636,2543c9a949661bfefa8e2371b213ca9b8a6ce21fc9924e69d76f1da4d67ca6ef
WOS:000458706900045,Designing a High-Power Sodium-Ion Battery by in Situ Metal Plating,2019,10.1021/acsaem.8b01361,https://doi.org/10.1021/acsaem.8b01361,WOS:000458706900045,637,ed9af4b6267a7d6306fbc23c59e9fd180446c700b4ec7fbdb2d262b81bf6e54a
WOS:000481943500048,Porous functionalized carbon as anode for a long cycling of sodium-ion batteries,2019,10.1007/s11581-019-03157-4,https://doi.org/10.1007/s11581-019-03157-4,WOS:000481943500048,638,1bdc0d8dbe58497029ccda3ffb2040c15d04c8919a0c9a695476bbc59aae3246
WOS:000316039000038,Functionalized N-doped interconnected carbon nanofibers as an anode material for sodium-ion storage with excellent performance,2013,10.1016/j.carbon.2012.12.072,https://doi.org/10.1016/j.carbon.2012.12.072,WOS:000316039000038,639,e753d59d811293bec6b3585002f143138775b95835e3fc40595456b628e0fca2
WOS:000410666000003,Wrinkled Graphene-Reinforced Nickel Sulfide Thin Film as High-Performance Binder-Free Anode for Sodium-Ion Battery,2017,10.1016/j.jmst.2016.09.017,https://doi.org/10.1016/j.jmst.2016.09.017,WOS:000410666000003,640,378cdf8df4f70a6dafde4a1e6717896c45f89379780947b722eb891b05e1116d
WOS:000434207800025,Stable Cycling of Phosphorus Anode for Sodium-Ion Batteries through Chemical Bonding with Sulfurized Polyacrylonitrile,2018,10.1002/adfm.201801010,https://doi.org/10.1002/adfm.201801010,WOS:000434207800025,641,4d4d9fac0285166f49caed68abeecc0bb0190e2aa59a14e87d435f3d652d77b0
WOS:000526566900038,Zinc Phosphides as Outstanding Sodium-Ion Battery Anodes,2020,10.1021/acsami.9b21803,https://doi.org/10.1021/acsami.9b21803,WOS:000526566900038,642,160db570539fe1fb635d6dc9d196b8b89c5415547cbec414301ee4d460c34976
WOS:000471808200003,"Sulfur, Nitrogen Dual Doped Reduced Graphene Oxide Supported Two-Dimensional Sb2S3 Nanostructures for the Anode Material of Sodium-Ion Battery",2019,10.1002/slct.201901153,https://doi.org/10.1002/slct.201901153,WOS:000471808200003,643,6841edcc2c9c92107bfaba6087aaf30a8529dd190fe65b0daeae382d3edd148e
WOS:001161736200001,Efficient sulfur atom-doped three-dimensional porous MXene-assisted sodium ion batteries,2024,10.1039/d3dt04312f,https://doi.org/10.1039/d3dt04312f,WOS:001161736200001,644,15e7cb463a2cf08176617d1c4e298d5510ac77fe9480205ee78c7a217b38a030
WOS:000419186800018,Physico-Chemical and Electrochemical Properties of Nanoparticulate NiO/C Composites for High Performance Lithium and Sodium Ion Battery Anodes,2017,10.3390/nano7120423,https://doi.org/10.3390/nano7120423,WOS:000419186800018,645,52b2d5d319d55bf0ef21a8ac16e278d16ac28258dab7f568bc9d80d2ea558041
WOS:000589935600002,Potential of porous nodal-line semi-metallic carbon for sodium-ion battery anode,2020,10.1016/j.jpowsour.2020.228746,https://doi.org/10.1016/j.jpowsour.2020.228746,WOS:000589935600002,646,f002be948724e1c782b45e49ea235b30ac90203640eda01bc599d5e3603ee641
WOS:001452722900001,Hollow-Structured Carbon-Coated CoxNiySe2 Assembled with Ultrasmall Nanoparticles for Enhanced Sodium-Ion Battery Performance,2025,10.3390/inorganics13030096,https://doi.org/10.3390/inorganics13030096,WOS:001452722900001,647,39db1ff960e08f0f2995de029478f1e07edbc8dac5d9cf284a3c79b8ba46eac5
WOS:000697030300004,"Structural and electrochemical trends in mixed manganese oxides Nax(M0.44Mn0.56)O2 (M = Mn, Fe, Co, Ni) for sodium-ion battery cathode",2021,10.1016/j.jpowsour.2021.230395,https://doi.org/10.1016/j.jpowsour.2021.230395,WOS:000697030300004,648,a425b0b9a45eec4b459234d432569fe2ae5001acce5ea193e840e79317766351
WOS:000382053300010,Half and full sodium-ion batteries based on maize with high-loading density and long-cycle life,2016,10.1039/c6nr04424g,https://doi.org/10.1039/c6nr04424g,WOS:000382053300010,649,6a07d7e6df82f0d721368e624460434e2f5e24212fc1ca5c5b095d6b0684ec1b
WOS:001590480200003,Hierarchical structure composed of Cu2S nanosheets/rods wrapped with phosphorus-doped carbon as a freestanding electrode for advanced sodium-ion battery,2025,10.1016/j.electacta.2025.147481,https://doi.org/10.1016/j.electacta.2025.147481,WOS:001590480200003,650,c06d79b1b70675bc271c327ae0e8c4db303c7224f100f7bf0680053df50dd226
WOS:001586603400001,Ionic Liquid Electrolyte Suppresses Deep Sodiation in Nb4P2S21/Mo2CT x Enabling Transition from Mixed-Voltage to Pure High-Voltage Operation for Sodium-Ion Battery Cathodes,2025,10.1021/acsami.5c10976,https://doi.org/10.1021/acsami.5c10976,WOS:001586603400001,651,8a1f1710d5f313500ebc404516baa0d9639cc0c69bc9d9ac32e35e3fbba5003a
WOS:001146379300001,In Situ Phase Transformation to form MoO3-MoS2 Heterostructure with Enhanced Printable Sodium Ion Storage,2024,10.1002/adfm.202311471,https://doi.org/10.1002/adfm.202311471,WOS:001146379300001,652,cb74fdc7591b9f9661ff6f204f37528e4d9c77941b4e1b94671e1021e8e61b33
WOS:000450974700017,Phase transition induced cracking plaguing layered cathode for sodium-ion battery,2018,10.1016/j.nanoen.2018.09.073,https://doi.org/10.1016/j.nanoen.2018.09.073,WOS:000450974700017,653,75c82b6355f05aaf76f01e8c20274a26b0187f0cc21c2049f4f0d8209825b803
WOS:000668381300010,Preparation and Energy Storage Research of Metal Chalcogenide Graphene Composite Nanomaterials,2021,10.1080/10584587.2021.1911265,https://doi.org/10.1080/10584587.2021.1911265,WOS:000668381300010,654,13e621909136561cfac7488e1b4e486b8e1ede9e688ca94dc0e3ca59b7c108e3
WOS:000397569900010,Design of fast ion conducting cathode materials for grid-scale sodium-ion batteries,2017,10.1039/c7cp00037e,https://doi.org/10.1039/c7cp00037e,WOS:000397569900010,655,f6999b2d5b099428d52ab76a01dfede6bb92eaf233526e2bea00b8357fb2c9a6
WOS:001350642700001,Development and fabrication of an advanced NVPF@C/rGO composite cathode for improved sodium-ion battery performance,2025,10.1007/s11581-024-05882-x,https://doi.org/10.1007/s11581-024-05882-x,WOS:001350642700001,656,4aea1205c43e6393ec155483a5985326265589918e5ce0f6427a8a203b8667f9
WOS:001080513300001,High-Performance Zr-Doped P3-Type Na0.67Ni0.33Mn0.67O2 Cathode for Na-Ion Battery Applications,2023,10.3390/cryst13091339,https://doi.org/10.3390/cryst13091339,WOS:001080513300001,657,3ad1a4b1e1ea232b8adfe3ab3753ac0e82e3b831e2e18893d56e2a5da42b42c5
WOS:001294633300001,Innovative design of dual functional polypyrrole-coated zinc cobalt sulfide nanosheets on carbon cloth as a binder-free anode of sodium-ion batteries,2024,10.1016/j.est.2024.112012,https://doi.org/10.1016/j.est.2024.112012,WOS:001294633300001,658,3a5ef8ac0138ba09cdca658be53a0b94060712e7bf6ed2fd218187d9a298282d
WOS:000407540400096,Improvement of the Cathode Electrolyte Interphase on P2-Na2/3Ni1/3Mn2/3O2</s ub> by Atomic Layer Deposition,2017,10.1021/acsami.7b05326,https://doi.org/10.1021/acsami.7b05326,WOS:000407540400096,659,1f7c616f8502bfcef3e688e68c20678d24ff7f208068b9f70662e90f0eaf0354
WOS:000510947000033,Electrospun SnSe/C nanofibers as binder-free anode for lithium-ion and sodium-ion batteries,2020,10.1016/j.jpowsour.2019.227559,https://doi.org/10.1016/j.jpowsour.2019.227559,WOS:000510947000033,660,b663cd11da9651bbc85d85e50b1dac69d3bc8caaeccb1d29681f2d1a726f0bc6
WOS:000415135500077,Ultrasmall Fe2GeO4 nanodots anchored on interconnected carbon nanosheets as high-performance anode materials for lithium and sodium ion batteries,2018,10.1016/j.apsusc.2017.08.026,https://doi.org/10.1016/j.apsusc.2017.08.026,WOS:000415135500077,661,cf370dbd6631ed9a9eba409b8aa6c60f2aaf42740051f7ed0a162d3cce1a9602
WOS:000863618100001,Directional Regulation of Surface Chemistry of Graphene Using Carbon Dots for Sodium-Ion Anodes,2022,10.1021/acsanm.2c03179,https://doi.org/10.1021/acsanm.2c03179,WOS:000863618100001,662,32397b176fb6e0b21da52dd2dafc94401cfd831895750a89da33492a68e20d7b
WOS:000453651000001,In-situ Grown Sn2 Nanosheets on rGO as an Advanced Anode Materia l for Lithium and Sodium Ion Batteries,2018,10.3389/fchem.2018.00629,https://doi.org/10.3389/fchem.2018.00629,WOS:000453651000001,663,a45032a82ec65b2d11880f9a399eac31c397d7342b2c5cd22fe5917bcb489a56
WOS:000998028000001,Porous corallite-like NiSe2/CNTs nanocomposite fabricated by a convenient one-step in-suit solid-phase synthesis method with high performance in both supercapacitor and sodium-ion battery,2023,10.1016/j.jallcom.2023.170364,https://doi.org/10.1016/j.jallcom.2023.170364,WOS:000998028000001,664,b88bd9898059ba7836941a870222ecf000db27b8c36fa3e52866392f6fe3b3c1
WOS:000452782100111,Binding ZnO nanorods in reduced graphene oxide via facile electrochemical method for Na-ion battery,2019,10.1016/j.apsusc.2018.09.038,https://doi.org/10.1016/j.apsusc.2018.09.038,WOS:000452782100111,665,9a4bf2ea2d9d705345ad6d330a4856e682623eb747e8591ce04bf517c9069503
WOS:000402082000031,Synthesis of phosphorus-doped soft carbon as anode materials for lithium and sodium ion batteries,2017,10.1134/s0036024417060292,https://doi.org/10.1134/s0036024417060292,WOS:000402082000031,666,76aa6504d95121b107f0c376f22d58e96b6b6a77e14c40818143f029739d789d
WOS:000352791300050,Use of a tin antimony alloy-filled porous carbon nanofiber composite as an anode in sodium-ion batteries,2015,10.1039/c5ra01729g,https://doi.org/10.1039/c5ra01729g,WOS:000352791300050,667,71a6b38562bf90075115f96e80461a0af0070f9b986d7765e8be49b10ad302e2
WOS:000664188500001,Phenylpyridine Dicarboxylate as Highly Efficient Organic Anode for Na-Ion Batteries,2021,10.1002/cssc.202100872,https://doi.org/10.1002/cssc.202100872,WOS:000664188500001,668,e65475f11e9235345a478f2917cbcc81dcd1affd578e9f1049518d151ea2059f
WOS:000651545000004,Nanorod FeS2 on 3D graphene foam for sodium-ion battery with markable excellent electrochemical performance,2021,10.1007/s10854-021-06119-7,https://doi.org/10.1007/s10854-021-06119-7,WOS:000651545000004,669,77eece7a09f9c8b1729e8e30388d5766e0dd55057163564266427e1d6dec7fda
WOS:000319236800002,α-MoO3: A high performance anode material for sodium-ion batteries,2013,10.1016/j.elecom.2013.02.020,https://doi.org/10.1016/j.elecom.2013.02.020,WOS:000319236800002,670,e5c2faebfb400553262f3954e5182cb33472d0db9d83d817b1bb5f54484fc88c
WOS:000423401100005,Enhancing the Sequential Conversion-Alloying Reaction of Mixed Sn-S Hybrid Anode for Efficient Sodium Storage by a Carbon Healed Graphene Oxide,2018,10.1002/smll.201702605,https://doi.org/10.1002/smll.201702605,WOS:000423401100005,671,84eb71b1c1d98de2aa5cc30321e0885fe7c0ef02f883d6188d601f2c934a2a5f
WOS:001186302600001,Pressure-Induced Defects and Reduced Size Endow TiO2 with High Capacity over 20 000 Cycles and Excellent Fast-Charging Performance in Sodium Ion Batteries,2024,10.1002/smll.202312119,https://doi.org/10.1002/smll.202312119,WOS:001186302600001,672,e784c445cc3d9328862ca3039a43e9ee83db66ee7a9fa12441a97ebe41540406
WOS:000464487000003,Na2Ru0.8Mn0.2O3: A novel cathode material for ultrafast sodium ion battery with large capacity and superlong cycle life,2019,10.1016/j.jpowsour.2019.03.009,https://doi.org/10.1016/j.jpowsour.2019.03.009,WOS:000464487000003,673,2d918fe2709812f3fafce6cda0d3836cd8e97e98477fe870400262c766982f98
WOS:000351701600001,Beyond Divalent Copper: A Redox Couple for Sodium Ion Battery Cathode Materials,2015,10.1149/2.0041505eel,https://doi.org/10.1149/2.0041505eel,WOS:000351701600001,674,291180135695349a2568fb187fb55b8a8aaf5eb76d79bbbb93b392619f2608a8
WOS:000458872600047,"An alluaudite-type sodium-ion battery cathode candidate Na2Mn2V(PO4)3: Crystal growth, preparation, structure and electrochemical properties",2019,10.1016/j.jallcom.2018.12.346,https://doi.org/10.1016/j.jallcom.2018.12.346,WOS:000458872600047,675,374856251c81b1413768bee1fdd563996c7dc42df46bf82ab9d1b5d8b67585a4
WOS:000444859700010,A phase-transition-free cathode for sodium-ion batteries with ultralong cycle life,2018,10.1016/j.nanoen.2018.07.042,https://doi.org/10.1016/j.nanoen.2018.07.042,WOS:000444859700010,676,6cfc135224c896f66f8f74e56d5d4d842043b993f3304fe60dcc0f90b3242f0d
WOS:000619132600005,Dual carbon coating engineering endows hollow structured TiO2 with superior sodium storage performance,2021,10.1016/j.jpowsour.2021.229516,https://doi.org/10.1016/j.jpowsour.2021.229516,WOS:000619132600005,677,291e014577539b0902c8dd708ff7c217366dbd3abecde542ec9d026e3ada194f
WOS:000367614000020,Metal-organic framework derived hollow polyhedron metal oxide posited graphene oxide for energy storage applications,2016,10.1039/c5cc07621h,https://doi.org/10.1039/c5cc07621h,WOS:000367614000020,678,9cbf1df3daa86d035f716c19983ea8481988415fd4fb6c703221993e46bde816
WOS:000503909500006,Ultra-small Na3V2(PO4)3 nanoparticles decorated MOFs-derived carbon enabling fast charge transfer for high-rate sodium storage,2019,10.1016/j.ssi.2019.115061,https://doi.org/10.1016/j.ssi.2019.115061,WOS:000503909500006,679,37af543b9b259af4f767f2e6e6f2f9cb1bc039ef8dff0d14ec201f9060bcfe40
WOS:000496712400023,Asymmetric reaction pathway of Na+-ion during fast cycling in α- and γ-Fe2O3 thin film anode for sodium-ion battery,2019,10.1007/s11581-019-03112-3,https://doi.org/10.1007/s11581-019-03112-3,WOS:000496712400023,680,200d57b0e5add0b7d9e02c3e37cad3009c7423cbc818f18cfb88901c047b0f5c
WOS:000429415200018,High Rate Capability and Enhanced Cyclability of Na3V2(PO4)2F3 Cathode by In Situ Coating of Carbon Nanofibers for Sodium-Ion Battery Applications,2018,10.1002/chem.201704131,https://doi.org/10.1002/chem.201704131,WOS:000429415200018,681,3a896b5df58954e0f04918c8a93c414f1d9c3c29580e1610e3b794811bc3f687
WOS:000729573300001,In situ etching strategy to construct yolk-shell CoSe2@NiCoSe4-NC heterostructures for high-performance sodium ion battery,2022,10.1039/d1qm01360b,https://doi.org/10.1039/d1qm01360b,WOS:000729573300001,682,59a18025acfffcdfd822e9483315bbe56303a0b1ee618f8476861d4323548a5a
WOS:000366069300037,Exploring the Low Voltage Behavior of V2O5 Aerogel as Intercalation Host for Sodium Ion Battery,2015,10.1149/2.0711514jes,https://doi.org/10.1149/2.0711514jes,WOS:000366069300037,683,a781e03980c48641d261b37007bbc855dae3938e4dc185d8f6fc0ff8cf520efc
WOS:000396814900024,Nanospace-controlled SnO2/Nanoporous Carbon Composite as a High-performance Anode for Sodium Ion Batteries,2017,10.1246/cl.161185,https://doi.org/10.1246/cl.161185,WOS:000396814900024,684,df7ee5f792f850627a712258267496c2eb84fc2a3fc37f69ffdc48e021489f3a
WOS:001616799200013,Physical Properties of Doped Silicene Anodes for Na-Ion Battery: A First-Principles Study,2025,10.1007/s11664-025-11950-3,https://doi.org/10.1007/s11664-025-11950-3,WOS:001616799200013,685,63183fa791c5af568d0e14f5620770b9f662fd9b6c546188434a8ed4574fcc1c
WOS:001478368400001,Physical Properties of Doped Silicene Anodes for Na-Ion Battery: A First-Principles Study,2025,10.1007/s11664-025-11950-3,https://doi.org/10.1007/s11664-025-11950-3,WOS:001478368400001,686,63183fa791c5af568d0e14f5620770b9f662fd9b6c546188434a8ed4574fcc1c
WOS:000895311900004,High performance sodium-ion anodes based on FeSb2S4/Sb embedded within porous reduced graphene oxide/carbon nanotubes matrix,2022,10.1016/j.jallcom.2022.167576,https://doi.org/10.1016/j.jallcom.2022.167576,WOS:000895311900004,687,55746025bf24192ed89cb71a8dc08f7ec09a20b0cdff3a923d892069a2ab7cef
WOS:000869610200001,First-principles study of Na insertion at SiC and TiO2 anatase surfaces for Na-ion battery design,2023,10.1007/s12648-022-02461-6,https://doi.org/10.1007/s12648-022-02461-6,WOS:000869610200001,688,6cbf498638b0007de9f8b64efaf0ba0ae176351f8ac5d91ab08d3aea3c139bb3
WOS:000340175300020,Sodium Vanadium Oxide: A New Material for High-Performance Symmetric Sodium-Ion Batteries,2014,10.1002/cphc.201402020,https://doi.org/10.1002/cphc.201402020,WOS:000340175300020,689,590f370f99031715776c2b94387adcec2694ff286d5b14ab407ea248625107bb
WOS:000907848000001,Agricultural Wastes for Full-Cell Sodium-Ion Batteries: Engineering Biomass Components to Maximize the Performance and Economic Prospects,2022,10.1021/acssuschemeng.2c04750,https://doi.org/10.1021/acssuschemeng.2c04750,WOS:000907848000001,690,f56bf914636c758d859dfc1dda8b183ae94cd6506b696c4eaede1737cbe4b6b3
WOS:000360294900105,Porous nitrogen doped carbon sphere as high performance anode of sodium-ion battery,2015,10.1016/j.carbon.2015.07.067,https://doi.org/10.1016/j.carbon.2015.07.067,WOS:000360294900105,691,2d068c0c6cbcc8cd26c944b339b0ae079fe4981f67fd48f825a9ef6ea46de4d8
WOS:000900129700003,High performance sodium-ion anodes based on FeSb2S4/Sb embedded within porous reduced graphene oxide/carbon nanotubes matrix,2023,10.1016/j.jallcom.2022.167576,https://doi.org/10.1016/j.jallcom.2022.167576,WOS:000900129700003,692,2f64395d588e3fb6a25008d4eea30e0e671c2246bb879edaa5149f179b86b78f
WOS:001604488700001,Tin Anode for High-Energy-Density Na-Ion Batteries,2025,10.1149/1945-7111/ae0fc4,https://doi.org/10.1149/1945-7111/ae0fc4,WOS:001604488700001,693,73481d01287957e0e45c800645800218ff2235668bbdd63bccdbd0aa57dc0af4
WOS:000541197300003,Research progress on tin-based anode materials for sodium ion batteries,2020,10.1007/s12598-020-01453-x,https://doi.org/10.1007/s12598-020-01453-x,WOS:000541197300003,694,70672e53c9c8a8e8ff1f5466d76c90463befb96500236d1edf213f2a3b3a9d77
WOS:001006163000001,Conductive MOF on ZIF-Derived Carbon Fibers as Superior Anode in Sodium-Ion Battery,2023,10.1021/acsami.3c04341,https://doi.org/10.1021/acsami.3c04341,WOS:001006163000001,695,77a34a1ca69838849bd9e5aee2e0be59c46b62a9d19c9584591c05939c1a1a5b
WOS:000776118600002,Self-source silicon embedded in 2D biomass-based carbon sheet as anode material for sodium ion battery,2022,10.1016/j.apsusc.2022.152759,https://doi.org/10.1016/j.apsusc.2022.152759,WOS:000776118600002,696,eb90d3bfcfe26680ec671ab04b08d804941f1aa90761a50eaed41e78c27ef200
WOS:000514818500046,Phosphorus-Carbon Composite for a Negative Electrode of a Sodium-ion Battery,2020,10.20964/2020.02.47,https://doi.org/10.20964/2020.02.47,WOS:000514818500046,697,e80d80813320450e96766607566bce5d52c70a249fdddf7ad09599805e60bcd0
WOS:001536646800001,Feature-driven machine learning screening of sodium-ion battery electrodes to support large-scale energy storage,2025,10.1016/j.electacta.2025.146734,https://doi.org/10.1016/j.electacta.2025.146734,WOS:001536646800001,698,dc4f5a3374644a2865ac11ed5f402b8f90bec911064dfff4d6e2855c209e1fbc
WOS:000582869700028,ZIF-8 derived nitrogen-doped carbon composites boost the rate performance of organic cathodes for sodium ion batteries,2020,10.1016/j.electacta.2020.137115,https://doi.org/10.1016/j.electacta.2020.137115,WOS:000582869700028,699,18e7623eb65d444fc23a17a04e59ddc2b5a50b40c94e02d55d3f6881d718f96f
WOS:000729318800001,Synthesis of new two-dimensional titanium carbonitride Ti2C0.5N0.5< /sub>Tx MXene and its performance as an electrode material for sodium-ion battery,2021,10.1002/inf2.12269,https://doi.org/10.1002/inf2.12269,WOS:000729318800001,700,65fa48e8919380d85f8f405be4d3b7789f051fa7ead15d02a0d64cf947e00bba
WOS:000935581600003,Spray-assisted synthesis of layered P2-type Na0.67Mn0.67Cu0.33O2 powders and their superior electrochemical properties for Na-ion battery cathode,2023,10.1016/j.apsusc.2022.155673,https://doi.org/10.1016/j.apsusc.2022.155673,WOS:000935581600003,701,ed9cacb65c8b1bcae51db0c0c2c0773202b0714187f176821576672a9baf8d18
WOS:001619473400009,Wasted lychee wood derived multi-heteroatom doped hard carbon for superior sodium-ion storage,2026,10.1016/j.est.2025.119332,https://doi.org/10.1016/j.est.2025.119332,WOS:001619473400009,702,173d8b4a3c85ff17fc892b601b6194dda1f24c8c10f298fe5a59aacc2624bed7
WOS:000457724000001,Ti3C2Tx MXene decorated with Sb nanoparticles as anodes material for sodium-ion batteries,2019,10.1088/1361-6528/aafcef,https://doi.org/10.1088/1361-6528/aafcef,WOS:000457724000001,703,cc20f1dbfa1469e9ab5e3eaea4d5497cd1eecf113f4666932df95cf456e0f519
WOS:001173763400001,Three-phase Sn-based heterostructure nanoparticles anchored on N-doped graphene as a promising anode for lithium/sodium storage,2024,10.1016/j.jelechem.2024.118063,https://doi.org/10.1016/j.jelechem.2024.118063,WOS:001173763400001,704,4820bbdacb0f54597a9f54bb39b4b81f3b0a9949744803ca127a51a5746b6eb9
WOS:000821907900001,Insight to Se-doping effects on Fe7S8/carbon nanotubes composite as anode for sodium-ion batteries,2022,10.1016/j.jpowsour.2022.231458,https://doi.org/10.1016/j.jpowsour.2022.231458,WOS:000821907900001,705,812bee10985a833135816a1e9aa8082e3271353d24d425f6f1ff1f7f06484a1e
WOS:000458705500064,Micrometer-Sized Nanoporous Sb/C Anode with High Volumetric Capacity and Fast Charging Performance for Sodium-Ion Batteries,2018,10.1021/acsaem.8b00416,https://doi.org/10.1021/acsaem.8b00416,WOS:000458705500064,706,b2eeefc0722111cd9ca73fb28a67276c5072d23ec70b5fd48afb48f86538cad0
WOS:000953204900001,Unprecedented Cyclability and Moisture Durability of NaCrO2 Sodium-Ion Battery Cathode via Simultaneous Al Doping and Cr2O3 Coating,2023,10.1021/acsami.2c23236,https://doi.org/10.1021/acsami.2c23236,WOS:000953204900001,707,ff2d215674b57de57d48895dbe2e790bf57c21f545f6ab229bcdc3e673c55bfd
WOS:000354220000015,A Composite Gel-Polymer/Glass-Fiber Electrolyte for Sodium-Ion Batteries,2015,10.1002/aenm.201402235,https://doi.org/10.1002/aenm.201402235,WOS:000354220000015,708,269eae50dae8aad8d7a0661d6817ac6cf77ac1400cbe0b6a1c4f53394c6b937d
WOS:001215571100001,Na3.8MnV0.8Zr0.2(PO4)3< /sub>/C/rGO composite cathode for sodium-ion battery with enhanced cycling stability and rate capability,2024,10.1007/s42823-024-00739-9,https://doi.org/10.1007/s42823-024-00739-9,WOS:001215571100001,709,f4349f3859b0b4e88ecb6048ea95277ef9820396b7929c6ca0207bf994130200
WOS:001389981000001,Co-operative Interaction of Multiple Ions for P2-Type Sodium-Ion Battery Cathodes at High-Voltage Cyclability,2025,10.1021/acsaem.4c01982,https://doi.org/10.1021/acsaem.4c01982,WOS:001389981000001,710,9808cbf899714a42f67da0ad47027d5f5560adfe591e2bb78acd7dc864132a91
WOS:000485947800024,Sodium Storage in Coal/Biomass-Derived Carbon/Carbon 3D Networks,2019,10.1002/celc.201901176,https://doi.org/10.1002/celc.201901176,WOS:000485947800024,711,98faad57b1efa2d67daa46db9d8eaddfd8250c247b3198e90501964dea6ce6e2
WOS:000665625900010,Pillar-beam structures prevent layered cathode materials from destructive phase transitions,2021,10.1038/s41467-020-20169-1,https://doi.org/10.1038/s41467-020-20169-1,WOS:000665625900010,712,d983df953b942614b99bd0c18a7623cbcaa8012983253c90bfe47c2aee5e6d0b
WOS:001451065400001,Enhancing the structural stability and strength of P2-type layered oxide sodium ion battery cathodes by Zn/F dual-site doping,2025,10.1016/j.cej.2025.161676,https://doi.org/10.1016/j.cej.2025.161676,WOS:001451065400001,713,b93b2c2d2671af68fcde67d2a23edcc9a4ef7aa2d3eab440da1bb7e54c19fbb1
WOS:000614754500001,Iron substituted layered P2-type Na1/2Ti6/10Ni3<su b>/10Fe1/10O2 as innovative anode material for rechargeable sodium batteries,2021,10.1016/j.inoche.2020.108383,https://doi.org/10.1016/j.inoche.2020.108383,WOS:000614754500001,714,b9a02819fe6adb8a32efe5d47a0616c1200729dee899bdf13c2a8e2e811f42ae
WOS:000380746100070,Sb2S3 embedded in amorphous P/C composite matrix as high-performance anode material for sodium ion batteries,2016,10.1016/j.electacta.2016.05.190,https://doi.org/10.1016/j.electacta.2016.05.190,WOS:000380746100070,715,b91091d7e3f3bc9df2dbcbeeb018cc867297b065f3811cafbded90400e6bab91
WOS:000863464600004,Performance analysis of Na-ion batteries by machine learning,2022,10.1016/j.jpowsour.2022.232126,https://doi.org/10.1016/j.jpowsour.2022.232126,WOS:000863464600004,716,e96b8dc88cd29cbb17f1f1d56534634b16fbae695781d09a3db657bd9d995114
WOS:000378755200048,Organic sodium terephthalate@graphene hybrid anode materials for sodium-ion batteries,2016,10.1039/c6ra11809g,https://doi.org/10.1039/c6ra11809g,WOS:000378755200048,717,38811c41cb77cab321cdcaf4f9f40d207b2fc53ff7169f5450dac146af05908a
WOS:000574675800001,Tin-Containing Graphite for Sodium-Ion Batteries and Hybrid Capacitors,2021,10.1002/batt.202000196,https://doi.org/10.1002/batt.202000196,WOS:000574675800001,718,3486dc16e2bce146290df9e2f60ea5454710caca5cfb61622aa4e3f16879415f
WOS:000430904200010,Habit plane-driven P2-type manganese-based layered oxide as long cycling cathode for Na-ion batteries,2018,10.1016/j.jpowsour.2018.02.053,https://doi.org/10.1016/j.jpowsour.2018.02.053,WOS:000430904200010,719,1b71936ba6de541d048be02c5ef82de7bce979c8612ef057219fb8e0dcf828f1
WOS:001540322900001,Efficient preparation and modification of NaFe0.33Ni0.38Mn0.38O2 as advanced cathode materials for sodium-ion battery via ultrasound-microwave assisted hydrothermal method,2025,10.1016/j.matchemphys.2025.131278,https://doi.org/10.1016/j.matchemphys.2025.131278,WOS:001540322900001,720,b93e1c22b4cefb5a66527c928103564acfb4215776064fafb697fefaa00dc40f
WOS:001184259300001,N-doped graphene quantum dot-decorated MOF-derived yolk-shell ZnO/ NiO hybrids to boost lithium and sodium ion battery performance,2024,10.1016/j.apsusc.2024.159702,https://doi.org/10.1016/j.apsusc.2024.159702,WOS:001184259300001,721,6d7b3a9651c7630b3be9deb04574bd0f304dca1b4aeee71ac0caa666e59ab9de
WOS:000330097900010,Na2FeP2O7: A Safe Cathode for Rechargeable Sodium-ion Batteries,2013,10.1021/cm401657c,https://doi.org/10.1021/cm401657c,WOS:000330097900010,722,19661e85fbe0b7ddb9c8aa25d5e93cb101dc2a68f4e43445efdcba0bd045fda6
WOS:000711030600028,Stable Li+/Na+ Batteries with Anodes Boosted by Hollow Tubular-Structured MoS2 Nanosheet/N-Doped Carbon Nanosheet Composites,2021,10.1021/acsanm.1c01747,https://doi.org/10.1021/acsanm.1c01747,WOS:000711030600028,723,c8be3927dfa95623f8976f3495b41b925b36b01971685e17a6619b8b17011b1b
WOS:000384910500074,The importance of solid electrolyte interphase formation for long cycle stability full-cell Na-ion batteries,2016,10.1016/j.nanoen.2016.07.030,https://doi.org/10.1016/j.nanoen.2016.07.030,WOS:000384910500074,724,d4f0b0fe19ba0f7c8c1ca74b54ad04c5707b561b7afba4b9197efa5e8fe3e39f
WOS:000513245800005,Composites of Sb2O4 and Biomass-Derived Mesoporous Disordered Carbon as Versatile Anodes for Sodium-Ion Batteries,2020,10.1002/slct.201904600,https://doi.org/10.1002/slct.201904600,WOS:000513245800005,725,4f2f756a235052d11081b591fce5467022e9524e918f2ceef9ecd91e29ec6086
WOS:000654073400008,Electrochemical Activity of Positive Electrode Material of P2-Nax[Mg0.33Mn0.67]O2</sub > Sodium Ion Battery,2021,10.15541/jim20200534,https://doi.org/10.15541/jim20200534,WOS:000654073400008,726,319a6c1eeccd70b9b73048f1d62318739332f67741911a9ca1eff88ca4eab21d
WOS:000494964300001,Three-Sodium Ion Activity of a Hollow Spherical Na3V2(PO4)2F3 Cathode: Demonstrating High Capacity and Stability,2020,10.1002/batt.201900147,https://doi.org/10.1002/batt.201900147,WOS:000494964300001,727,b56f5f46024ed56fbfac83877c30e16febcb411af4600c1cd91f05bab4acc300
WOS:001338682700001,Synthesis of Rod-Like Sb2Se3@MWCNT as Conductive-Additive Free Anode for Sodium-Ion Batteries,2025,10.1002/batt.202400378,https://doi.org/10.1002/batt.202400378,WOS:001338682700001,728,c68f3994113dabe083f6d3cfe85bbf9f44f70dbe6e5876a398e3416f0def2595
WOS:000364614800008,Design of a Sodium-ion Cell with a Carbon-free Li4Ti5O12 Negative Electrode,2015,10.5796/electrochemistry.83.989,https://doi.org/10.5796/electrochemistry.83.989,WOS:000364614800008,729,832f47e779d5a49eb15cd5c314d8f954042b91ffa32c813e380c7fc7083c7543
WOS:000468337500050,Bimetallic ZIF-derived polyhedron ZnCo2O4 anchored on the reduced graphene oxide as an anode for sodium-ion battery,2019,10.1007/s11581-019-02982-x,https://doi.org/10.1007/s11581-019-02982-x,WOS:000468337500050,730,c46868a68ecb87b64fb0f6cc3290e657e6fa4f801741f44cdb5eb0a164217efe
WOS:000534493000012,Manipulating the stress of Sn in carbon structure to realize long-life high performance sodium ion battery anode material,2020,10.1016/j.jallcom.2020.155177,https://doi.org/10.1016/j.jallcom.2020.155177,WOS:000534493000012,731,41657a5c8315e20de7cd1799f9ae6c9bca3a48b118b05e31f37fd0b2c80548f4
WOS:000455642500029,Carbon quantum dots from glucose oxidation as a highly competent anode material for lithium and sodium-ion batteries,2019,10.1016/j.electacta.2018.11.167,https://doi.org/10.1016/j.electacta.2018.11.167,WOS:000455642500029,732,bbf577f6f3066b6812cbef98e78dc912e97fdcef6615da5991867c0b3e644ff2
WOS:000426491600005,A Top-Down Strategy toward SnSb In-Plane Nanoconfined 3D N-Doped Porous Graphene Composite Microspheres for High Performance Na-Ion Battery Anode,2018,10.1002/adma.201704670,https://doi.org/10.1002/adma.201704670,WOS:000426491600005,733,8056177f8eec18b80dea88cb865130e7fd79411fc63d759d79f28acd7fa7b919
WOS:000641079100006,Engineering stable and fast sodium diffusion route by constructing hierarchical MoS2 hollow spheres,2021,10.1016/j.jcis.2021.03.112,https://doi.org/10.1016/j.jcis.2021.03.112,WOS:000641079100006,734,df99a00b51b3556451ed7d5f768c424319b99f8e20850a87a2dd905f279b8d0c
WOS:000508464500050,"Chalcopyrite-Derived NaxMO2 (M = Cu, Fe, Mn) Cathode: Tuning Impurities for Self-Doping",2020,10.1021/acsami.9b17952,https://doi.org/10.1021/acsami.9b17952,WOS:000508464500050,735,e4e1975d538582a510377cec93bd8e71fab35046296d57f4820abaa751b522fe
WOS:000613031800001,Design and Construction of 3D Porous Na3V2(PO4)3/C as High Performance Cathode for Sodium Ion Batteries,2021,10.1007/s40242-021-0433-y,https://doi.org/10.1007/s40242-021-0433-y,WOS:000613031800001,736,721418003dc0bd125cd97d8eda5944cfbda7027cfba0621c861caf839e50c593
WOS:001569984400001,"An S-Infused/S, F-Codoped PVDF-Derived Carbon as a High-Performance Anode for Sodium-Ion Batteries",2025,10.3390/ma18174018,https://doi.org/10.3390/ma18174018,WOS:001569984400001,737,b4636f3eb68d80ed211efc0daf4f3440908c635b2f98168ebf76ea2a2dbcf732
WOS:000542802300002,MXene-Derived Defect-Rich TiO2@rGO as High-Rate Anodes for Full Na Ion Batteries and Capacitors,2020,10.1007/s40820-020-00471-9,https://doi.org/10.1007/s40820-020-00471-9,WOS:000542802300002,738,585e2a846b4f7fd1dd68be3bb1cce0f38171e8ae39c29a3ee761ec21dfaaffb6
WOS:000461014900015,Single crystalline nanorods of Na0.44MnO2 enhanced by reduced graphene oxides as a high rate and high capacity cathode material for sodium-ion batteries,2019,10.1016/j.electacta.2019.02.074,https://doi.org/10.1016/j.electacta.2019.02.074,WOS:000461014900015,739,087e24abf599b8e9e83bab9fdc89392e6abd135b2da0c5c71dfb80acb8b735a4
WOS:000700097400002,Conductive carbon networks in surface coating of GeP rods toward high-performance lithium/sodium-ion battery anode,2021,10.1016/j.surfin.2021.101461,https://doi.org/10.1016/j.surfin.2021.101461,WOS:000700097400002,740,5252796b953ee40798c0a39ca4dc774d7c85a5ed00fbb8158eb53e764a5c94ad
WOS:001502755600002,Gentle self-assembled freeze-thaw synthesis of graphene/SnO2 composite aerogel for sodium-ion battery anodes,2025,10.1016/j.apsusc.2025.163610,https://doi.org/10.1016/j.apsusc.2025.163610,WOS:001502755600002,741,783d7699f279b593493fbad1371d8e31788086adad2825fe16bc31b739b94f83
WOS:000391820800028,Self-assembled twine-like Na2Ti3O7 nanostructure as advanced anode for sodium-ion batteries,2017,10.1016/j.jallcom.2016.12.152,https://doi.org/10.1016/j.jallcom.2016.12.152,WOS:000391820800028,742,2ac3093fc908ddd78ba69cefb60d3eec06713e4afad030e747a604dbd78f4ff5
WOS:000363163200027,High rate sodium ion battery anodes from block copolymer templated mesoporous nickel-cobalt carbonates and oxides,2015,10.1039/c5ta04520g,https://doi.org/10.1039/c5ta04520g,WOS:000363163200027,743,65468d3eeeccba755b11508cc39f0e3855e423e0ea206b3c843c95ec4d2d9055
WOS:001622107100004,Lignin-derived hard carbon with tailored microstructure as anode for high-performance sodium-ion battery,2026,10.1016/j.jelechem.2025.119644,https://doi.org/10.1016/j.jelechem.2025.119644,WOS:001622107100004,744,4672bfd21c650e2186b0b3618518775ff3ac200eed9324d12c3c82202500a22e
WOS:001201920700001,Pitch-derived P-doped carbon/GeP3 composite via ball milling towards enhanced sodium-ion storage,2024,10.1016/j.elecom.2024.107698,https://doi.org/10.1016/j.elecom.2024.107698,WOS:001201920700001,745,633a1393b15127fc6c660a63464de867179abd3105ba9e8e88458ae019e79457
WOS:000821440400002,Superior cycling stability of saturated graphitic carbon nitride in hydrogel reduced graphene oxide anode for Sodium-ion battery,2022,10.1016/j.flatc.2022.100351,https://doi.org/10.1016/j.flatc.2022.100351,WOS:000821440400002,746,155985d204346e776e3779ea6cba7b9f6bcb2bb2cceecfffce6c858770d69913
WOS:000593858900001,Nanostructured LiTi2(PO4)3 anode with superior lithium and sodium storage capability aqueous electrolytes,2021,10.1016/j.jpowsour.2020.229110,https://doi.org/10.1016/j.jpowsour.2020.229110,WOS:000593858900001,747,e7bff0eff8d2d28a676fcd2c364bdd44698aff78970493e7f4972665c486ee82
WOS:000370044500004,Highly Ordered Dual Porosity Mesoporous Cobalt Oxide for Sodium-Ion Batteries,2016,10.1002/admi.201500464,https://doi.org/10.1002/admi.201500464,WOS:000370044500004,748,3b0cbddf2c0d2aa6929ec8843ff1d5f10369503a170d8933cd53a7c61c82d06e
WOS:000610422600016,Na3V2(PO4)3@C prepared by one-step carbothermal reduction acting as cathode material for sodium-ion batteries,2020,10.1166/mex.2020.1855,https://doi.org/10.1166/mex.2020.1855,WOS:000610422600016,749,4f204f0a185418664da02844c403d290a9f6f808541d7109c6aa0570b6eb2f58
WOS:001309906700001,N/S dual-doped KB-decorated Na3V2(PO4)2F3 as high-performance cathode for advanced sodium storage properties,2024,10.1007/s11581-024-05803-y,https://doi.org/10.1007/s11581-024-05803-y,WOS:001309906700001,750,598a56b2284b793e80a032c43f777599726bd37514ae3d4f0fb87087845fa1b5
WOS:000509689700024,Template directed hydrothermal synthesis of flowerlike NiSex/C composites as lithium/sodium ion battery anodes,2020,10.1007/s10853-019-04200-5,https://doi.org/10.1007/s10853-019-04200-5,WOS:000509689700024,751,4984ee9a2759a23c2eee5b2301a3abc6815ee58bb9cb7178f2d38b5f89f1c10c
WOS:000554982500089,Free-Standing NiS2 Electrode as High-Rate Anode Material for Sodium-ton Batteries,2020,10.1166/jnn.2020.18823,https://doi.org/10.1166/jnn.2020.18823,WOS:000554982500089,752,afd68a2edb2f95c54f50ff8d66c1f4480dce42db98070a71b02c25c12a42cf77
WOS:000410659800057,Bio-inspired spider-web-like membranes with a hierarchical structure for high performance lithium/sodium ion battery electrodes: the case of 3D freestanding and binder-free bismuth/CNF anodes,2017,10.1039/c7nr04912a,https://doi.org/10.1039/c7nr04912a,WOS:000410659800057,753,3926fab5325877e0d279ce04fbf1b29b5fc6b6ffb69551afae398e4a68b39de0
WOS:000507378300045,In-situ growth of V-shaped CoSe2 nanorods on graphene with C-Co bonding for high-rate and long-life sodium-ion batteries,2020,10.1016/j.jallcom.2019.153359,https://doi.org/10.1016/j.jallcom.2019.153359,WOS:000507378300045,754,bd83a07e3cbb8bc61ba77dacee14b9abb252200191191c3c6ac653e4728db2be
WOS:000401101700026,MgFe2O4 hollow microboxes derived from metal-organic-frameworks as anode material for sodium-ion batteries,2017,10.1016/j.matlet.2017.04.069,https://doi.org/10.1016/j.matlet.2017.04.069,WOS:000401101700026,755,32d795bcc6c01f9c322f5ab38148d924b9b362282c72dc46f3aaa08cbc7cebb7
WOS:000930966700001,Mnx+ Substitution to Improve Na3V2(PO4)2F3-Bas ed Electrodes for Sodium-Ion Battery Cathode,2023,10.3390/molecules28031409,https://doi.org/10.3390/molecules28031409,WOS:000930966700001,756,04c99194cce3032eee5eb1baf13b5a15a83fbb2d8c3544c42fb60e5b6dd75861
WOS:001375887300001,Physicochemical analysis of activated charcoal/solid biopolymer electrolyte (gellan gum) with NaI/Na0.60CoO2 towards solid-state Na-ion battery application,2025,10.1007/s10008-024-06153-5,https://doi.org/10.1007/s10008-024-06153-5,WOS:001375887300001,757,deadced78eb521b67b889912ee9aca1758ca1709d7ecafa056639bcde4aa36a0
WOS:001605595000005,"Multidimensional carbon architecture empowering Na4Fe3(PO4)2P2O7 cathode: An ultra-stable sodium-ion battery design enduring 10,000 cycles",2025,10.1016/j.cej.2025.169364,https://doi.org/10.1016/j.cej.2025.169364,WOS:001605595000005,758,98af0d637bd7b80c4a4e2e56e4723e8796d042ec3967bfe6e0398e3426374c94
WOS:000925793600001,Hybridization of Layered Titanium Oxides and Covalent Organic Nanosheets into Hollow Spheres for High-Performance Sodium-Ion Batteries with Boosted Electrical/Ionic Conductivity and Ultralong Cycle Life,2023,10.1021/acsnano.2c11699,https://doi.org/10.1021/acsnano.2c11699,WOS:000925793600001,759,91431bf64175cf99ee4a3977ae8285337b0a1a42cd1cd6b654b42207e4846d7b
WOS:000423005300040,Enhanced electrochemical performance of SnS nanoparticles/CNTs composite as anode material for sodium-ion battery,2018,10.1016/j.cclet.2017.06.019,https://doi.org/10.1016/j.cclet.2017.06.019,WOS:000423005300040,760,1fd9776fe6f03f938d4a4323105bdab1e77e98962ca7bfb96427d1bc6b39d209
WOS:001397391500001,Local Structure Regulation for Oxygen Redox and Structure Stability of P2-Type Cathodes,2025,10.1002/smll.202411052,https://doi.org/10.1002/smll.202411052,WOS:001397391500001,761,c386bfaeaeaf61ee650cca4f8666ba2b176789c0c8f59b0d0edf804860b81780
WOS:000487931500009,Blocks of molybdenum ditelluride: A high rate anode for sodium-ion battery and full cell prototype study,2019,10.1016/j.nanoen.2019.103951,https://doi.org/10.1016/j.nanoen.2019.103951,WOS:000487931500009,762,84ceb0c834816a9f6b65cda94211904aceca3d8e21ef35288cccb62666d56d0f
WOS:000395018100013,Influence of sol-gel precursors on the electrochemical performance of NaMn0.33Ni0.33Co0.33O2 positive electrode for sodium-ion battery,2017,10.1007/s11581-016-1824-9,https://doi.org/10.1007/s11581-016-1824-9,WOS:000395018100013,763,f52fbdee7b9bd5328720ff3aa5cf11dec4aba7a1a4d13d9a87a1422333ba77c2
WOS:000360322000004,Lattice Breathing Inhibited Layered Vanadium Oxide Ultrathin Nanobelts for Enhanced Sodium Storage,2015,10.1021/acsami.5b06154,https://doi.org/10.1021/acsami.5b06154,WOS:000360322000004,764,a5369ccb89fc4e1e5991f4f24e3730ed8794d14928b689932318d5b9a7781fc3
WOS:000621259000001,Hierarchical Composite of Sb2S3 decorated on highly crumpled Ti3C2Tx nanosheets for enhanced sodium storage properties,2021,10.1016/j.electacta.2021.137835,https://doi.org/10.1016/j.electacta.2021.137835,WOS:000621259000001,765,b500ef20066f53ddfd7484cabd56b1cc00f7c7df2ebaaf72eec81cbb791661c3
WOS:000684284700001,Synthesis of bimetallic sulfide FeCoS4@carbon nanotube graphene hybrid as a high-performance anode material for sodium-ion batteries,2021,10.1016/j.cej.2021.130070,https://doi.org/10.1016/j.cej.2021.130070,WOS:000684284700001,766,bce313f3c1e17b2fa0568e558be12554d9410fcf1a5ba9ced2977c0703f0fbee
WOS:000396223500033,SnO2 particles anchored on N-doped graphene surface as sodium-ion battery anode with enhanced electrochemical capability,2017,10.1016/j.apsusc.2016.10.109,https://doi.org/10.1016/j.apsusc.2016.10.109,WOS:000396223500033,767,b7ebb8851eaea6dd6ef3b115ff6446f4644a3d3cc6eb207877a37eb293332821
WOS:000345124600087,Novel copper redox-based cathode materials for room-temperature sodium-ion batteries,2014,10.1088/1674-1056/23/11/118202,https://doi.org/10.1088/1674-1056/23/11/118202,WOS:000345124600087,768,56264d8fef175ee653a81fd31f5e7d6aae2036d4dfbe13c6287948abb845b642
WOS:000779670300003,Tailoring of hierarchical MnMoO4/C nanocauliflowers for high-performance lithium/sodium ion half/full batteries,2022,10.1016/j.jallcom.2022.164394,https://doi.org/10.1016/j.jallcom.2022.164394,WOS:000779670300003,769,dfca2d0928d675e497dac7b6896f06f0116945cd780f08ff0ade6407a8e84621
WOS:000515499900190,Sulfur-Deficient Porous SnS2-x Microflowers as Superior Anode for Alkaline Ion Batteries,2020,10.3390/ma13020443,https://doi.org/10.3390/ma13020443,WOS:000515499900190,770,b13192c707a8295486a3d95d45d120eee8f69b7ff183a3655fc30bf26739afa8
WOS:001468732500001,The interactions of multiphase metal sulfide-based composites make high-conductivity sodium-ion battery anode materials feasible,2025,10.1016/j.jallcom.2025.180331,https://doi.org/10.1016/j.jallcom.2025.180331,WOS:001468732500001,771,0b6f4843575dfad9cab2a041f0f3084124435a39aa19162a2c29b76a0fda0fa7
WOS:000353731700026,Synthesis of lithium titanate nanorods as anode materials for lithium and sodium ion batteries with superior electrochemical performance,2015,10.1016/j.jpowsour.2015.02.061,https://doi.org/10.1016/j.jpowsour.2015.02.061,WOS:000353731700026,772,406af282f97c55b33d78727a852405b888a03c19aa19ebad4cc912e6cb00575b
WOS:000414106100013,Microwave-Assisted Synthesis of NiCo2O4 Double-Shelled Hollow Spheres for High-Performance Sodium Ion Batteries,2018,10.1007/s40820-017-0164-2,https://doi.org/10.1007/s40820-017-0164-2,WOS:000414106100013,773,a51168850f66254ff25d313ab24e27eed364632336e90333f463465177f796d9
WOS:001503902200003,Open sesame: tailoring the microstructure of biomass-derived hard carbon for high-efficiency sodium-ion battery anodes,2025,10.1016/j.cej.2025.163768,https://doi.org/10.1016/j.cej.2025.163768,WOS:001503902200003,774,4c639719b40a12eb547886db8fce04216da8015a51fe69ed7b62df86f110d3dc
WOS:000531741000007,"Chemical Grafting-derived N, P Co-doped Hollow Microporous Carbon Spheres for High-Performance Sodium-ion Battery Anodes",2020,10.1016/j.apsusc.2020.146221,https://doi.org/10.1016/j.apsusc.2020.146221,WOS:000531741000007,775,c15ca1ba0be6ab37b17725e0f71073703283dafe65ce7c53d4143b35dbaebaea
WOS:000428103100042,Carbon embedded SnSb composite tailored by carbothermal reduction process as high performance anode for sodium-ion batteries,2018,10.1016/j.jiec.2017.11.032,https://doi.org/10.1016/j.jiec.2017.11.032,WOS:000428103100042,776,ff8084d8633ac8a5b9fe2fb74b11e456112f902ef995dc58aab4583d8d3cc503
WOS:000648865700003,Modification of the morphology of Na3V2(PO4)2F3 as cathode material for sodium-ion batteries by polyvinylpyrrolidone,2021,10.1016/j.ceramint.2021.03.030,https://doi.org/10.1016/j.ceramint.2021.03.030,WOS:000648865700003,777,7c0768d2ef56d44b6039f4bb8b3a96f188dc3ef09d8762c2c30f900d92dfe242
WOS:000466988800048,Polypyrrole-Coated Sodium Manganate Hollow Microspheres as a Superior Cathode for Sodium Ion Batteries,2019,10.1021/acsami.9b02555,https://doi.org/10.1021/acsami.9b02555,WOS:000466988800048,778,d85d33e2b135628f3973df0ab5f0c9d990933ffe800154e88697b1404577bc5a
WOS:001514054600001,Sodium-ion battery cathode materials: towards improved energy-based descriptors for investigating material stability against moisture,2025,10.1039/d5qi00892a,https://doi.org/10.1039/d5qi00892a,WOS:001514054600001,779,9843da509a5e42e8823b9891e013307bc960caf11e2c2f7c42d02db245defe80
WOS:000722585300002,Construction of simultaneous modified Na3V2(PO4)3/C cathode with K/Zr substitution and carbon nanotubes enwrapping for high performance sodium ion battery,2022,10.1016/j.ceramint.2021.09.115,https://doi.org/10.1016/j.ceramint.2021.09.115,WOS:000722585300002,780,603d09cf49b8278da1ddcea9bb7fd32ab18015ffb2c76f90249fb0af3e6eea6b
WOS:000501399800015,3D pollen-scaffolded NiSe composite encapsulated by MOF-derived carbon shell as a high-low temperature anode for Na-ion storage,2019,10.1016/j.compositesb.2019.107538,https://doi.org/10.1016/j.compositesb.2019.107538,WOS:000501399800015,781,741dd4b8c9b158dcf9e51fe2c9c7041cc20f932503a2f73f441a29d0c819a98d
WOS:000678382900052,Nitrogen-Doped Porous Carbon Framework Supports Ultrafine FeS2 Nanoparticles as Advanced Performance Anode Materials for Sodium-Ion Batteries,2021,10.1021/acsaem.1c00967,https://doi.org/10.1021/acsaem.1c00967,WOS:000678382900052,782,1774fee1632fb18db690d114d1e774885245c2784d8440b8d1e42df2f1c69134
WOS:000872288500001,Sosnowskyi Hogweed-Based Hard Carbons for Sodium-Ion Batteries,2022,10.3390/batteries8100131,https://doi.org/10.3390/batteries8100131,WOS:000872288500001,783,da6657b611b58aaef91b796b873b0d7ad49cf678dea21d4b760f28cc95ef9c97
WOS:000434241800022,A high rate capability and long lifespan symmetric sodium-ion battery system based on a bipolar material Na2LiV2(PO4)3/C,2018,10.1039/c8ta01314d,https://doi.org/10.1039/c8ta01314d,WOS:000434241800022,784,fbebf1364beb650000b8f5618635e5413de3226ae8c0e5dd7077846da137f064
WOS:000653614100002,Ultra-stable carbon-coated sodium vanadium phosphate as cathode material for sodium-ion battery,2022,10.1007/s12598-021-01743-y,https://doi.org/10.1007/s12598-021-01743-y,WOS:000653614100002,785,e994f14b7f8d6014d38ac9f1790930d3728eaeae6ea17ea283729f766d22a99f
WOS:001079401700001,Sustainable Fabrication of a Practical Hard Carbon Anode for a Sodium-Ion Battery with Unprecedented Long Cycle Life,2023,10.1021/acssuschemeng.3c03765,https://doi.org/10.1021/acssuschemeng.3c03765,WOS:001079401700001,786,1baafc8239da98532b1553bfa5f4eb3375443559c033c1ef475d61ec5da91839
WOS:000429262900028,Graphitic carbon foams as anodes for sodium-ion batteries in glyme-based electrolytes,2018,10.1016/j.electacta.2018.03.084,https://doi.org/10.1016/j.electacta.2018.03.084,WOS:000429262900028,787,9793dc9138e9dcad23801639041cf1f536f66e6e302a64c4e4321cc3c4754050
WOS:000929523500001,High-rate performance and super long-cycle stability of Na3V2(PO4)3 cathode material coated by diatomic doped carbon,2023,10.1007/s12598-022-02204-w,https://doi.org/10.1007/s12598-022-02204-w,WOS:000929523500001,788,12302e54a18b25dfb4a1c12e19949ab5530a25337be07c4ed504ad07e062ad8c
WOS:000505221700089,Substantial doping engineering in Na3V2-xFex(PO4)3 (0≤x≤0.15) as high-rate cathode for sodium-ion battery,2020,10.1016/j.matdes.2019.108287,https://doi.org/10.1016/j.matdes.2019.108287,WOS:000505221700089,789,d1c0d99596bfee9a1e40c140b094ac894f651d080efb9733eab4100b4e801b67
WOS:000669533800089,Prussian White with Near-Maximum Specific Capacity in Sodium-Ion Batteries,2021,10.1021/acsaem.1c00987,https://doi.org/10.1021/acsaem.1c00987,WOS:000669533800089,790,de78f2b6194da286406e616acd42f1633af95b4ab99349eeabeb1b78172ff84b
WOS:000446283100019,A porous poly (vinylidene fluoride-co-hexafluoropropylene) based separator-cum-gel polymer electrolyte for sodium-ion battery,2018,10.1016/j.jelechem.2018.08.032,https://doi.org/10.1016/j.jelechem.2018.08.032,WOS:000446283100019,791,d2f9f3369ca1aedc5f89ea8a7bee3ff3cf2342d59b6580197f7449c956620747
WOS:001448880800001,Two-dimensional ScTe2 monolayer: An efficient anode material for sodium-ion battery and cathode material for lithium-ion and potassium-ion battery,2025,10.1016/j.commatsci.2025.113824,https://doi.org/10.1016/j.commatsci.2025.113824,WOS:001448880800001,792,de02cc9706ef343e45bb1e7db8989669bbb02c3a7547d223b77ba356ceebfa3f
WOS:001007736100001,Precise surface selenizing modulation for amorphous MoP@MoSe2/SnP2O7 hierarchical nanofibers as sodium ion battery anode,2023,10.1016/j.apsusc.2023.157508,https://doi.org/10.1016/j.apsusc.2023.157508,WOS:001007736100001,793,20d77bb02da001de9392b70a8a64658bf43f5b6e569c1d7b00626c9d7795adb1
WOS:000398330200018,Phosphorus nanoparticles combined with cubic boron nitride and graphene as stable sodium-ion battery anodes,2017,10.1016/j.electacta.2017.03.055,https://doi.org/10.1016/j.electacta.2017.03.055,WOS:000398330200018,794,b6a7b71e14e5763bbb5812977dba3894222c58e409572fdc5799bd94ae1c9954
WOS:001224353100001,Boosting sodium-ion battery performance using Na3(VO)2(PO4)2F microrods self-embedded in a 3D conductive interpenetrated framework,2024,10.1016/j.jallcom.2024.174261,https://doi.org/10.1016/j.jallcom.2024.174261,WOS:001224353100001,795,30b97bc5283b6726e3d499c9a2be7e94c73a26afd4dc582062c909a44c40bc92
WOS:000471227300001,Tailoring sodium intercalation in graphite for high energy and power sodium ion batteries,2019,10.1038/s41467-019-10551-z,https://doi.org/10.1038/s41467-019-10551-z,WOS:000471227300001,796,0f89d34b87526783e70ab7a44b458a3ed6b998c1b60137d7621bc92c4819f433
WOS:001505101200002,Exploring BaxCoO2 as a potential cathode material for rechargeable batteries,2025,10.1007/s11706-025-0724-1,https://doi.org/10.1007/s11706-025-0724-1,WOS:001505101200002,797,7d0c38d9003f18acf9d30d45d876ba0b1d922bf0ba2f225fc9b051ebbb5039bf
WOS:001628269700014,In2O3-induced Na3V2(PO4)3 nanosized growth for enhanced Na3V2(PO4)3/C electrochemical properties,2026,10.1016/j.est.2025.119551,https://doi.org/10.1016/j.est.2025.119551,WOS:001628269700014,798,5ef316c73bf995f36d3d09364d69ebbcbcc2f9045d98920bd34dc894c11156b1
WOS:000497220600001,Hollow Structure VS2@Reduced Graphene Oxide (RGO) Architecture for Enhanced Sodium-Ion Battery Performance,2020,10.1002/celc.201901626,https://doi.org/10.1002/celc.201901626,WOS:000497220600001,799,2d128b2b6472977c583250d7e1698b0643371ca981b88d7b9b896eb0adf09a0b
WOS:000446645600011,Fabrication and Electrochemical Performance of Mesoporous α-Fe2O3 Anodes for Lithium and Sodium Ion Batteries,2018,10.11862/cjic.2018.221,https://doi.org/10.11862/cjic.2018.221,WOS:000446645600011,800,9a40a0518e78b00d65a0ad1c9579198e349212f38bfc444d906febe73294fe9e
WOS:000362920700027,Electrochemical and Chemical Properties of Na2NiO2 as a Cathode Additive for a Rechargeable Sodium Battery,2015,10.1021/acs.chemmater.5b02684,https://doi.org/10.1021/acs.chemmater.5b02684,WOS:000362920700027,801,1e278ab2a40c1fb5e14e07cc68422660490c22caeddaddaa9719608685769bdf
WOS:000462090800032,Superior electrochemical performance of sodium-ion full-cell using poplar wood derived hard carbon anode,2019,10.1016/j.ensm.2018.09.002,https://doi.org/10.1016/j.ensm.2018.09.002,WOS:000462090800032,802,0aa5629931af1ab95145a22644cbd555aa740c1864dab15513682dcdd4eb4792
WOS:000377412900044,Alkaline Excess Strategy to NASICON-Type Compounds towards Higher-Capacity Battery Electrodes,2016,10.1149/2.0041608jes,https://doi.org/10.1149/2.0041608jes,WOS:000377412900044,803,40bd5e102b2589417ea5e657ca5d2ec90d6bbda49b5eb72a0ccf96982c4787e6
WOS:000366018700010,Sodium storage capability of spinel Li4Mn5O12,2015,10.1016/j.electacta.2015.10.101,https://doi.org/10.1016/j.electacta.2015.10.101,WOS:000366018700010,804,66105fd464c8b15fa80f374b67ba4fc485446505e87f80b6256cd77806032eec
WOS:000486596000089,Design of an ultra-stable Sb2Se3 anode with excellent Na storage performance,2019,10.1016/j.jallcom.2019.151930,https://doi.org/10.1016/j.jallcom.2019.151930,WOS:000486596000089,805,7dea3d8dbc32c2019194c1914a26994df03b2b2a304a51f7e6512b151db5ea87
WOS:000585906600002,Design and fabrication of NaFePO4/MWCNTs hybrid electrode material for sodium-ion battery,2020,10.1007/s10854-020-04691-y,https://doi.org/10.1007/s10854-020-04691-y,WOS:000585906600002,806,ea0a7844e48c8c1e26150c466b373609b0fd58e44f81402b76c4f9bee3d2b26e
WOS:001271965700001,Advance Additive for High Voltage Capability and Superior Cycle Stability Sodium-Ion Battery,2024,10.1021/acs.energyfuels.4c01625,https://doi.org/10.1021/acs.energyfuels.4c01625,WOS:001271965700001,807,540209968df17542ead66c88dccddda7284d3c7339daecac4344a2daa0c4809a
WOS:001309622500001,The study on the improvement of sodium-ion battery electrolyte performance by sulfur-based additive,2024,10.1016/j.est.2024.113523,https://doi.org/10.1016/j.est.2024.113523,WOS:001309622500001,808,788cf6fe09191e7d2ee7ad4b716518007cbb699987e083c2678454b5e725f3ca
WOS:001614198900001,Upscaling Sodium-Ion Battery Cells: From Aqueous Processing to Performance Assessment of Hard Carbon|Prussian White Pouch Cells,2025,10.1002/aenm.202505344,https://doi.org/10.1002/aenm.202505344,WOS:001614198900001,809,ab3dd4c3d5af3fe99fec72f2eaf68da03edae1cedc604682f447757f2320731e
WOS:000356674900025,GeO2 decorated reduced graphene oxide as anode material of sodium ion battery,2015,10.1016/j.electacta.2015.05.055,https://doi.org/10.1016/j.electacta.2015.05.055,WOS:000356674900025,810,3df9ce626371761e7593cb647d12eb8dd0a9b961d48b4a5d534eb4fd1bc4ed12
WOS:001599343400003,"Recycling waste cotton into C@SiOx/MoSe2@CS@CF composites: Design, synthesis and high-performance sodium-ion battery anode applications",2025,10.1016/j.electacta.2025.147545,https://doi.org/10.1016/j.electacta.2025.147545,WOS:001599343400003,811,5b5762541116f4e394946c932b282bedf0afb6992fc6d4c51130f75b65d4d629
WOS:000348088400008,A promising cathode material of sodium-iron nickel hexacyanoferrate for sodium ion batteries,2015,10.1016/j.jpowsour.2014.10.196,https://doi.org/10.1016/j.jpowsour.2014.10.196,WOS:000348088400008,812,b39b2dddae9ff4bcf650873898fe4dcdf196418315944f1e225af52842d3e978
WOS:001599758600001,Synergistic Cu Doping and ZnO Encapsulation: Dual-Functional Modification for Enhanced Electrochemical Performance in P2-Type Sodium-Ion Battery Cathodes,2025,10.1007/s11665-025-12418-5,https://doi.org/10.1007/s11665-025-12418-5,WOS:001599758600001,813,1c9cb7a57ccfba974a969169b5b2e187e880c1358d8bee754ae826dfe8e04353
WOS:000616114000001,Three-Dimensional Graphene Network Decorated with Highly Symmetrical Cuboid Na3V2(PO4)2F3 Particles: High Rate Capability and Cycling Stability for Sodium-Ion Batteries,2021,10.1002/celc.202001514,https://doi.org/10.1002/celc.202001514,WOS:000616114000001,814,1cabc53b420b0e383f8f64738b02ecdd66fb6966c524f17ab966a02c89bd4b9a
WOS:000783569800001,Rational design of two dimensional single crystalline Na3V2(PO4)2F3 nanosheets for boosting Na+ migration and mitigating grain pulverization,2022,10.1016/j.cej.2022.135533,https://doi.org/10.1016/j.cej.2022.135533,WOS:000783569800001,815,fba6cfb32cd911d613fca27a0fad41143369581df892274b3f9ec3876c276acd
WOS:001025577900004,The cellulose nanocrystal (CNC)-reinforced chitosan composite as a potential substrate for flexible hard carbon anode in sodium-ion battery,2023,10.1007/s10570-023-05341-2,https://doi.org/10.1007/s10570-023-05341-2,WOS:001025577900004,816,8ae24e977d9833b4088220f652071bd26988e1e3ed10c0e5a82d4d7bee3c3196
WOS:001039596400001,Improvement of sodium storage performance of N-doped carbon coated NaTi2(PO4)3 derived from polyvinyl pyrrolidone,2023,10.1007/s10854-023-10982-x,https://doi.org/10.1007/s10854-023-10982-x,WOS:001039596400001,817,dc59d823a477b286400ca90978c6688899f4d21a03f71caecd160d5d39070b4a
WOS:000509471800025,Vertically constructed monolithic electrodes for sodium ion batteries: toward low tortuosity and high energy density,2019,10.1039/c9ta09644b,https://doi.org/10.1039/c9ta09644b,WOS:000509471800025,818,b75667991779f50e6ce696f5b44123707213170b0de52ecb586e62309a2aad45
WOS:000413971500009,Sb-doped SnO2/graphene-CNT aerogels for high performance Li-ion and Na-ion battery anodes,2017,10.1016/j.ensm.2017.06.006,https://doi.org/10.1016/j.ensm.2017.06.006,WOS:000413971500009,819,010bef9e83ffcf94090af566678f6079df3da4ef48df6cd04496bb46d10eb042
WOS:000389099100025,"NaN3 addition, a strategy to overcome the problem of sodium deficiency in P2-Na0.67[Fe0.5Mn0.5]O2 cathode for sodium-ion battery",2017,10.1016/j.jpowsour.2016.10.084,https://doi.org/10.1016/j.jpowsour.2016.10.084,WOS:000389099100025,820,a1d534fe86aca91aaddd642b50c1d4269b52b08876586dbc58709f1f3e6a6caa
WOS:000379552600004,Disordered 3D Multi-layer Graphene Anode Material from CO2 for Sodium-Ion Batteries,2016,10.1002/cssc.201600117,https://doi.org/10.1002/cssc.201600117,WOS:000379552600004,821,e3444aa8f5d5f1bf74d0af507061b16975ac4f006eba215ba1f3da9be9e134c9
WOS:001203836600001,Two-dimensional nanosheet arrays with chemically bonded Cu2S@NSC heterostructure for efficient sodium-ion storage,2024,10.1016/j.est.2024.111140,https://doi.org/10.1016/j.est.2024.111140,WOS:001203836600001,822,ac817a57f37e58af802e0f4780334ceea4dd29f9426a04d48ffe965b89c0ed50
WOS:000531470600064,Utilization of The Indonesian's Spent Tea Leaves as Promising Porous Hard Carbon Precursors for Anode Materials in Sodium Ion Batteries,2020,10.1007/s12649-019-00624-x,https://doi.org/10.1007/s12649-019-00624-x,WOS:000531470600064,823,81ac5a0a74e036722ed14a4dc7466ad2d835e989b55fddef30109a31555cbf75
WOS:000931263500001,Revealing the Origin of Transition-Metal Migration in Layered Sodium-Ion Battery Cathodes: Random Na Extraction and Na-Free Layer Formation,2023,10.1002/anie.202216174,https://doi.org/10.1002/anie.202216174,WOS:000931263500001,824,c3559055e2814a5b7886cef70ecb2f2c891a4c40701aa080ced285ef3b4d9c71
WOS:001146017800001,Entropy Tuning Stabilizing P2-Type Layered Cathodes for Sodium-Ion Batteries,2024,10.1002/adfm.202315437,https://doi.org/10.1002/adfm.202315437,WOS:001146017800001,825,3a0ecf3818ad86017fb06b1d44fd3b4aba7011e269b79c539f320cd8bf4b004a
WOS:001402849400001,Engineering CeO2-x/TiO2 heterostructure composite with active interface structure as an anode material for high electrochemical performance sodium-ion battery,2025,10.1016/j.matchemphys.2025.130412,https://doi.org/10.1016/j.matchemphys.2025.130412,WOS:001402849400001,826,a7f99cdea9b4d8f2988ee2b2d2dd27c7020eed90a788d278c50f0d13a9accbf9
WOS:000430690200005,Low-defect Na2Co[Fe(CN)6] synthesized by a facile electrostatic spray assisted coprecipitation method as cathode for sodium-ion batteries,2018,10.1016/j.electacta.2018.03.181,https://doi.org/10.1016/j.electacta.2018.03.181,WOS:000430690200005,827,9603436a43246afad1af8cfc5818c56b782bc959b87fcf67a9795cbfe7571a82
WOS:000462900600002,3D printing of hybrid MoS2-graphene aerogels as highly porous electrode materials for sodium ion battery anodes,2019,10.1016/j.matdes.2019.107689,https://doi.org/10.1016/j.matdes.2019.107689,WOS:000462900600002,828,5fea96ab25509594fc8764a090ed8159ad9661bb286402d7b339a5ef637a8621
WOS:001075944100008,High-performance flexible sodium-ion batteries enabled by high-voltage sodium vanadium fluorophosphate nanorod arrays,2023,10.1007/s40843-023-2550-2,https://doi.org/10.1007/s40843-023-2550-2,WOS:001075944100008,829,2fd5a04de68e5b753c1c16f4ae9e70d8c96c11fabab0097b31301ef8a0d386eb
WOS:001347768000001,Biomass derived hard carbon materials for sodium ion battery anodes: Exploring the influence of carbon source on structure and sodium storage performance,2024,10.1016/j.fuel.2024.132141,https://doi.org/10.1016/j.fuel.2024.132141,WOS:001347768000001,830,7f8e6ed618b6e65155d028d3dd62d35884c0b107148b76b6d24768eb04a3445d
WOS:000426614100019,Vanadium Oxide Thin Film Formation on Graphene Oxide by Microexplosive Decomposition of Ammonium Peroxovanadate and Its Application as a Sodium Ion Battery Anode,2018,10.1021/acs.langmuir.8b00035,https://doi.org/10.1021/acs.langmuir.8b00035,WOS:000426614100019,831,78c2dbfb32cad1c215bc8716c435c4d2532b747d6695ed34efac93863b095dca
WOS:000802790100001,VS4 nanoarrays pillared Ti3C2Tx with enlarged interlayer spacing as anode for advanced lithium/sodium ion battery and hybrid capacitor,2022,10.1016/j.jpowsour.2022.231412,https://doi.org/10.1016/j.jpowsour.2022.231412,WOS:000802790100001,832,42a71348a96842208228818533dbf446e0846fbb909bbad9d309e3022f854406
WOS:001558154300001,Ionic Conductive Na3PO4 Coating P2-Na0.67Ni0.3Mn0.6Co0.1O<su b>2 to Generate Stable Cathodes for Sodium-Ion Batteries,2025,10.1007/s11664-025-12276-w,https://doi.org/10.1007/s11664-025-12276-w,WOS:001558154300001,833,f7cdb88a575245e64b2df73fbf4a862affec5f49ac97ae79ecd5253e2bf879d9
WOS:000838177500004,Heterostructure of NiSe2/MnSe nanoparticles distributed on cross-linked carbon nanosheets for high-performance sodium-ion battery,2022,10.1016/j.apsusc.2022.154067,https://doi.org/10.1016/j.apsusc.2022.154067,WOS:000838177500004,834,dee1b8c7632ea45d5b05fa2eb1c4ca4cc8113eeb436824f7d56b6c111cd743a1
WOS:001217122700001,Double additive electrolyte solvation engineering to achieve long cycle and high capacity sodium-ion battery,2024,10.1016/j.cej.2024.151525,https://doi.org/10.1016/j.cej.2024.151525,WOS:001217122700001,835,4a51cf03ee384bd6a6762d012e59bf94f398354257a7f62c01a60aa83ff66383
WOS:000620511300002,Difference in the electron energy loss spectra between the spinel-type Na3LiTi5O12 and Li4Ti5O12 clarified by density functional theory calculations,2021,10.1016/j.commatsci.2020.110240,https://doi.org/10.1016/j.commatsci.2020.110240,WOS:000620511300002,836,5fe82bff55d85b5c301d8ca801cfd2a5ba2b015cc767f1f0ad0ac4a9f2413274
WOS:000450981100067,Sb2S3-rGO for high-performance sodium-ion battery anodes on Al and Cu foil current collector,2019,10.1016/j.jallcom.2018.10.103,https://doi.org/10.1016/j.jallcom.2018.10.103,WOS:000450981100067,837,4143cd7a0731c69237e41a3c7cf058bfdda02f5f7ef546448038d246b54ea520
WOS:001296356300001,Unveiling the structural integrity of tunnel-type Na0.44MnO2 cathode for sodium ion battery,2024,10.1039/d4ta03034f,https://doi.org/10.1039/d4ta03034f,WOS:001296356300001,838,a06ea82b3867b0dd737b44a1c77f7ea33016d27392d61392d3b1359f28076e9f
WOS:001278615800001,Rate-Dependent Stability and Electrochemical Behavior of Na3NiZr(PO4)3 in Sodium-Ion Batteries,2024,10.3390/nano14141204,https://doi.org/10.3390/nano14141204,WOS:001278615800001,839,290090eae3e692d25d0370da169f5341d05da9afb405e94983c69dc9308abfcc
WOS:001199010600001,Recent advances in research on cathodes for low-temperature sodium-ion batteries,2023,10.1016/j.pnsc.2023.12.021,https://doi.org/10.1016/j.pnsc.2023.12.021,WOS:001199010600001,840,63e422cabde17d8fbecd29499c3b5c9470fd8899392c7f58cb83c710167298df
WOS:000652656100002,Polyvinylpyrrolidone assisted synthesized ultra-small Na4Fe3(PO4)2(P2O< sub>7) particles embedded in 1D carbon nanoribbons with enhanced room and low temperature sodium storage performance,2021,10.1016/j.jpowsour.2021.229907,https://doi.org/10.1016/j.jpowsour.2021.229907,WOS:000652656100002,841,983450b3f75e1ebe4a44157dca64b7b28ee2577813e43f52dd880fa4c25402ef
WOS:000961199400001,Stable sodium-ion battery anode enabled by encapsulating Sb nanoparticles in spherical carbon shells,2023,10.1007/s10008-023-05483-0,https://doi.org/10.1007/s10008-023-05483-0,WOS:000961199400001,842,9448732c4e25be1a3bc33cf10ad3256ebfc52ffec8b2fe828c875e53414b5b22
WOS:000441527900044,Three-dimensional carbon framework as a promising anode material for high performance sodium ion storage devices,2018,10.1016/j.cej.2018.07.150,https://doi.org/10.1016/j.cej.2018.07.150,WOS:000441527900044,843,8f06ef3ad46bf3fb3111f9a7238134618e5760e954d6b2cca2347d6ae1c3c688
WOS:000863234100004,Microscale and molecular regulation for molybdenum disulfide with extended layer spacing for high-performance sodium ion battery anodes,2022,10.1016/j.jpowsour.2022.231994,https://doi.org/10.1016/j.jpowsour.2022.231994,WOS:000863234100004,844,432b2fb72659d58086de8768ebb5bb7bcbeab556317d96ab370840033e5d20e8
WOS:000880091200004,Regulation of MIL-88B(Fe) to design FeS2 core-shelled hollow sphere as high-rate anode for a full sodium-ion battery,2023,10.1016/j.cej.2022.139735,https://doi.org/10.1016/j.cej.2022.139735,WOS:000880091200004,845,0f9380aa17bc95466662574056c34e5050cf83047b485be402a149a91aa269e3
WOS:000515205600020,Biomass mediated multi layered NaNixCo1-xO2 (x=0.4) and α-Fe2O3 nanoparticles for aqueous sodium ion battery,2020,10.1016/j.jelechem.2019.113809,https://doi.org/10.1016/j.jelechem.2019.113809,WOS:000515205600020,846,77776b5791e01979ce651bf49640fadb5dad268f525e7c2f5d29bc4b5833cb34
WOS:000405202800041,Superior reversible tin phosphide-carbon spheres for sodium ion battery anode,2017,10.1016/j.nanoen.2017.06.014,https://doi.org/10.1016/j.nanoen.2017.06.014,WOS:000405202800041,847,29f638bd93b1258dc33405e3f16a4db2aa5389ee1ed9c7584490b12935d1300f
WOS:000443315400019,Ultrahigh rate binder-free Na3V2(PO4)3/carbon cathode for sodium-ion battery,2018,10.1016/j.jechem.2017.08.021,https://doi.org/10.1016/j.jechem.2017.08.021,WOS:000443315400019,848,c161717ef97cf1c9c7f16254e177894c1a0144138d410637e96b859619199f48
WOS:001618217500008,N-doped MnO/C submicron particles enabling long-cycle sodium-ion battery anodes,2025,10.1007/s10854-025-16173-0,https://doi.org/10.1007/s10854-025-16173-0,WOS:001618217500008,849,9d965eb438fa660d683d4ef6ecd7cbfc60518b27caa6b0572c1eb111b62b0de1
WOS:001225240700001,Electrospun Na3MnTi(PO4)3/C film: A multielectron-reaction and free-standing cathode for sodium-ion batteries,2024,10.1016/j.cej.2024.150492,https://doi.org/10.1016/j.cej.2024.150492,WOS:001225240700001,850,3ee2d9d0eeec9e1173a95256a363d564e9148a9c461e1e1093c1f69db254c243
WOS:000518496500023,Sodium-rich manganese oxide porous microcubes with polypyrrole coating as a superior cathode for sodium ion full batteries,2020,10.1016/j.jcis.2020.01.023,https://doi.org/10.1016/j.jcis.2020.01.023,WOS:000518496500023,851,7de8127977eee15ae0c9cb43b6204c9b437923d31798a2ce6353bc9452692454
WOS:000655578800001,Nano Sn4P3 embedded in nitrogenous carbon matrix as the anode of sodium ion battery for enhanced cyclability,2021,10.1016/j.jallcom.2021.159944,https://doi.org/10.1016/j.jallcom.2021.159944,WOS:000655578800001,852,50a8134401a18d1a5f8b3f2cfd1a9f6ccfcaf7685c0a9d604cf7e6d5c510cd0b
WOS:000425751600076,Pyromellitic dianhydride-based polyimide anodes for sodium-ion batteries,2018,10.1016/j.electacta.2018.01.208,https://doi.org/10.1016/j.electacta.2018.01.208,WOS:000425751600076,853,a9fc914dfbd246ac45b3a481ac7ea1c146f356f1af1f84c7dc71db24cf48d72a
WOS:000703338600006,Two-Dimensional TiO2/TiS2 Hybrid Nanosheet Anodes for High-Rate Sodium-Ion Batteries,2021,10.1021/acsaem.1c01818,https://doi.org/10.1021/acsaem.1c01818,WOS:000703338600006,854,281e2ca16cb5c8bc10c358d48742adae0cd2dc582c73d02bb648511b07afafef
WOS:000445178400029,Impact of the Acid Treatment on Lignocellulosic Biomass Hard Carbon for Sodium-Ion Battery Anodes,2018,10.1002/cssc.201801148,https://doi.org/10.1002/cssc.201801148,WOS:000445178400029,855,9ee2944cd82ebd1f6cfb9c1611848ed487760b3dd86c6a9c4d89f10a0eae5306
WOS:000712215200001,Universal synthesis of free-standing metal-sulfides@Metal@Multi-walled carbon nanotube anode for high-performance sodium ion battery,2021,10.1016/j.cej.2021.128732,https://doi.org/10.1016/j.cej.2021.128732,WOS:000712215200001,856,cc17cbe117e5715dd136b8678ad6e7b75e39a919095a3ac55b72e10b6f94884c
WOS:001257159200001,Mesoporous N-Doped Carbon Nanospheres as Anode Material for Sodium Ion Batteries with High Rate Capability and Superior Power Densities,2024,10.1002/adfm.202401188,https://doi.org/10.1002/adfm.202401188,WOS:001257159200001,857,706c9c7f6a333440621a885bcf92179bffa457c5110253eda1f5a0629d153224
WOS:000458706700100,Fabrication of Microporous Sulfur-Doped Carbon Microtubes for High-Performance Sodium-Ion Batteries,2018,10.1021/acsaem.8b01690,https://doi.org/10.1021/acsaem.8b01690,WOS:000458706700100,858,5339cd60c91d25b10749f905c8caec2376da2ec21963b0e9e51745556f62b498
WOS:000432753800039,Improving the Performance of Hard Carbon//Na3V2O2(PO4)2</ sub>F Sodium-Ion Full Cells by Utilizing the Adsorption Process of Hard Carbon,2018,10.1021/acsami.8b03986,https://doi.org/10.1021/acsami.8b03986,WOS:000432753800039,859,b1ee5e5bfa7ea434888802d21a9ef24dcb33a5b937b2baa0a67d1679978ea31f
WOS:000760881300047,Graphene Modified Vanadium Oxide Composite Materials Used in Aqueous Na-Ion Batteries,2021,10.1021/acs.energyfuels.1c03573,https://doi.org/10.1021/acs.energyfuels.1c03573,WOS:000760881300047,860,3d30100c84b2a3b36559666f813fe21826f6ddc4f639de0df9a94d4bc1a1ca23
WOS:000458706400033,Electrospun Hybrid Vanadium Oxide/Carbon Fiber Mats for Lithium- and Sodium-Ion Battery Electrodes,2018,10.1021/acsaem.8b00572,https://doi.org/10.1021/acsaem.8b00572,WOS:000458706400033,861,c5fd8f8ca67e1a15669ea8cf326757de2808aadbc3f6a9da00113fb23b342aa2
WOS:000955318000001,A Ru-Doped VTi2.6O7.2 Anode with High Conductivity for Enhanced Sodium Storage,2023,10.3390/coatings13030490,https://doi.org/10.3390/coatings13030490,WOS:000955318000001,862,3e246e7b8e3cfa7f84983bb4d91a517e56a21a70329d30f33dbea5727645e56d
WOS:001283011600012,Conjugated layered and tunnel structure enables long-lifespan and high-rate sodium-ion battery cathodes,2024,10.1063/5.0209794,https://doi.org/10.1063/5.0209794,WOS:001283011600012,863,f9dc5126e218c5cd3113d31801b6ade9cc043b5fc614a36c021d51cf946bf260
WOS:000700166000018,"Facile Synthesis of N,P-codoped Hard Carbon Nanoporous Microspheres from Lignin for High-Performance Anodes of Sodium-Ion Batteries",2021,10.1002/celc.202100795,https://doi.org/10.1002/celc.202100795,WOS:000700166000018,864,38ab019d2cb76380924859e80577a6cc6955d006d4941f01f89900c38a588586
WOS:000629654700061,Disodium Rhodizonate/Reduced Graphene Oxide-Sodium Alginate Composite as a Cathode Material for Sodium-ion Batteries with High Cyclic Performance,2021,10.20964/2021.03.41,https://doi.org/10.20964/2021.03.41,WOS:000629654700061,865,8a928f487886222397f07b7b711e984dea27326d4375ec609fe05a220999f83a
WOS:000437354700005,Heterostructure engineering of molybdenum chalcogenides for stable sodium storage,2018,10.1080/10667857.2018.1475145,https://doi.org/10.1080/10667857.2018.1475145,WOS:000437354700005,866,58029b7f0758521e472a90c283be6d6202f6cbd15346e6852281c5196ee7f41a
WOS:000671222300009,Low-cost and highly safe solid-phase sodium ion battery with a Sn-C nanocomposite anode,2021,10.1016/j.jiec.2021.05.033,https://doi.org/10.1016/j.jiec.2021.05.033,WOS:000671222300009,867,cd0704220c27651415546831d2794cbf800a809449268db45ed77e15c191c891
WOS:001614783500011,Mg2+dual-regulation strategy for O3-type sodium-ion battery cathodes: synergistic structural stabilization and dynamic charge compensation,2026,10.1016/j.apsusc.2025.165080,https://doi.org/10.1016/j.apsusc.2025.165080,WOS:001614783500011,868,30264e7888ac6859a56ddddc1159e7501cc118b2c6dcd9c4aaff3b5c7c2c7004
WOS:001490533300001,Theoretical study on sodium storage properties of two-dimensional magnetic VS2 monolayer,2025,10.1016/j.ijoes.2025.101052,https://doi.org/10.1016/j.ijoes.2025.101052,WOS:001490533300001,869,a41357472d6882f9e8f08e5b73213a1a65eb68774ad95ad8de386e675c96e6b9
WOS:000538910700001,Multi-metal doped high capacity and stable Prussian blue analogue for sodium ion batteries,2020,10.1002/er.5576,https://doi.org/10.1002/er.5576,WOS:000538910700001,870,140251af0b042ce9cfe011254007b94f156d59393032cbacbb8f704c9029b40e
WOS:000380904100070,Evaluation of Low-cost Natrochalcite Na[Cu2(OH)(H2O)(SO4)2] as an Anode Material for Li- and Na-ion Batteries,2016,10.1016/j.electacta.2016.05.129,https://doi.org/10.1016/j.electacta.2016.05.129,WOS:000380904100070,871,52712537b4c33e2b8ddbd16622a6090db2b01771f5a2a1b210596395017952e2
WOS:001114860400001,Cobalt selenide nanoparticles composited with carbon nanotube and reduced graphene oxide for high-performance lithium/sodium storage,2024,10.1016/j.colsurfa.2023.132711,https://doi.org/10.1016/j.colsurfa.2023.132711,WOS:001114860400001,872,1270423d3df78803ea3f8824bef6a606766706117caffcc4ea89d0d346af98bd
WOS:000455586800017,Disordered Bilayered V2O5•nH2O Shells Deposited on Vertically Aligned Carbon Nanofiber Arrays as Stable High-Capacity Sodium Ion Battery Cathodes,2018,10.1002/ente.201800363,https://doi.org/10.1002/ente.201800363,WOS:000455586800017,873,89d7ad706dbff96510b6ebba1aa66c48730951a6542c0822afbb80aa026cbf92
WOS:001140909000001,Preparation of green high-performance biomass-derived hard carbon materials from bamboo powder waste,2024,10.1002/open.202300178,https://doi.org/10.1002/open.202300178,WOS:001140909000001,874,06cd691082d0b22509c3a1c877a43320eb35abaa6767c22f487d992f11c7388c
WOS:001581163300007,Investigation on the effect of metal incorporation in metal selenide nanoparticles and their encapsulation in hollow carbon nanospheres on improving the sodium-ion battery performance,2025,10.1016/j.cej.2025.167019,https://doi.org/10.1016/j.cej.2025.167019,WOS:001581163300007,875,fbbe635d33d956db9987020700691196e8fa97612d775467e756e6324f113ced
WOS:000435588600075,Synthesis of CoMn2O4 thin films on Ni foams by electrostatic spray deposition as anodes for sodium-ion batteries,2018,10.1007/s10854-018-9232-8,https://doi.org/10.1007/s10854-018-9232-8,WOS:000435588600075,876,81323d325301513fdbb171ff2ac173f868ad350415938844d0385cf4c37a55b4
WOS:001543432000010,Cu-doping enabled structural stabilization of P2-type Fe/Mn layered oxides for high-performance sodium-ion batteries,2025,10.1016/j.electacta.2025.146949,https://doi.org/10.1016/j.electacta.2025.146949,WOS:001543432000010,877,6ece109d934ea532585c623356247feda99aeffbc0fcf10ec60958069e713783
WOS:000425093800012,Reduced Graphene Oxide-Wrapped FeS2 Composite as Anode for High-Performance Sodium-Ion Batteries,2018,10.1007/s40820-017-0183-z,https://doi.org/10.1007/s40820-017-0183-z,WOS:000425093800012,878,b3603f286dd9b0346e434c93739fce8ea8d2e15156839f670ee8f196fadf669c
WOS:000742726700001,MXene/Organics Heterostructures Enable Ultrastable and High-Rate Lithium/Sodium Batteries,2022,10.1021/acsami.1c22787,https://doi.org/10.1021/acsami.1c22787,WOS:000742726700001,879,27e237cd23d376bfb716ac2fed74ea38daf2ba64681dbea8f630b96b9dafb8bd
WOS:000463987800008,Synthesis and characterization of polyaniline nanofibers as cathode active material for sodium-ion battery,2019,10.1007/s10800-019-01298-y,https://doi.org/10.1007/s10800-019-01298-y,WOS:000463987800008,880,772f5e0f887c99b3a555e10d25b2b816ac208d917a2f6ea6df4938dbf8f5a945
WOS:000803826100001,Design of antimony nanocomposite for high areal capacity sodium battery anodes,2022,10.1016/j.jallcom.2022.165336,https://doi.org/10.1016/j.jallcom.2022.165336,WOS:000803826100001,881,7508664f941740824935288ba80880e3b43d41546ecfa33039f110d0c2d6829b
WOS:000557762800132,Durian-Inspired Design of Bismuth-Antimony Alloy Arrays for Robust Sodium Storage,2020,10.1021/acsnano.0c04366,https://doi.org/10.1021/acsnano.0c04366,WOS:000557762800132,882,74049b52e5c9883d338bf1666ad2bb6e9e2ba353db8af1523f4aebab3afef814
WOS:001423039800001,Construction of hollow porous double-shell NSC@WS2 nanospheres for improved sodium-ion battery performance,2025,10.1016/j.est.2025.115688,https://doi.org/10.1016/j.est.2025.115688,WOS:001423039800001,883,a1bbec06d219216a5dde0db1b4690e1f78f51bd3f11e5fb2f38ed54337608136
WOS:001072781100001,Influences on Reliable Capacity Measurements of Hard Carbon in Highly Loaded Electrodes,2023,10.1002/batt.202300322,https://doi.org/10.1002/batt.202300322,WOS:001072781100001,884,dcf869cce115c390c6f2a12c8b9c655d74955db0874c11ab3fdce6153d3ee10f
WOS:000425894300002,Hierarchical flower-like VS2 nanosheets - A high rate-capacity and stable anode material for sodium-ion battery,2018,10.1016/j.ensm.2017.09.002,https://doi.org/10.1016/j.ensm.2017.09.002,WOS:000425894300002,885,412e369bc8747eea512aa3190df9e80b70fdcbda24e435659cde28f5a72805a7
WOS:000569921000001,Rational Route for Increasing Intercalation Capacity of Hard Carbons as Sodium-Ion Battery Anodes,2020,10.1002/cssc.202001837,https://doi.org/10.1002/cssc.202001837,WOS:000569921000001,886,6a474311b13484d8bdcea23a06fae0274d47d63c290560783ec8106860e4110d
WOS:000861051300005,Facile synthesis of Na0.23TiO2 nanoparticles anode wrapped within full carbon network with high-rate capability for sodium ion battery application,2022,10.1016/j.matchemphys.2022.126600,https://doi.org/10.1016/j.matchemphys.2022.126600,WOS:000861051300005,887,8adee0b4d5fd3b035e753510c69e41c6cab9a5c5d55987cbba9daf305d80ee88
WOS:001303393600001,2D Covalent Organic Framework Covalently Anchored with Carbon Nanotube as High-Performance Cathodes for Lithium and Sodium-Ion Batteries,2024,10.1002/smll.202406173,https://doi.org/10.1002/smll.202406173,WOS:001303393600001,888,822dd0459f203e4c86a7fb49d76f99eb3670fe862ffbcc387ae6af115d18a8a6
WOS:000638019700003,Sodium-ion battery anodes from carbon depositions,2021,10.1016/j.electacta.2021.138109,https://doi.org/10.1016/j.electacta.2021.138109,WOS:000638019700003,889,e83d5d82ae9b7fbdd0758b2ad1341283db384593c93584fcf1222316d7dcba2e
WOS:000423466100025,High-performance red phosphorus/carbon nanofibers/graphene free-standing paper anode for sodium ion batteries,2018,10.1039/c7ta07762a,https://doi.org/10.1039/c7ta07762a,WOS:000423466100025,890,3537164cc4e1769492b41749ba5b80751380c531de65d8cc7bc3201ed4e4a56b
WOS:000355986100012,Antimony-based Intermetallic Alloy Anodes for High-Performance Sodium-Ion Batteries: Effect of Additives,2015,10.1002/bkcs.10308,https://doi.org/10.1002/bkcs.10308,WOS:000355986100012,891,6acae0fd33edbd45210f84679ddd8f46842827eac47e7c745493fe8478e474b2
WOS:001263863100001,Hierarchical flower-like MnPS3 hollow spheres for high-rate and long-cycle sodium storage,2024,10.1016/j.jpowsour.2024.234990,https://doi.org/10.1016/j.jpowsour.2024.234990,WOS:001263863100001,892,6773c83319acc6d6429cb9dc62d12e4ec03ff07730e8311fa59c5c6fce3351eb
WOS:000540826900003,Synthesis of micro-sized porous antimony via vapor dealloying for high-performance Na-ion battery anode,2020,10.1016/j.ssi.2020.115365,https://doi.org/10.1016/j.ssi.2020.115365,WOS:000540826900003,893,6492cae3eea240bf6968ac73fc5e24f1040cf6a1fc4c0e83196f52a302540cf2
WOS:001023725400086,Moisture stable and ultrahigh -rate Ni/Mn-based sodium -ion battery cathodes via K+ decoration,2023,10.1007/s12274-023-5435-2,https://doi.org/10.1007/s12274-023-5435-2,WOS:001023725400086,894,4a1a8a1ce931ddcd85af7ec22a2aa0a6a9cb513a095d893807b4e1acef73c515
WOS:001166321100001,CNT Sheets Co-Loaded with Sulfur and Silicon Oxides: Free Standing Anodes for Lithium and Sodium-Ion Batteries,2024,10.1002/cnma.202400014,https://doi.org/10.1002/cnma.202400014,WOS:001166321100001,895,442941f07c1fc5a31fd375862a07a3ff3fe2663359af1c0762d874cfe585548f
WOS:000413131500036,Tunable Electrochemistry via Controlling Lattice Water in Layered Oxides of Sodium-Ion Batteries,2017,10.1021/acsami.7b09658,https://doi.org/10.1021/acsami.7b09658,WOS:000413131500036,896,54e79af48a0c92b2533011cd01f4d5e352f84f18756025085188e09e97078d66
WOS:000739112500001,"""Three-in-One"" Multi-Level Design of MoS2-Based Anodes for Enhanced Sodium Storage: from Atomic to Macroscopic Level",2022,10.1002/adfm.202110853,https://doi.org/10.1002/adfm.202110853,WOS:000739112500001,897,3b7faa1f00f02a87f2943239e2ce61f4d6a6ace840630b4dd38d12ae75efe616
WOS:000941340900002,Moisture stable and ultrahigh-rate Ni/Mn-based sodium-ion battery cathodes via K+ decoration,2023,10.1007/s12274-023-5435-2,https://doi.org/10.1007/s12274-023-5435-2,WOS:000941340900002,898,18ce95a7e65a1208a2cf39a8fc1f1414f46677c332c638e53f5857cc1bb1feea
WOS:000321954200028,Na3V2O2(PO4)2F/gr aphene sandwich structure for high-performance cathode of a sodium-ion battery,2013,10.1039/c3cp52408f,https://doi.org/10.1039/c3cp52408f,WOS:000321954200028,899,d1fdf7d06ca663678bb770ad2fad381c9646524e08a988ab2e85436b9e1ab740
WOS:000820808100001,Dual Honeycomb-Superlattice Enables Double-High Activity and Reversibility of Anion Redox for Sodium-Ion Battery Layered Cathodes,2022,10.1002/anie.202206625,https://doi.org/10.1002/anie.202206625,WOS:000820808100001,900,502cf921346018385f2fd59c067d595c948e0ac6fe14612b083826fcadb135bd
WOS:000379965800004,A CNT cocoon on sodium manganate nanotubes forming a core/branch cathode coupled with a helical carbon nanofibre anode for enhanced sodium ion batteries,2016,10.1039/c6ta05069g,https://doi.org/10.1039/c6ta05069g,WOS:000379965800004,901,8b2639073055f692b96690ea3bec5e6ad06608c2b3110a339081a02e3b28a481
WOS:000437469300042,A P2-type Na0.44Mn0.6Ni0.3Cu0.1O2 cathode material with high energy density for sodium-ion batteries,2018,10.1039/c8ta04791j,https://doi.org/10.1039/c8ta04791j,WOS:000437469300042,902,d8478eb7c4d159af698f76c246647d65c6b193a162a2243290a9ab919efddc00
WOS:001221847700001,Kejten black modified 3D-framework ternary metal molybdate NaMnFe (MoO 4 ) 3 for new high-performance lithium/sodium-ion battery anodes,2024,10.1016/j.colsurfa.2024.133700,https://doi.org/10.1016/j.colsurfa.2024.133700,WOS:001221847700001,903,759d3b8014db6c269ca69b45475c63f995bca0ca52194373004bca137f3fb65b
WOS:001630993500001,Delocalized Electron System Enables Stable NASICON Cathode for Sodium-Ion Batteries,2025,10.1021/acs.nanolett.5c04750,https://doi.org/10.1021/acs.nanolett.5c04750,WOS:001630993500001,904,d30aad888a3888bab349728b69a46472671ac3aeb4167d109750105ad923be93
WOS:000882391400002,The synergistic effect of Mg2+and K+ in layered-oxide cathode materials for sodium-ion batteries,2022,10.1016/j.electacta.2022.141373,https://doi.org/10.1016/j.electacta.2022.141373,WOS:000882391400002,905,cd74b2bb5ba8dac030fc7e09efd11a73bc4e1ffa4054d9f7834ec244503545bf
WOS:000855110300003,Bioconfined SnS2 N-doped carbon fibers with multiwall robust structure for boosting sodium storage,2022,10.1016/j.apsusc.2022.154633,https://doi.org/10.1016/j.apsusc.2022.154633,WOS:000855110300003,906,6f6ec336dad7babab70d3d6509b990dd6b3bce2cdbd641367fe374e23f392c8d
WOS:000484073400032,Mo-Modified P2-type Manganese Oxide Nanoplates with an Oriented Stacking Structure and Exposed {010} Active Facets as a Long-Life Sodium-Ion Battery Cathode,2019,10.1021/acsami.9b07950,https://doi.org/10.1021/acsami.9b07950,WOS:000484073400032,907,6202f97511734fcc27d456f8bc345fb060eb3656feecf72650f6e69e9645a379
WOS:000327111700077,Simply Mixed Commercial Red Phosphorus and Carbon Nanotube Composite with Exceptionally Reversible Sodium-Ion Storage,2013,10.1021/nl403053v,https://doi.org/10.1021/nl403053v,WOS:000327111700077,908,d20454e61d86f3c35e8f0385ef0f790ad1084c3454717d73411292c5186cce66
WOS:001517739000021,Quantum-confined ultramicropores in nodal-line semimetal C32 for high-efficiency lithium/sodium-ion battery anodes,2025,10.1063/5.0278988,https://doi.org/10.1063/5.0278988,WOS:001517739000021,909,8fb09d9814ef64ef3daa56a77d0f47f60149ace20e9c569eff6c363f1b61319e
WOS:001312719900001,Environmentally responsible synthesis of high-performance P2-Na2/3[Ni1/3Mn2/3]O2 sodium-ion battery cathodes,2024,10.1039/d4ta03708a,https://doi.org/10.1039/d4ta03708a,WOS:001312719900001,910,d65c5b07c2ada51de1d98403bbede6a7a031c41e233f61e4584e02509198d80e
WOS:001239323100001,Nitrogen-Doped Bioderived Mesoporous Hard Carbon as a Promising Anode for Long-Life Sodium-Ion Battery,2024,10.1021/acs.energyfuels.4c01548,https://doi.org/10.1021/acs.energyfuels.4c01548,WOS:001239323100001,911,35a0c4c689998004140eb25e812e2b7366f4ec966e37fdca05e29549eb29aeca
WOS:000458706400011,Hierarchical Porous Sb Films on 3D Cu Substrate Have Promise for Stable Sodium Storage,2018,10.1021/acsaem.8b00872,https://doi.org/10.1021/acsaem.8b00872,WOS:000458706400011,912,53e06a3da7181e1a0004c4b2cd5131d9500ceacab01035a5624d86d58f0cbd78
WOS:001534477500001,Advancing Sodium-Ion Battery Cathode Analysis With Cryogenic Ag-coated APT Specimens,2025,10.1093/mam/ozaf041,https://doi.org/10.1093/mam/ozaf041,WOS:001534477500001,913,2df2923d17d5514879bb9dd7daab75ab86e6a5ead0d295690f8620b387ab9247
WOS:000722851600001,Localized introduction of zirconium in P2 sodium layered oxide electrode for high capacity sodium-ion battery,2022,10.1016/j.jallcom.2021.162483,https://doi.org/10.1016/j.jallcom.2021.162483,WOS:000722851600001,914,9767d1f7e023a4cce02725f7694c4282b66d9b2919ef04fcd9ac6144d1c44fec
WOS:000911127800004,Effect of Cr3+doping on the electrochemical performance of Na3V2(PO4)2F3/C cathode materials for sodium ion battery,2023,10.1016/j.electacta.2022.141491,https://doi.org/10.1016/j.electacta.2022.141491,WOS:000911127800004,915,a8ea05952de5b155ffb2d4fc60a0fb4fae00fb3112c5026e97fcb2ae518cda71
WOS:001385974100001,Comparative study of Na 0.95 Ni x Mn 1-x O 2 cathode materials for sodium ion batteries based on phase structure modulation,2025,10.1016/j.est.2024.114923,https://doi.org/10.1016/j.est.2024.114923,WOS:001385974100001,916,3eec15be6321ee627873df2004540076d20bd73f90950c80e46d54a7af604a42
WOS:000610501500001,"Novel K+-doped Na0.6Mn0.35Fe0.35Co0.3O 2 cathode materials for sodium-ion batteries: synthesis, structures, and electrochemical properties",2021,10.1007/s10008-021-04906-0,https://doi.org/10.1007/s10008-021-04906-0,WOS:000610501500001,917,c34426f0caf2ea56dd7cae591f138f238b75b6ca3eed08f64d9729904c24adc7
WOS:001482010300002,Improvement of Cycling Stability of Cathode Materials and Industrialization Process for Sodium-ion Batteries,2025,10.15541/jim20240368,https://doi.org/10.15541/jim20240368,WOS:001482010300002,918,ec2b3c6259a3c87900ff3e6a6a92207d74578acc8c9661028987280a58ac1eb4
WOS:000663260400001,Designing High Energy Sodium-Ion Battery Cathodes by Utilizing P2/O3 Biphasic Structure and Lithium Honeycomb Ordering,2021,10.1002/smll.202100146,https://doi.org/10.1002/smll.202100146,WOS:000663260400001,919,97b234e6494f304a831e3adc4c0fa703b2421abfc3db7f3d5979e48be8123849
WOS:001615744800005,Structural engineering of a bimetallic iron-cobalt sulfide composite anode for superior sodium-ion battery performance,2025,10.1016/s1872-5805(25)61001-8,https://doi.org/10.1016/s1872-5805(25)61001-8,WOS:001615744800005,920,75bdc5207a1a80e2618b6f479cd7569b9fe203508b69dcb66aac0510077ca631
WOS:000361772600021,Effect of the electrolytic solvent and temperature on aluminium current collector stability: A case of sodium-ion battery cathode,2015,10.1016/j.jpowsour.2015.07.084,https://doi.org/10.1016/j.jpowsour.2015.07.084,WOS:000361772600021,921,c8062aa1e66b634400038961abb4423960da57e96fed19c3644ff9f02682017b
WOS:001317632300001,Capacity degradation study of NaNi1/3Fe1/3Mn1/3O2 cathode sodium-ion batteries induced by overcharge,2024,10.1016/j.jpowsour.2024.235448,https://doi.org/10.1016/j.jpowsour.2024.235448,WOS:001317632300001,922,814809dbf6e4feabdf264f0e12de7f4a8ae84a42c94f7d12e65440c40030ed6a
WOS:000393929400009,"Single ion conducting sodium ion batteries enabled by a sodium ion exchanged poly(bis(4-carbonyl benzene sulfonyl)imide-co-2,5-diamino benzesulfonic acid) polymer electrolyte",2017,10.1016/j.ssi.2016.12.001,https://doi.org/10.1016/j.ssi.2016.12.001,WOS:000393929400009,923,0538afa5856fa01437a833322a5a3cb7cedbb5b1761e6847dca0b5ed8bfa7d90
WOS:000859532900006,FeF3.0.33H2O@C nanocomposites derived from pomegranate structure as high-performance cathodes for sodium- and lithium-ion batteries,2022,10.1016/j.jpowsour.2022.232014,https://doi.org/10.1016/j.jpowsour.2022.232014,WOS:000859532900006,924,0e23aea1766321f952d3a9c7c497c1d22cc7b58f135af7a08614dc1037c4f701
WOS:001269658800001,Novel in-situ encapsulation of tin phosphide particles in MXene conductive networks as anode materials of the durable sodium-ion battery,2024,10.1016/j.jcis.2024.07.070,https://doi.org/10.1016/j.jcis.2024.07.070,WOS:001269658800001,925,5074926dffba1eb8e695b922c0fa288ddc3c32b19b84b6bbcff4d64517648500
WOS:001633166500001,Dual-MOF-derived FeNi@NC as an advanced anode for sodium-ion batteries with ultra-long cycle life,2026,10.1016/j.colsurfa.2025.139105,https://doi.org/10.1016/j.colsurfa.2025.139105,WOS:001633166500001,926,83768df4a98ee59a055e93d580b206125b1741e5e624bfcaf088440d10c94529
WOS:000984252800001,Simultaneous promotion of surface active sites and electron conductivity in carbon by interfacial engineered oxygen transfer for sodium storage,2023,10.1016/j.ces.2023.118703,https://doi.org/10.1016/j.ces.2023.118703,WOS:000984252800001,927,7af3a945cf31b75984db31805e3f9db4ecada17e21208c334b52f540ccb23872
WOS:000994264500001,Facile Synthesis of Nickel Phosphide @ N-Doped Carbon Nanorods with Exceptional Cycling Stability as Li-Ion and Na-Ion Battery Anode Material,2023,10.3390/batteries9050267,https://doi.org/10.3390/batteries9050267,WOS:000994264500001,928,5bc0011837f34393e5666c8bc02c664def355a79d5153a7fb44c11fe696a0971
WOS:000469288300064,Functionalized N-Doped Carbon Nanotube Arrays: Novel Binder-Free Anodes for Sodium-Ion Batteries,2019,10.1021/acsami.9b05667,https://doi.org/10.1021/acsami.9b05667,WOS:000469288300064,929,f3d072d3f4339a1c626b6fcb2761cced3d09e1a87d256023210aa51fae99625f
WOS:000443525600083,Room-Temperature Pressure Synthesis of Layered Black Phosphorus Graphene Composite for Sodium-Ion Battery Anodes,2018,10.1021/acsnano.8b03615,https://doi.org/10.1021/acsnano.8b03615,WOS:000443525600083,930,1ed78aa80861615a837c2ea82c4f03283ac77d9630e939eca433d7205ab0d462
WOS:000664425600002,Reduced graphene oxide decorated amorphous NiS2 nanosheets as high-performance anode materials for enhanced sodium-ion hybrid capacitors,2021,10.1007/s11581-021-04117-7,https://doi.org/10.1007/s11581-021-04117-7,WOS:000664425600002,931,3674c7b7bd0db133bc14afe8a684db6edb3fd8d4b7890f6724f3ea6a584d021a
WOS:000444537800006,New Binder-Free Metal Phosphide-Carbon Felt Composite Anodes for Sodium-Ion Battery,2018,10.1002/aenm.201801197,https://doi.org/10.1002/aenm.201801197,WOS:000444537800006,932,10195a7f615c2925334480442965b1ad4659feed50024c563e29d107aa707fe5
WOS:000661885200012,Promoting the Na+-storage of NiCo2S4 hollow nanospheres by surfacing Ni-B nanoflakes,2021,10.1016/j.jmst.2020.12.021,https://doi.org/10.1016/j.jmst.2020.12.021,WOS:000661885200012,933,de813a003bda02b863cc41802b62f232d77e3a62b98c7ead401329149f344d2b
WOS:001573548500001,Exploring Chlorine Doping of Graphene Oxide Synthesized via Chronoamperometry for Enhanced Sodium-Ion Battery Anode Performance,2025,10.1007/s11814-025-00556-4,https://doi.org/10.1007/s11814-025-00556-4,WOS:001573548500001,934,ce751a820332451b7ec6756c227d4addd1fdcfa17317d20d4e211c7710248a1c
WOS:000459948900030,Pyroprotein-Derived Hard Carbon Fibers Exhibiting Exceptionally High Plateau Capacities for Sodium Ion Batteries,2019,10.1021/acsaem.8b01734,https://doi.org/10.1021/acsaem.8b01734,WOS:000459948900030,935,ef26f74ddb14bd133920df0efbd2708d287dbc61d8009b4fa72a4ea380200dca
WOS:001114006800001,Structure Dependent Electrochemical Behaviors of Hard Carbon Anode Materials Derived from Natural Polymer for Next-Generation Sodium Ion Battery,2023,10.3390/polym15224373,https://doi.org/10.3390/polym15224373,WOS:001114006800001,936,b281839dc5f3c8683f79d5fd8f6c28062b08d479d9bb0971f7e9a32d2c4c7672
WOS:001601148500001,High-Rate and Ultrastable Sodium-Ion Storage Enabled by a High-Entropy FeCoNiZnMoSe2@N-Doped Carbon Core-Shell Anode,2025,10.1021/acs.iecr.5c02694,https://doi.org/10.1021/acs.iecr.5c02694,WOS:001601148500001,937,e039a361e2c70e2badb022a09fb87159b53358bc9d36e71049b489ed1a4d2871
WOS:000862059200046,Ultra-fast green microwave assisted synthesis of NaFePO4-C nanocomposites for sodium ion batteries and supercapacitors,2022,10.1038/s41598-022-20329-x,https://doi.org/10.1038/s41598-022-20329-x,WOS:000862059200046,938,828695f1c73092399b3b1fa7b5fed94f303267f7b000028b82be73fa114813f9
WOS:000906789000002,Highly conductive gel polymer electrolytes for sodium-ion batteries with hard carbon anodes,2023,10.1016/j.electacta.2022.141645,https://doi.org/10.1016/j.electacta.2022.141645,WOS:000906789000002,939,996e6d1465de8dee0e97b3af047817f236c0bc34d97aea5767112528b0b7d45e
WOS:000445980000031,Activated porous carbons derived from the Indonesian snake fruit peel as anode materials for sodium ion batteries,2018,10.1016/j.matchemphys.2018.06.076,https://doi.org/10.1016/j.matchemphys.2018.06.076,WOS:000445980000031,940,715a5bed7cf97ba67982198fd13f78e9bfe2684c55875d71436f9a72c43376cc
WOS:000969168900001,Interfacial covalent bonding of the MXene-stabilized Sb2Se3 nanotube hybrid with fast ion transport for enhanced sodium-ion half/full batteries,2023,10.1039/d3cc00614j,https://doi.org/10.1039/d3cc00614j,WOS:000969168900001,941,04760456ba078b7bbab6f4144da009c216c45251265e6e58f749494798716d28
WOS:000429784000010,Cation-mixing stabilized layered oxide cathodes for sodium-ion batteries,2018,10.1016/j.scib.2018.02.012,https://doi.org/10.1016/j.scib.2018.02.012,WOS:000429784000010,942,87149c0879bd4bebcb9539306f4160cf65fcc1d6e0a4166e09f3102711ee501f
WOS:000562943500008,Binary metal co-substituted P2-type Na0.67Mn0.7Cu0.15 Ni0.15O2 microspheres as robust cathode for high-power sodium ion battery,2020,10.1016/j.apsusc.2020.147105,https://doi.org/10.1016/j.apsusc.2020.147105,WOS:000562943500008,943,fd0b6adca54cfd3e741f160fc45abb206da35667198a3ffb527b9642e31cd154
WOS:000450899000023,New Observation Structural Change from O3 to P2 Type by Changing Sodium Contents for Na-Ion Batteries,2019,10.1166/jnn.2019.16211,https://doi.org/10.1166/jnn.2019.16211,WOS:000450899000023,944,77ad6f8997621ce9b4283ab6df92b9157919c60039b261634cd7ced2e4f57a6a
WOS:000863103500012,Confined construction of porous conductive framework Na3V2(PO4)3 nanocrystals and their ultrahigh rate and microtherm sodium storage performance,2022,10.1016/j.ces.2022.117912,https://doi.org/10.1016/j.ces.2022.117912,WOS:000863103500012,945,342c1e09fa1fc6f59d1904fcf05670857a5d162b76b74e4c8b5284db3ca1c5dd
WOS:001197854700001,Superior initial Coulombic efficiency and areal capacity of hard carbon anode enabled by graphite-assisted carbonization for sodium-ion battery,2024,10.1016/j.carbon.2024.118929,https://doi.org/10.1016/j.carbon.2024.118929,WOS:001197854700001,946,fc728a34784c5f07b9d229bfbce26751cdf7d412d5a1f0ddc84683c633d26305
WOS:001607336800021,Development of tin oxide-embedded phosphovanadate glass-ceramics as cathode and anode materials for high-performance secondary batteries,2025,10.1016/j.ceramint.2025.09.032,https://doi.org/10.1016/j.ceramint.2025.09.032,WOS:001607336800021,947,7873bf6581afa81e062202143fd2ac8e97c840f6834c0ef1e97582fa121cf634
WOS:001005147500001,Long-Cycle-Life Sodium-Ion Battery Fabrication via a Unique Chemical Bonding Interface Mechanism,2023,10.1002/adma.202301376,https://doi.org/10.1002/adma.202301376,WOS:001005147500001,948,a23f9d456912efb4de7b1955c4d9af9e8cd8cc91788d9360378e6be2c3e14ca6
WOS:000449621500019,ZnSxSe1-x/N-C (x=0.24) hierarchical nanosphere with improved energy storage capability as sodium-ion battery anode,2019,10.1016/j.jallcom.2018.08.272,https://doi.org/10.1016/j.jallcom.2018.08.272,WOS:000449621500019,949,15968aa6c989768060ed9b5a29e788f2fbfa5f4d8910938803bb517f9432b0a6
WOS:001638455300001,"2D-confined multicore nanoengineering: Stress-dissipating compartments with Sb-O-C covalent boulevards for ultrahigh-rate capability and stability over 10,000 cycles",2025,10.1016/j.cej.2025.171480,https://doi.org/10.1016/j.cej.2025.171480,WOS:001638455300001,950,5fe3e2abe8c9b7368547fc144e4a5b76c4f42abcd76307f4a34e208686e39ef7
WOS:000641970800002,Electrolytic bismuth/carbon nanotubes composites for high-performance sodium-ion battery anodes,2021,10.1016/j.jpowsour.2021.229830,https://doi.org/10.1016/j.jpowsour.2021.229830,WOS:000641970800002,951,6fb51bef198a4f3d99dcfe4cec452dddd02a59c7a1880988bdd1ae53f9f49129
WOS:000456750900017,Synthesis and electrochemical performance of carbon-coated Fe2GeO4 as an anode material for sodium-ion batteries,2019,10.1016/j.matchemphys.2018.12.007,https://doi.org/10.1016/j.matchemphys.2018.12.007,WOS:000456750900017,952,902f758d35e17279319d09bd4704a49c872ac4c2cf7154776344f3325e18af87
WOS:000931809800001,In-situ evolution of CoS/C hollow nanocubes from metal-organic frameworks for sodium-ion hybrid capacitors,2023,10.1016/j.cej.2022.140610,https://doi.org/10.1016/j.cej.2022.140610,WOS:000931809800001,953,c3b1a2b40e64c3f7bf9b9488301faf16f01c527caeada588400e4a6e9f387d30
WOS:000886655900004,PHP-graphene nanoribbon-assembled porous metallic carbon for sodium-ion battery anode with high specific capacity,2023,10.1016/j.carbon.2022.10.050,https://doi.org/10.1016/j.carbon.2022.10.050,WOS:000886655900004,954,4137eaef7badc0acdf08c9f5c2a98472b4d3085ab78783feecfce979828dd43f
WOS:001019533000001,"""One stone two birds"" design for hollow spherical Na4Fe3(PO4)2P2O<s ub>7/C cathode enabled high-performance sodium-ion batteries from iron rust",2023,10.1002/eom2.12393,https://doi.org/10.1002/eom2.12393,WOS:001019533000001,955,4c2d2465dfc1ddf9d90d3c0ec9e2eb31f7b1c6a2d63eb0a5fb42f59515f72120
WOS:001106478900001,Ultrafast and ultrastable FeSe2 embedded in nitrogen-doped carbon nanofibers anode for sodium-ion half/full batteries,2024,10.1088/1361-6528/ad06d7,https://doi.org/10.1088/1361-6528/ad06d7,WOS:001106478900001,956,63710cbcdceebbdb51740ebe32cee760ad0d91c56c66f47594650df5da7f1b31
WOS:000390433700059,Facile construction of nanoscale laminated Na3V2(PO4)3 for a high-performance sodium ion battery cathode,2016,10.1039/c6ta07109k,https://doi.org/10.1039/c6ta07109k,WOS:000390433700059,957,f01dffe776742abeb66438fa3e2089ee238cd9e07bd890c7636d8cbee0693433
WOS:000354140700038,Electrochemical properties of tin oxide anodes for sodium-ion batteries,2015,10.1016/j.jpowsour.2015.03.042,https://doi.org/10.1016/j.jpowsour.2015.03.042,WOS:000354140700038,958,a66f85ab8de2da999f4e778d3966a1adf3700fc8f6b363975585372fb87ce042
WOS:001266278000001,Ultra-small tin dioxide coated with double carbon to achieve low strains and stable sodium storage,2024,10.1016/j.est.2024.112787,https://doi.org/10.1016/j.est.2024.112787,WOS:001266278000001,959,23c46932fac071f04447391e264607cb4ef4c74d38926a5ee58211f37071ed43
WOS:001529776200002,Structural regulations of biomass-derived hard carbon for high-performance sodium-ion batteries,2025,10.1016/j.jpowsour.2025.237786,https://doi.org/10.1016/j.jpowsour.2025.237786,WOS:001529776200002,960,14304707249052fea21b135862e38838240b2c1fb2b4f41b52b4d5bf24a2d0d0
WOS:000592417500001,Sb2S3@YP Nanostructured Anode Material Synthesized by a Novel Vaporization-Condensation Method for Long Cycle-Life Sodium-Ion Battery,2020,10.1149/1945-7111/abc658,https://doi.org/10.1149/1945-7111/abc658,WOS:000592417500001,961,68e8ab85b18152ae2c29fc8571e7cac28a6358fd21b4f174d696a96239742bf6
WOS:001606357600001,Simultaneous Catalytic Construction of Closed-Pore-Rich Hard Carbon Anode and Generation of Na0.67Ni0.2Fe0.2Mn0.6O2 Cathode for Sodium-Ion Batteries,2025,10.1002/batt.202500715,https://doi.org/10.1002/batt.202500715,WOS:001606357600001,962,99ed09137b5dd117ae6c21708bcc78ec6bb5d3a04bd551c89c1e167716dfad92
WOS:000407852800013,Amorphous MnO2 as Cathode Material for Sodium-ion Batteries,2017,10.1002/cjoc.201600915,https://doi.org/10.1002/cjoc.201600915,WOS:000407852800013,963,8751bf34fd5e20e01e2e639e8b1e6ef2eb48c0dfe235b9a64a048c900c574c09
WOS:000848220800002,Graphene-mediated dense integration of Ti3C2Tx MXene monoliths for compact energy storage: Balancing kinetics and packing density,2022,10.1016/j.apsusc.2022.154565,https://doi.org/10.1016/j.apsusc.2022.154565,WOS:000848220800002,964,5f767b8fa75b82cf86fc2414e63fbb22e89260b261966366184c3398bc81b16d
WOS:000531037800013,First-principles study on structural and electronic properties of Prussian blue cathode material for sodium-ion battery,2019,10.1080/15421406.2020.1723891,https://doi.org/10.1080/15421406.2020.1723891,WOS:000531037800013,965,d7e81587b5dd25ca86280bddc21113cb0ec3e0c3a66267bd0dbecb97b743b692
WOS:000458709900055,Tailored synthesis of antimony-based alloy/oxides nanosheets for high-performance sodium-ion battery anodes,2019,10.1016/j.jpowsour.2019.01.033,https://doi.org/10.1016/j.jpowsour.2019.01.033,WOS:000458709900055,966,3aef12caea3a52da3538a4f381ef33020de7b4faad3380bc2b82771b315b0112
WOS:000395443700090,Chemical vapor deposited MoS2/electrospun carbon nanofiber composite as anode material for high-performance sodium-ion batteries,2016,10.1016/j.electacta.2016.11.170,https://doi.org/10.1016/j.electacta.2016.11.170,WOS:000395443700090,967,7dbe9a63e2ed3e5243ddd2053244bf3b282a462e1b4b13e27ae3a80032ab8f1b
WOS:001508271500017,Hard Carbon for Sodium-Ion Batteries: Progress and Prospects for Application,2025,10.1134/s0036023624603866,https://doi.org/10.1134/s0036023624603866,WOS:001508271500017,968,f9bb0f301b7e7db0ec15bb5213e37b033d3245ea1f3d7d8fb64ef0357079a6ab
WOS:000359499100030,Important Role of Functional Groups for Sodium Ion Intercalation in Expanded Graphite,2015,10.1021/acs.chemmater.5b02024,https://doi.org/10.1021/acs.chemmater.5b02024,WOS:000359499100030,969,3d2f5fec0ed6877018e9ae69f7cf24ff0512200cd81a4751439475bae440bfff
WOS:000364797700042,Vanadium oxychloride as electrode material for sodium ion batteries,2015,10.1016/j.elecom.2015.09.008,https://doi.org/10.1016/j.elecom.2015.09.008,WOS:000364797700042,970,5e62113b975480ebd3d1da6b93e86bfbb9f75a3b50732fe53eb3e3c4a4367315
WOS:000412407700003,FeFe(CN)6 Nanocubes as a Bipolar Electrode Material in Aqueous Symmetric Sodium-Ion Batteries,2017,10.1002/cplu.201700258,https://doi.org/10.1002/cplu.201700258,WOS:000412407700003,971,1336902a86d6a49391048d4c466dc5d2190bd8b06b13d5bc354268a5ddc52f9a
WOS:001434321300001,"First-principles exploration of redox, electronic, thermoelectric, and thermodynamic properties of binary transition metal NaX1/3Mn2/3O2 (X = Ag, W, Zr) for enhanced performance of Na-ion batteries",2025,10.1016/j.inoche.2025.114157,https://doi.org/10.1016/j.inoche.2025.114157,WOS:001434321300001,972,9ed7a14371cc0744d01092320959cb07942424e0382513eb7fd926bcb94ddbea
WOS:000980530300001,Pseudocapacitive sodium-ion storage in one-dimensionally structured anatase TiO2 nanofiber anode for high performance sodium-ion batteries,2023,10.1016/j.jpcs.2023.111352,https://doi.org/10.1016/j.jpcs.2023.111352,WOS:000980530300001,973,3252fc0c39be17658383ca6c08f4e2d6d90e892581884065debd63c1c8c194d5
WOS:000377545300017,Sodium insertion cathode material Na0.67[Ni0.4Co0.2Mn0.4]O<sub >2 with excellent electrochemical properties,2016,10.1016/j.electacta.2016.04.067,https://doi.org/10.1016/j.electacta.2016.04.067,WOS:000377545300017,974,379d4a805e2556d01b356e99755fb5d57137137c973e561e198a8e3e74b09b7d
WOS:000341471600041,Charge-discharge properties of tin dioxide for sodium-ion battery,2014,10.1016/j.materresbull.2014.04.051,https://doi.org/10.1016/j.materresbull.2014.04.051,WOS:000341471600041,975,2cc6e165c03f8d2f2c0e10a33bfd6e47bc398f72788283e37891e2c4c5cd7b4c
WOS:000859341900003,Hydrothermally prepared composite of Na3V2(PO4)2F3 with gelatin and graphene used as a high-performance sodium ion battery cathode,2022,10.1016/j.jallcom.2022.166857,https://doi.org/10.1016/j.jallcom.2022.166857,WOS:000859341900003,976,78a3232cc4dabce0f95a1f0f9ee8ba4d27879e95e6945fc3cf8e479e97baf938
WOS:001285251700002,Layered P2-type Na2/3Ni1/3Mn2/3O2: conductivity and electrochemical characteristics,2024,10.1007/s11581-024-05748-2,https://doi.org/10.1007/s11581-024-05748-2,WOS:001285251700002,977,c9155f01d7c296f9bca58f8447e692fb58cc117b0cdcacf523ccdb777b665982
WOS:000514256400030,Ultrasmall SnS Quantum Dots Anchored onto Nitrogen-Enriched Carbon Nanospheres as an Advanced Anode Material for Sodium-Ion Batteries,2020,10.1021/acsami.9b18997,https://doi.org/10.1021/acsami.9b18997,WOS:000514256400030,978,2dc89bf4a7aafccd3fecf4fe531ff0eeb456c6e3727d0ed17f8b592de035786d
WOS:001238551100026,New Electrochemical Systems for Sodium-Ion Batteries,2024,10.1134/s0036024424040150,https://doi.org/10.1134/s0036024424040150,WOS:001238551100026,979,7580f14039804627302f114289c5343743b5f54ddabcc760f651bab19e7e4f56
WOS:000339472100061,High Electrochemical Performances of Microsphere C-TiO2 Anode for Sodium-Ion Battery,2014,10.1021/am501772a,https://doi.org/10.1021/am501772a,WOS:000339472100061,980,fb181b89a8c33722b3d0bbcb9603d6d9be765c8a220b15a32729c80fce4ae057
WOS:000389785500032,Zinc naphthalenedicarboxylate coordination complex: A promising anode material for lithium and sodium-ion batteries with good cycling stability,2017,10.1016/j.jcis.2016.11.010,https://doi.org/10.1016/j.jcis.2016.11.010,WOS:000389785500032,981,644642bc8763fe867fe024c0509aac058439694d35aee602cc46e97d78abedfd
WOS:001566768500029,High-rate Mg doped NaNi1/3Fe1/3Mn1/3O2 cathode with excellent low-temperature stability improved by one-step coprecipitation for sodium ion battery applications,2025,10.1016/j.cej.2025.167832,https://doi.org/10.1016/j.cej.2025.167832,WOS:001566768500029,982,d545e64a8d6e698c0afe63ca2da13d5273e9bbaebc5e1cc627487e7104716572
WOS:000461215700002,Hierarchically porous nanosheets-constructed 3D carbon network for ultrahigh-capacity supercapacitor and battery anode,2019,10.1088/1361-6528/ab043a,https://doi.org/10.1088/1361-6528/ab043a,WOS:000461215700002,983,23d7a69f83ec21e1aab86c27be919f900086ff0ca09c9e4baf0f947e4b5cb0a4
WOS:000898155400013,Improved Interfacial Property of Na3V2(PO4)3@C Cathode: Application of NaODFB-Based Ether Electrolyte in Sodium-Ion Batteries,2023,10.1115/1.4054389,https://doi.org/10.1115/1.4054389,WOS:000898155400013,984,48d3fa79f99f6f48dec34052d93a58ae1b18edd690ce4ff5705ec40b95625d4c
WOS:000452744500063,Temperature Effect on Behavior of Sodium-ion Battery Electrodes Based on Na3V2(PO4)3@C/Ag Composite,2018,10.20964/2018.12.87,https://doi.org/10.20964/2018.12.87,WOS:000452744500063,985,7ea83b8fe074acb0956c25b1dcfe207946bac3da02c2fef0b74cce362b7fca20
WOS:001627466600001,Enhancing sodium-ion battery performance by controlling the morphology of the CdIn2S4 anode material,2026,10.1016/j.matlet.2025.139833,https://doi.org/10.1016/j.matlet.2025.139833,WOS:001627466600001,986,d858df9b2ba661639d1e8ff2126c44bd4b2ffecdcce2f5024b01a52de3274258
WOS:000763579100002,In Situ Carbon-coated Ni0.85Se@C Composite with High Performance for Sodium-ion Batteries,2022,10.1246/cl.210710,https://doi.org/10.1246/cl.210710,WOS:000763579100002,987,08882ad2edad053020f60b760e911814ae440aa3ec0fd266efaf4ff497b00076
WOS:001541954600001,Co-oxidation GN/CNT 3D network enhances the cathode performance of NVPF@O-GN/CNT sodium-ion battery,2025,10.1007/s11581-025-06582-w,https://doi.org/10.1007/s11581-025-06582-w,WOS:001541954600001,988,b0380e7f93818fb56c851f4edf0e651b13ddd08d71c0929c126b0aeb342f5386
WOS:000439389100022,Kinetically controlled redox behaviors of K0.3MnO2 electrodes for high performance sodium-ion batteries,2018,10.1039/c8ta03543a,https://doi.org/10.1039/c8ta03543a,WOS:000439389100022,989,b48c8f16ab0e306151c64cfac16c3d21f2ef2f07c2d9ace110cf1e571fa91027
WOS:000373556700010,Electrospun Fe2O3-carbon Composite Nanofibers as Anode Materials for Sodium-Ion Batteries,2016,10.2174/1573413712999151120101708,https://doi.org/10.2174/1573413712999151120101708,WOS:000373556700010,990,93044b7afaba45fe92d773b655692e3b971706d07f5f69ef08e8c5063397e6bc
WOS:000413131500034,Aqueous Processing of Na0.44MnO2 Cathode Material for the Development of Greener Na-Ion Batteries,2017,10.1021/acsami.7b09464,https://doi.org/10.1021/acsami.7b09464,WOS:000413131500034,991,fb4dd8542bd27f79f0041c2be23a995b9610a9346cb1911569b2264283af3d24
WOS:001073822900001,Kinetically well-matched porous framework dual carbon electrodes for high-performance sodium-ion hybrid capacitors,2023,10.1016/j.jcis.2023.08.162,https://doi.org/10.1016/j.jcis.2023.08.162,WOS:001073822900001,992,c86fdd53771f2f7409af2e086d4685ff3d478a7e49a52a226f0dd8b6516c0211
WOS:001120263800001,Enhancing sodium-ion battery performance through crystalline water-assisted Zn2V2O7 anode material,2024,10.1016/j.jallcom.2023.172875,https://doi.org/10.1016/j.jallcom.2023.172875,WOS:001120263800001,993,51dc5329f65d15ce3b93ead9a6609cdbb6b9c9bee331c6b59271d3f54500114b
WOS:000390728900021,Electrospinning Synthesis of Mesoporous MnCoNiOx@Double-Carbon Nanofibers for Sodium-Ion Battery Anodes with Pseudocapacitive Behavior and Long Cycle Life,2016,10.1021/acsami.6b11238,https://doi.org/10.1021/acsami.6b11238,WOS:000390728900021,994,0b6a60f5ad82f39cac15a26a47a2d7f40e49c400776b6eb83bbad37374045673
WOS:000458706700053,Metal-Organic Framework-Derived Sea-Cucumber-like FeS2@C Nanorods with Outstanding Pseudocapacitive Na-Ion Storage Properties,2018,10.1021/acsaem.8b01239,https://doi.org/10.1021/acsaem.8b01239,WOS:000458706700053,995,71bc35f2a47b85fe1496f8fe4624552dc1e496cbfe54e9690ca254c7a7dee6bc
WOS:001000347700002,α/β-Type -NaMn0.89Ni0.11O2: as high-performance sodium-ion battery cathode,2023,10.1007/s11581-023-05053-4,https://doi.org/10.1007/s11581-023-05053-4,WOS:001000347700002,996,c04c07ab63deca771278c97e6d03727feafc9d0990307158681c7f87631a2d71
WOS:000714415500004,Pyrolysis of coal pitch-infused melamine foam to construct N-doped carbon anodes for high-performance sodium-ion battery,2021,10.1016/j.jelechem.2021.115809,https://doi.org/10.1016/j.jelechem.2021.115809,WOS:000714415500004,997,8016f03e626d9d8a4b84c416965d31a882667a707404d118bf9bd1a470135a37
WOS:001370398800001,Ni2P/Cu3P bimetallic phosphide embedded in nitrogen-doped carbon as SIB anode: Constructed hetero interface promoting fast Na plus diffusion and storage performance,2024,10.1016/j.cej.2024.157889,https://doi.org/10.1016/j.cej.2024.157889,WOS:001370398800001,998,6857215551380f0a8a2560318f924fc32e6f40deeb88ae1989852c52ed63c16d
WOS:000414711100001,A Postspinel Anode Enabling Sodium-Ion Ultralong Cycling and Superfast Transport via 1D Channels,2017,10.1002/aenm.201700361,https://doi.org/10.1002/aenm.201700361,WOS:000414711100001,999,b0ae228926f7895e22eef40ac1f6e3b9c2c4cad1a5dfdec7c83c6f96df020124
WOS:000990424700001,Synergy mechanism of defect engineering in MoS2/FeS2/C heterostructure for high-performance sodium-ion battery,2023,10.1016/j.jechem.2023.03.011,https://doi.org/10.1016/j.jechem.2023.03.011,WOS:000990424700001,1000,7d1026ef596cbd3c05302f0875fa5898523390f76ee9dfc29278bcad6b1665d0
WOS:000553314900001,"Investigation of N and S Co-doped Porous Carbon for Sodium-Ion Battery, Synthesized by Using Ammonium Sulphate for Simultaneous Activation and Heteroatom Doping",2020,10.1149/1945-7111/ab9a01,https://doi.org/10.1149/1945-7111/ab9a01,WOS:000553314900001,1001,db2d319e79e89de835d018a7bca2c18a639d29c5975d65eb04ad08f84230bdc5
WOS:000350192700036,Removal of Interstitial H2O in Hexacyanometallates for a Superior Cathode of a Sodium-Ion Battery,2015,10.1021/ja512383b,https://doi.org/10.1021/ja512383b,WOS:000350192700036,1002,8fe43e79a8a6a2e6f8f376071057063c4ac4ac25e69f1189337319773ec05fd6
WOS:001049021800001,"Suppression of volume expansion in Sn-M (M= Cu, Mn, Ni) alloy anode materials for sodium ion battery",2023,10.1016/j.jpowsour.2023.233438,https://doi.org/10.1016/j.jpowsour.2023.233438,WOS:001049021800001,1003,5316b9850a8942c7e8543cd68a71263f1145521d54d3fd9505ae8e570888a4f4
WOS:000412925100010,Mesoporous NiS2 Nanospheres Anode with Pseudocapacitance for High-Rate and Long-Life Sodium-Ion Battery,2017,10.1002/smll.201701744,https://doi.org/10.1002/smll.201701744,WOS:000412925100010,1004,cf193514e5b953d13a54f9e4b21823cc95c2b12b1747c2f187e5954a91e76457
WOS:000920479400002,Nitrogen self-doped porous carbon based on sunflower seed hulls as excellent double anodes for potassium/sodium ion batteries,2023,10.1016/j.diamond.2022.109593,https://doi.org/10.1016/j.diamond.2022.109593,WOS:000920479400002,1005,7b7b5086983d553a656910f8287aeab584741e66fda4cfb8525123ea8bd43db0
WOS:000545945100088,"Nanointerface-driven pseudocapacitance tuning of TiO2 nanosheet anodes for high-rate, ultralong-life and enhanced capacity sodium-ion batteries",2020,10.1016/j.cej.2019.123598,https://doi.org/10.1016/j.cej.2019.123598,WOS:000545945100088,1006,92e4960e28d6e33761885830f3dd270ea41295cda017f5a3a58a7941b673745a
WOS:001428521500001,"Nb-doped layered oxides with P2/O3 biphasic as high-rate, air-stable cathodes for sodium-ion batteries",2025,10.1016/j.jpowsour.2025.236516,https://doi.org/10.1016/j.jpowsour.2025.236516,WOS:001428521500001,1007,5dc7ecb0b9ebdc1303df2fa87072284966b7927b71c38a9c62f749726b737fc2
WOS:000398365100007,Facile synthesis of multi-walled carbon nanotubes/Co9S8 composites with enhanced performances for sodium-ion battery,2017,10.1016/j.matlet.2017.02.004,https://doi.org/10.1016/j.matlet.2017.02.004,WOS:000398365100007,1008,d984ac0b9eaf6eb13e7f3d9032209e8a8c53c02fef5689395274f90e8b595069
WOS:000380735500014,Metallic VS2 Monolayer Polytypes as Potential Sodium-Ion Battery Anode via ab Initio Random Structure Searching,2016,10.1021/acsami.6b03499,https://doi.org/10.1021/acsami.6b03499,WOS:000380735500014,1009,27abc24cf791da8aa7f62dec143ae1cb34cd0969e4e03be0fcb792d2e4d6c680
WOS:000909625200001,Graphene Composite via Bacterial Cellulose Assisted Liquid Phase Exfoliation for Sodium-Ion Batteries,2023,10.3390/polym15010203,https://doi.org/10.3390/polym15010203,WOS:000909625200001,1010,c59baa0906fa29c4a4161d6ea82fe5158fd8d3bc1a7b72ea2ccd5342b825c686
WOS:001153659500001,Using first-principles study on the characteristics of γ-GeSe as anode of sodium-ion battery,2024,10.1007/s00214-024-03092-2,https://doi.org/10.1007/s00214-024-03092-2,WOS:001153659500001,1011,afaa76d2214055461d79b6d860dbde8b11786e90afcf27d95e1a7eaa64e1e746
WOS:000898774100010,Red@Black phosphorus core-shell heterostructure with superior air stability for high-rate and durable sodium-ion battery,2022,10.1016/j.mattod.2022.08.013,https://doi.org/10.1016/j.mattod.2022.08.013,WOS:000898774100010,1012,711c3e3512cdaa0433a99bf8914a9cdd712e21e0c6b2b0357143e0740f695a27
WOS:000863312700004,A molybdenum doped layer-spinel composite cathode material for sodium-ion battery,2022,10.1016/j.electacta.2022.141122,https://doi.org/10.1016/j.electacta.2022.141122,WOS:000863312700004,1013,6d07d306b4d4d6504351b2408ce741e54fc7b89717b119a1190dbc019ccf84b4
WOS:001568044000001,The synergistic optimization of the LA133 binder and electrode interface using sodium lignosulfonate comprehensively enhances the electrochemical performance of sodium-ion batteries,2025,10.1016/j.est.2025.118403,https://doi.org/10.1016/j.est.2025.118403,WOS:001568044000001,1014,a6d6aa4a264642937a9d06904d1338c7aa763c8d5bf0c4c27be7e9f390329035
WOS:001511239900005,High-entropy BiSnSbCuAl nanoalloys conformed in carbon fibers as fast-charging and high-capacity anode material for sodium-ion batteries,2025,10.1016/j.jpowsour.2025.237600,https://doi.org/10.1016/j.jpowsour.2025.237600,WOS:001511239900005,1015,3eb015eeee257f7c455d8ab0c7913834bf52ae4fd3f974bc89875e447064f077
WOS:001400976200001,Tailored core-shell PW@PB cathodes for enhanced sodium-ion battery stability and rate capability,2025,10.1016/j.est.2025.115424,https://doi.org/10.1016/j.est.2025.115424,WOS:001400976200001,1016,d52f0faf4bbf3171dbe8ef8f725c5bf61c68bdbf33b5479e9e72b58a4d830625
WOS:001503151900001,Bimetallic FeSe2/CoSe2 heterojunction nanoparticles anchored on porous N-doped carbon nanosheets for high-rate sodium-ion storage,2025,10.1039/d5cc02582f,https://doi.org/10.1039/d5cc02582f,WOS:001503151900001,1017,6ef3b2f02774819e9882c1496eafca78c1c25ad9959616749b785ae45ae8f7fc
WOS:001436613600001,Li and Cu double-doped P2-type sodium-ion layered oxide cathode materials with enhanced high-voltage stability,2025,10.1016/j.jallcom.2025.179425,https://doi.org/10.1016/j.jallcom.2025.179425,WOS:001436613600001,1018,f5a3c021e215231d5abd487f442a9032c621eabcadb3bca55dbf468911fc55c2
WOS:001483065900001,Polypyrrole-modified Prussian Blue for enhanced conductivity and cycling stability in sodium-ion batteries,2025,10.1016/j.colsurfa.2025.137038,https://doi.org/10.1016/j.colsurfa.2025.137038,WOS:001483065900001,1019,f12972bc22f193d7b58b6500c5fa4375986680bee10241c52289c1196205ec20
WOS:001513356800001,Assembled WS2 nanosheets hollow carbon 3D composite structure for high rate performance in Na-ion battery,2025,10.1016/j.mtener.2025.101927,https://doi.org/10.1016/j.mtener.2025.101927,WOS:001513356800001,1020,c7e8c575e8022dfce00cb54d9f6fe107e0393eb01c0e4ec332ac7fab3e23262a
WOS:000678435600018,"Engineering Ultramicroporous Carbon with Abundant C=O as Extended ""Slope-Dominated"" Sodium Ion Battery Anodes",2021,10.1021/acssuschemeng.1c01885,https://doi.org/10.1021/acssuschemeng.1c01885,WOS:000678435600018,1021,f1cc9f7651cb66a4cec5e7a8e9cac743fc08886b666472f378bd3d5d3599d675
WOS:001568864500003,Synergistic Doping and Coating Strategy for Boosting Na0.7MnO2 Cathode Performance in Sodium-Ion Batteries,2025,10.1016/j.electacta.2025.147279,https://doi.org/10.1016/j.electacta.2025.147279,WOS:001568864500003,1022,ed4406981c428ddbe66f62b65aa6c5ed8b74c16b78419f1c99ecfdaea5c8e0ff
WOS:000552861800001,Mn-doped NaFeO2from a low purity-Fe precursor and its performance as cathode for Sodium-Ion Battery,2020,10.1080/24701556.2020.1790003,https://doi.org/10.1080/24701556.2020.1790003,WOS:000552861800001,1023,b3de6cbe111a11cecea511e5a3b30ad321fc64017deee4abb8efb38f3ce23cd0
WOS:000563880800020,Electrochemical Performance of B-Type Vanadium Dioxide as a Sodium-Ion Battery Cathode: A Combined Experimental and Theoretical Study,2020,10.1002/celc.202000686,https://doi.org/10.1002/celc.202000686,WOS:000563880800020,1024,0ce5eabd97d888bb122a5886fcf9a3eb3ff0141f9d6d335ecbe81fc814fbad2b
WOS:000447261700010,Microtubular Hard Carbon Derived From Willow Catkins as an Anode Material With Enhanced Performance for Sodium-Ion Batteries,2018,10.1115/1.4040922,https://doi.org/10.1115/1.4040922,WOS:000447261700010,1025,650c7840e544cd962722584de1e7b9d0e8bdc5175bde50501590b040ad27427f
WOS:000432668500004,Flower-like structure of SnS with N-doped carbon via polymer additive for lithium-ion battery and sodium-ion battery,2018,10.1016/j.jallcom.2018.03.386,https://doi.org/10.1016/j.jallcom.2018.03.386,WOS:000432668500004,1026,24b913814cd5fd6a7d2e59f333e02e4888c0eafa22e082c100990d7c9457f2f8
WOS:001179043600079,Study on the lignin-derived sp2-sp3 hybrid hard carbon materials and the feasibility for industrial production,2024,10.1038/s41598-024-54190-x,https://doi.org/10.1038/s41598-024-54190-x,WOS:001179043600079,1027,b1045e4a419258af92bc516648fe4d7dc31ddc7a7ba242d3d9eae89b111dfd64
WOS:001236648900001,Coal-based hard carbon anode for high-performance sodium ion batteries via coal-based graphene oxide as a multi-functional binder,2024,10.1016/j.matlet.2024.136541,https://doi.org/10.1016/j.matlet.2024.136541,WOS:001236648900001,1028,887561d5adeae1a2b5cfa9b8ed2a383d6fb6c59ef21fc0e17fff4854315b1ba5
WOS:000806347600004,Green synthesis of zinc sulfide-reduced graphene oxide composite and its application in sodium-ion batteries,2022,10.1016/j.jallcom.2022.164769,https://doi.org/10.1016/j.jallcom.2022.164769,WOS:000806347600004,1029,428ec0a0605fc55ccab33ddedd75b977535d3223d342988a3475a16e390be702
WOS:000644433300001,In Situ Nitrogen Retention of Carbon Anode for Enhancing the Electrochemical Performance for Sodium-Ion Battery,2021,10.1002/chem.202100076,https://doi.org/10.1002/chem.202100076,WOS:000644433300001,1030,6b768d7cc8d63a336e5df08e69934034896d45304a3d3cc9454b1e509e3693dd
WOS:001377552000001,Zero-strain high entropy spinel oxide (FeNiCuCrMn)3O4@rGO as high-performance anode for sodium ion battery,2025,10.1016/j.cej.2024.158269,https://doi.org/10.1016/j.cej.2024.158269,WOS:001377552000001,1031,90b18228565cc3db1b0f4c0585bdbc7b48a17534ecfd1eb1eaa751e6482f9da4
WOS:001327862400001,Iron-decorated N/S co-doped porous carbon for sodium-ion battery anode to achieve high initial coulombic efficiency,2024,10.1016/j.carbon.2024.119663,https://doi.org/10.1016/j.carbon.2024.119663,WOS:001327862400001,1032,219ebaa9993668b0ccbbee04d3527c2d170004a9ee207ed94d86a4c1685f7373
WOS:000431790700002,Synthesis of Conjugated Carbonyl Containing Polymer Negative Electrodes for Sodium Ion Batteries,2018,10.1149/2.0051803jes,https://doi.org/10.1149/2.0051803jes,WOS:000431790700002,1033,2da287f1a46fc242ae77830b818385f429e0ecc2ce9b989e534323502e41c9ae
WOS:000517663800007,How to overcome Na deficiency in full cell using P2-phase sodium cathode - A proof of concept study of Na-rhodizonate used as sodium reservoir,2020,10.1016/j.jpowsour.2019.227617,https://doi.org/10.1016/j.jpowsour.2019.227617,WOS:000517663800007,1034,9bb7c613223f763c2b61a6f30e360928076526c37f20f9e1ca43e8ba58b662d4
WOS:000466054200006,Facile construction of hollow carbon nanosphere-interconnected network for advanced sodium-ion battery anode,2019,10.1016/j.jcis.2019.03.043,https://doi.org/10.1016/j.jcis.2019.03.043,WOS:000466054200006,1035,be56cff0ad2c05229fdfea362de9a29955fc0e1ae74b2e04d8d6599625a3034d
WOS:000497245400080,Nitrogen and phosphorus co-doped 3D hierarchical porous carbon network with highly-reversible performance in sodium storage,2019,10.1016/j.ceramint.2019.08.177,https://doi.org/10.1016/j.ceramint.2019.08.177,WOS:000497245400080,1036,275ed8dd0e69a2961cd9e9c244f5b3068b1a968cd649b84b701485084cf1fb4e
WOS:000377412900046,Effect of Electrolyte Additives on NaTi2(PO4)3-C//Na3V2</s ub>O2X( PO4)2F3-2X-MWCNT Aqueous Rechargeable Sodium Ion Battery Performance,2016,10.1149/2.0031608jes,https://doi.org/10.1149/2.0031608jes,WOS:000377412900046,1037,eecd7c40f157f92220f5fd278b980d64a9d0b6adc7d4ac049dde65b5b77effa3
WOS:000406286800002,Cobalt imidazoledicarboxylate coordination complex microspheres: stable intercalation materials for lithium and sodium-ion batteries,2017,10.1007/s11581-017-2033-x,https://doi.org/10.1007/s11581-017-2033-x,WOS:000406286800002,1038,f9918f8a643cdb510921281e09e7ba23424dc306c6e19a37298d41623b140e33
WOS:001170443700001,Nitrogen and fluorine co-doped 3D carbon framework embedded VSe2 nanosheets as high-performance sodium-ion battery anode materials,2024,10.1007/s11581-024-05437-0,https://doi.org/10.1007/s11581-024-05437-0,WOS:001170443700001,1039,35d9eabf39344d81ac95240cc905c733f2f2d2e161ada3be80b068525d847139
WOS:000638236800001,Densified MoS2/Ti3C2 films with balanced porosity for ultrahigh volumetric capacity sodium-ion battery,2021,10.1016/j.cej.2020.127479,https://doi.org/10.1016/j.cej.2020.127479,WOS:000638236800001,1040,535c9a5372802c57b46238b3e11dc013135ef3d341b3ed7f8fe9fd1c9495175d
WOS:000430477900023,Carbon-coated CoP3 nanocomposites as anode materials for high-performance sodium-ion batteries,2018,10.1016/j.apsusc.2018.03.126,https://doi.org/10.1016/j.apsusc.2018.03.126,WOS:000430477900023,1041,32e612761f20e927cb48728c12e4f6932eb834c3a41a7211f361468fa9e9d702
WOS:000514848600083,Rational synthesis of marcacite FeS2 hollow microspheres for high-rate and long-life sodium ion battery anode,2020,10.1016/j.jallcom.2020.154173,https://doi.org/10.1016/j.jallcom.2020.154173,WOS:000514848600083,1042,690208814c892b7bd3ed95ee330a0a9fcb1f7ed067dd6fb1e0ff47206cb3c370
WOS:000897789600001,A Novel Hierarchical Structure of SnCu2Se4/d-Ti3C2Tx</sub >/NPC for a Lithium/Sodium Ion Battery and Hybrid Capacitor with Long-Term Cycling Stabilities,2022,10.1021/acsami.2c19347,https://doi.org/10.1021/acsami.2c19347,WOS:000897789600001,1043,7671cd0b7e42d75363f7d1677a96e654e40eda726d7d62cd900f192b1f52779d
WOS:001616004800001,An electrochemical investigation into the microwave-assisted synthesis of synergistic effect-based ternary heteroatom doped reduced graphene oxide (BNS-rGO) for supercapacitor and sodium-ion battery applications,2025,10.1016/j.est.2025.119158,https://doi.org/10.1016/j.est.2025.119158,WOS:001616004800001,1044,8d82bb67806dbb404767ef6daddb812f30817e3ca1e83a8d1298a5a3e7533371
WOS:000324382400006,"A low cost, all-organic Na-ion Battery Based on Polymeric Cathode and Anode",2013,10.1038/srep02671,https://doi.org/10.1038/srep02671,WOS:000324382400006,1045,e177389bf444cd8c34b6f5d8e25891541e8d9b0af462dc452d77a0048fd805fc
WOS:000546695700005,Sn4P3-induced crystalline/amorphous composite structures for enhanced sodium-ion battery anodes,2020,10.1016/j.jmst.2019.05.032,https://doi.org/10.1016/j.jmst.2019.05.032,WOS:000546695700005,1046,6af4495ca021599cbb3340fd78bacd653b4ea463374488f9dbf7850852ff5625
WOS:001116601700001,High-performance e-VOPO4 cathode materials for sodium ion battery applications,2024,10.1016/j.materresbull.2023.112594,https://doi.org/10.1016/j.materresbull.2023.112594,WOS:001116601700001,1047,e2d5cb3080270120d54638411bfda764d2cb5f3c4063b1405c6bff657ffd078b
WOS:001296973600001,Comparison of NaNi1/3Fe1/3Mn1/3O2 and Na4Fe3(PO4)2(P2O7) cathode sodium-ion battery behavior under overcharging induced thermal runaway,2024,10.1016/j.cej.2024.154732,https://doi.org/10.1016/j.cej.2024.154732,WOS:001296973600001,1048,30c0697178b6c4c39e149a1d2ce139c910d6f2597e9bf26b11eb39510e589a63
WOS:000539083500016,Direct antimony recovery from wastewater as anode materials for sodium-ion batteries,2020,10.1016/j.mtener.2020.100403,https://doi.org/10.1016/j.mtener.2020.100403,WOS:000539083500016,1049,5bd93c449dcecd14d903717d287548cba114eefa609f48a184bdeb95e369b62b
WOS:001311642400001,The importance of bond covalency for the activation of multielectron reactions in phosphate cathodes for sodium-ion batteries,2024,10.1016/j.ensm.2024.103770,https://doi.org/10.1016/j.ensm.2024.103770,WOS:001311642400001,1050,791c51c9e98a09a558edce5a5f16cb426c2fd65bd2b584e428c217bf42170bba
WOS:001165559500001,Facile flame synthesis of S-doped Fe2O3 on carbon cloth as superior anode material for sodium-ion battery,2024,10.1016/j.diamond.2024.110833,https://doi.org/10.1016/j.diamond.2024.110833,WOS:001165559500001,1051,9dbd6018620e8fae035b799ede555094c720fcebfbcf30e5b302e59665d2881f
WOS:000486859600001,Ultrahigh Rate Performance of Hollow Antimony Nanoparticles Impregnated in Open Carbon Boxes for Sodium-Ion Battery under Elevated Temperature,2019,10.1002/smll.201903521,https://doi.org/10.1002/smll.201903521,WOS:000486859600001,1052,b3be0a091ca33de95b5c47a05c3e8503dc47de1be0ad4e73405ffe12f0c9202c
WOS:001325009400001,Modified multi-metal Prussian blue analogues toward high-performance cathode for sodium-ion battery,2024,10.1016/j.jpowsour.2024.235514,https://doi.org/10.1016/j.jpowsour.2024.235514,WOS:001325009400001,1053,7e7cf061f1709e1909afeb11768330b6ed324d78b290cae95246be95de8f5967
WOS:001397043700001,Isovalent doping of tin in sodium trititanate for enhanced sodium-ion battery performance,2025,10.1016/j.jechem.2024.12.002,https://doi.org/10.1016/j.jechem.2024.12.002,WOS:001397043700001,1054,d3650e34aa9bb10a30929dce2930e9064597d0e6a90b3388e3b94237e4f77d46
WOS:000502900800001,"A Water Stable, Near-Zero-Strain O3-Layered Titanium-Based Anode for Long Cycle Sodium-Ion Battery",2020,10.1002/adfm.201907023,https://doi.org/10.1002/adfm.201907023,WOS:000502900800001,1055,989e1f8bd4facc934637bb0ed04ffcf78c844ea3ae8aaefa19c5d8e9036cabf1
WOS:001397583900001,Tin disulfide nanosheets encapsulated by elemental sulfur for advanced sodium ion batteries,2025,10.1016/j.jallcom.2025.178541,https://doi.org/10.1016/j.jallcom.2025.178541,WOS:001397583900001,1056,db12d0801d59a580cc31bd6128dc9f33c7201d7aee5a67f089cdae2fab42c41e
WOS:000382338800027,Crystal and electronic structure changes during the charge-discharge process of Na4Co3(PO4)2P2O<s ub>7,2016,10.1016/j.jpowsour.2016.07.006,https://doi.org/10.1016/j.jpowsour.2016.07.006,WOS:000382338800027,1057,d10cdf2ef2d367f3b0ec82ef7175f9094eec52a49a397cea99f40c0b4bb0a1ce
WOS:000702631600002,Alleviating mechanical degradation of hexacyanoferrate via strain locking during Na+ insertion/extraction for full sodium ion battery,2022,10.1007/s12274-021-3844-7,https://doi.org/10.1007/s12274-021-3844-7,WOS:000702631600002,1058,88db0dfadd2a04a89b6f8d62c2ca5bd26785bdd983ce957234dfc959ce975869
WOS:000554477000001,A New Triclinic Phase Na2Ti3O7Anode for Sodium-Ion Battery,2020,10.1002/adfm.202003733,https://doi.org/10.1002/adfm.202003733,WOS:000554477000001,1059,746074cc6ae5ec394213ee86a225c27e4a3f7c293be1307bfae1c83563869a96
WOS:000443153100092,Sandwiched CNT@SnO2@PPy nanocomposites enhancing sodium storage,2018,10.1016/j.colsurfa.2018.07.023,https://doi.org/10.1016/j.colsurfa.2018.07.023,WOS:000443153100092,1060,95fe2615502caeaf1a7637f43dc5d9930f1c4749ac61b91e45a890c90c8a2d34
WOS:001188069400001,Enabling Rapid and Stable Sodium Storage via a P2-Type Layered Cathode with High-Voltage Zero-Phase Transition Behavior,2024,10.1002/smll.202400315,https://doi.org/10.1002/smll.202400315,WOS:001188069400001,1061,0e9466929cf57c7cc49fefdc4d958a8dab10d9115dfa85402d1cc70a2a20080d
WOS:000332278800003,Tin-phosphate glass anode for sodium ion batteries,2013,10.1063/1.4826938,https://doi.org/10.1063/1.4826938,WOS:000332278800003,1062,2668035a48b9400e6804bc44cd9420d73abf2331b0601f0dda0aab685127bb5f
WOS:000948894600001,Rational design of conductive MXenes-based networks by Sn and Sn4P3 nanoparticles for durable sodium-ion battery,2023,10.1016/j.jpowsour.2023.232750,https://doi.org/10.1016/j.jpowsour.2023.232750,WOS:000948894600001,1063,34753ab84163c06d4c80366e40bd2ab60700e319e17dfe0e816f598b33739424
WOS:000914374500001,Optimized Structural Dimensionality of CuSbS2 as an Anode Material in Sodium-Ion Batteries,2023,10.1021/acsaem.2c03317,https://doi.org/10.1021/acsaem.2c03317,WOS:000914374500001,1064,9cd6052d96781b665703108e05f3fe57828de3960efad0f059b9c54fe21d26df
WOS:000819910400001,Effect of Al doping on electrochemical performance of NaTi2(PO4)3/C anode for aqueous sodium ion batter,2022,10.1007/s10800-022-01726-6,https://doi.org/10.1007/s10800-022-01726-6,WOS:000819910400001,1065,5e79adeef03759b9d7f28d4a52154c4c74e70d2e05555b6f216ce6675274b0e6
WOS:000558039000001,Cr2P2O7as a Novel Anode Material for Sodium and Lithium Storage,2020,10.3390/ma13143139,https://doi.org/10.3390/ma13143139,WOS:000558039000001,1066,1a7e23a762b4c1614c2ab42f5529e165f7360dd25cebce32a67eeb335c6b2f87
WOS:000828164600002,"Lotus pollen-templated synthesis of C, N, P-self doped KTi2(PO4)3/TiO2 for sodium ion battery",2022,10.1016/j.colsurfa.2022.129605,https://doi.org/10.1016/j.colsurfa.2022.129605,WOS:000828164600002,1067,3fcda47e8de3b0265e199079abaa97be6aaf2355d23fb1032b33c0acdb29194e
WOS:001353627900001,Synthesis of highly dispersed metallic bismuth nanoparticles in CuO-Bi2O3-SiO2 glass-ceramics for sodium ion battery anode,2024,10.1016/j.jssc.2024.124838,https://doi.org/10.1016/j.jssc.2024.124838,WOS:001353627900001,1068,79f0ef3d10c2c313f0c86583a69fe0e03628dc0f26454c295efa18d38c081dc6
WOS:000458706900101,Benefits of Copper and Magnesium Cosubstitution in Na0.5Mn0.6Ni0.4O2 as a Superior Cathode for Sodium Ion Batteries,2019,10.1021/acsaem.8b01909,https://doi.org/10.1021/acsaem.8b01909,WOS:000458706900101,1069,4739202aeab7a27e9955a0b8453673f57dabb53119727670421628f4cd023b62
WOS:000375244500032,How Crystallite Size Controls the Reaction Path in Nonaqueous Metal Ion Batteries: The Example of Sodium Bismuth Alloying,2016,10.1021/acs.chemmater.6b00491,https://doi.org/10.1021/acs.chemmater.6b00491,WOS:000375244500032,1070,7ffcbc43a1ffc198e251b7dd26a76d9391d3f1830f11825d5f2fb5e2afa46d5a
WOS:001585184300001,Novel two-dimensional structure of MoS2/nano-red phosphorus/graphene for sodium-ion batteries,2025,10.1088/1402-4896/ae0988,https://doi.org/10.1088/1402-4896/ae0988,WOS:001585184300001,1071,40b36f4914664543a553205183b49ecb8b12a55bba17279dc21aebe64c01c311
WOS:000444793000041,Graphene-Loaded Bi2Se3: A Conversion-Alloying-type Anode Material for Ultrafast Gravimetric and Volumetric Na Storage,2018,10.1021/acsami.8b09538,https://doi.org/10.1021/acsami.8b09538,WOS:000444793000041,1072,91d541aebcf47c90e6deea56a9eff2cd0291d85c5ebe104edda19afb45ec6ff5
WOS:000723005600002,Layered O3-type Na9/10Cr1/2Fe1/2O2 as new cathode for rechargeable sodium-ion battery,2022,10.1016/j.colsurfa.2021.127929,https://doi.org/10.1016/j.colsurfa.2021.127929,WOS:000723005600002,1073,b46547f68e90b5d081779f0ac44335d7f4a08c023feadebf3af97a6eb696134a
WOS:001047583700001,All-solid-state sodium-ion batteries operating at room temperature based on NASICON-type NaTi2(PO4)3 cathode and ceramic NASICON solid electrolyte: A complete in situ synchrotron X-ray study,2023,10.1016/j.cej.2023.144509,https://doi.org/10.1016/j.cej.2023.144509,WOS:001047583700001,1074,8da28758da0e46aa2cec9bd04c9ca5e641486b65b8f7c560767eb7656229ba06
WOS:000413009800038,Self-standing MgMoO4/Reduced Graphene Oxide Nanosheet Arrays for Lithium and Sodium Ion Storage,2017,10.1016/j.electacta.2017.08.115,https://doi.org/10.1016/j.electacta.2017.08.115,WOS:000413009800038,1075,bba1a1af13dca56d1be160a03047f9c5bfa9e42c5b7a7b7569f90e9f1088a432
WOS:001586104000019,Facile thiourea-assisted synthesis of SnO2/SnS heterojunctions anchored on N/S co-doped graphene aerogel for high-performance sodium-ion battery anodes,2025,10.1016/j.jallcom.2025.183998,https://doi.org/10.1016/j.jallcom.2025.183998,WOS:001586104000019,1076,dfff35c986fae416719270a2c6bb8cdf40110854fb6599cae11a604b4484b5b5
WOS:001476783700001,Fabrication of multiscale porous carbon nanofibers via phase separation of copolymer-based blends for high-performance sodium-ion battery anodes,2025,10.1016/j.carbon.2025.120340,https://doi.org/10.1016/j.carbon.2025.120340,WOS:001476783700001,1077,04e97e94cb60c9264a88a7d1e944bc157ebe704716042a0000c87aa55188bb0f
WOS:000467574900003,Prussian Blue Cathode Materials for Aqueous Sodium-ion Batteries: Preparation and Electrochemical Performance,2019,10.15541/jim20180272,https://doi.org/10.15541/jim20180272,WOS:000467574900003,1078,cd84a9f4b7437e990911532876a6482e33c1e5bf1b529236e7836414aafea0a1
WOS:001013601100001,Rational Engineering of p-n Heterogeneous ZnS/SnO2 Quantum Dots with Fast Ion Kinetics for Superior Li/Na-Ion Battery,2023,10.1002/smll.202300534,https://doi.org/10.1002/smll.202300534,WOS:001013601100001,1079,063b060b9bb1b90c1c056d21e6917169cd0f9f2302ccb89983d67d928aff2d51
WOS:001402882800001,One-Step Chronoamperometric Synthesized Nitrogen-Doped Graphene Oxide as a Novel Anode for Sodium-Ion Battery with an Enhanced Electrochemical Performance,2025,10.1002/celc.202400564,https://doi.org/10.1002/celc.202400564,WOS:001402882800001,1080,293094f70020db5f3942d125a95645c44a7feb4facee01bad60dd0f64fd03432
WOS:001526783800001,Preparation of hard carbon anode materials for high-performance sodium-ion batteries by dual composition-structure modulation,2025,10.1016/j.est.2025.117408,https://doi.org/10.1016/j.est.2025.117408,WOS:001526783800001,1081,7429e3498c18c326c132866d21f795b12a32bf5f8d63587d9ca4954a085dd2bb
WOS:001268351600001,Cobalt-Copper Bimetallic Phosphide/Carbon Nanocomposites Derived from Metal-Organic Frameworks for Sodium-Ion Batteries,2024,10.1021/acsanm.4c02632,https://doi.org/10.1021/acsanm.4c02632,WOS:001268351600001,1082,d1a4bdd80c8e33df53ef97ced94c56a50b76b84843d020f26531ccd9f1d694e1
WOS:000517851600018,Nitrogen-doped carbon derived from onion waste as anode material for high performance sodium-ion battery,2020,10.1016/j.ssi.2020.115223,https://doi.org/10.1016/j.ssi.2020.115223,WOS:000517851600018,1083,ade50c62d4663603044b8cd02099f383ec32713490f0826f8c353c357834bc59
WOS:001312287700001,Biomimetic mineralization synergistic combustion activation to construct honeycomb porous carbon anode for sodium-ion batteries,2024,10.1016/j.carbon.2024.119602,https://doi.org/10.1016/j.carbon.2024.119602,WOS:001312287700001,1084,eb4b370506d5365e55add00c7d921713f9ac0254c8ef8c6e68a51a5cd5082bf3
WOS:001354139200001,Thermal Runaway of Na-Ion Batteries with Na3V2O2(PO4)2F Cathodes,2025,10.1002/batt.202400386,https://doi.org/10.1002/batt.202400386,WOS:001354139200001,1085,902e888069205e4b3c7047788788904383c2d23de6566c80255e5467ef99db55
WOS:000330491500028,Electrochemical properties of P2-Na2/3[Ni1/3Mn2/3]O2 cathode material for sodium ion batteries when cycled in different voltage ranges,2013,10.1016/j.electacta.2013.09.098,https://doi.org/10.1016/j.electacta.2013.09.098,WOS:000330491500028,1086,9c75328d877809a5d6f820e611f35cdaa86c8a61fadc790fca60a4d86847eb3e
WOS:001446882900001,Glucose Carbon Spheres Uniformly Coupled with Cotton-Derived Carbon Nanofibers as Ultrafast Anodes for Sodium-Ion Batteries,2025,10.1002/slct.202405437,https://doi.org/10.1002/slct.202405437,WOS:001446882900001,1087,b3da0c08ffdb604dde6c730073b54c4fbd10f7240a81154309984ba21e0f382a
WOS:001460206900001,Inhibition of P2-O2 Phase Transition for P2-Na2/3Ni1/3Mn2/3O2 as Cathode of Sodium-ion Battery via Synergetic Substitution of Cu and Mg,2025,10.15541/jim20240325,https://doi.org/10.15541/jim20240325,WOS:001460206900001,1088,94e42b55624b466a475799683ffcb1b78ebb7edce6c4326895e11ef45b2f5c0b
WOS:000576640500001,1-Aminoanthraquinone as an electro-polymerizable additive to improve the cycling performance of a Na3V2(PO4)2F3 cathode,2020,10.1016/j.elecom.2020.106829,https://doi.org/10.1016/j.elecom.2020.106829,WOS:000576640500001,1089,f023e3345bccbc3cf6e6ead79fc50b9675aa280811d99df866ae5d76cecd0494
WOS:000511862700013,MCNT-Reinforced Na3Fe2(PO4)3 as Cathode Material for Sodium-Ion Batteries,2020,10.1007/s13369-019-03979-4,https://doi.org/10.1007/s13369-019-03979-4,WOS:000511862700013,1090,8c1cc3cfd8de7e6cc62289311a0b81874204db305df644c887f386cbf0bd43c0
WOS:000816287700001,Polypyrrole Modified MoS2 Nanorod Composites as Durable Pseudocapacitive Anode Materials for Sodium-Ion Batteries,2022,10.3390/nano12122006,https://doi.org/10.3390/nano12122006,WOS:000816287700001,1091,7c245e0c815c98dd826a17c204fcb60749051cfb2a59bfe4c9d5b11fb4f86b55
WOS:000350941400015,Rapid synthesis of α-Fe2O3/rGO nanocomposites by microwave autoclave as superior anodes for sodium-ion batteries,2015,10.1016/j.jpowsour.2015.01.092,https://doi.org/10.1016/j.jpowsour.2015.01.092,WOS:000350941400015,1092,8a2cd08de95a47138ab98f6df94c555fa28963b52b34996fb3c16dec4bed6198
WOS:000832983300003,In2S3 nanosheets array anchored on reduced graphene oxide as high-performance anode for sodium-ion batteries,2022,10.1016/j.jallcom.2022.165506,https://doi.org/10.1016/j.jallcom.2022.165506,WOS:000832983300003,1093,507262349a7cfa09bfa96e4388397378b8d293c1ac3a4caafb4e07dc308cb34f
WOS:000387862100006,An advanced high-energy sodium ion full battery based on nanostructured Na2Ti3O7/VOPO4 layered materials,2016,10.1039/c6ee00794e,https://doi.org/10.1039/c6ee00794e,WOS:000387862100006,1094,43a1f6585343f83e36906c27318fb0e880eb02681856426eb254f0c4a174739b
WOS:000649648700001,Nitrogen doped porous carbon coated antimony as high performance anode material for sodium-ion batteries,2021,10.1088/1361-6528/abf778,https://doi.org/10.1088/1361-6528/abf778,WOS:000649648700001,1095,6ed9bc2946f12e1341ab78ce65360e5a3e087047e0207e5b3dbb29cc2a4307e1
WOS:000400952600003,Two-dimensional layered compound based anode materials for lithium-ion batteries and sodium-ion batteries,2017,10.1016/j.jcis.2017.03.077,https://doi.org/10.1016/j.jcis.2017.03.077,WOS:000400952600003,1096,79077215da0d0f1994583c8265d8a813722f6f571f5da750ec9ae9d7307eaec7
WOS:001525844000003,Bilayer surface modification of biphasic O3/P2 layered cathode for high voltage sodium ion battery,2025,10.1016/j.est.2025.117540,https://doi.org/10.1016/j.est.2025.117540,WOS:001525844000003,1097,d8a7a8525091ca817ca6f6ff5de36309de0f0b603d5cf43e313e3a0984fafab6
WOS:000931344800001,One-Step Synthesis of Three-Dimensional Na3V2(PO4)3/Carbon Frameworks as Promising Sodium-Ion Battery Cathode,2023,10.3390/nano13030446,https://doi.org/10.3390/nano13030446,WOS:000931344800001,1098,9224719d6f814b5c715dba693233fa668f7d81876c3cbd3c5e5bc048aac65ff6
WOS:000415302600049,Robust three-dimensional graphene skeleton encapsulated Na3V2O2(PO4)2F nanoparticles as a high-rate and long-life cathode of sodium-ion batteries,2017,10.1016/j.nanoen.2017.09.056,https://doi.org/10.1016/j.nanoen.2017.09.056,WOS:000415302600049,1099,62629cf7b30cd56353f624c93ab1d620e716a3724ce394d591127c1bb7cc54d6
WOS:001348652600001,Valence switching of bismuth in ferricyanide as cathode materials for sodium-ion batteries,2025,10.1016/j.jpowsour.2024.235666,https://doi.org/10.1016/j.jpowsour.2024.235666,WOS:001348652600001,1100,58a1da493d374060d5b5a5337f4eb5c56b18830170c6b95547b07e5c5887f3e4
WOS:000483408400019,Ion-exchange synthesis of high-energy-density prussian blue analogues for sodium ion battery cathodes with fast kinetics and long durability,2019,10.1016/j.jpowsour.2019.226868,https://doi.org/10.1016/j.jpowsour.2019.226868,WOS:000483408400019,1101,76cbf40cf85f69f9b7b68ffccf73e3a1986a573a5144f2cb1b5fe0d904a30c56
WOS:000354255400013,A Layered P2-and O3-Type Composite as a High-Energy Cathode for Rechargeable Sodium-Ion Batteries,2015,10.1002/anie.201411788,https://doi.org/10.1002/anie.201411788,WOS:000354255400013,1102,4fbfd3f371e7f1cb895a3b66d2fb6aeaec8c0e0762957dd887727bdb4c4bf270
WOS:000783868100003,Self-standing Co2.4Sn0.6O4 nano rods as high performance anode materials for sodium-ion battery and investigation on its reaction mechanism,2022,10.1016/j.cej.2022.135791,https://doi.org/10.1016/j.cej.2022.135791,WOS:000783868100003,1103,c5113e2f7e73bd3e2da3aaea9408b1fc2e0f664da09b7fa3d7d31be893e3932e
WOS:000346326600054,Fabrication of Porous Carbon/TiO2 Composites through Polymerization-Induced Phase Separation and Use As an Anode for Na-Ion Batteries,2014,10.1021/am5058037,https://doi.org/10.1021/am5058037,WOS:000346326600054,1104,b62928ca18f431d6fae5091cbc3f7fac13ca62548ac584048d86f6e87131059e
WOS:000352275500015,Hierarchical zigzag Na1.25V3O8 nanowires with topotactically encoded superior performance for sodium-ion battery cathodes,2015,10.1039/c5ee00036j,https://doi.org/10.1039/c5ee00036j,WOS:000352275500015,1105,63d1fd1413526e6ab62f43bb3be36fc04c264a94502eb846477cc5cd93d0312d
WOS:000493217800094,O3-type layer-structured Na0.8[Ni1/5Fe1/5C o1/5Mn1/5</s ub>Ti1/5]O2 as long life and high power cathode material for sodium-ion batteries,2019,10.1016/j.ceramint.2019.08.011,https://doi.org/10.1016/j.ceramint.2019.08.011,WOS:000493217800094,1106,959613095ca49093110ab3a7c094c438c73540531975860c0f5607e29e2a09c9
WOS:001356239900001,"Boosting sodium-ion battery performance with vanadium substituted Fe, Ni dual doped fluorophosphate cathode over a wide temperature range",2025,10.1016/j.jpowsour.2024.235734,https://doi.org/10.1016/j.jpowsour.2024.235734,WOS:001356239900001,1107,b95f38793f557be91834a9d670cbaef67661dfe48499fe6488b5631fb0f166cd
WOS:001232686300001,Inclusion of Anion Additives in the Inner Solvation Shell to Regulate the Composition of Solid Electrolyte Interphase,2024,10.1002/aenm.202401268,https://doi.org/10.1002/aenm.202401268,WOS:001232686300001,1108,84e72c420f0f58228d7fb05e116d1dbf2b166a89823c2c6506cdf077fd6a7e59
WOS:000461575300014,A Liquid-Metal-Enabled Versatile Organic Alkali-lon Battery,2019,10.1002/adma.201806956,https://doi.org/10.1002/adma.201806956,WOS:000461575300014,1109,3fb04b6c95faf75ae3899a69f047a8601591121b9d98a8b3e49cf277e20f8acb
WOS:000691223400009,Synergistic effect between 1T′-ReS2 nanosheet arrays and FeS2 nano-spindle in 1T′-ReS2@FeS2@NC heterostructured anode for Na+ storage,2021,10.1016/j.electacta.2021.139071,https://doi.org/10.1016/j.electacta.2021.139071,WOS:000691223400009,1110,8f4e74f5661726ee4287758e484b25396c5f258d3bd00ecd0b360f298f5d594c
WOS:001401867600001,Revealing the thermal stability of sodium-ion battery from material to cell level using combined thermal-gas analysis,2025,10.1016/j.jechem.2024.11.059,https://doi.org/10.1016/j.jechem.2024.11.059,WOS:001401867600001,1111,32166290cdc2308f1d4c3ac0f4ca03bf190aa4d7a04f4fe3979a52627e58d62e
WOS:000869436100005,Combined conductivity and electrochemical impedance spectroscopy study of Na2FeP2O7 cathode material for sodium ion batteries,2022,10.1016/j.ssi.2022.116024,https://doi.org/10.1016/j.ssi.2022.116024,WOS:000869436100005,1112,3c398bea49bbb60daf81eacb7f3ff7b62a9b0457d365ff219c082b3a51a860a8
WOS:000329137100085,Single-Crystalline Bilayered V2O5 Nanobelts for High-Capacity Sodium-Ion Batteries,2013,10.1021/nn405014d,https://doi.org/10.1021/nn405014d,WOS:000329137100085,1113,b619b922016a53d6aa4ccd4585c82e55912e0e050b7b1ebfc3e80f3de3f3975f
WOS:001511959800001,Unraveling multi-level porous carbon negative electrode materials based on Rosa roxburghii pomace for high-performance sodium-ion batteries,2025,10.1039/d5ra02828k,https://doi.org/10.1039/d5ra02828k,WOS:001511959800001,1114,5fbceb6d69e1a8fcaadb4d119081af223e5636d9b217b0a381dea0f2f0680a00
WOS:001274718300001,Overview of electrochemical competing process of sodium storage and metal plating in hard carbon anode of sodium ion battery,2024,10.1016/j.ensm.2024.103645,https://doi.org/10.1016/j.ensm.2024.103645,WOS:001274718300001,1115,6fa0e38edf7265986e044b365ef7be6647f14578768c48fe91843d270fcf98b6
WOS:000430452300013,Characterization of MnCo2O4 as anode material for a SodiumAir Electric Vehicle Battery,2018,10.20964/2018.04.13,https://doi.org/10.20964/2018.04.13,WOS:000430452300013,1116,ee7715fdefddcf91ff090c6e78fa46b06cb8b5c961a68bd87ccbb933fecd51b4
WOS:000860547100002,Carbon-coated Sn-reduced graphene oxide composite synthesized using supercritical methanol and high-pressure free meniscus coating for Na-ion batteries,2022,10.1016/j.supflu.2022.105720,https://doi.org/10.1016/j.supflu.2022.105720,WOS:000860547100002,1117,6c1cb114f01c08e57a6246ee915e9720992920a9ad0d6b8b19572668945a52b8
WOS:000863272300001,Enhancing Reversible Reactions via Phase Engineering on Bi-Crystal GeS2 Nanosheets for Superior Sodium-Ion Storage,2022,10.1021/acssuschemeng.2c03375,https://doi.org/10.1021/acssuschemeng.2c03375,WOS:000863272300001,1118,da40c485eb62d1ad4dc3ca6093ce1ecc59b79331575a8f85c641466390399a1c
WOS:001597554600001,Unveiling the Role of Local Atomic Configurations of Tin on Enhanced Na Storage for Carbon Anode Materials,2025,10.1002/smll.202508708,https://doi.org/10.1002/smll.202508708,WOS:001597554600001,1119,b92faa987df527eb7006b60c1821706eb52eb41683b2fa990d33943a0b7ceb09
WOS:000943898200003,Growing curly graphene layer boosts hard carbon with superior sodium-ion storage,2023,10.1007/s12274-023-5539-8,https://doi.org/10.1007/s12274-023-5539-8,WOS:000943898200003,1120,84166d399540c0299035df49c4155bfd572b094f29207bb0c3f50e4ec9cfa939
WOS:000458504800056,Self-tunable ultrathin carbon nanocups as the electrode material of sodium-ion batteries with unprecedented capacity and stability,2019,10.1016/j.cej.2019.02.003,https://doi.org/10.1016/j.cej.2019.02.003,WOS:000458504800056,1121,f99b0412d2f955adcb241311a11048524377d5bff2a48fc984c636771401c317
WOS:000344978200130,"Reversible Conversion-Alloying of Sb2O3 as a High-Capacity, High-Rate, and Durable Anode for Sodium Ion Batteries",2014,10.1021/am505505m,https://doi.org/10.1021/am505505m,WOS:000344978200130,1122,880b0d419e20e0ce1eab6165620184877134fa04a503d900f8490767edc466af
WOS:000314082100016,Intercalation of Sodium Ions into Hollow Iron Oxide Nanoparticles,2013,10.1021/cm303611z,https://doi.org/10.1021/cm303611z,WOS:000314082100016,1123,d6376a0c13f3321b124d244b0f7f8128cb5486be5d2959fd3c8cfe76cb681cd5
WOS:000564958200004,Neurons-system-like structured SnS2/CNTs composite for high-performance sodium-ion battery anode,2021,10.1007/s12598-020-01555-6,https://doi.org/10.1007/s12598-020-01555-6,WOS:000564958200004,1124,c0bd32844e24c4b23d4ab8970d003208e1f251b82f7824c1784f96ef460eeeb5
WOS:000336640600032,Anodes for Sodium Ion Batteries Based on Tin-Germanium-Antimony Alloys,2014,10.1021/nn4063598,https://doi.org/10.1021/nn4063598,WOS:000336640600032,1125,5b06b52f6717ec654fc93e674b146c3fa5a951c1c44cd606e3084b1ee1702336
WOS:001130430500001,Multiphase nano Co9S8/CoS encapsulated in N-doped carbon for high capacity sodium-ion battery anode,2024,10.1016/j.est.2023.109849,https://doi.org/10.1016/j.est.2023.109849,WOS:001130430500001,1126,9b1f18e5883401418a0ca2101c23351af942fd45b035d2a692b898116f427a9d
WOS:000398224900007,Spray pyrolysis and electrochemical performance of Na0.44MnO2 for sodium-ion battery cathodes,2017,10.1557/mrc.2017.4,https://doi.org/10.1557/mrc.2017.4,WOS:000398224900007,1127,46552d3c0f301bdeb8899fe4eed932e0f036b536365ba01d13dae4b51fb193c4
WOS:000813006000008,One-step multiple structure modulations on sodium vanadyl phosphate@carbon towards ultra-stable high rate sodium storage,2022,10.1016/j.cej.2021.134289,https://doi.org/10.1016/j.cej.2021.134289,WOS:000813006000008,1128,5a25bd3f03ad40db31d45617d7f7e230b105e2999e28ff07808051a4ed23a5d7
WOS:000445302400006,Multi-walled carbon nanotube-wrapped SiP2 as a superior anode material for lithium-ion and sodium-ion batteries,2018,10.1016/j.jpowsour.2018.07.003,https://doi.org/10.1016/j.jpowsour.2018.07.003,WOS:000445302400006,1129,d5f697020b87651b23c0ae8c467e90cee7c4d07d363ae9ee317f3eb6a5684159
WOS:000393848800055,Shape-Controlled TiO2 Nanocrystals for Na-Ion Battery Electrodes: The Role of Different Exposed Crystal Facets on the Electrochemical Properties,2017,10.1021/acs.nanolett.6b04347,https://doi.org/10.1021/acs.nanolett.6b04347,WOS:000393848800055,1130,6e26f2a578fa737f21e9d29570f1e127492f9bf319642a8f60600d7ba764108e
WOS:000430996700005,Carbon sheathed molybdenum nitride nanoparticles anchored on reduced graphene oxide as high-capacity sodium-ion battery anodes and supercapacitors,2018,10.1039/c7nj04764a,https://doi.org/10.1039/c7nj04764a,WOS:000430996700005,1131,5525e293b849df7476ff386659c80a4b2b9aa8429e5fb76a5b5a1dfd1f9e0247
WOS:000354140700030,Antimony nanoparticles anchored on interconnected carbon nanofibers networks as advanced anode material for sodium-ion batteries,2015,10.1016/j.jpowsour.2015.03.043,https://doi.org/10.1016/j.jpowsour.2015.03.043,WOS:000354140700030,1132,85567e92773698759f5dfd106f0c11f07e9c2dd42055cae2aa6c873e41b786d3
WOS:000397003700042,Three-dimensional graphene frameworks wrapped Li3V2(PO4)3 with reversible topotactic sodium-ion storage,2017,10.1016/j.nanoen.2016.12.050,https://doi.org/10.1016/j.nanoen.2016.12.050,WOS:000397003700042,1133,54b1fcc5b86f2a0f24932730bd70eff273f12bb842defa9aa7906950daaf548a
WOS:000458705100013,Sodiation-Desodiation Reactions of Various Binary Phosphides as Novel Anode Materials of Na-Ion Battery,2018,10.1021/acsaem.7b00241,https://doi.org/10.1021/acsaem.7b00241,WOS:000458705100013,1134,0bde96dda992cf7c345db56e1adb3251fe950701309abc9a03826c249b171e0d
WOS:000735203700029,Effective enhancement of the electrochemical properties for Na2FeP2O7/C cathode materials by boron doping,2021,10.1016/j.cjche.2021.09.011,https://doi.org/10.1016/j.cjche.2021.09.011,WOS:000735203700029,1135,d9b297366395ecf37cca723b87d705c435d7ffe425ff9065e2595e85120c602c
WOS:000467387200085,Mesoporous CoSe2 nanoclusters threaded with nitrogen-doped carbon nanotubes for high-performance sodium-ion battery anodes,2019,10.1016/j.cej.2019.03.263,https://doi.org/10.1016/j.cej.2019.03.263,WOS:000467387200085,1136,69fae2f1e50bedbe7d9b5ce7b5869ffe8c6ad02c1be174ecd83c7f00c6d8563e
WOS:001214742800001,Construction of a novel heterostructure of Bi2S3/Sb2S3 nanorod with improved sodium storage performances,2024,10.1007/s11581-024-05550-0,https://doi.org/10.1007/s11581-024-05550-0,WOS:001214742800001,1137,39593eece87d69f69d68880fb0cefab60fbdf1be620d583a53871354a386e16f
WOS:000511931800012,Cu2SnSe3/CNTs Composite as a Promising Anode Material for Sodium-ion Batteries,2020,10.1007/s40242-020-9061-1,https://doi.org/10.1007/s40242-020-9061-1,WOS:000511931800012,1138,f2a2baadfcfb46f71d859117f9deaf87baac4261d7b47a60321c49ef276afc81
WOS:000391454500015,Greigite Fe3S4 as a new anode material for high-performance sodium-ion batteries,2017,10.1039/c6sc02716d,https://doi.org/10.1039/c6sc02716d,WOS:000391454500015,1139,619eb89552bcfd9eee17804658051769ad4fc2bca7557b02d3abe205c60c9266
WOS:000506166900010,A novel MoS2@C framework architecture composites with three-dimensional cross-linked porous carbon supporting MoS2 nanosheets for sodium storage,2020,10.1016/j.jallcom.2019.152821,https://doi.org/10.1016/j.jallcom.2019.152821,WOS:000506166900010,1140,ee1a714420b429fcd6b676c9810159cb766ce8cd12bbc6ba2d9c9c90c10cb59b
WOS:001226119300001,Manipulating Local Chemistry and Coherent Structures for High-Rate and Long-Life Sodium-Ion Battery Cathodes,2024,10.1021/acsnano.4c02017,https://doi.org/10.1021/acsnano.4c02017,WOS:001226119300001,1141,50fcf259ec19de38930f79039606c84511902c931c7c67314f9d37c7f03a5f17
WOS:000403457000020,In- situ carbon-coated Na2FeP2O7 anchored in three-dimensional reduced graphene oxide framework as a durable and high-rate sodium-ion battery cathode,2017,10.1016/j.jpowsour.2017.04.075,https://doi.org/10.1016/j.jpowsour.2017.04.075,WOS:000403457000020,1142,c9b636f1e37c7187118d641db1e542454aa60e49ca375f0d79b39c81c92cc679
WOS:000648607900001,High-stability Mn-Co-Ni ternary metal oxide microspheres as conversion-type anodes for sodium-ion batteries,2021,10.1016/j.ceramint.2021.03.072,https://doi.org/10.1016/j.ceramint.2021.03.072,WOS:000648607900001,1143,54f7063ca6c5fa2a89f6e04e47d89e595abc10aefb7061f02bdaf7e0b37232ee
WOS:000345226100042,An Electrochemical Study of Sb/Acetylene Black Composite as Anode for Sodium-Ion Batteries,2014,10.1016/j.electacta.2014.09.080,https://doi.org/10.1016/j.electacta.2014.09.080,WOS:000345226100042,1144,836eee76fe47dbbc4306445d122fc795032e2f4bc418a8fe366b3cf61541c5c7
WOS:001585559400005,Coupled pore-forming and sodium supplementation strategies for asphalt-based hard carbon anodes to enhance the cycling stability of sodium-ion batteries,2026,10.1016/j.mseb.2025.118833,https://doi.org/10.1016/j.mseb.2025.118833,WOS:001585559400005,1145,569b630688ffe576332529a501dba02d721fb1967ac1e2d256ba9d0236ddb4c5
WOS:000435929000029,Plasma-Induced Amorphous Shell and Deep Cation-Site S Doping Endow TiO2 with Extraordinary Sodium Storage Performance,2018,10.1002/adma.201801013,https://doi.org/10.1002/adma.201801013,WOS:000435929000029,1146,d2561e13b94ae4d117d57ffbd940799e69850f3a96bb5732ed03d6848f3eb306
WOS:000868934200002,PTFE-derived carbon-coated Na3V2(PO4)2F3 cathode material for high-performance sodium ion battery,2022,10.1016/j.electacta.2022.141187,https://doi.org/10.1016/j.electacta.2022.141187,WOS:000868934200002,1147,74e0009ca8c0ba58d27272d2ed11e26a7a7b39c1e99b20813bfb28e2f7836a48
WOS:000498391900030,Oxygen functionalization boosted sodium adsorption-intercalation in coal based needle coke,2020,10.1016/j.electacta.2019.135127,https://doi.org/10.1016/j.electacta.2019.135127,WOS:000498391900030,1148,b2a21e69c83c48af5db0cf3cfdbc189b64b447e84239bc67ac93ddb22bb72845
WOS:001619161900004,Hollow cobalt disulfide/nitrogen-doped carbon nanoboxes for high stability sodium-ion battery anodes,2025,10.26599/nr.2025.94907800,https://doi.org/10.26599/nr.2025.94907800,WOS:001619161900004,1149,2a2ee60375347b015ad2422e2f28b9aac995eb3d4af42c500d74227b67510010
WOS:000440731800031,MoS2 embedded in 3D interconnected carbon nanofiber film as a free-standing anode for sodium-ion batteries,2018,10.1007/s12274-017-1958-8,https://doi.org/10.1007/s12274-017-1958-8,WOS:000440731800031,1150,cc5bfc4098e4a4bde3eb1031f78ee9b378722e3092b4484e717566643301eae7
WOS:001150402100001,First-principles study of slag impurity doped Na2Ti3O7 as anode material for Na-ion batteries,2024,10.1088/1402-4896/ad1f23,https://doi.org/10.1088/1402-4896/ad1f23,WOS:001150402100001,1151,96705ec741b9e5421f8d93928ef329323c9f258d05cef76c40ab42c61dd3aa86
WOS:000426615600095,Rational Synthesis and Assembly of Ni3S4 Nanorods for Enhanced Electrochemical Sodium-Ion Storage,2018,10.1021/acsnano.7b08625,https://doi.org/10.1021/acsnano.7b08625,WOS:000426615600095,1152,31dac37e947af4a715dcad1b6748209dfb04a446ed0e9f8d6e7e845908519453
WOS:000412455200018,Self-standing Bi2O3 nanoparticles/carbon nanofiber hybrid films as a binder-free anode for flexible sodium-ion batteries,2017,10.1039/c7qm00128b,https://doi.org/10.1039/c7qm00128b,WOS:000412455200018,1153,7de6e56de2850ae35fd772246702da55f77e51b42758f42272952297cc6b97f7
WOS:000494815600123,Preparation of porous FeS2-C/RG composite for sodium ion batteries,2020,10.1016/j.cej.2019.122549,https://doi.org/10.1016/j.cej.2019.122549,WOS:000494815600123,1154,8accc7c182d3cd3afcac7ff9acd154d42ab18a1d3be0b7b13ce9ecea60c12063
WOS:001584443900006,Waste asphalt-derived hard carbon assisted by biomass templating for sodium-ion batteries,2025,10.1016/j.cej.2025.167350,https://doi.org/10.1016/j.cej.2025.167350,WOS:001584443900006,1155,8e585c64c39be65fd6d12bf2b98b86201ac54a078125a857d76bdb4a4b4dece5
WOS:001345485500001,Optimization of sodium-ion battery cathode performance by nickel-based Prussian blue epitaxial growth with iron-based Prussian blue core-shell structure,2024,10.1016/j.ijoes.2024.100828,https://doi.org/10.1016/j.ijoes.2024.100828,WOS:001345485500001,1156,e49be5dcf9f5fd9eb260b1c96bdd0616c1b69757e2ee3df7c64cfe80293a86d3
WOS:000470337600004,FeS2 hollow nanospheres as high-performance anode for sodium ion battery and their surface pseudocapacitive properties,2019,10.1007/s11051-019-4565-7,https://doi.org/10.1007/s11051-019-4565-7,WOS:000470337600004,1157,b0b8deb251fb03ceec468a128c23fc0b1169cff114a08e6c37e039d51d86118b
WOS:000750027700001,Construction of SnS2@MoS2@rGO heterojunction anode and their half/full sodium ion storage performances,2022,10.1016/j.jallcom.2021.162784,https://doi.org/10.1016/j.jallcom.2021.162784,WOS:000750027700001,1158,0fa5b0b73ed94749065be3f37db7c9e1552a27a5101a67d7a511f0420ec259b4
WOS:000378274800031,First-principles investigations of vanadium disulfide for lithium and sodium ion battery applications,2016,10.1039/c6ra07586j,https://doi.org/10.1039/c6ra07586j,WOS:000378274800031,1159,ffd9b98cf3df0bed6bfd740690296fd53a2b07c7155e3a4b2dd628dfd5ebd4ad
WOS:000330162600012,Nanocolumnar Germanium Thin Films as a High-Rate Sodium-Ion Battery Anode Material,2013,10.1021/jp407322k,https://doi.org/10.1021/jp407322k,WOS:000330162600012,1160,68bdfe8afc71e762bed1f0c22c0681fd3730161233cd53afef28189875ab3136
WOS:000704184000003,Achieving superior high-temperature sodium storage performance in a layered potassium vanadate,2022,10.1007/s40843-021-1780-x,https://doi.org/10.1007/s40843-021-1780-x,WOS:000704184000003,1161,953f03a24bdd8dad63fc1134a53b7d2441b3b04024e75c0d38d91c08e8cc6d60
WOS:000433494600012,Concentration Flow Cells for Efficient Salinity Gradient Energy Recovery with Nanostructured Open Framework Hexacyanoferrate Electrodes,2018,10.1002/slct.201800312,https://doi.org/10.1002/slct.201800312,WOS:000433494600012,1162,7cad65064a439727642ff440c75173cea5c6ec49124d3d99580bdd4436769abc
WOS:000507983000010,Additive Dependency on Formation of Solid Electrolyte Interphase on the Surface of Polymeric Hard Carbon Anode in Sodium-ion Batteries,2020,10.7317/pk.2020.44.1.76,https://doi.org/10.7317/pk.2020.44.1.76,WOS:000507983000010,1163,7d4b9ce53d0d5f3391ea426541621217af822c00d4322f7a5a0fdfb9afdaaf30
WOS:001144248800001,Exploration of PVP-Combustion Synthesis and Electrochemical Performance of O3-type NaxNi0.33Fe0.33Mn0.33O2 Layered Material for Sodium-Ion Batteries,2024,10.1149/1945-7111/ad1c14,https://doi.org/10.1149/1945-7111/ad1c14,WOS:001144248800001,1164,022a895835dc394caf6b0549d5fb4628eb85fa7431ce4b7e63bc9671d091ab4e
WOS:001453011400001,Improvement of Interphase Stability of Hard Carbon for Sodium-Ion Battery by Ionic Liquid Additives,2025,10.3390/batteries11030102,https://doi.org/10.3390/batteries11030102,WOS:001453011400001,1165,86cd5053d5f3f44fe63d56a831e0adf87d9e58208f9bb27f3612449c8f23e6a2
WOS:000450981100149,P4Se3 as a new anode material for sodium-ion batteries,2019,10.1016/j.jallcom.2018.10.215,https://doi.org/10.1016/j.jallcom.2018.10.215,WOS:000450981100149,1166,3f324b1a02ff15d37284ce945e090809d0bc23b98864ab490ccc7eccec9e4239
WOS:000386122700180,Tungsten Trioxide (WO3) Nanoparticles as a New Anode Material for Sodium-Ion Batteries,2016,10.1166/jnn.2016.11786,https://doi.org/10.1166/jnn.2016.11786,WOS:000386122700180,1167,0fcc9836e4e7d73b9ef4c8ec306951c7021a0cc281608e34643261e8b944ea1c
WOS:000969775700001,Thermal Stability of NASICON-Type Na3V2(PO4)3 and Na4VMn(PO4)3 as Cathode Materials for Sodium-ion Batteries,2023,10.3390/en16073051,https://doi.org/10.3390/en16073051,WOS:000969775700001,1168,af3788c8172728f85ce70aaa51e5a317f0032a354aea3de56c0f76abf60280d8
WOS:000456762100069,Enhanced electronic conductivity and sodium-ion adsorption in N/S co-doped ordered mesoporous carbon for high-performance sodium-ion battery anode,2019,10.1016/j.jpowsour.2018.12.002,https://doi.org/10.1016/j.jpowsour.2018.12.002,WOS:000456762100069,1169,85ba12113c6f7f079a7a023e37139cd3e75ff8ec44d21695be3e87f8fb156279
WOS:000394829800048,Iron-Doped Cauliflower-Like Rutile TiO2 with Superior Sodium Storage Properties,2017,10.1021/acsami.6b15516,https://doi.org/10.1021/acsami.6b15516,WOS:000394829800048,1170,5265ad2aaa0547bcb53d855cf2b3ca060f88004d20f18d9354521c7001b05ed6
WOS:000459796400144,K-doped Na3Fe2(PO4)3 cathode materials with high-stable structure for sodium-ion stored energy battery,2019,10.1016/j.jallcom.2019.01.125,https://doi.org/10.1016/j.jallcom.2019.01.125,WOS:000459796400144,1171,afd830d622c698be87a01ce7bb805e03a2347d06e42305b33b7150ebff92b3f9
WOS:000346252800014,Experimental visualization of the diffusion pathway of sodium ions in the Na3[Ti2P2O10F] anode for sodium-ion battery,2014,10.1038/srep07231,https://doi.org/10.1038/srep07231,WOS:000346252800014,1172,bae4e8105eebb531c7aaf968606e70f535bf822e25f27620246e04766cdeafa0
WOS:000818086600001,Self-supported TiO2@P nanotube arrays as high-performance anodes for sodium-ion batteries,2022,10.1142/s1793604722500199,https://doi.org/10.1142/s1793604722500199,WOS:000818086600001,1173,e4812b84d0c5a9eaa63caa38e9dfd82d2ab2c239e817e6dc200d05ee8e4cb71d
WOS:000600634600001,General Synthesis of Sulfonate-Based Metal-Organic Framework Derived Composite of MxSy@N/S-Doped Carbon for High-Performance Lithium/Sodium Ion Batteries,2021,10.1002/chem.202004241,https://doi.org/10.1002/chem.202004241,WOS:000600634600001,1174,ca3f88f2ac82353e640d871d9aa4ed96dec1ace095c937f1e3b6e7814587f807
WOS:000480331100027,Recent Progress in Rechargeable Sodium-Ion Batteries: toward High-Power Applications,2019,10.1002/smll.201805427,https://doi.org/10.1002/smll.201805427,WOS:000480331100027,1175,c20b6b0233743c87fce5f754560db00259dd18e3b38bd11e858d9ae07258c1b7
WOS:000624399000001,Impedance studies of biosynthesized Na0.8Ni0.33Co<sub >0.33Mn0.33 O2 applied in an aqueous sodium-ion battery,2021,10.1002/er.6594,https://doi.org/10.1002/er.6594,WOS:000624399000001,1176,72198f64edb6bae4233b2fe37ca41c73678c52538329833196a63be2029c5a3d
WOS:000376828900007,Highly stable linear carbonate-containing electrolytes with fluoroethylene carbonate for high-performance cathodes in sodium-ion batteries,2016,10.1016/j.jpowsour.2016.04.070,https://doi.org/10.1016/j.jpowsour.2016.04.070,WOS:000376828900007,1177,979702022155074a2ddfb3798ac87aa15cd8f171e360619485dee5fc995ae389
WOS:001545011200006,Carbonyl porous carbon is used to achieve high rate performance in sodium-ion batteries,2025,10.1016/j.electacta.2025.147015,https://doi.org/10.1016/j.electacta.2025.147015,WOS:001545011200006,1178,3acb0a96f000430c53d5293b6220d1724d802223da5c8d07274991f8ea777314
WOS:000677686000011,Highly infiltrative micro-sized Cu2Se as advanced material with excellent rate performance and ultralong cycle-life for sodium ion half/full batteries,2021,10.1016/j.mtphys.2021.100422,https://doi.org/10.1016/j.mtphys.2021.100422,WOS:000677686000011,1179,9e91339680bbe1903ed3c08201ec80f792cb6d1bb5c703dfda099b7a87b6a8bd
WOS:000685550800003,N-doped hierarchical porous hollow carbon spheres with multi-cavities for high performance Na-ion storage,2021,10.1016/j.jpowsour.2021.230170,https://doi.org/10.1016/j.jpowsour.2021.230170,WOS:000685550800003,1180,ddf798dc9b9effc826c5780477668d0166af3b296f267404442f637ce3ce202b
WOS:000623935900001,Na2Fe(C2O4)(HPO4): a promising new oxalate-phosphate based mixed polyanionic cathode for Li/Na ion batteries,2021,10.1088/2515-7639/abe5f9,https://doi.org/10.1088/2515-7639/abe5f9,WOS:000623935900001,1181,0ceff6d4608b38ccbe0f0a4c7512769ee3dc81825a5a4a41f2ecbda25e648d16
WOS:000397605300005,Nanofiber networks of Na3V2(PO4)3 as a cathode material for high performance all-solid-state sodium-ion batteries,2017,10.1039/c7ta00314e,https://doi.org/10.1039/c7ta00314e,WOS:000397605300005,1182,5197d993a2b4d25c312dd64dea89a7e463810ea73aa07d8ad5194db71141ce39
WOS:000450981100147,Rational design of red phosphorus/reduced graphene oxide composites for stable sodium ion storage,2019,10.1016/j.jallcom.2018.10.143,https://doi.org/10.1016/j.jallcom.2018.10.143,WOS:000450981100147,1183,273654b54fd7d5a5a770d80d64c2f25b6c062f7ebc80d08b19e3def653fde9ab
WOS:000676841200001,A Hierarchically Ordered Mesoporous-Carbon-Supported Iron Sulfide Anode for High-Rate Na-Ion Storage,2021,10.3390/molecules26144349,https://doi.org/10.3390/molecules26144349,WOS:000676841200001,1184,108fdcc3dfe23b3b90a43e08f901e311e848e29ec56cc8c21df75ec9b5b3651a
WOS:000463752300021,Facile Fabrication of Co9S8 Embedded in a Boron and Nitrogen Co-Doped Carbon Matrix as Sodium-Ion Battery Anode,2019,10.1002/celc.201801843,https://doi.org/10.1002/celc.201801843,WOS:000463752300021,1185,e49f0a39be7c5835614bb32bfc609fcf68069f7bdd17b9a89c81d479fa14e193
WOS:000703338600128,Virtual Screening of Residual Sodium-Reactive Coating Materials for the Enhancement of the Electrochemical Properties of a Sodium-Ion Battery Cathode,2021,10.1021/acsaem.1c01915,https://doi.org/10.1021/acsaem.1c01915,WOS:000703338600128,1186,6c5812eaaa42dc6b2502ccc65df19dd5f7e0c060197a1f55b982f0463dc2925a
WOS:000749619600001,Sodium-Ion Battery with a Wide Operation-Temperature Range from-70 to 100 °C,2022,10.1002/anie.202116930,https://doi.org/10.1002/anie.202116930,WOS:000749619600001,1187,5d0c5a741815fe2724f0854e7d598bb0832a2f9418cfc5e12c18ffe8b74e127b
WOS:000523719700064,Facile controlled synthesis of coral-like nanostructured Sb2O3@Sb anode materials for high performance sodium-ion batteries,2020,10.1016/j.ijhydene.2020.01.141,https://doi.org/10.1016/j.ijhydene.2020.01.141,WOS:000523719700064,1188,1629f6f18bc83707a78db4614a9bbb478e859bea4f79b6476d47e811f969a974
WOS:000437068400010,"An investigation of crystallization kinetics of the Na3MnCO3PO4 cathode material, synthesized by the hydrothermal method",2018,10.1016/j.matchemphys.2018.04.070,https://doi.org/10.1016/j.matchemphys.2018.04.070,WOS:000437068400010,1189,bf373183f3c2147a0f3cbcc6b24f3c253c17556c0a164d0e6280b93460de03a8
WOS:001487961100001,Preparation and sodium storage properties of CuFeSe2@C nanorods,2025,10.1016/j.vacuum.2025.114380,https://doi.org/10.1016/j.vacuum.2025.114380,WOS:001487961100001,1190,3b6d7af1bdc458d3deb1bc509ef814590f1d80f80fe8d941ac1223d97c1b0be3
WOS:000629054100072,High Stability and Long Cycle Life of Rechargeable Sodium-Ion Battery Using Manganese Oxide Cathode: A Combined Density Functional Theory (DFT) and Experimental Study,2021,10.1021/acsami.0c21081,https://doi.org/10.1021/acsami.0c21081,WOS:000629054100072,1191,db06703f0638faca4d11a600fa0dc2ab3af293a09e6cce2105c7e34315cf3f58
WOS:000875505500002,Effects of sodium salts on compatibility between Na2Ti3O7@C anode and electrolyte for sodium-ion batteries,2023,10.1016/j.jallcom.2022.167380,https://doi.org/10.1016/j.jallcom.2022.167380,WOS:000875505500002,1192,31a7e817bb05292ab4037373a048aa0649390a3bbf8ebf570407272734f51d98
WOS:000467500500012,A high-energy-density sodium-ion full battery based on tin anode,2019,10.1007/s11426-018-9422-y,https://doi.org/10.1007/s11426-018-9422-y,WOS:000467500500012,1193,d0f48766ffac611e48bd03056590e297ce23fb45c725c9ac6aea7e66875d008c
WOS:000371778000006,Co3O4 carbon nanofiber mats as negative electrodes for sodium-ion batteries,2016,10.1016/j.matlet.2016.01.132,https://doi.org/10.1016/j.matlet.2016.01.132,WOS:000371778000006,1194,984fbaad442b7215c7d9dbdcc6dc715fba7e687c127f77104d61f9ffb8574bcd
WOS:001261121300001,Increasing the interlayer spacing and generating closed pores to produce petroleum coke-based carbon materials for sodium ion storage,2024,10.1016/s1872-5805(24)60858-9,https://doi.org/10.1016/s1872-5805(24)60858-9,WOS:001261121300001,1195,37bb94656e6c8997206d6e36ae7890f0580d76d2d579873f14e4e4ac2fd9c52e
WOS:000439134600040,The effects of the functional electrolyte additive on the cathode material Na0.76Ni0.3Fe0.4Mn0.3O2 for sodium-ion batteries,2018,10.1016/j.electacta.2018.05.185,https://doi.org/10.1016/j.electacta.2018.05.185,WOS:000439134600040,1196,d744bc43a8366be7aab240a3c72cdd737e72fc94de3e79ffced1be89f71e927c
WOS:000510847700017,Hollow Bio-derived Polymer Nanospheres with Ordered Mesopores for Sodium-Ion Battery,2020,10.1007/s40820-020-0370-1,https://doi.org/10.1007/s40820-020-0370-1,WOS:000510847700017,1197,1657839210c961734d44c3f1a7955718f2a6ac690730a55cd9d2f6d4685ff4b7
WOS:001134794400001,Enhanced electrochemical performance and interdiffusion behavior of sodium ions in onion-derived freeze-dried and KOH-activated carbon for sodium-ion battery anodes,2024,10.1016/j.apsusc.2023.159023,https://doi.org/10.1016/j.apsusc.2023.159023,WOS:001134794400001,1198,ef3b13951be202a753934e0cd23c9f81fc9df52802cdb218112c9dbc297f2739
WOS:001548537800001,Heterostructure of CoSe2@SnSe anode for high-rate performance sodium-ion battery,2025,10.1016/j.jechem.2025.06.055,https://doi.org/10.1016/j.jechem.2025.06.055,WOS:001548537800001,1199,bc9bb92ae675908423b0a6c2ec7c53721b7348b1538ce7a65431cfe82e02f133
WOS:000575028000091,"Facilitating Phase Evolution for a High-Energy-Efficiency, Low-Cost O3-Type NaxCu0.18Fe0.3Mn0.52O 2 Sodium Ion Battery Cathode",2020,10.1021/acs.inorgchem.0c02239,https://doi.org/10.1021/acs.inorgchem.0c02239,WOS:000575028000091,1200,384ad526ab1234a7debe5cc5ab7f810ac629909e89cb3ee3cb7eb62a3c5dda2e
WOS:000396869100010,"NaAlTi3O8, A Novel Anode Material for Sodium Ion Battery",2017,10.1038/s41598-017-00202-y,https://doi.org/10.1038/s41598-017-00202-y,WOS:000396869100010,1201,624967255543bc9bc99e05352f87831503a9d064c2be205d0a6d0ae7d410196d
WOS:000371101900023,Synthesis and Electrochemical Properties of Fe2O3/rGO Nanocomposites as Lithium and Sodium Storage Materials,2016,10.3866/pku.whxb201511105,https://doi.org/10.3866/pku.whxb201511105,WOS:000371101900023,1202,5dc89162c92038e118c684b2f3a043889f72330ac09721d32b00f782c904c92d
WOS:000919872000001,Nanostructured MoS2 with Interlayer Controllably Regulated by Ionic Liquids/Cellulose for High-Capacity and Durable Sodium Storage Properties,2023,10.1002/smll.202207397,https://doi.org/10.1002/smll.202207397,WOS:000919872000001,1203,37c3aa068c306c674e9d4fca536895e9084617ec79590f6e8ee60072108d0c5a
WOS:000642181400003,Effects of Cr doping on structural and electrochemical properties of Li4Ti5O12 nanostructure for sodium-ion battery anode,2021,10.1016/j.jechem.2020.11.029,https://doi.org/10.1016/j.jechem.2020.11.029,WOS:000642181400003,1204,6dacea4878929be1aeaad682e4132eb6b2ae3f4d83f638dcfb83130028909d41
WOS:000456224200009,Sn-interspersed MoS2/C nanosheets with high capacity for Na+/K+ storage,2019,10.1016/j.jpcs.2018.10.029,https://doi.org/10.1016/j.jpcs.2018.10.029,WOS:000456224200009,1205,51eb3b5097277f857a1bc820a756b4869597b35a01a828a0e1e37a891800eea9
WOS:000819827900006,Optimizing quasi-solid-state sodium storage performance of Na3V2(PO4)2F2.5O< sub>0.5 cathode by structural design plus nitrogen doping,2022,10.1016/j.cej.2021.133557,https://doi.org/10.1016/j.cej.2021.133557,WOS:000819827900006,1206,b422d73a63b812df4f506285fa21029c822f92f3e37f7542b06dbe8ce2ad5abe
WOS:000940862200001,Sodium-Coordinated Polymeric Phthalocyanines as Stable High-Capacity Organic Anodes for Sodium-Ion Batteries,2023,10.1002/eem2.12468,https://doi.org/10.1002/eem2.12468,WOS:000940862200001,1207,96576f8c5e5e954b9180a911afb3cf833ea4c6afa938f1b3633e5516f241d35f
WOS:000526330900047,Chemically Presodiated Hard Carbon Anodes with Enhanced Initial Coulombic Efficiencies for High-Energy Sodium Ion Batteries,2020,10.1021/acsami.0c02230,https://doi.org/10.1021/acsami.0c02230,WOS:000526330900047,1208,ca7edf19f707031b541b19d8370b409ca50bbc501a4c39dde3ef94a1cf6c0cbf
WOS:000376991100011,Bismuth oxychloride ultrathin nanoplates as an anode material for sodium-ion batteries,2016,10.1016/j.matlet.2016.04.197,https://doi.org/10.1016/j.matlet.2016.04.197,WOS:000376991100011,1209,acd4b4dc4bdcf20242b8083aff541842b721df1c4c842e4d8153f4cf8e0f062f
WOS:001109074700001,Metal-organic framework tin doped nickel phosphide/carbon composites for high performance sodium ion batteries,2023,10.1016/j.est.2023.109517,https://doi.org/10.1016/j.est.2023.109517,WOS:001109074700001,1210,deb8568f60040170c80537aa1bb30fefc309c77dffbe59465e5fbff4a85a9c81
WOS:000491219700038,Ultrastable Sodium Storage in MoO3 Nanotube Arrays Enabled by Surface Phosphorylation,2019,10.1021/acsami.9b12858,https://doi.org/10.1021/acsami.9b12858,WOS:000491219700038,1211,f3aa34be3f9dfb94ef7e45afb1803951ac769c794002045076fd633d6a679361
WOS:000488148100146,Morphology-selected synthesis of copper ferrite via spray drying with excellent sodium storage properties,2019,10.1016/j.ceramint.2019.07.066,https://doi.org/10.1016/j.ceramint.2019.07.066,WOS:000488148100146,1212,5bb0a18e67639236c3ce93a5e09c626b5b6d815bfb842d9ed225f5d88bcbd2c0
WOS:001103084400001,Amorphous C/SbSx composites from natural stibnite as low cost and high performance lithium/sodium-ion battery anodes,2023,10.1039/d3ta05355e,https://doi.org/10.1039/d3ta05355e,WOS:001103084400001,1213,f2369426f0bd6fdc969d6f83d893da97255184148172d40282e3d423746a6492
WOS:000445726900024,Template-Derived Submicrometric Carbon Spheres for Lithium-Sulfur and Sodium-Ion Battery Electrodes,2018,10.1002/ente.201700932,https://doi.org/10.1002/ente.201700932,WOS:000445726900024,1214,88e8cae62a30f770b31a9ee63c1c6455200385ec248a6ced599d0d57165f39a4
WOS:000410679300026,Effect of Ni-nanoparticles decoration on graphene to enable high capacity sodium-ion battery negative electrodes,2017,10.1016/j.electacta.2017.08.049,https://doi.org/10.1016/j.electacta.2017.08.049,WOS:000410679300026,1215,2e01e3adb059f5b1b0b13b720f53d164b48224e94bb529c3242e4a4781eca3f0
WOS:001108655300001,FeNi-quantom-dots induced stable interfaces of high loading FeNCN electrode for enhanced sodium storage performance,2024,10.1016/j.apsusc.2023.158737,https://doi.org/10.1016/j.apsusc.2023.158737,WOS:001108655300001,1216,12d7dea3a6eb85999b7171b3174a69663e8d24fc2affd88f1f7627f1a1824400
WOS:000474636100018,Nitrogen-doped carbon shell-confined Ni3S2 composite nanosheets derived from Ni-MOF for high performance sodium-ion battery anodes,2019,10.1016/j.nanoen.2019.05.030,https://doi.org/10.1016/j.nanoen.2019.05.030,WOS:000474636100018,1217,a663f7d6e27e7f7263618e4f48b03794c2b7cfff6747b6b73433fb08344f7fb3
WOS:000463008200100,Hierarchical flower-like structures composed of cross-shaped vanadium dioxide nanobelts as superior performance anode for lithium and sodium ions batteries,2019,10.1016/j.apsusc.2019.03.048,https://doi.org/10.1016/j.apsusc.2019.03.048,WOS:000463008200100,1218,62460dbd00ad9f2c98472c15cff937ccca99c388a27f4e578522fb119f2ebbf5
WOS:000525948800019,Na3V2(PO4)3-Supported Electrospun Carbon Nanofiber Nonwoven Fabric as Self-Standing Na-Ion Cell Cathode,2020,10.1002/celc.202000345,https://doi.org/10.1002/celc.202000345,WOS:000525948800019,1219,7a29ee9f963dc63ef80614b77f6af0c6d85dcf5e1158fb054e84f4730a6a3f4e
WOS:000610867800133,Carbon nanotube 'wired' octahedral Sb2O3/graphene aerogel as efficient anode material for sodium and lithium ion batteries,2021,10.1016/j.jallcom.2020.158267,https://doi.org/10.1016/j.jallcom.2020.158267,WOS:000610867800133,1220,51e55b2e5895930aa37ce93d8585336d164bdfce61939bedb6eae15c6d0c76e2
WOS:001474919300001,Two dimensional Conjugated Metal-Organic Frameworks with Multiple Redox-Active Sites towards High-Performance Sodium-Ion Battery,2025,10.1002/advs.202503369,https://doi.org/10.1002/advs.202503369,WOS:001474919300001,1221,30207ff219bbf49baa62b352dead7fec8427e880dcb9c3613ebddb0964f14834
WOS:000689698900003,Magnetic stirring assisted hydrothermal synthesis of Na3MnCO3PO4 cathode material for sodium-ion battery,2021,10.1016/j.ceramint.2021.06.104,https://doi.org/10.1016/j.ceramint.2021.06.104,WOS:000689698900003,1222,a20d7564bbabca7cb7db200fee7c871865a20faf4d94a76e01b9eff6f8509ee7
WOS:000518874300015,Using Na7V4(P2O7)4(PO<s ub>4) with superior Na storage performance as bipolar electrodes to build a novel high-energy-density symmetric sodium-ion full battery,2020,10.1016/j.jpowsour.2020.227734,https://doi.org/10.1016/j.jpowsour.2020.227734,WOS:000518874300015,1223,e66633cc99d0bb5088b50b4f251520b1f1e38458e9af2bfffcb2380ea4a6b06e
WOS:000739302600001,A study on heat generation characteristics of Na3V2(PO4)3 cathode and hard carbon anode-based sodium-ion cells,2022,10.1007/s10973-021-11151-0,https://doi.org/10.1007/s10973-021-11151-0,WOS:000739302600001,1224,ecf8404eae9c03603d39bbca5d2323a887d1e28cbb448b8789c859456d87d77e
WOS:000389090800014,The role of potassium ions in iron hexacyanoferrate as a cathode material for hybrid ion batteries,2016,10.1016/j.electacta.2016.10.062,https://doi.org/10.1016/j.electacta.2016.10.062,WOS:000389090800014,1225,f9f68856a9766bfe3b6f7bed5e18d88c7193d0355a3451603b75f35945b284a3
WOS:000658592600001,Facile Synthesis of Boron-Doped Reduced Electrochemical Graphene Oxide for Sodium Ion Battery Anode,2021,10.1007/s11837-021-04750-7,https://doi.org/10.1007/s11837-021-04750-7,WOS:000658592600001,1226,1d996b7251a6c7afd4b1bf27487d17389468a4d09945f95f4f64d2b7ad597aee
WOS:000449621500022,Three-dimensional porous copper framework supported group IVA element materials as sodium-ion battery anode materials,2019,10.1016/j.jallcom.2018.08.248,https://doi.org/10.1016/j.jallcom.2018.08.248,WOS:000449621500022,1227,8a67d3f599607bd1156179c1c6e1648c15fe7d4861b21db1f78ae1ce4a1b5f82
WOS:000488256300033,"Na4Fe3(PO4)2P2O<s ub>7/C nanospheres as low-cost, high-performance cathode material for sodium-ion batteries",2019,10.1016/j.ensm.2019.02.017,https://doi.org/10.1016/j.ensm.2019.02.017,WOS:000488256300033,1228,4b86b93d7226021df66b0412ee1dc4096d94400117f226aec62ad6232c8d917f
WOS:000404009500005,One Versatile Route to Three-Dimensional Graphene Wrapped Metal Cyanide Aerogels for Enhanced Sodium Ion Storage,2017,10.1002/chem.201700742,https://doi.org/10.1002/chem.201700742,WOS:000404009500005,1229,d0f131c186a281729c8376fd4894a76e5172a770e16a867d8aa3357a80422c9b
WOS:000744206700007,Realizing ultra-stable SnO2 anodes via in-situ formed confined space for volume expansion,2022,10.1016/j.carbon.2021.10.065,https://doi.org/10.1016/j.carbon.2021.10.065,WOS:000744206700007,1230,c5343aacddb0f1a28fc8b3abd7ef1e0178dcccac6dea33df416cba04209e799d
WOS:000454567500114,Asymmetric-Layered Tin Thiophosphate: An Emerging 2D Ternary Anode for High-Performance Sodium Ion Full Cell,2018,10.1021/acsnano.8b08229,https://doi.org/10.1021/acsnano.8b08229,WOS:000454567500114,1231,0590d5002fa618abe4a1ff0cd71ed75f163ce6858b354a37fbe276073722c5b4
WOS:000552977000015,Binder less-integrated freestanding carbon film derived from pitch as light weight and high-power anode for sodium-ion battery,2020,10.1016/j.electacta.2020.136566,https://doi.org/10.1016/j.electacta.2020.136566,WOS:000552977000015,1232,0deeff34929257af6b3441d3af99b25592f7aaf81092add15683722d212b1fe0
WOS:001550414800010,Synergistic Cu/Mg co-doping enables P2/O3 composite phase engineering for high-performance Fe/Mn-based sodium-ion battery cathodes,2025,10.1016/j.jallcom.2025.182423,https://doi.org/10.1016/j.jallcom.2025.182423,WOS:001550414800010,1233,76abeba9f47bec2a9b9404fac57e935d155628500ab681cf5e7b0115495498f0
WOS:000891289900001,"3,6-Diphenyltetrazine as Cathode Active Material for Sodium Ion Batteries",2022,10.5796/electrochemistry.22-00100,https://doi.org/10.5796/electrochemistry.22-00100,WOS:000891289900001,1234,f3bda995aed02fad40d9c9ae291350888fb97040ec39788466533c0cb428e8de
WOS:000882965100001,Waste cotton fiber-based graphitized carbon/Fe7S8 composites derived from sulfurization of pyrolyzate Fe-Fe3C intermediates as anodes for high-performance sodium-ion batteries,2023,10.1016/j.jallcom.2022.167822,https://doi.org/10.1016/j.jallcom.2022.167822,WOS:000882965100001,1235,035f1b8239406727ab2e1855420d06ba5cc650f5c657f32b0d6001376cdc69c4
WOS:000465409000001,Scalable synthesis of FeS2 nanoparticles encapsulated into N-doped carbon nanosheets as a high-performance sodium-ion battery anode,2019,10.1039/c8nr10444a,https://doi.org/10.1039/c8nr10444a,WOS:000465409000001,1236,0afe98f7d8a39b4af76de74d7255e622d25e1dcb0932b11e6d7099d456f0cef1
WOS:000342065200024,Synthesis and electrochemical properties of Na2/3Fe1/3Mn2/3O2 cathode materials for sodium ion battery by spray pyrolysis,2014,10.2109/jcersj2.122.483,https://doi.org/10.2109/jcersj2.122.483,WOS:000342065200024,1237,d945ee9bedf9ba6e9500e5f87346bcc01af860eb718a1a7a555ae7f11c1546c6
WOS:001129901900001,Investigation of Na7V3(P2O7)4/carbon composite as cathode material for sodium-ion battery: Influences of carbon additives and voltage windows,2024,10.1016/j.est.2023.109855,https://doi.org/10.1016/j.est.2023.109855,WOS:001129901900001,1238,e61f9d2be8ddcf4eda2f820461b893c9185e3539fde58120959e00effd84a546
WOS:001394008600001,Nb-doped Na0.75Co0.20Mn0.78Nb0.02O<su b>2 cathode with excellent cyclability for Na-ion batteries,2025,10.1016/j.cplett.2024.141836,https://doi.org/10.1016/j.cplett.2024.141836,WOS:001394008600001,1239,da34da5dd2a9290093be3981ecd1ed8ac09b262bb8275532c74bd3f3a4f1d06e
WOS:001101528700001,Upcycling of spent LiMn2O4 cathode towards sodium-ion battery cathode through molten salt electrolysis approach,2024,10.1016/j.seppur.2023.125332,https://doi.org/10.1016/j.seppur.2023.125332,WOS:001101528700001,1240,e83be9e33683682994634dcb27c3113c60e77d3a7e29ea7f68167df54e483cba
WOS:001103994400001,Electrophoretically Deposited Na3V2(PO4)3 and its Carbonaceous Composites as Promising Cathode for Sodium-ion Batteries,2024,10.1016/j.materresbull.2023.112562,https://doi.org/10.1016/j.materresbull.2023.112562,WOS:001103994400001,1241,930aa8bd413b7082220346e1fcc3859aad29a4e76094692e271a0d749c4eca2f
WOS:001555559500010,Design and preparation of novel Na4Ca3(AlO2)10 material with superior corrosion resistance to alkali erosion,2025,10.1016/j.ceramint.2025.04.414,https://doi.org/10.1016/j.ceramint.2025.04.414,WOS:001555559500010,1242,d929cc5ab2b0a4898fb32bf1888bf9aeb6ad81de0d6ff799ad9d3d5a8c030dfe
WOS:000660455800005,FeMoO4 nanorods anchored on graphene sheets as a potential anode for high performance sodium ion batteries,2021,10.1016/j.jallcom.2021.160306,https://doi.org/10.1016/j.jallcom.2021.160306,WOS:000660455800005,1243,90352f245e39b4c62ff7f8edaa1ed85d9519a0cad94f749f841454763030854e
WOS:000480515400001,Effect of oxidizer in the synthesis of NiO anchored nanostructure nickel molybdate for sodium-ion battery,2018,10.1016/j.mtener.2018.08.004,https://doi.org/10.1016/j.mtener.2018.08.004,WOS:000480515400001,1244,59543de9a41c0b972cb78f0b038d1efb675a6e5d40cac3476a76f1ebbfb7d92e
WOS:001295141900001,Ultrafast Sodium-Ion Batteries Based on Vanadium Oxide and Laser-Scribed Graphene Electrodes,2024,10.1021/acs.chemmater.4c01386,https://doi.org/10.1021/acs.chemmater.4c01386,WOS:001295141900001,1245,e535c8a00f8de29a1cef59e3f1bfb4bad896beaf26d3a2c1eead62ab1287d1ee
WOS:000517663800034,Spindle-shaped FeS2 enwrapped with N/S Co-doped carbon for high-rate sodium storage,2020,10.1016/j.jpowsour.2019.227688,https://doi.org/10.1016/j.jpowsour.2019.227688,WOS:000517663800034,1246,94b87d016a847fa82c6682cc48fcb8bb9c1514c217d5ea0048dccbc5e9b33789
WOS:000656672700001,Boron-doped Sb/SbO2@rGO composites with tunable components and enlarged lattice spacing for high-rate sodium-ion batteries,2021,10.1088/1361-6463/abfdd8,https://doi.org/10.1088/1361-6463/abfdd8,WOS:000656672700001,1247,8ed7c3e2437bedfc7990306239dd8b903d538218337b2f99522454deb39225f1
WOS:001344922800001,Design and Synthesis of Sb-Doped CuS@C Hollow Nanocubes as Efficient Anode Materials for Sodium-Ion Battery,2025,10.1002/cssc.202401271,https://doi.org/10.1002/cssc.202401271,WOS:001344922800001,1248,60423294fe3578990b8438888dd412db84bb3a9c943618186cd0c2c7fe8ca15f
WOS:000407394200074,Enhanced sodium-ion storage of nitrogen-rich hard carbon by NaCl intercalation,2017,10.1016/j.carbon.2017.05.003,https://doi.org/10.1016/j.carbon.2017.05.003,WOS:000407394200074,1249,dbcd350d2c213c179578f52328e6e16ccf5d84a4c72ce7d49c2b97ca165581d1
WOS:000862987600001,Enhanced High-Rate Capability and Long Cycle Stability of FeS@NCG Nanofibers for Sodium-Ion Battery Anodes,2022,10.1021/acsami.2c11046,https://doi.org/10.1021/acsami.2c11046,WOS:000862987600001,1250,587eb427fb6dab8f6c4b4d0f15b1348db49b3b516946b6ffda8e416a367a3ceb
WOS:001524811200001,Carboxylated multi-walled carbon nanotubes synergistically bonded with sodium alginate/sodium metaborate tetrahydrate as binders for high-performance sodium-ion battery electrodes,2025,10.1016/j.electacta.2025.146764,https://doi.org/10.1016/j.electacta.2025.146764,WOS:001524811200001,1251,8f36abb26c92857689d5733a95ada1ac1e7325117f1791c2dca54fc8d4b291e7
WOS:000471637600019,MoSe2 nanosheets embedded in mesoporous carbon as anode materials for sodium ion batteries,2019,10.1007/s11581-019-02889-7,https://doi.org/10.1007/s11581-019-02889-7,WOS:000471637600019,1252,f1a91386996a50f4ab3828958674dc3c2abd0abff1e3afe7b68735fb0a55d450
WOS:000706304600001,High-Performant All-Organic Aqueous Sodium-Ion Batteries Enabled by PTCDA Electrodes and a Hybrid Na/Mg Electrolyte,2021,10.1002/anie.202111620,https://doi.org/10.1002/anie.202111620,WOS:000706304600001,1253,12cc1c1b6c04599a597c3699a4b9ece45aab3ce933fc35d307e2bf958ca9d69e
WOS:000372252700095,A promising anode material for sodium-ion battery with high capacity and high diffusion ability: graphyne and graphdiyne,2016,10.1039/c6ra01870j,https://doi.org/10.1039/c6ra01870j,WOS:000372252700095,1254,d715a4a7dab318b8fe999c03cec523d732a9d123d20bdf93daf4100340666151
WOS:000777220300002,Effect of alloying on the electrochemical performance of Sb and Sn deposits as an anode material for lithium-ion and sodium-ion batteries,2022,10.1007/s11581-022-04539-x,https://doi.org/10.1007/s11581-022-04539-x,WOS:000777220300002,1255,258574ce2d4ac54af734ec00d95a708b897d10341c68b9104c959ee8373bc717
WOS:000557848300019,Microwave synthesis of NaXMnO2 cathode materials for a sodium-ion battery,2020,10.2109/jcersj2.20024,https://doi.org/10.2109/jcersj2.20024,WOS:000557848300019,1256,41d8c60e1c1b8387ee025a68916e98dc78d0f4281278615bdcde2322ab9c2692
WOS:001398146500001,Integrating dual-ion storage and D-A effect into a nitrogen-rich polymer for symmetric all-organic sodium batteries,2025,10.1016/j.ensm.2025.104011,https://doi.org/10.1016/j.ensm.2025.104011,WOS:001398146500001,1257,7d6ab14cf3e6416196e9813cee17ffa277407abd13e0aaa13ee575edb223db4f
WOS:001375458300001,P2/O3 biphasic Ni/Fe/Mn-based layered cathode with high capacity and great cyclability for sodium-ion batteries,2025,10.1007/s11581-024-05985-5,https://doi.org/10.1007/s11581-024-05985-5,WOS:001375458300001,1258,5fe03e6bb08415502ba8ce242beaef069c703e9f3aacb6617a9460c6cc872dec
WOS:000352246700026,Nb-Doped Rutile TiO2: a Potential Anode Material for Na-Ion Battery,2015,10.1021/am508670z,https://doi.org/10.1021/am508670z,WOS:000352246700026,1259,056888d7b51e131ac00a9e31acf1e9ceee9843750fb99943fcbbcd125ff1a3b7
WOS:000537664700008,Iron phosphide@N-doped carbon nanosheets with open-framework structure as an ultralong lifespan and outstanding rate performance electrode material for sodium-ion batteries,2020,10.1016/j.jpowsour.2020.228253,https://doi.org/10.1016/j.jpowsour.2020.228253,WOS:000537664700008,1260,323fe7ff05bace7c83ca2a6275e8987db97bd439e23b441be048dc73dda5aa6c
WOS:000433042500011,Solvothermal synthesis and electrochemical properties of Na2CoSiO4 and Na2CoSiO4/carbon nanotube cathode materials for sodium-ion batteries,2018,10.1016/j.electacta.2018.04.166,https://doi.org/10.1016/j.electacta.2018.04.166,WOS:000433042500011,1261,380ffc82d4b7a25423c90c23a69c7bd90b60f6ee5d4ec7b54b8a88d80d8a7668
WOS:000449887300013,A Self-Healing Room-Temperature Liquid-Metal Anode for Alkali-Ion Batteries,2018,10.1002/adfm.201804649,https://doi.org/10.1002/adfm.201804649,WOS:000449887300013,1262,704ee52d1b9b97fff6b181b9c565d1821569e2f1eff2db82905d2d317ccff5b0
WOS:001425536000001,Stabilizing lattice oxygen interface with dual-functional NiFe2O4 coating and Ni/Fe co-doping strategy towards high-performance sodium-ion layered oxide cathodes,2025,10.1016/j.jcis.2025.01.278,https://doi.org/10.1016/j.jcis.2025.01.278,WOS:001425536000001,1263,66761863fae5981ee723f6471225abe929113e149cae70bca6c7c0f87a00450f
WOS:001341395000001,High-Energy Sodium Ion Batteries Enabled by Switching Sodiophobic Graphite into Sodiophilic and High-Capacity Anodes,2024,10.1002/anie.202410253,https://doi.org/10.1002/anie.202410253,WOS:001341395000001,1264,5c1255c667740e1c70b0ab6d18570cc03cdc8e200b071b64368bd8480ce9f5fc
WOS:001588583500001,Chromium doped NASICON-structured Na3V2(PO4)3/NC@CNTs cathode with multielectron transport property for high-performance sodium-ion batteries,2025,10.1016/j.est.2025.118687,https://doi.org/10.1016/j.est.2025.118687,WOS:001588583500001,1265,80a05c2e5519bd8fb5e42bf4919e142b07e42dbae6a54b2e56678657c14c2b4e
WOS:000828223800001,Investigation of Valence Mixing in Sodium-Ion Battery Cathode Material Prussian White by Mossbauer Spectroscopy,2022,10.3389/fenrg.2022.909549,https://doi.org/10.3389/fenrg.2022.909549,WOS:000828223800001,1266,9becebef908c39cdc76d7b4e7c0b03e9e2d2f26b8dab05dc53166f19c3679089
WOS:001022302800001,Sodium-ion migration in secondary battery cathode material Na4Co3(PO4)2P2O7: A first-principles molecular dynamics study,2023,10.2109/jcersj2.22157,https://doi.org/10.2109/jcersj2.22157,WOS:001022302800001,1267,9e00a52990751a255c927e18071b8648a0d26483f40783a16871de6b3d7e09b4
WOS:000707321700001,Interfacial Engineering of Na3V2(PO4)2F3 Hollow Spheres through Atomic Layer Deposition of TiO2: Boosting Capacity and Mitigating Structural Instability,2021,10.1002/smll.202104416,https://doi.org/10.1002/smll.202104416,WOS:000707321700001,1268,4ca9189fbc040599c3419bf59fd0472b34f0ea68c18c811a2c863f3ba9b1f705
WOS:000537731900031,Eutectic Synthesis of the P2-Type NaxFe1/2Mn1/2O2 Cathode with Improved Cell Design for Sodium-Ion Batteries,2020,10.1021/acsami.0c04513,https://doi.org/10.1021/acsami.0c04513,WOS:000537731900031,1269,4c866545997eb41c840534872ea4b8834be80b47826c4e97de461fc3566744e8
WOS:001144688400001,Biotene: Earth-Abundant 2D Material as Sustainable Anode for Li/Na-Ion Battery,2024,10.1021/acsami.3c15664,https://doi.org/10.1021/acsami.3c15664,WOS:001144688400001,1270,7704c2ca20bff67e524896eb1f520dcb9233f5330bbc248f441335105748055c
WOS:000438001800003,A high-capacity P2 Na2/3Ni1/3Mn2/3O2 cathode material for sodium ion batteries with oxygen activity,2018,10.1016/j.jpowsour.2018.05.026,https://doi.org/10.1016/j.jpowsour.2018.05.026,WOS:000438001800003,1271,bbf4eb4bd9dcb4605be0f50e86e0aa5c757c55dfa1606c5b235797cb6b81d4a8
WOS:000413390100029,The electrochemical exploration of double carbon-wrapped Na3V2(PO4)3: Towards long-time cycling and superior rate sodium-ion battery cathode,2017,10.1016/j.jpowsour.2017.09.032,https://doi.org/10.1016/j.jpowsour.2017.09.032,WOS:000413390100029,1272,f42ce60ae332d0399a12c86f2aaf989c40c4478d464544c41aeed659f1fca95c
WOS:001171117100001,Hollow spheres constructed by ZnS-CoS2 @N-doped carbon@N-doped carbon as anodes for high-performance sodium-ion batteries,2024,10.1016/j.jallcom.2024.173606,https://doi.org/10.1016/j.jallcom.2024.173606,WOS:001171117100001,1273,e522675bc3e6c2e4dd5d6f9640e9be3b48316d1d09c3c6dc63065757e3e1c41a
WOS:000459796400132,Typha-derived hard carbon for high-performance sodium ion storage,2019,10.1016/j.jallcom.2019.01.021,https://doi.org/10.1016/j.jallcom.2019.01.021,WOS:000459796400132,1274,166f7a9c8c16b906414e20eaf576e9b7f35a934047cc746db9775024a5afee62
WOS:001278270900001,Mild and Fast Chemical Presodiation of Na0.44MnO2,2024,10.1149/1945-7111/ad63d1,https://doi.org/10.1149/1945-7111/ad63d1,WOS:001278270900001,1275,771773623b85c1bcd5a653c52df9884bc04870e0a194015e0d18457460c05bea
WOS:000593845600003,Deactivated-desulfurizer-derived hollow copper sulfide as anode materials for advanced sodium ion batteries,2020,10.1016/j.jpowsour.2020.228518,https://doi.org/10.1016/j.jpowsour.2020.228518,WOS:000593845600003,1276,dcc133b0760803461927d17c8297e3adcde2d5cf60a8d54ad36de2853a354a45
WOS:000609055700002,Rational construction of Na0.44MnO2 nanorods and PAN nanofibers composite as high areal capacity sodium-ion batteries,2021,10.1007/s11581-021-03910-8,https://doi.org/10.1007/s11581-021-03910-8,WOS:000609055700002,1277,62a44680ca191d30cce7e0c38af178e11f2c0306f1175ed2ddc6381769bbc0a2
WOS:001260667800001,Suppressing the Shuttle Effect via Polypyrrole-Coated Te Nanotubes for Advanced Na-Te Batteries,2024,10.1021/acsami.4c03576,https://doi.org/10.1021/acsami.4c03576,WOS:001260667800001,1278,89c01f30b56ef5a06792d41c40812e5934c0597b8d99f295685679663ad3d93b
WOS:000636714000081,Two-Dimensional CuGaSe2@ZnSe-NC Heterostructures for Enhanced Sodium Ion Storage,2021,10.1021/acsaem.1c00043,https://doi.org/10.1021/acsaem.1c00043,WOS:000636714000081,1279,3bbb85f0297f06c5d177d258bb294b4e9b9d733aca408f81ca416113bbdf5e0e
WOS:001480832500001,"Advanced Multifunctional Sodium-Ion Battery with High Current Conversion, Long Cycle Life, and All-Climate Temperature Range by Dual-Multivalent Cation Doping Strategy",2025,10.1002/aenm.202500471,https://doi.org/10.1002/aenm.202500471,WOS:001480832500001,1280,2d5db876eedd86623d268403b39cd62cc2121ef89caa4f7ea0d6ce09ba68db5a
WOS:000483694900047,"Manganese nitride stabilized on reduced graphene oxide substrate for high performance sodium ion batteries, super-capacitors and EMI shielding",2019,10.1016/j.jallcom.2019.151748,https://doi.org/10.1016/j.jallcom.2019.151748,WOS:000483694900047,1281,8333ae2922bb9df4998c14f11f704cfdc56bdffd74280a33220c519ef8bd3b33
WOS:000638274800059,Three-dimensional Na3V2(PO4)3@carbon/N-doped graphene aerogel: A versatile cathode and anode host material with high-rate and ultralong-life for sodium storage,2021,10.1016/j.jallcom.2021.159307,https://doi.org/10.1016/j.jallcom.2021.159307,WOS:000638274800059,1282,1c8edd1f7ed2266574c15d0bcc9f15e8f9ffdf2a73e686a56c8827d458535427
WOS:000443311100006,Facile and Large-Scale Combustion Synthesis of Co3O4@C Composites and Their Improved Electrochemical Performance for Sodium Storage,2018,10.1166/nnl.2018.2703,https://doi.org/10.1166/nnl.2018.2703,WOS:000443311100006,1283,bc21cc3ff3b61505aa890a790be08f5577f1273d0f4cb125c394cbcab3facf1f
WOS:000390740500093,Phosphorus-doped pitch-derived soft carbon as an anode material for sodium ion batteries,2017,10.1016/j.matlet.2016.11.110,https://doi.org/10.1016/j.matlet.2016.11.110,WOS:000390740500093,1284,b4e43cf6a384e6f1e0ec93325dd3b43aa472637bf9b112ee496bb0e2ac3ed092
WOS:001629457600001,Tuning Hard Carbon Pores at the Ångstrom Scale Facilitates Sodium-Ion Pre-Desolvation in High-Performance Sodium-Ion Batteries,2025,10.1002/aenm.202504760,https://doi.org/10.1002/aenm.202504760,WOS:001629457600001,1285,d252205b49bd826e995d37cb881a23d22e209fd16b5615ff39481683b249fa0d
WOS:000508681700059,Surface enriched graphene hollow spheres towards building ultra-high power sodium-ion capacitor with long durability,2020,10.1016/j.ensm.2019.09.016,https://doi.org/10.1016/j.ensm.2019.09.016,WOS:000508681700059,1286,51f2357feaad1f4362932af612a98dc76ade40d6cedf12d720d657673eb21f21
WOS:000495479700010,Chitosan derived N-doped carbon coated SnO2 nanocomposite anodes for Na-ion batteries,2019,10.1016/j.ssi.2019.115035,https://doi.org/10.1016/j.ssi.2019.115035,WOS:000495479700010,1287,d24fea8c1ea75cc52b9fe0d0d67da9b3962e6f8a84d00e565d53b62d83ecda0e
WOS:001439660600001,Sm-doped P2-type layered oxide with spherical secondary hierarchy as cathode material for sodium-ion batteries,2025,10.1016/j.vacuum.2025.114186,https://doi.org/10.1016/j.vacuum.2025.114186,WOS:001439660600001,1288,8974a9dad8f5c132a28c9a3c4f4932069cd2db843f6bfd460886bf58ab50f71e
WOS:000534571200001,Na2Ti6O13 Coated with Carbon Produced by Citric Acid as an Anode Material in Sodium Ion Batteries,2020,10.1149/1945-7111/ab8fd6,https://doi.org/10.1149/1945-7111/ab8fd6,WOS:000534571200001,1289,6a9d7ec81fdfde7e529799a7106c934135ac904a24cd39cc705eb915020d93df
WOS:000440918900011,Ultrafine CoP Nanoparticles Anchored on Reduced Graphene Oxide Nanosheets as Anodes for Sodium Ion Batteries with Enhanced Electrochemical Performance,2018,10.1002/ejic.201800311,https://doi.org/10.1002/ejic.201800311,WOS:000440918900011,1290,5fcb205adde11dcb3c47fdeb7f3b578ec551e64137e53576e8497abae68cc5f1
WOS:000487460600001,Boosting Sodium Storage of Fe1-xS/MoS2 Composite via Heterointerface Engineering,2019,10.1007/s40820-019-0311-z,https://doi.org/10.1007/s40820-019-0311-z,WOS:000487460600001,1291,c5681ee551e79119f96ce460465badb186b5d8b4a30a920a1c41a2f239ab9f37
WOS:000778816800004,Physics-based modeling of sodium-ion batteries part I: Experimental parameter determination,2022,10.1016/j.electacta.2021.139726,https://doi.org/10.1016/j.electacta.2021.139726,WOS:000778816800004,1292,4f2951534c0aa475c008b7461b8523902a47d807cfbc6d58b4ccc96dcd473099
WOS:000462944700070,Sb-Si Alloys and Multilayers for Sodium-Ion Battery Anodes,2019,10.1021/acsaem.8b02231,https://doi.org/10.1021/acsaem.8b02231,WOS:000462944700070,1293,240e28ea059189f6401bd78e979c7b147736f087476bc8cbfd0de16c4a7e3a68
WOS:001314498800001,High-performance Na3V2(PO4)3 cathode material embedded in three-dimensional porous carbon derived from tea leaves,2024,10.1016/j.cplett.2024.141574,https://doi.org/10.1016/j.cplett.2024.141574,WOS:001314498800001,1294,e549c8c1b5439482ad07df3361904dedb78e8248ad8f7f98d832aa73cf7d27bb
WOS:000499390900056,Carbon dioxide to solid carbon at the surface of iron nanoparticle: Hollow nanocarbons for sodium ion battery anode application,2019,10.1016/j.jcou.2019.08.003,https://doi.org/10.1016/j.jcou.2019.08.003,WOS:000499390900056,1295,c1e5c497c25ea32d09d5bd26d7070e9410fe734d97fb6a1e79f7e69330c95a6e
WOS:001105316300001,A topological nodal surface carbon honeycomb for sodium-ion battery anode,2024,10.1016/j.carbon.2023.118555,https://doi.org/10.1016/j.carbon.2023.118555,WOS:001105316300001,1296,10aff12cacae22ff29d004991f06ec6a6e044a7d296bfd4d570a0da048a8eb4b
WOS:000491431500020,"Performance of Na0.44Mn1-xMxO2</sub > (M = Ni, Mg; 0 ≤ x ≤ 0.44) as a cathode for rechargeable sodium ion batteries",2019,10.1007/s10008-019-04375-6,https://doi.org/10.1007/s10008-019-04375-6,WOS:000491431500020,1297,3b2af1a682fe3a92a2d99dfd42786ec068c6169555356c946cc04719623a7e51
WOS:000537656400100,"Sodium Bis(oxalato)borate in Trimethyl Phosphate: A Fire-Extinguishing, Fluorine-Free, and Low-Cost Electrolyte for Full-Cell Sodium-Ion Batteries",2020,10.1021/acsaem.0c00522,https://doi.org/10.1021/acsaem.0c00522,WOS:000537656400100,1298,a9239f8e81b3904e892243dbf18edae8bc9fd0f8cc7d6d6afec99c18f4363ef0
WOS:001250101200001,Deeper Insights into the Morphology Effect of Na2Ti3O7 Nanoarrays on Sodium-Ion Storage,2024,10.1002/smll.202400845,https://doi.org/10.1002/smll.202400845,WOS:001250101200001,1299,f96812c46e03d83f879cd3543a4f78d730e93dd5b8f783ba714c6cb77f38b8ed
WOS:000745579900002,Surface engineering based on in situ electro-polymerization to boost the initial Coulombic efficiency of hard carbon anode for sodium-ion battery,2022,10.1007/s12598-021-01893-z,https://doi.org/10.1007/s12598-021-01893-z,WOS:000745579900002,1300,48712167b6bab5f738bf4f2fb03a076f332bbf48142073ab9bb5f76ca8b86776
WOS:001190334200002,An investigation of Ni-Co-Mn oxides as anodes for Li+/Na+ ion batteries,2024,10.1007/s11581-024-05484-7,https://doi.org/10.1007/s11581-024-05484-7,WOS:001190334200002,1301,7635e66136aa38381b4c540bfc0f2897125b33dab478012d598f1c8583b5f6d6
WOS:000354036200002,Fe2O3-reduced graphene oxide composites synthesized via microwave-assisted method for sodium ion batteries,2015,10.1016/j.electacta.2015.03.081,https://doi.org/10.1016/j.electacta.2015.03.081,WOS:000354036200002,1302,0558845da53ce5adb87be829bf2b2cccac84e523e84b65ec4683b856080b5835
WOS:001225400500001,Study on Tin-Cobalt Bimetallic Phosphide Nanoparticles as a Negative Electrode of Sodium-Ion Batteries,2024,10.1021/acs.langmuir.4c00794,https://doi.org/10.1021/acs.langmuir.4c00794,WOS:001225400500001,1303,77f9e911399d38418ba1038c326fce07be0ee404ea565e052d8dd48d13585dfb
WOS:000782765200004,Self-supporting NiSe2@BCNNTs electrode for High-Performance sodium ion batteries,2022,10.1016/j.cej.2022.135421,https://doi.org/10.1016/j.cej.2022.135421,WOS:000782765200004,1304,aa2cbe258c2ebdbc79c7f07869cff86e14fb2346c3e1091c9006640066f51592
WOS:000958724500001,The evolution of structure-property relationship of P2-type Na0.67Ni0.33Mn0.67O2 by vanadium substitution and organic electrolyte combinations for sodium-ion batteries,2023,10.1007/s10008-023-05466-1,https://doi.org/10.1007/s10008-023-05466-1,WOS:000958724500001,1305,2159910dd66077027f8635bcb4a69438d69480d00659e0c13849eeb2d544276f
WOS:001138335600001,Solid Electrolyte Interphase Formation on Anatase TiO2 Nanoparticle-Based Electrodes for Sodium-Ion Batteries,2023,10.1021/acsaem.3c02304,https://doi.org/10.1021/acsaem.3c02304,WOS:001138335600001,1306,b1b7a70957df9323c98d78d5cbc8e520f4fe098a5672c9f64965cf574f494dc5
WOS:001429522400001,Biomass-Derived Hard Carbon Materials for High-Performance Sodium-Ion Battery,2025,10.3390/coatings15020156,https://doi.org/10.3390/coatings15020156,WOS:001429522400001,1307,18ff290307d7030b08d8742c9c43f19086896dbdaad5ff52e48c81c9eb719b7e
WOS:000893418600004,Boosting the ionic transport and structural stability of Zn-doped O3-type NaNi1/3Mn1/3Fe1/3O2 cathode material for half/full sodium-ion batteries,2022,10.1016/j.electacta.2022.140357,https://doi.org/10.1016/j.electacta.2022.140357,WOS:000893418600004,1308,fca42d4e68b150ea5df4dc74225b73a86c5110afef77584511082b7d1b3d3e38
WOS:000940678300001,High Sodium-Ion Battery Capacity in Sulfur-Deficient Tin(II) Sulfide Thin Films with a Microrod Morphology,2023,10.1002/sstr.202200396,https://doi.org/10.1002/sstr.202200396,WOS:000940678300001,1309,8c8880cb069632553e5c21c4a437767dfc53dfbc59451e28592d4f8127ee9765
WOS:001359943500001,Capillary effect and dual bond bridges of porous TiSe2@Fe-CN core-shell structure for high-performance sodium-ion storage,2024,10.1016/j.est.2024.114599,https://doi.org/10.1016/j.est.2024.114599,WOS:001359943500001,1310,433607f4fad7252155a89f019418a1c0c395a7e9c7818f6819f06ba737c280c2
WOS:001087037900001,2D Amorphous Iron Selenide Sulfide Nanosheets for Stable and Rapid Sodium-Ion Storage,2023,10.1002/adma.202306577,https://doi.org/10.1002/adma.202306577,WOS:001087037900001,1311,d188a3592afa6ec2d14791cbf3bddd6b11580deacb3410b130d84cb563cde47d
WOS:000462944700072,"Enhanced Silicon Diphosphide-Carbon Composite Anode for Long-Cycle, High-Efficient Sodium Ion Batteries",2019,10.1021/acsaem.8b02242,https://doi.org/10.1021/acsaem.8b02242,WOS:000462944700072,1312,d27b54dd6674592169434435b8208bfc03e3fd9563b196db6e5ebd48bdb88960
WOS:001300227200001,Regulating the Pore Structure of Biomass-Derived Hard Carbon for an Advanced Sodium-Ion Battery,2024,10.1021/acsami.4c08082,https://doi.org/10.1021/acsami.4c08082,WOS:001300227200001,1313,bb745c559c7e04cc4118e0060ef42364ab60db0cfcb99801dfb0efe051fddabc
WOS:001216361100001,One-step in-situ synthesis of bimetallic-doped disordered carbons as anode for high-performance sodium-ion batteries,2024,10.1016/j.jallcom.2024.174280,https://doi.org/10.1016/j.jallcom.2024.174280,WOS:001216361100001,1314,cf07b21c526e675eb6b824e3d3a0376a045f964be59006425305a10a282fa208
WOS:000552843400011,High-performance aqueous sodium-ion battery using a hybrid electrolyte with a wide electrochemical stability window,2020,10.1039/d0ra04640j,https://doi.org/10.1039/d0ra04640j,WOS:000552843400011,1315,8823bbb7d39fe8a52a80368ee6021fd101b16d02fdaf4091d454c77d163fc0c8
WOS:000523642000021,Self-standing P2/P3 heterostructured Na0.7CoO2 nanosheet arrays as 3D cathodes for flexible sodium-ion batteries,2020,10.1016/j.jpowsour.2020.228059,https://doi.org/10.1016/j.jpowsour.2020.228059,WOS:000523642000021,1316,9b3411908ebb4155863d2e428946a411119e28cea8963ef3ba9dfd2c04b5dbfd
WOS:001393070900001,Novel NiCo2S4 nanorod arrays grown on carbon nanofibers as high-performance anodes for sodium-ion batteries,2025,10.1007/s11581-024-06057-4,https://doi.org/10.1007/s11581-024-06057-4,WOS:001393070900001,1317,12ab46ee3ae9f7354b70f0546b6232876a5aa0134945587d05e6931ac424589e
WOS:000760756900005,Metal organic framework derived SnS@C composites for efficient sodium storage,2022,10.1016/j.jssc.2021.122736,https://doi.org/10.1016/j.jssc.2021.122736,WOS:000760756900005,1318,49ada6667f54b88fa31e9eb685a1035db17d1f924015b4bb37fcf3f4df542756
WOS:000448754300012,Insight on the Enhanced Reversibility of a Multimetal Layered Oxide for Sodium-Ion Battery,2018,10.1021/acs.jpcc.8b07596,https://doi.org/10.1021/acs.jpcc.8b07596,WOS:000448754300012,1319,e5c2929844dc1ff8475f92036d3dc48bf236f8d0d202eb99f80606acb3bd30bb
WOS:000502284400066,Reduced Graphene Oxides Decorated NiSe Nanoparticles as High Performance Electrodes for Na/Li Storage,2019,10.3390/ma12223709,https://doi.org/10.3390/ma12223709,WOS:000502284400066,1320,7dc03bff08b5e0a444ae281c619d34b5ade6dd615632cae8a45ab2b66b1b8f5c
WOS:001561856100001,Bio-inspired spore-like CoSe2@CNFs heterostructure enabling ultra-stable and high-rate sodium-ion batteries,2025,10.1016/j.cej.2025.167520,https://doi.org/10.1016/j.cej.2025.167520,WOS:001561856100001,1321,d7ae07788023d1aa11d14640c3cd9601ef46633dd199d6b88f32719002ac85a5
WOS:000493566900005,Facile Synthesis of Hierarchical Iron Phosphide/Biomass Carbon Composites for Binder-Free Sodium-Ion Batteries,2019,10.1002/batt.201800113,https://doi.org/10.1002/batt.201800113,WOS:000493566900005,1322,fe644613f8c4c1cd13e0332d9e7f6522851f9d4bbdc9809024a38805534b90bd
WOS:001108387700001,Submicron cubic ZnMn2O4 loaded on biomass porous carbon used as high-performance bifunctional electrode for lithium-ion and sodium-ion batteries,2024,10.1016/j.jallcom.2023.172769,https://doi.org/10.1016/j.jallcom.2023.172769,WOS:001108387700001,1323,197d81666e12bbaf0e70eb7ecc85d19ec2e2f5857b0c75d2058691839d2fd2d1
WOS:000675887600004,Surface modified sodium titanate as low voltage anode for sodium rechargeable cell with superior electrochemical properties,2021,10.1016/j.matlet.2021.130219,https://doi.org/10.1016/j.matlet.2021.130219,WOS:000675887600004,1324,82cfef5b879ecede375863e9094270cf977d08d6f6296d86b9fae6fb1c8eb04f
WOS:000392773100010,Zr-doped P2-Na0.75Mn0.55Ni0.25Co0.05F e0.10Zr0.05O2 as high-rate performance cathode material for sodium ion batteries,2017,10.1016/j.electacta.2016.12.019,https://doi.org/10.1016/j.electacta.2016.12.019,WOS:000392773100010,1325,053b5ec3648e74aec6cea381c4b3004f76f674c893cc931a4edc09a44274ba6f
WOS:001425834600001,Exploring the degradation characteristics and thermal stability of NaNi1/ 3Fe1/3Mn1/3O2 cathode for sodium-ion battery cycling with high potential,2025,10.1016/j.est.2025.115776,https://doi.org/10.1016/j.est.2025.115776,WOS:001425834600001,1326,0c8c15864cf7e8eda8eb8fae1e69b3dd8666a8b980191bfaefa50cac51a87bb0
WOS:001577133100003,Ti4+doping-induced regulation of P2/O3 biphasic structure enhances the sodium storage performance of NaFe0.45Mn0.55O2 cathode material,2025,10.1016/j.electacta.2025.147316,https://doi.org/10.1016/j.electacta.2025.147316,WOS:001577133100003,1327,c9faaac64074a1e1427355ea15b136adec1b3c7044ae5957242daad23f7f5ef7
WOS:001034687000001,ZIF-67 encapsulated CoNiSe2 particles anchored on honeycomb structure as high-performance anode materials for sodium-ion battery,2023,10.1016/j.matlet.2023.134846,https://doi.org/10.1016/j.matlet.2023.134846,WOS:001034687000001,1328,974e13cfdd08ae2633ecf5fe2174082dcca5f181073dcce4e0257fa1cccd5feb
WOS:001518420900001,Efficient Transformation of Bituminous Grade Noncoking Coal into Hard Carbon for High-Performance Sodium-Ion Battery Anodes: A Sustainable and Cost-Effective Energy Storage Solution,2025,10.1021/acsaem.5c01019,https://doi.org/10.1021/acsaem.5c01019,WOS:001518420900001,1329,85933c985244b43898a8f74f325a314d9531f9edd7b21440c61e85b53b46243a
WOS:001562351600001,Thermally Engineered Rock-Salt Surface Nanolayer for Environmentally Stable P2-Type Sodium-Ion Battery Cathodes,2025,10.1002/aenm.202503105,https://doi.org/10.1002/aenm.202503105,WOS:001562351600001,1330,75fed9a32e298db66a4227ec46cf373d8e56a06849a5354c2943eee40727adc2
WOS:000751894800047,Effect of Different Nitrogen Configurations on Sodium Storage Properties of Carbon Anodes for Sodium Ion Batteries,2021,10.1021/acsami.1c18464,https://doi.org/10.1021/acsami.1c18464,WOS:000751894800047,1331,86504e5da678cba96bd6f921db636b287d2dcedfeba6d7e3dab9b91ef1cf32ed
WOS:000358809700093,Improved sodium-storage performance of stannous sulfide@reduced graphene oxide composite as high capacity anodes for sodium-ion batteries,2015,10.1016/j.jpowsour.2015.06.015,https://doi.org/10.1016/j.jpowsour.2015.06.015,WOS:000358809700093,1332,79d8901f99bed0c2ad5e277642ee58f193ac972470c961488058449184f810a8
WOS:001617784400001,Precursor-Free Synthesis of Na4Fe3(PO4)2P2O7 Cathode Directly from Metallic Iron for Sodium-Ion Batteries,2025,10.1002/smll.202510368,https://doi.org/10.1002/smll.202510368,WOS:001617784400001,1333,e9d192a286d595bf472d8f76856b766396d5b7fd9715aa5c48f858b565716e43
WOS:000516951700001,Nitrogen-doped Carbon Coated Na3V2(PO4)3 with Superior Sodium Storage Capability,2020,10.1007/s40242-020-9088-3,https://doi.org/10.1007/s40242-020-9088-3,WOS:000516951700001,1334,17ac9a1e0fc5e04752893101b6b555577b87bd5ec46dda1200bbd983aafe3516
WOS:000427316300013,"A confined ""microreactor"" synthesis strategy to three dimensional nitrogen doped graphene for high-performance sodium ion battery anodes",2018,10.1016/j.jpowsour.2017.12.028,https://doi.org/10.1016/j.jpowsour.2017.12.028,WOS:000427316300013,1335,e2c8cfa52a5f0397d50650c6e7d7ee028fb8374cba90d31aa25d15868dd9483f
WOS:000523640000031,On controlling the P2-O2 phase transition by optimal Ti-substitution on Ni-site in P2-type Na0.67Ni0.33Mn0.67O2 (NNMO) cathode for Na-ion batteries,2020,10.1016/j.jpowsour.2020.227957,https://doi.org/10.1016/j.jpowsour.2020.227957,WOS:000523640000031,1336,95deff01d690139f6c982abc3e5b18eed2c9f43a922f24a487c9bfab0b890ffc
WOS:000545428600003,Hierarchical porous hard carbon enables integral solid electrolyte interphase as robust anode for sodium-ion batteries,2020,10.1007/s12598-020-01469-3,https://doi.org/10.1007/s12598-020-01469-3,WOS:000545428600003,1337,bb23bf297a4205ae6203cba35bbcb7afe16e54b0090239157361a9375a6b9137
WOS:000375699500018,Life cycle assessment of sodium-ion batteries,2016,10.1039/c6ee00640j,https://doi.org/10.1039/c6ee00640j,WOS:000375699500018,1338,dc26803f815526f6ad441afd66493e5613dbdd6a1577a65a53b2853a730a109b
WOS:001496474500001,Synergistic Nitrogen-Doping and Defect Engineering in Hard Carbon: Unlocking Ultrahigh Rate Capability and Long-Cycling Stability for Sodium-Ion Battery Anodes,2025,10.3390/ma18102397,https://doi.org/10.3390/ma18102397,WOS:001496474500001,1339,8c117db1411483570aa4b91facc5d1c5c9a0df01cea7611e51540260f80a0572
WOS:000419212900013,One-pot solvothermal synthesis 2D SnS2/CNTs hybrid as a superior anode material for sodium-ion batteries,2018,10.1016/j.jallcom.2017.11.389,https://doi.org/10.1016/j.jallcom.2017.11.389,WOS:000419212900013,1340,845a6d0c70d044647da6e006e2bd5e171dcd279cbf53499f5e5dd9aca17d736a
WOS:000352275500011,"High-performance symmetric sodium-ion batteries using a new, bipolar O3-type material, Na0.8Ni0.4Ti0.6O2",2015,10.1039/c4ee03361b,https://doi.org/10.1039/c4ee03361b,WOS:000352275500011,1341,7f1744ba798aec2d35957a49374cd064d1751bb43d97d0d7adc7c3e77ebdc90c
WOS:001423765300001,Red mud-derived layered metal oxides for large-scale electrochemical sodium storage,2025,10.1016/j.jece.2025.115569,https://doi.org/10.1016/j.jece.2025.115569,WOS:001423765300001,1342,041271994ea54ebfcd059234d0cedc9d79058d47560e1cc29d94d11c58ce0a7b
WOS:001594412100001,Coupling of Defective VSe2-x with Graphene via V―C Bonds for High-Rate and Long-Life Sodium-Ion Storage,2025,10.1002/smll.202509002,https://doi.org/10.1002/smll.202509002,WOS:001594412100001,1343,535e98fa7b2dc569b2470d63da39c4075fca2cb2490d7dc24b17fffabccf1c84
WOS:000402208500045,Binder and carbon-free SbSn-P nanocomposite thin films as anode materials for sodium-ion batteries,2017,10.1016/j.jallcom.2017.04.240,https://doi.org/10.1016/j.jallcom.2017.04.240,WOS:000402208500045,1344,54a5f8885572be3316033cf67f4ffda09a176b46facd9d2de172a5c30394d10f
WOS:001458374700001,Ultralong 2H-MoS2 Nanowires from Topological Mo2S3 Phase Transformation toward Exceptional Sodium-Ion Storage,2025,10.1002/smll.202502544,https://doi.org/10.1002/smll.202502544,WOS:001458374700001,1345,2dadb49c2533af430f526768cb7a2bca9247e45a5da468f7fc2b12f2fc3060e8
WOS:001513027600001,Medium-Entropy Doping in Na4Fe3(PO4)2P2O<s ub>7 Cathode via Mg/Cu/Cr Triple Doping: Site-Specific Optimization Unlocks High Conductivity and Ultralong Cyclability,2025,10.1002/adfm.202509628,https://doi.org/10.1002/adfm.202509628,WOS:001513027600001,1346,2602b68cdce6b4f6bf8438fb174dee64ed76778e5e7a56f9b98dea50a3084af9
WOS:001052591000001,Recycling of spent graphite and copper current collector for lithium-ion and sodium-ion batteries,2023,10.1016/j.jpowsour.2023.233170,https://doi.org/10.1016/j.jpowsour.2023.233170,WOS:001052591000001,1347,65ed47e01ec6b15c755c05bf5c4252e69a36e94188b2b7ec8ffc40d985bfe2bb
WOS:000440505000105,Nanoporous Red Phosphorus on Reduced Graphene Oxide as Superior Anode for Sodium-Ion Batteries,2018,10.1021/acsnano.8b04075,https://doi.org/10.1021/acsnano.8b04075,WOS:000440505000105,1348,1207af424d2606d470bdf769f21cd5d0b7c769fe9e858d2197b371e43d2b3ebe
WOS:001629754200032,Liquid-phase carbonization strategy to recycle waste PET into defect-rich hard carbon for ultralong cycle life sodium-ion battery,2025,10.26599/nr.2025.94907829,https://doi.org/10.26599/nr.2025.94907829,WOS:001629754200032,1349,233e7cfa8230bf25f814538645e4c7d7b1d94fdd52fae568cc115bffa64cbe03
WOS:000363345100028,Enhanced cycling performances of hollow Sn compared to solid Sn in Na-ion battery,2015,10.1016/j.electacta.2015.08.125,https://doi.org/10.1016/j.electacta.2015.08.125,WOS:000363345100028,1350,ef34d6293606b3a758f83f0aaba0684ba5aae97869fadeb9ca43157b97ae18a6
WOS:000644511100002,Experimental design and theoretical evaluation of nitrogen and phosphorus dual-doped hierarchical porous carbon for high-performance sodium-ion storage,2021,10.1016/j.jmst.2020.11.014,https://doi.org/10.1016/j.jmst.2020.11.014,WOS:000644511100002,1351,c7189a918d52a6f5b35acd0778533e1c572a9b1ed8b59a97583345a57d983e0a
WOS:001575342400001,A first-principles study on tailoring the electrochemical performance of HfSe2 as a sodium-ion battery anode via doping,2025,10.1016/j.commatsci.2025.114243,https://doi.org/10.1016/j.commatsci.2025.114243,WOS:001575342400001,1352,7979d44a21bffb3abdc596adb9fd0e45063c263b6ed53a54cf90a3985b41e1c9
WOS:000509432200001,Cost-Effective Synthesis of Triphylite-NaFePO4 Cathode: A Zero-Waste Process,2020,10.1021/acssuschemeng.9b05736,https://doi.org/10.1021/acssuschemeng.9b05736,WOS:000509432200001,1353,c1e7aead52e665241367c74aef590b53fd4b862be369156a2d677767555563d9
WOS:001465026700001,Electrochemical studies on Lagerstroemia speciosa based hard carbon anode for sodium ion batteries,2025,10.1016/j.inoche.2025.114417,https://doi.org/10.1016/j.inoche.2025.114417,WOS:001465026700001,1354,b469e2bf48ff6e099b1c41c8f8ff2649a1389e4d1c70570918fc6e25fd27a5b8
WOS:000382548000015,Prussian Blue@C Composite as an Ultrahigh-Rate and Long-Life Sodium-Ion Battery Cathode,2016,10.1002/adfm.201600747,https://doi.org/10.1002/adfm.201600747,WOS:000382548000015,1355,37e83f14635ee513267e34f25eea5eba37816d5545ad63166ab8a08708dc3d8b
WOS:000419831600099,Sustainable solid-state strategy to hierarchical core-shell structured Fe3O4@graphene towards a safer and green sodium ion full battery,2018,10.1016/j.electacta.2017.12.061,https://doi.org/10.1016/j.electacta.2017.12.061,WOS:000419831600099,1356,ae418f50c0bafe9e4f03b58ed8abedf0a67708994603356e7a2e7899916fd78d
WOS:001098326100001,"Structural, Electrical, and Electrochemical Properties of a Na2O-V2O5 Ceramic Nanocomposite as an Active Cathode Material for a Na-Ion Battery",2023,10.3390/cryst13101521,https://doi.org/10.3390/cryst13101521,WOS:001098326100001,1357,418828e5457fba5cd82d92da3e257a6306f382cd668bd09151f22c14f159a7d8
WOS:001400394000001,Reversible anode constructed from three-dimensional graphene space confined CuBiS nanoflowers for high-performance Sodium-Ion batteries,2025,10.1016/j.jelechem.2024.118908,https://doi.org/10.1016/j.jelechem.2024.118908,WOS:001400394000001,1358,8f92176a2b11bebff36042386673effd8e37ca0b4aef2a569f1d1c33d06e207d
WOS:000393003400014,Solid state synthesis of layered sodium manganese oxide for sodium-ion battery by in-situ high energy X-ray diffraction and X-ray absorption near edge spectroscopy,2017,10.1016/j.jpowsour.2016.11.022,https://doi.org/10.1016/j.jpowsour.2016.11.022,WOS:000393003400014,1359,eac3d618c16cd58f2cd07ca5d7d135942b92434e8b986689eab443a3839279fc
WOS:001631372200001,Doping-Induced Ultrafast Kinetics of Na4Fe3(PO4)2P2O7 Cathode Enabling Wide Temperature Sodium-Ion Battery,2025,10.1002/adfm.202520871,https://doi.org/10.1002/adfm.202520871,WOS:001631372200001,1360,d4317959664c623f0e6de83e5d8bd4d93efd9725eba6be880add4d9bf56826ae
WOS:001167603300001,Reinforced concrete-like Na3.5V1.5Mn0.5(PO4)3 @graphene hybrids with hierarchical porosity as durable and high-rate sodium-ion battery cathode,2024,10.1016/j.cclet.2023.109267,https://doi.org/10.1016/j.cclet.2023.109267,WOS:001167603300001,1361,a83c1d723f7678244f9c51c5d01a2126e7100631f24d807a459ad96c3fa80eb1
WOS:000432586100007,Facile fabrication of CuS microflower as a highly durable sodium-ion battery anode,2018,10.1039/c8qi00117k,https://doi.org/10.1039/c8qi00117k,WOS:000432586100007,1362,283ed8bc26cbd5ca60e9f15012d7174dfa80584621278fdccc18f64dcd26de8b
WOS:000543274900001,FeS2@C nanorods embedded in three-dimensional graphene as high-performance anode for sodium-ion batteries,2020,10.1007/s11706-020-0510-z,https://doi.org/10.1007/s11706-020-0510-z,WOS:000543274900001,1363,3cc8684e5ae57b3e58fb00fd5c41cadec6cfbe29d5b5c998c7cc0b07b020393a
WOS:000834174100001,Aqueous Dual-Electrolyte Full-Cell System for Improving Energy Density of Sodium-Ion Batteries,2022,10.1021/acsami.2c06304,https://doi.org/10.1021/acsami.2c06304,WOS:000834174100001,1364,d5761cd9fc9878591bd3cd7f56070f301fdc4ec6bf84ffcfb6ffd140c9682b7d
WOS:000360868700057,One-Dimensional Rod-Like Sb2S3-Based Anode for High-Performance Sodium-Ion Batteries,2015,10.1021/acsami.5b05509,https://doi.org/10.1021/acsami.5b05509,WOS:000360868700057,1365,3fab4a6fa99cd07056af72e28b80b31a4132c01a0caf8680ab5d370e650e9ae5
WOS:000366068800002,Sodium titanium hexacyanoferrate as an environmentally friendly and low-cost cathode material for sodium-ion batteries,2016,10.1016/j.jpowsour.2015.10.042,https://doi.org/10.1016/j.jpowsour.2015.10.042,WOS:000366068800002,1366,80bd1324432900fe7be1927a7daee5eb40d8312e06eaf70bc2ffcbcc8e3b12b9
WOS:001591028000006,"Lattice engineering of Zn-doped Na3V2(PO4)2F3 for high-rate, wide-temperature sodium-ion batteries",2025,10.1016/j.jpowsour.2025.238519,https://doi.org/10.1016/j.jpowsour.2025.238519,WOS:001591028000006,1367,031c6629a9dc21052d3baf0c65c4fbdf0389d56c82f0dbb8dcb8301a58faff20
WOS:001425122200001,Comparing the electrical performance of commercial sodium-ion and lithium-iron-phosphate batteries,2025,10.1016/j.jpowsour.2025.236290,https://doi.org/10.1016/j.jpowsour.2025.236290,WOS:001425122200001,1368,0e57032a043359479a216528807852ed19b948b82aff9421e4049601fd0b505b
WOS:000386656700046,Silver Terephthalate (Ag2C8H4O4) Offering in-situ Formed Metal/Organic Nanocomposite as the Highly Efficient Organic Anode in Li-ion and Na-ion Batteries,2016,10.1016/j.electacta.2016.10.017,https://doi.org/10.1016/j.electacta.2016.10.017,WOS:000386656700046,1369,e6e74e5d5581f3de8ab308de76e85c3553fc01d17849edcb2d699dd075aa90a7
WOS:001471304700001,First-Principles Investigation of 2D o-Al2C2 Monolayer: A High-Performance Anode for Li/Na-Ion Batteries,2025,10.1002/cphc.202500025,https://doi.org/10.1002/cphc.202500025,WOS:001471304700001,1370,b1fad6dee73867dee310bd511e6a1c96f5fcfeb57fdf3476bdb644f533bc9671
WOS:000804968600002,Effect of sodium addition on lattice structure and tuning performance in sodium rich NaxTm2-xO2 type cathode materials (Tm=Mn and Cr; X=1.05-1.3)- a study,2022,10.1016/j.electacta.2022.140493,https://doi.org/10.1016/j.electacta.2022.140493,WOS:000804968600002,1371,6f97a62e53668069c9f1f361ccb3265acf9d183c2f92ff930f7e2c71fbc6dc16
WOS:000605608400042,Co2GeO4/graphene hetero-architecture as a potential anode for sodium ion batteries,2021,10.1016/j.jpcs.2020.109863,https://doi.org/10.1016/j.jpcs.2020.109863,WOS:000605608400042,1372,ab5274d251577148e3a86fa077292030b5a551aa68aba975537bb938ffeb2801
WOS:000462619000023,Few-Layer Bismuthene with Anisotropic Expansion for High-Areal-Capacity Sodium-Ion Batteries,2019,10.1002/adma.201807874,https://doi.org/10.1002/adma.201807874,WOS:000462619000023,1373,f2f9182f456d2280738163c37d2103dc376e89f4357372554ffafcdba3f5af0a
WOS:000865306800001,Cu-substitution P2-Na0.66Mn1-xCuxO2 sodium-ion cathode with enhanced interlayer stability,2022,10.1016/j.jechem.2022.09.010,https://doi.org/10.1016/j.jechem.2022.09.010,WOS:000865306800001,1374,c04773f7a184b2a9ec381ac0d2cb58ef39698cb782f0cff30f674a0cc7af7087
WOS:000401208100010,High performance sodium-ion hybrid capacitor based on Na2Ti2O4(OH)2 nanostructures,2017,10.1016/j.jpowsour.2017.03.143,https://doi.org/10.1016/j.jpowsour.2017.03.143,WOS:000401208100010,1375,138bfdcb54ba2b89f8e07fc997e7118cd81340b6d7c6eb025ffae4e35f9290ef
WOS:000389161600030,Carbon-Coated Na3V2(PO4)3 Anchored on Freestanding Graphite Foam for High-Performance Sodium-Ion Cathodes,2016,10.1021/acsami.6b11873,https://doi.org/10.1021/acsami.6b11873,WOS:000389161600030,1376,e387fd9f858ad374288e90e01118aa298cb2ed5a67f445ba6af59b67e733d9b8
WOS:001184053700001,Bottum-up synthesis strategy of mesoporous Sb/Sb2O3 composite at room temperature as anode for sodium ion batteries,2024,10.1016/j.inoche.2024.112159,https://doi.org/10.1016/j.inoche.2024.112159,WOS:001184053700001,1377,951812d9a8f1fe4c7d89427ed43b6d7386fac2e64bdf866e5884097697df9b7e
WOS:000475532200041,SnO2 Nanoflake Arrays Coated with Polypyrrole on a Carbon Cloth as Flexible Anodes for Sodium-Ion Batteries,2019,10.1021/acsami.9b08378,https://doi.org/10.1021/acsami.9b08378,WOS:000475532200041,1378,31ace3df233d417f23449da1954e8bbb75051ee563c1f6dcb1e2498bc4a14f3d
WOS:000380890200002,Half-Cell and Full-Cell Applications of Highly Stable and Binder-Free Sodium Ion Batteries Based on Cu3P Nanowire Anodes,2016,10.1002/adfm.201601323,https://doi.org/10.1002/adfm.201601323,WOS:000380890200002,1379,42cf2247f4bd58ceb0b38979d853abf103f67ff3f3c873029cc79f4fc95a2127
WOS:000840855100006,NaCl-pinned antimony nanoparticles combined with ion-shuttle-induced graphitized 3D carbon to boost sodium storage,2022,10.1016/j.xcrp.2022.100891,https://doi.org/10.1016/j.xcrp.2022.100891,WOS:000840855100006,1380,59f4b592da8dfd92fff0cdc1580a3bbe8e8970eb31bafb3644f8c8728bf47e9a
WOS:001635166700015,"A ""Cool"" Route to Battery Electrode Material Recovery",2025,10.1002/aenm.202405924,https://doi.org/10.1002/aenm.202405924,WOS:001635166700015,1381,d039178246ad0f756d57d59bed24447abcfa7dea4c2609eab9f6a11abaa8f333
WOS:001306354700001,Heterojunction Vacancies-Promoted High Sodium Storage Capacity and Fast Reaction Kinetics of the Anodes for Ultra-High Performance Sodium-Ion Batteries,2025,10.1002/adfm.202411651,https://doi.org/10.1002/adfm.202411651,WOS:001306354700001,1382,6a6549cd5c11356efbc50f346721fe59b4b124f162a0627379cda27e7487f9e1
WOS:000707126000246,Molten-salt synthesis of crystalline C3N4/C nanosheet with high sodium storage capability,2021,10.1016/j.cej.2021.131591,https://doi.org/10.1016/j.cej.2021.131591,WOS:000707126000246,1383,4fcfea823574ba74de27c88bd7e521335b861dfd1c8b4e5c5723037e00e136a4
WOS:001551967600001,Designing mesostructured bimetallic selenide derived from room-temperature prepared metal-organic frameworks as a sodium-ion battery anode with high performance and fast reaction kinetics,2025,10.1039/d5sc03181h,https://doi.org/10.1039/d5sc03181h,WOS:001551967600001,1384,21c2a4577283a796da83a54bb067efc127fc142926d5e7b2c0059742496ff823
WOS:000462495900001,3D ordered mesoporous TiO2@CMK-3 nanostructure for sodium-ion batteries with long-term and high-rate performance,2019,10.1088/1361-6528/ab0812,https://doi.org/10.1088/1361-6528/ab0812,WOS:000462495900001,1385,4bbb71a3412a5d4b4320613597ad7d4ba5afa0ff2c19300352209ef640288713
WOS:001567390500001,NaSICON NaFe2PO4(SO4)2 Revisited: Insights into the Crystal Structure and Electrochemical Performance,2025,10.1021/acsaem.5c01935,https://doi.org/10.1021/acsaem.5c01935,WOS:001567390500001,1386,33f10a1a8c85fd1519fcd08af79a09b91998a6665e576b822d375aab6cee60ba
WOS:000464148700026,V2(PO4)O encapsulated into crumpled nitrogen-doped graphene as a high-performance anode material for sodium-ion batteries,2019,10.1016/j.electacta.2019.03.133,https://doi.org/10.1016/j.electacta.2019.03.133,WOS:000464148700026,1387,ace8aa0f9c3faa2b4f9bf1a2c97d2f32032191060a02f27aec2dd84326245550
WOS:001619779100001,Ball-milling pretreatment-driven low-temperature waste cotton fibers-based hard carbon anodes for sodium-ion batteries,2026,10.1016/j.biombioe.2025.108600,https://doi.org/10.1016/j.biombioe.2025.108600,WOS:001619779100001,1388,f9c7bb91fdf3086952a12a5b32f56fd32248518191756f80eb7e3741c3174771
WOS:000424728800037,Environmentally Sustainable Aluminum-Coordinated Poly(tetrahydroxybenzoquinone) as a Promising Cathode for Sodium Ion Batteries,2018,10.1021/acsami.7b13911,https://doi.org/10.1021/acsami.7b13911,WOS:000424728800037,1389,517547c396646891ec8ae8965e9354872d1d976ae20d4a798393cfd85ea47587
WOS:001291632900001,Anionic chemistry regulation boosting the reversible redox in CoSexTey@C polyhedrons for sodium storage,2024,10.1016/j.cej.2024.152214,https://doi.org/10.1016/j.cej.2024.152214,WOS:001291632900001,1390,9b9925af8f01eb34dccef3f2f72b96ea34ce40cd71e5b8cec17fa66cb7c9ea0f
WOS:000784567000020,Improve the Electrochemical Performance of Na2Ti3O7Nanorodthrough Pitch Coating,2022,10.1021/acssuschemeng.2c00047,https://doi.org/10.1021/acssuschemeng.2c00047,WOS:000784567000020,1391,85d20f21eb4704fbb9c3bd8514b15b3af337bda6042cd62e4689b3ad70c544c4
WOS:001228820800001,"Weberite Na2MM′F7 (M, M′ = redox-active metal) as promising fluoride-based sodium-ion battery cathodes",2024,10.1039/d4ta01895h,https://doi.org/10.1039/d4ta01895h,WOS:001228820800001,1392,71e96e4512f40e2e43165446385e3f65a05bc54024bee3d2d3e18e1b2dc95757
WOS:000436115600089,Synthesis of Core-Shell Carbon Encapsulated Fe2O3 Composite through a Facile Hydrothermal Approach and Their Application as Anode Materials for Sodium-Ion Batteries,2018,10.3390/met8060461,https://doi.org/10.3390/met8060461,WOS:000436115600089,1393,73c00dc469a80afca80825e3226cab3c4b929e9ec0a3e726dee4c2141474e6ad
WOS:000398328000009,In-situ preparation and electrochemical characterization of submicron sized NaFePO4 cathode material for sodium-ion batteries,2017,10.1016/j.electacta.2017.02.107,https://doi.org/10.1016/j.electacta.2017.02.107,WOS:000398328000009,1394,00cc7d47582786ddc7c047ca13446f00fc892322f55a284ce97285d799ca6898
WOS:000505626900028,Confined Red Phosphorus in Edible Fungus Slag-Derived Porous Carbon as an Improved Anode Material in Sodium-Ion Batteries,2019,10.1021/acsami.9b17123,https://doi.org/10.1021/acsami.9b17123,WOS:000505626900028,1395,0be9b835fbcace6d153409cac11d8cd6f4750c0641969aae6a96e3aa8cc15ec2
WOS:000431790700018,Reversible Multi-Electron Transfer of Cr2.8+/Cr4.4+ in O3-Type Layered Na0.66Fe1/3Cr1/3Ti1/3O2 for Sodium-Ion Batteries,2018,10.1149/2.0631803jes,https://doi.org/10.1149/2.0631803jes,WOS:000431790700018,1396,47857795dd9f03f07ee330afa0525f4c6ee960ecc642e915a6d6f27ba0bbe3aa
WOS:001605891800001,A robust layered Na0.67Mn0.67Ni0.33O2 cathode with enhanced reversibility for sodium-ion batteries,2025,10.1039/d5ra06972f,https://doi.org/10.1039/d5ra06972f,WOS:001605891800001,1397,8862d96393dc3410527075daa25ba45662b42660c18e6f13b042bd0b4870a0b3
WOS:001588000100001,Quinone-Imine Enhanced PVA Binder: A Universal Strategy for High-Loading Electrodes With Low Binder Content in Li/Na-Ion Batteries,2025,10.1002/smll.202506857,https://doi.org/10.1002/smll.202506857,WOS:001588000100001,1398,8861436cfca2bac7d8789e341e86950213fd722edbfa78239b066ca45f09cc81
WOS:001615013000007,Molecularly robust aromatic polyimide cathode for high-rate and long-cycle-life sodium-ion batteries,2025,10.1016/j.est.2025.119089,https://doi.org/10.1016/j.est.2025.119089,WOS:001615013000007,1399,bb9381681718d2b38ece8c2b6ffa68814b32f79335ae37ffb0a0ffece2c76332
WOS:000430368900046,Multiple heterointerfaces boosted de-/sodiation kinetics towards superior Na storage and Na-Ion full battery,2018,10.1039/c8ta01132j,https://doi.org/10.1039/c8ta01132j,WOS:000430368900046,1400,0c4d35216f54995960d479056fd0cde76f5917d407a44fcecee959596dc1d494
WOS:001501943000003,Insights into the microstructure evolution of starch-derived hard carbon for sodium-ion battery,2025,10.1016/j.jpowsour.2025.237367,https://doi.org/10.1016/j.jpowsour.2025.237367,WOS:001501943000003,1401,3b8bf23d54e2a350a715afc9ebd51ed2ca8e2d1d81139c0ae2cca584b7e096e9
WOS:000487794200029,Net-Y as a high performance electrode material for Na-ion battery,2019,10.1016/j.cplett.2019.136733,https://doi.org/10.1016/j.cplett.2019.136733,WOS:000487794200029,1402,e76f7c4a88f0c3bedc2ec762ca86595bc615c50c5b2be272f83ae403573fc886
WOS:000741475800002,Robust nanocube framework CoS2-based composites as high-performance anodes for Li- and Na-ion batteries,2022,10.1016/j.compositesb.2021.109592,https://doi.org/10.1016/j.compositesb.2021.109592,WOS:000741475800002,1403,a4366d7e47c5d9c2d18f9a82abcbd6648a9cc46cc200c670202fdea1ee310236
WOS:000433048600028,Understanding the structural evolution and Na+ kinetics in honeycomb-ordered O'3-Na3Ni2SbO6 cathodes,2018,10.1007/s12274-017-1863-1,https://doi.org/10.1007/s12274-017-1863-1,WOS:000433048600028,1404,f5f8390a58ebae7ed113a6019c129863544b4d2553ac7de4b400818d110cb14a
WOS:001436913800001,Enhanced structural stability of P2-type Mn/Fe-based layered oxide by high entropy doping towards long-life sodium ion battery cathode,2025,10.1016/j.apsusc.2025.162799,https://doi.org/10.1016/j.apsusc.2025.162799,WOS:001436913800001,1405,89b23ffa671fc4836473c50a693856dccbf09492ec797eec86b813a1f7edb5a4
WOS:000397605300004,Role of carbon defects in the reversible alloying states of red phosphorus composite anodes for efficient sodium ion batteries,2017,10.1039/c6ta10242e,https://doi.org/10.1039/c6ta10242e,WOS:000397605300004,1406,b51591303c4be51c5a4e860278cb4e78618065a7f10eb729bc4239c24d6f0d0c
WOS:001523477900001,Scalable synthesis of processable high performance O3-NaNi0.4Mn0.4Fe0.2O2: A methodological investigation and electrochemical insights,2025,10.1016/j.electacta.2025.146738,https://doi.org/10.1016/j.electacta.2025.146738,WOS:001523477900001,1407,07bc8707830be9c620b1f0bc5affe936de9cf4a944757cbae582869fd3eacd14
WOS:001434565200001,Facilitating Sodium-Ion Diffusion in Fe-Doped Co3O4 for High-Rate Performance,2025,10.1002/smll.202412449,https://doi.org/10.1002/smll.202412449,WOS:001434565200001,1408,f0ee7549d7bb79ab771af49d1589669d9f4e4ab6442d0d2444a596786cad6fc1
WOS:001042353600001,Carbon-Coated NaVPO4F as a High-Capacity Cathode for Aqueous Sodium-Ion Battery,2023,10.1002/batt.202300275,https://doi.org/10.1002/batt.202300275,WOS:001042353600001,1409,e0f66423e5d7e61afeaa06a6eef9b1e6e6e19db95fa7fc2694119b157e6913c0
WOS:001633510900006,Surface engineering of amorphous/crystalline heterointerfaces: Amorphous shell with embedded nanocrystals boosts reaction kinetics of Sb2O4 anode in alkali-ion battery,2025,10.1016/j.cej.2025.171332,https://doi.org/10.1016/j.cej.2025.171332,WOS:001633510900006,1410,869c2c686c09d5b0405351190da0950170be8898d9c82b7a9d46d5a2ffbf16f7
WOS:000900233900001,Electrospun Na4Fe3(PO4)2(P2O< sub>7) nanofibers as free-standing cathodes for ultralong-life and high-rate sodium-ion batteries,2023,10.1016/j.ensm.2022.11.018,https://doi.org/10.1016/j.ensm.2022.11.018,WOS:000900233900001,1411,bd132bc0524a7c6eb659961ec53e868f7a65e71895624b3d5a27cc1bacf41a4c
WOS:000439283200010,Perylene diimide-diamine/carbon black composites as high performance lithium/sodium ion battery cathodes,2018,10.1039/c8ta03186j,https://doi.org/10.1039/c8ta03186j,WOS:000439283200010,1412,86cb17c3d0ed896d62d9e2c32de7f61bc84a91551b1bff3b66882517b5afcbad
WOS:000338184500025,1D Nanostructured Na7V4(P2O7)4(PO<s ub>4) as High-Potential and Superior-Performance Cathode Material for Sodium-Ion Batteries,2014,10.1021/am501072j,https://doi.org/10.1021/am501072j,WOS:000338184500025,1413,131b2655fbac3c5b73d27e0c51121c9789d46622ae59c2a308e6a48d2860db68
WOS:001630506600001,Orbital hybridization states of carbon assisted robust inorganic-rich solid electrolyte interphase towards high initial coulombic efficiency hard carbon anode,2026,10.1016/j.cclet.2025.111506,https://doi.org/10.1016/j.cclet.2025.111506,WOS:001630506600001,1414,9a0aa35600311c1f508876b34cb07026ac0e8477896a40b25ecc57935f6d0bc7
WOS:000551128800003,Sn substitution endows NaTi2(PO4)3/C with remarkable sodium storage performances,2020,10.1016/j.ceramint.2020.02.059,https://doi.org/10.1016/j.ceramint.2020.02.059,WOS:000551128800003,1415,11a79b400dbef9d5baaf4c830d935a112e0705625cbd0c5455617e49078bc790
WOS:001420991100001,Carbon nanofiber-supported SnSe as self-supporting anode for sodium ion battery,2025,10.1007/s10853-025-10618-x,https://doi.org/10.1007/s10853-025-10618-x,WOS:001420991100001,1416,ea6c659cd0eac0fb7151dac65a4d58a3dfb5aa1ee8c52f70751805498f70647c
WOS:000756422800022,Anode Material Synthesized from Red Phosphorus and Germanium Nanowires for Lithium-Ion and Sodium-Ion Batteries,2021,10.20964/2021.12.23,https://doi.org/10.20964/2021.12.23,WOS:000756422800022,1417,a42851d6e94c134e92b7bf23b2fbb08f9b49e99f9589c4e4010b4db881215320
WOS:001054023400001,Preparing a graphene/carbon nanotube coated hollow nickel phosphides microsphere anode with high stability for high-performance lithium/sodium battery,2023,10.1016/j.jelechem.2023.117479,https://doi.org/10.1016/j.jelechem.2023.117479,WOS:001054023400001,1418,2ed7680fdd6ae147b9f47418c62c3584809f2e522399d5f821978b49bd42bee2
WOS:000463032200084,Construction of ultrafine ZnSe nanoparticles on/in amorphous carbon hollow nanospheres with high-power-density sodium storage,2019,10.1016/j.nanoen.2019.03.008,https://doi.org/10.1016/j.nanoen.2019.03.008,WOS:000463032200084,1419,988ccbdaec122f78418a6320f3e6b4cf5ae8320be36661bfc00de646a25b8c37
WOS:000452114200013,MoS2 nanosheets with expanded interlayer spacing for enhanced sodium storage,2018,10.1039/c8qi00969d,https://doi.org/10.1039/c8qi00969d,WOS:000452114200013,1420,ebfa1ca19543d87a30c809f2e57d1bd6528d8142ab9c46ef1d51473cca8701a7
WOS:001128751400001,"Co4S3 Nanoparticles Confined in an MnS Nanorod-Grafted N, S-Codoped Carbon Polyhedron for Highly Efficient Sodium-Ion Batteries",2023,10.1021/acsami.3c12984,https://doi.org/10.1021/acsami.3c12984,WOS:001128751400001,1421,ce7fef96f3eb4cfb81c61baee85c7ae9c3b553df5cd4dc41deadbab7f1908f2a
WOS:000330256400048,Anatase TiO2 nanoparticles for high power sodium-ion anodes,2014,10.1016/j.jpowsour.2013.11.083,https://doi.org/10.1016/j.jpowsour.2013.11.083,WOS:000330256400048,1422,1ba36371ca4359f2e4e052452a51e839b8fea28f1ee056de17180e14ee1ec8b0
WOS:001525576300001,Correlating the Sodium Storage Mechanism and Enhancing the Initial Coulombic Efficiency of Biomass-Derived Hard Carbon in Sodium-Ion Batteries,2025,10.1002/batt.202500295,https://doi.org/10.1002/batt.202500295,WOS:001525576300001,1423,55e6826605373b245f244d280911fbca68301c53a89992c10e75a14575da9437
WOS:000608631200020,High-capacity and cycling-stable polypyrrole-coated MWCNT@polyimide core-shell nanowire anode for aqueous rechargeable sodium-ion battery,2021,10.1016/j.surfcoat.2020.126797,https://doi.org/10.1016/j.surfcoat.2020.126797,WOS:000608631200020,1424,47577bf9b9cd98f49cb1b799e18a052bc3e68d4de33a31e0157efa60e697f16b
WOS:001301382900001,High entropy Prussian Blue Analogues assisted by reduced graphene oxide for enhancing the lifespan of Sodium-ion batteries,2024,10.1016/j.colsurfa.2024.135099,https://doi.org/10.1016/j.colsurfa.2024.135099,WOS:001301382900001,1425,2ecdc9152d755da8538899bd72652479b41c2648751c7d371deb891dd046323d
WOS:000688250200069,Na4Co3(PO4)2P2O<s ub>7/NC Composite as a Negative Electrode for Sodium-Ion Batteries,2021,10.1021/acsaem.1c01374,https://doi.org/10.1021/acsaem.1c01374,WOS:000688250200069,1426,57a8f7028e5328a0e2489312c445f4ecc59098f880e777118cce8197309524cd
WOS:000402734600015,Carbon-coated Li4Ti5O12 nanoparticles with high electrochemical performance as anode material in sodium-ion batteries,2017,10.1039/c7ta03173d,https://doi.org/10.1039/c7ta03173d,WOS:000402734600015,1427,7551353a3c38acde36414bbdcfe152652985ef06c3682d132baf7f5fd1681fd4
WOS:000981754400001,Synthesis of high-specific-capacity Prussian blue analogues for sodium-ion batteries boosted by grooved structure,2023,10.1016/j.jallcom.2023.169928,https://doi.org/10.1016/j.jallcom.2023.169928,WOS:000981754400001,1428,43302d9d456d34c546a434253e7162b03a9de82de67493a447909fe8382a66c8
WOS:001538275500001,Machine Learning for Selecting High-Energy Phosphate Cathode Materials,2025,10.34133/research.0794,https://doi.org/10.34133/research.0794,WOS:001538275500001,1429,bd88026e1c17bed268a457d134979d813c5dccb2b0623218970ffbf0010f8f12
WOS:000390740500066,Preparation of flower-like BaMoO4 and application in rechargeable lithium and sodium ion batteries,2017,10.1016/j.matlet.2016.11.001,https://doi.org/10.1016/j.matlet.2016.11.001,WOS:000390740500066,1430,036cbbd328f557ac9fbc8e107f0307a725e21b7967601036569bbe54f77ce767
WOS:000329137100061,Carbon Nanosheet Frameworks Derived from Peat Moss as High Performance Sodium Ion Battery Anodes,2013,10.1021/nn404640c,https://doi.org/10.1021/nn404640c,WOS:000329137100061,1431,b3b5b942f0ef0ac22b5f5e0c8da6c31866b86c39625252ff343bb86e36a02d6e
WOS:000449444500023,Systematic investigation of the Binder's role in the electrochemical performance of tin sulfide electrodes in SIBs,2018,10.1016/j.jpowsour.2018.08.081,https://doi.org/10.1016/j.jpowsour.2018.08.081,WOS:000449444500023,1432,137bbf51c96f8973e67a9fe3c8fe18f610b35bea246e4f768b961b23d08825e1
WOS:000395075600034,Three-dimensional graphene/polyimide composite-derived flexible high-performance organic cathode for rechargeable lithium and sodium batteries,2017,10.1039/c6ta09754e,https://doi.org/10.1039/c6ta09754e,WOS:000395075600034,1433,7f5935bf0d0bdb32ecccef79b30e9341c753d46bc030c43b0fe0289e4537ac2a
WOS:000667065700001,A Green and Scalable Synthesis of Na3Fe2(PO4)P2O7/r GO Cathode for High-Rate and Long-Life Sodium-Ion Batteries,2021,10.1002/smtd.202100372,https://doi.org/10.1002/smtd.202100372,WOS:000667065700001,1434,795302527b0c1983124b0bf1f0b8a2f78933553bc16b6457e66c8118663e12cd
WOS:000356754900015,"Amorphous (Glassy) Carbon, a Promising Material for Sodium Ion Battery Anodes: a Combined First-Principles and Experimental Study",2015,10.1021/acs.jpcc.5b03407,https://doi.org/10.1021/acs.jpcc.5b03407,WOS:000356754900015,1435,410ffc3b0dfb07deb9085715f393a9c1db281cf9a9b540eef99e882cf43b6d09
WOS:001164972200001,"NaFePO4 for sodium-ion batteries: Mechanism, synthesis and optimization strategies toward commercialization",2024,10.1016/j.ensm.2023.103157,https://doi.org/10.1016/j.ensm.2023.103157,WOS:001164972200001,1436,0509c1473197ab434341d71e6baa0810b5a59b7b71b4b2ebf5fa6a5208883281
WOS:000686901300001,Three-dimensional Tremella-like FeS/C structure under pseudocapacitance as anode for high-performance sodium-ion batteries,2021,10.1016/j.matlet.2021.129727,https://doi.org/10.1016/j.matlet.2021.129727,WOS:000686901300001,1437,673fb44ba4bf7f636a26585f48bcc3650e9c18dbade3c6e627c053513cce5d26
WOS:000441237100013,Nanostructured Bi2S3 encapsulated within three-dimensional N-doped graphene as active and flexible anodes for sodium-ion batteries,2018,10.1007/s12274-018-2042-8,https://doi.org/10.1007/s12274-018-2042-8,WOS:000441237100013,1438,0463e67bbb95774df125ced1250f619e2cd9c1dc8fe1c20d1dcc37a3b4a61bab
WOS:000444359600022,Mo2C embedded in S-doped carbon nanofibers for high-rate performance and long-life time Na-ion batteries,2018,10.1016/j.ssi.2018.06.004,https://doi.org/10.1016/j.ssi.2018.06.004,WOS:000444359600022,1439,a3f0f758e2f9e117eaeee8e884b9ef33fae1eb0bed43b8f4bc976dab744e571b
WOS:001605107300001,Interface engineering of bimetallic sulfide/carbon composite anode with heterostructures and sulfur bridges for cost-effective all manganese-based sodium-ion batteries,2025,10.1016/j.nanoen.2025.111515,https://doi.org/10.1016/j.nanoen.2025.111515,WOS:001605107300001,1440,d75d284a0d70389f89de8cfeb27a4e991dd3257226975cc4d910b039260ea9e8
WOS:000568805600015,Mesoporous Mn-doped and carbon-coated NaTi2(PO4)3nanocrystals as an anode material for improved performance of sodium-ion hybrid capacitors,2020,10.1007/s10854-020-04310-w,https://doi.org/10.1007/s10854-020-04310-w,WOS:000568805600015,1441,1614ea0298beabc6e3248619d005f0e96793e86135af07a1f475c38e2de8a172
WOS:000345725700111,Mesoporous Co3O4 sheets/3D graphene networks nanohybrids for high-performance sodium-ion battery anode,2015,10.1016/j.jpowsour.2014.09.121,https://doi.org/10.1016/j.jpowsour.2014.09.121,WOS:000345725700111,1442,def304248d8c779294056f27c42b484919b7b26e549f3ff17cd4d512ef2a8ac3
WOS:001205091800001,Bio-inspired design of a self-supported bismuth microforest for high performance sodium storage,2024,10.1039/d4ta00950a,https://doi.org/10.1039/d4ta00950a,WOS:001205091800001,1443,6888f8ac43bc5db8882a59ce4492e13db1f0fe9ab4b8729613ec0404470d2c84
WOS:001446799700001,"Sodium Manganese Hexacyanoferrate: Characterization as Sodium-Ion Battery Cathode Material, Full Cell Cycling with Hard Carbon and Post-Mortem Analyses",2025,10.1002/batt.202500015,https://doi.org/10.1002/batt.202500015,WOS:001446799700001,1444,bb20678e00111b943c5448e688e3deaaadb507fe4ed50027a1c92907d164b1cb
WOS:000953554600001,Innovative discontinuous-SEI constructed in ether-based electrolyte to maximize the capacity of hard carbon anode,2023,10.1016/j.jechem.2022.12.044,https://doi.org/10.1016/j.jechem.2022.12.044,WOS:000953554600001,1445,76a692fb914d5a2ab222b9631d92b4d479105889ca556c76f5af0ad97a63f5ab
WOS:001133034300001,3D Fast Sodium Transport Network of MoS2 Endowed by Coupling of Sulfur Vacancies and Sn Doping for Outstanding Sodium Storage,2024,10.1002/smll.202309112,https://doi.org/10.1002/smll.202309112,WOS:001133034300001,1446,bd12230d532b6012b1e225c8ca0ed65843032283d665cec0f53fc268e28bb4dc
WOS:001542918700006,Pre-sodiation of terephthalic acid organic anode for sustainable sodium-ion storage,2025,10.1016/j.est.2025.117858,https://doi.org/10.1016/j.est.2025.117858,WOS:001542918700006,1447,a99180b62828a6c4d59c4b80a8ced83dcc2b263dd28097f59aaa354a078649cb
WOS:000456689500019,Ultra-fast transfer and high storage of Li+/Na+ in MnO quantum dots@carbon hetero-nanotubes: Appropriate quantum dots to improve the rate,2019,10.1016/j.ensm.2018.07.021,https://doi.org/10.1016/j.ensm.2018.07.021,WOS:000456689500019,1448,0cc4dd3ad6e063bde031efe5c5946bea5fe0caa64f8115c3ed4754726b9eb521
WOS:000900048200002,Recent Progress of MXene-Based Materials as Anodes in Sodium-Ion Batteries,2023,10.1007/s11664-022-10142-7,https://doi.org/10.1007/s11664-022-10142-7,WOS:000900048200002,1449,751550d3272c9038bf31ac3374a60462c3fab56a865a14da264289d24131a238
WOS:000448412000060,An amorphous tin-based nanohybrid for ultra-stable sodium storage,2018,10.1039/c8ta05390a,https://doi.org/10.1039/c8ta05390a,WOS:000448412000060,1450,473f224cc2c4cc851faf486f268906d75fa992044f62d9aaf7a65c18ef0402e7
WOS:000539577200185,Plasma Enabled Fe2O3/Fe3O4 Nano-aggregates Anchored on Nitrogen-doped Graphene as Anode for Sodium-Ion Batteries,2020,10.3390/nano10040782,https://doi.org/10.3390/nano10040782,WOS:000539577200185,1451,f91d29dbe177e375fb3cd2235a3f83a8cef8b9792e5f57877502d2ba48e447d2
WOS:000386672100006,Nitrogen-Doped Hollow Carbon Nanospheres Derived from Dopamine as High-Performance Anode Materials for Sodium-Ion Batteries,2016,10.1142/s1793292016501241,https://doi.org/10.1142/s1793292016501241,WOS:000386672100006,1452,f3a39ef5c35f4028b171d949a72978ef12f1c5e1abfdefd2bab6c01229bebf87
WOS:001622224700001,Microwave-assisted hydrothermal synthesis of RC@MoS2 composite derived from coal gasification slag for enhanced sodium-ion storage performance,2025,10.1016/j.mtcomm.2025.114312,https://doi.org/10.1016/j.mtcomm.2025.114312,WOS:001622224700001,1453,4377fcdf6a325fd8acd012b037faf6e03dee0c27ae06404f88e76ad3c0b110a0
WOS:001015766000001,N-doped Ni-Co bimetallic derived hollow nano-framework cubes anchored on 3D reduced graphene aerogel with enhanced sodium ion batteries performance,2023,10.1016/j.colsurfa.2022.130796,https://doi.org/10.1016/j.colsurfa.2022.130796,WOS:001015766000001,1454,a4a27a63bc2d56a2bf2448a422d19fcacb059c8a24edb148377838d15d59f6ca
WOS:000720374000003,Hierarchical micro-composite assembled from Bi spheres and expanded graphite flakes as anodes for sodium-ion half/full cells with excellent comprehensive electrochemical performance,2022,10.1016/j.cej.2021.132938,https://doi.org/10.1016/j.cej.2021.132938,WOS:000720374000003,1455,8d493f89ac3dc1b0688ebfc1a75e95509ead3bcb00a0c38b07d20e983ba842f0
WOS:000409027000057,Cobalt sulfide-reduced graphene oxide nanohybrid as high performance sodium ion battery anode,2017,10.1007/s10854-017-7215-9,https://doi.org/10.1007/s10854-017-7215-9,WOS:000409027000057,1456,c295217336e0770cdcead5073e78a72dcfb5add858a2ff0f130f965896175c5b
WOS:000390083200009,Nitrogen-doped TiO2 nanospheres for advanced sodium-ion battery and sodium-ion capacitor applications,2016,10.1039/c6ta08472a,https://doi.org/10.1039/c6ta08472a,WOS:000390083200009,1457,22ba6eec9d65d742143b51aad9b3e8937758817380173dd6114575a1c5124ad7
WOS:000425751600047,Nanoflakes assembled hydrangea-like Fe2O3@C@MoS2@C nanocomposite as high performance anode materials for lithium/sodium ion batteries,2018,10.1016/j.electacta.2018.01.207,https://doi.org/10.1016/j.electacta.2018.01.207,WOS:000425751600047,1458,47a1d3502121123503f36852b6a49d3d301c14ad6da332df5429023333341975
WOS:000425396400024,Direct chitin conversion to N-doped amorphous carbon nanofibers for high-performing full sodium-ion batteries,2018,10.1016/j.nanoen.2017.12.042,https://doi.org/10.1016/j.nanoen.2017.12.042,WOS:000425396400024,1459,faaaaddf0b20b497c4b612942bb8bdcde25459c2a92b27bddb680daa8bc0404b
WOS:000757759900001,Hierarchical Sb2S3/SnS2/C heterostructure with improved performance for sodium-ion batteries,2022,10.1007/s40843-021-1931-0,https://doi.org/10.1007/s40843-021-1931-0,WOS:000757759900001,1460,c2dbbccff4cc58a766b7314fae2850e2b2ab3acb9c10c52acb6f5f2540261134
WOS:000430386800022,Optimization of SnO2 Nanoparticles Confined in a Carbon Matrix towards Applications as High-Capacity Anodes in Sodium-Ion Batteries,2018,10.1002/slct.201800411,https://doi.org/10.1002/slct.201800411,WOS:000430386800022,1461,e9db3ba95416386990cd5d0474bda54dbefde60f391bb3ce6bba553bcf8c24fc
WOS:001634082600001,Layered-to-Tunnel Transformation Enabled by Coordination Bond Reorganization in Oxide Cathodes for Sodium-Ion Batteries,2025,10.1021/acsami.5c18702,https://doi.org/10.1021/acsami.5c18702,WOS:001634082600001,1462,14b0a8cabe98a44c1e2387fa34dac146a9c0d06e5d76eeeb1e882fc448c2ffc0
WOS:000783330300001,A binder-free δ-MnO2@reduced graphene oxide composite film as a bi-functional electrode for aqueous rechargeable sodium-ion batteries and hybrid capacitive deionization,2022,10.1039/d2nj00673a,https://doi.org/10.1039/d2nj00673a,WOS:000783330300001,1463,d718322f27637186059fc1c0c1f5e9fd6519bdcf66e16c5051a25265441e68ab
WOS:000413239600019,MoS2 Nanosheets with Conformal Carbon Coating as Stable Anode Materials for Sodium-Ion Batteries,2017,10.1016/j.electacta.2017.09.128,https://doi.org/10.1016/j.electacta.2017.09.128,WOS:000413239600019,1464,0aa29a82990c131f22073f756ebdda23d78350c3d0c624359ab44c078055311c
WOS:000364528300016,A phosphorene-graphene hybrid material as a high-capacity anode for sodium-ion batteries,2015,10.1038/nnano.2015.194,https://doi.org/10.1038/nnano.2015.194,WOS:000364528300016,1465,bb199545770bd3a5b53415f3202fbe6f0a6ea200fe3cbd3bf84720ca8adc7736
WOS:000402734600018,Y-Doped Na3V2(PO4)2F3 compounds for sodium ion battery cathodes: electrochemical performance and analysis of kinetic properties,2017,10.1039/c7ta03133e,https://doi.org/10.1039/c7ta03133e,WOS:000402734600018,1466,a517cd58be2f3174096331297543cf49699592daea318b5ee630b93c04470103
WOS:000613635300002,Synthesis of Fe3Se4/carbon composites from different metal-organic frameworks and their comparative lithium/sodium storage performances,2021,10.1007/s11696-021-01524-y,https://doi.org/10.1007/s11696-021-01524-y,WOS:000613635300002,1467,f678f489344bb98d572def7089e5a7c62145c5e00f0685877c33750d3e525356
WOS:001204271200001,Synergistic Effect of 3D Electrode Architecture and In Situ Carbon Coating on the Electrochemical Performance of SnO2 Anodes for Sodium-Ion Batteries,2024,10.1149/1945-7111/ad3b74,https://doi.org/10.1149/1945-7111/ad3b74,WOS:001204271200001,1468,4795d7963f809cdc273a2d555190e568241c310a32e85a3fbfd730dafe54c885
WOS:001471455100001,Exploring the enhanced structure stability of Zn-Al co-doping single-crystal NaNi0.33Fe0.33Mn0.33O2 cathode materials,2025,10.1016/j.jallcom.2025.180310,https://doi.org/10.1016/j.jallcom.2025.180310,WOS:001471455100001,1469,fe75d0d22539941af65672038ea2a9e4d74963015c7c78e93510e38d35d5dc90
WOS:000481567100017,Polyethylene Glycol-Na+ Interface of Vanadium Hexacyanoferrate Cathode for Highly Stable Rechargeable Aqueous Sodium-Ion Battery,2019,10.1021/acsami.9b04849,https://doi.org/10.1021/acsami.9b04849,WOS:000481567100017,1470,bc686653ed274b8e8dad287a86b71abd2e38bb367306e05ac1313e3ec2b244c1
WOS:001439428000001,Active and passive high-entropy shell enabling high rate and durable sodium manganese hexacyanoferrate cathode for sodium ion batteries,2025,10.1016/j.jpowsour.2025.236577,https://doi.org/10.1016/j.jpowsour.2025.236577,WOS:001439428000001,1471,c46dca5c41579110cd56d510a669559d9a610e48784c35ac37f54eb17e2c6e64
WOS:000354195600067,Electrochemical behavior of SiO as an anode material for Na-ion battery,2015,10.1016/j.jallcom.2015.03.171,https://doi.org/10.1016/j.jallcom.2015.03.171,WOS:000354195600067,1472,4b3c231afc0034acea42f5df0025938f700a241fb924cede9aed43fc376b3583
WOS:001595232600001,Regulating the pore structure of biomass-derived HC by zinc gluconate for high-performance sodium-ion battery,2026,10.1016/j.jcis.2025.138811,https://doi.org/10.1016/j.jcis.2025.138811,WOS:001595232600001,1473,f75795a01d3c62332d1597e6b2472ef4928bf1359796845f5428d608069f6b7e
WOS:000443280200039,Template-assisted in situ confinement synthesis of nitrogen and oxygen co-doped 3D porous carbon network for high-performance sodium-ion battery anode,2018,10.1039/c8nj02394h,https://doi.org/10.1039/c8nj02394h,WOS:000443280200039,1474,2065104366dc8a8f9a2f748df7aeea24c8d32e7b094251636840a10bc8362ee4
WOS:000402199900039,Synthesis and Electrochemical Properties of Doped Tin Fe2(MoO4)3 as Cathode Material for Sodium-Ion Batteries,2017,10.20964/2017.04.34,https://doi.org/10.20964/2017.04.34,WOS:000402199900039,1475,42990d9b48954b175f3fcb32867d59d830e4e7588ce5fed969215cf2e41ffb20
WOS:000408878200054,Cu4SnP10 as a promising anode material for sodium ion batteries,2017,10.1016/j.nanoen.2017.07.026,https://doi.org/10.1016/j.nanoen.2017.07.026,WOS:000408878200054,1476,85ceb23a6fb42d682e264e705ae890b2ed108040ca34039878f65beafd97b799
WOS:001239803200001,Electrochemical performance of SnS-SnS2@CNTs composites as anode materials for Sodium ion batteries,2024,10.1016/j.matlet.2024.136476,https://doi.org/10.1016/j.matlet.2024.136476,WOS:001239803200001,1477,e83845c28df2e11e1734536676ba231c1219b6cb625517f57850ca2e41e5b161
WOS:001259755300001,Effects of Bi doping on the electrochemical performance of Na3V2(PO4)3F3 cathode material for sodium ion batteries,2024,10.1016/j.ssi.2024.116621,https://doi.org/10.1016/j.ssi.2024.116621,WOS:001259755300001,1478,b8e49f86945665adc498c3bf4e85a98eb6c7349109ddb45283a713f41753401a
WOS:000840954500001,Titanium nitride as a promising sodium-ion battery anode: interface-confined preparation and electrochemical investigation,2022,10.1039/d2dt02074b,https://doi.org/10.1039/d2dt02074b,WOS:000840954500001,1479,dadbdbecf818997e3908b79957cd23dbb78980a4574f29296433896856d22c57
WOS:001308158900001,Biomass-derived hard carbon anodes: An overview on strategies of improving initial Coulombic efficiency for sodium-ion batteries,2024,10.1016/j.mtcomm.2024.110271,https://doi.org/10.1016/j.mtcomm.2024.110271,WOS:001308158900001,1480,d1bb9d29f5e5c4b03eee6e91ac84f0f765a2741f4fdf85835b1434b216d81d10
WOS:000707126000118,Ion-exchange strategy of CoS2/Sb2S3 hetero-structured nanocrystals encapsulated into 3D interpenetrating dual-carbon framework for high-performance Na+/K+ batteries,2021,10.1016/j.cej.2021.130657,https://doi.org/10.1016/j.cej.2021.130657,WOS:000707126000118,1481,52152902bb4ee08f54c1c4c43162c1909321848a521c72f6f1d771eb610cad71
WOS:000399327400015,Sn-MoS2-C@C Microspheres as a Sodium-Ion Battery Anode Material with High Capacity and Long Cycle Life,2017,10.1002/chem.201605005,https://doi.org/10.1002/chem.201605005,WOS:000399327400015,1482,38f17411b89ca035f4a03b03935b3add13ab15604ed92e27117c59de00890fd1
WOS:001349972200001,Unordered vacancies provide rapid migration pathways for sodium ion insertion/extraction in copper-deficient ternary Cu4Bi4Se9,2024,10.1016/j.cej.2024.157214,https://doi.org/10.1016/j.cej.2024.157214,WOS:001349972200001,1483,63289c1e5941edf57e18f22f7a06ed064953295cd18ff6d9f21479757abf8ef1
WOS:000519150200016,Intercalation Pseudocapacitive Nanoscale Nickel Hexacyanoferrate@Carbon Nanotubes as a High-Rate Cathode Material for Aqueous Sodium-Ion Battery,2020,10.1021/acssuschemeng.9b06588,https://doi.org/10.1021/acssuschemeng.9b06588,WOS:000519150200016,1484,f878f8a4b90de849c4d7368beea2f3610e4b78a794b332f8158ef91e270e79d7
WOS:001338008400001,Rational Design of 3D Hierarchical Fe3S4 for Superior Sodium-Ion Battery Anode Material,2025,10.1002/adsu.202400679,https://doi.org/10.1002/adsu.202400679,WOS:001338008400001,1485,60f77e22a4573d460ad41c8f99b192132997e25c1bad2da5713730abfd20f7f6
WOS:001226092400001,Hollow Stair-Stepping Spherical High-Entropy Prussian Blue Analogue for High-Rate Sodium Ion Batteries,2024,10.1021/acsami.4c04785,https://doi.org/10.1021/acsami.4c04785,WOS:001226092400001,1486,d07a754ffdd8f76180ddb034c36244c88271d97ccec2806c8365bee5fa55e3cc
WOS:000642399500007,A novel synthesis of Nb2O5@rGO nanocomposite as anode material for superior sodium storage,2021,10.1016/j.cclet.2020.09.006,https://doi.org/10.1016/j.cclet.2020.09.006,WOS:000642399500007,1487,c02f568e4b11c70a6ae87aa7a0fec7036c007a51506edcb63e96eae0508efff8
WOS:000951526300001,One-pot synthesis of boron-doped cobalt oxide nanorod coupled with reduced graphene oxide for sodium ion batteries,2023,10.1016/j.jcis.2023.03.028,https://doi.org/10.1016/j.jcis.2023.03.028,WOS:000951526300001,1488,d33c1600c6df7c2975b8a53ca0bbf500c67c5fda687bd7e70c431c4be87b57f4
WOS:000393753200073,Mille-feuille shaped hard carbons derived from polyvinylpyrrolidone via environmentally friendly electrostatic spinning for sodium ion battery anodes,2017,10.1039/c6ra27212f,https://doi.org/10.1039/c6ra27212f,WOS:000393753200073,1489,efe4756d1a12ee8e3ce50274b542612d90b89e4b4124658032c23fdecd688a0f
WOS:001091009400001,Engineering of carbon anodes by laser irradiation for advanced sodium-ion batteries,2023,10.1016/j.mtener.2023.101404,https://doi.org/10.1016/j.mtener.2023.101404,WOS:001091009400001,1490,4ae602e4eddc28e0beef5eddff627daf0592105c1aeacfb3be858bc164820ad9
WOS:000990702600001,Enhanced reversible conversion of Cu2S anodes for Na-ion batteries enabled by carbon nanotubes,2023,10.1016/j.jallcom.2023.170161,https://doi.org/10.1016/j.jallcom.2023.170161,WOS:000990702600001,1491,e20fc089adf33a496ab9a94170f798f81cf2871b54a3ad474fb6e0edb94c27f1
WOS:000535170300021,3D Porous Self-Standing Sb Foam Anode with a Conformal Indium Layer for Enhanced Sodium Storage,2020,10.1021/acsami.9b23501,https://doi.org/10.1021/acsami.9b23501,WOS:000535170300021,1492,5704e45ba783bd0b68b2ec8fcadbe2554074e58e2b5ba846b2d47346929d0a29
WOS:001499934000001,A High-Capacity Nonstoichiometric Na2.67Fe2.67(P2O7)2</su b> Cathode Material of a Sodium Ion Battery,2025,10.1021/acsami.5c03459,https://doi.org/10.1021/acsami.5c03459,WOS:001499934000001,1493,c27bc034fd5843c71e0e72c6dd783a98510b8a4560136d229cf626c82aae74de
WOS:000679262300001,Synthesis of NiS2/reduced graphene oxide nanocomposites as anodes materials for high-performance Sodium and Potassium ion batteries,2021,10.1016/j.materresbull.2021.111430,https://doi.org/10.1016/j.materresbull.2021.111430,WOS:000679262300001,1494,ecf1260e0b2fc65405f49607e6b7b206a4eee48e601e20106da77d67adc79001
WOS:000441077900171,Controlled synthesis of Na0.44MnO2 cathode material for sodium ion batteries with superior performance through urea-based solution combustion synthesis,2018,10.1016/j.electacta.2018.07.120,https://doi.org/10.1016/j.electacta.2018.07.120,WOS:000441077900171,1495,a85f1578ef31ff3d94f0835425deac3fa8d957661d9a69c1a76c57a2219f8250
WOS:000353704100037,Na+ intercalation pseudocapacitance in graphene-coupled titanium oxide enabling ultra-fast sodium storage and long-term cycling,2015,10.1038/ncomms7929,https://doi.org/10.1038/ncomms7929,WOS:000353704100037,1496,a9a8cddd1577b880004e481408a4db72dce74997026ac499c23bcb09bb9424c4
WOS:001135137300001,Cauliflower-like CuS assembly for sodium-ion battery anode,2024,10.1016/j.matlet.2023.135654,https://doi.org/10.1016/j.matlet.2023.135654,WOS:001135137300001,1497,cb91b0cd7c0286ee836ecd4241d38aa45784aff645fc397982c4d21a2bb79643
WOS:000515883000006,The recycling of the expired donkey-hide gelatin pulp for N/S co-doped hollow carbon nano-spheres anode in sodium ion battery,2020,10.1007/s11356-020-07840-2,https://doi.org/10.1007/s11356-020-07840-2,WOS:000515883000006,1498,b34cf8961e8b60b72b0aa27e7bd14b840e13b21556e887a5a741bfab36ebc60d
WOS:000821387500001,Disclosing the Origin of Irreversible Sodiation-Desodiation of a Cu4SnP10 Nanowire Anode by Ex Situ Transmission Electron Microscopy,2022,10.1021/acsami.2c02200,https://doi.org/10.1021/acsami.2c02200,WOS:000821387500001,1499,c6b0e1f34806ebfb3754a0d442e28eb0e6cc053363f1c5a7faff39faf472be6a
WOS:000395211200035,Nanostructured intermetallic FeSn2-carbonaceous composites as highly stable anode for Na-ion batteries,2017,10.1016/j.jpowsour.2017.01.068,https://doi.org/10.1016/j.jpowsour.2017.01.068,WOS:000395211200035,1500,83cadee62e35e27d8348fa43d0b903a494375862a592d4c8573c64b48c967905
WOS:001425750900001,Accelerated carbonization of waste tire via microwave heating: Carbon anode derived from waste tire for sodium-ion battery,2025,10.1016/j.apsusc.2025.162577,https://doi.org/10.1016/j.apsusc.2025.162577,WOS:001425750900001,1501,4ef76bf47b364374b067cc52fd37c323d79bbd0aae57514a2f5485bddd53be34
WOS:001599818100001,Decoupling of O3-Layered Cathode Stability from System-Driven Thermal Runaway in Sodium-Ion Batteries,2025,10.1002/celc.202500336,https://doi.org/10.1002/celc.202500336,WOS:001599818100001,1502,ff3baf249ef993f770cf935b940a21b6b5abf8430268365caf987ea5c8c0fe4d
WOS:001641064500001,β-Irida-graphene: A new 2D carbon allotrope for sodium-ion battery anodes,2026,10.1016/j.physe.2025.116442,https://doi.org/10.1016/j.physe.2025.116442,WOS:001641064500001,1503,07900329bd74a2020297af78a2e2db8455e76c50683cbc278fd02024edb7496d
WOS:000418729500020,Synthesis of high volumetric capacity graphene oxide-supported tellurantimony Na- and Li-ion battery anodes by hydrogen peroxide sol gel processing,2018,10.1016/j.jcis.2017.10.040,https://doi.org/10.1016/j.jcis.2017.10.040,WOS:000418729500020,1504,b0072f03cb4c8a5a38a549a2e246d3ab50f5b65d07563fc7a97a2bb988799a02
WOS:000842984000004,Constructing low N/P ratio sodium-based batteries by reversible Na metal electrodeposition on sodiophilic zinc-metal-decorated hard carbons,2022,10.1016/j.jpowsour.2022.231862,https://doi.org/10.1016/j.jpowsour.2022.231862,WOS:000842984000004,1505,b80e288d0e8c58fd0135f894f8972872e1f0b7356a69f6a703d0e71d514fce31
WOS:000653090100003,Y-doped P2-type Na0.67Ni0.33Mn0.67O2: A sodium-ion battery cathode with fast charging and enhanced cyclic performance,2021,10.1016/j.jallcom.2021.160027,https://doi.org/10.1016/j.jallcom.2021.160027,WOS:000653090100003,1506,686ab1e9772c51e1add26292e656906d3c40a3db7cf9ab8d5139b278848ed0f5
WOS:000535335600002,Tuning anionic/cationic redox chemistry in a P2-type Na0.67Mn0.5Fe0.5O2 cathode material via a synergic strategy,2020,10.1007/s40843-020-1318-4,https://doi.org/10.1007/s40843-020-1318-4,WOS:000535335600002,1507,e58c5dfad1abec76b5f4c551a876ceb375ed9c807093f5a742d8187025decf43
WOS:000386656700067,"Nitrogen-doped hierarchically porous carbon networks: synthesis and applications in lithium-ion battery, sodium-ion battery and zinc-air battery",2016,10.1016/j.electacta.2016.10.050,https://doi.org/10.1016/j.electacta.2016.10.050,WOS:000386656700067,1508,7e7100b5525b98fc3d4bac21404778ffc86fd2f1adc610a3b1639f5e44cea033
WOS:001357869000001,Multifunctional Effect of Carbon Matrix with Sulfur Dopant Inspires Mixed Metal Sulfide as Freestanding Anode in Sodium-Ion Batteries,2025,10.1002/smll.202405560,https://doi.org/10.1002/smll.202405560,WOS:001357869000001,1509,a4c3f3a528cd0a26cb5b033f13a8b5d073954618fa5c8b1c65346980b7e10dd2
WOS:001295398100001,A hollow Core-Shell Cu2S@C nanoboxes for High-Performance electrochemical sodium storage,2024,10.1016/j.apsusc.2024.160910,https://doi.org/10.1016/j.apsusc.2024.160910,WOS:001295398100001,1510,4e0314d398c99a8a8612de53fd0bc9edf2ca77eb61d78bf3ee58c950bf1601a7
WOS:000419834400023,TiP2O7 exhibiting reversible interaction with sodium ions in aqueous electrolytes,2018,10.1016/j.elecom.2017.11.013,https://doi.org/10.1016/j.elecom.2017.11.013,WOS:000419834400023,1511,403897790240973a53acaac190d093d7b7ac3bcafe86cb62042766ece932cb83
WOS:000332747700014,Mesoporous Prussian Blue Analogues: Template-Free Synthesis and Sodium-Ion Battery Applications,2014,10.1002/anie.201310679,https://doi.org/10.1002/anie.201310679,WOS:000332747700014,1512,9c6edf8cc41ba25e3386d024abf26430129da5088ed3bed1d26455ee78f1ca47
WOS:001461533500001,Unveiling structure-activity relationship between carbon crystallography and sodium ion battery anodes,2025,10.1016/j.ssc.2025.115933,https://doi.org/10.1016/j.ssc.2025.115933,WOS:001461533500001,1513,564b3e2419130f0c12af43c1cc667fd13bac820db1e52285961edd51d57bf7d3
WOS:000561979800005,Tuning crystal structure and redox potential of NASICON-type cathodes for sodium-ion batteries,2020,10.1007/s12274-020-3011-6,https://doi.org/10.1007/s12274-020-3011-6,WOS:000561979800005,1514,169446ce2da9cd60e444a62db5abbc72c5e15713e56eff6f20ed26ce8c2c2c8a
WOS:000390072100045,Structure and Dynamic Behavior of Sodium-Diglyme Complex in the Graphite Anode of Sodium Ion Battery by 2H Nuclear Magnetic Resonance,2016,10.1021/acs.jpcc.6b10962,https://doi.org/10.1021/acs.jpcc.6b10962,WOS:000390072100045,1515,3b890847bd5c1687683a9bb495dd063915882843f7b4008e3b68e68b2fe34aa0
WOS:000425396400038,Tuning lattice spacing in titanate nanowire arrays for enhanced sodium storage and long-term stability,2018,10.1016/j.nanoen.2018.01.014,https://doi.org/10.1016/j.nanoen.2018.01.014,WOS:000425396400038,1516,e2ad60ae59a44e6d82fa617bdb6d69469868a2244661e84bf453fa136954f32b
WOS:000345226100064,High capacity and low cost spinel Fe3O4 for the Na-ion battery negative electrode materials,2014,10.1016/j.electacta.2014.09.081,https://doi.org/10.1016/j.electacta.2014.09.081,WOS:000345226100064,1517,d3705d331c72781666cb0a41f576424cffccd8b84ebe913bb022ec181a8f39d7
WOS:001530050200001,Two-Step Fabrication of Nano NiSbS Anchored on Exfoliated Graphite Nanosheets as an Anode for Sodium-Ion Battery,2025,10.1021/acs.energyfuels.5c02020,https://doi.org/10.1021/acs.energyfuels.5c02020,WOS:001530050200001,1518,f735a6ed924cc4302f34c6b183fefd67d9f3f9d06bc7538530ccf9c669d86368
WOS:000368322700082,Ultrafast Solvent-Assisted Sodium Ion Intercalation into Highly Crystalline Few-Layered Graphene,2016,10.1021/acs.nanolett.5b04187,https://doi.org/10.1021/acs.nanolett.5b04187,WOS:000368322700082,1519,983c3d212cd278fd044dc5bb1f69d447e018e5cd3b4dedf4bfa3c5ba68714d3a
WOS:000474327300014,Fluorine anion doped Na0.44MnO2 with layer-tunnel hybrid structure as advanced cathode for sodium ion batteries,2019,10.1016/j.jpowsour.2019.04.038,https://doi.org/10.1016/j.jpowsour.2019.04.038,WOS:000474327300014,1520,9b0603cca905773a37461ae2866cebef874dd84b769984e10b665566e4f6bfa6
WOS:000654511200001,Two-dimensional ZrC2 as a novel anode material with high capacity for sodium ion battery,2021,10.1039/d1cp00050k,https://doi.org/10.1039/d1cp00050k,WOS:000654511200001,1521,b1b912cd5aaf2c7a93d1723f43aa7b8904caa17ddf28269bcf432b260667bce0
WOS:000423693100015,Engineering Oxygen-Deficient Na2Ti3O7 Nanobelt Arrays on Carbon Cloth as Advanced Flexible Anodes for Sodium-Ion Batteries,2018,10.3866/pku.whxb201707173,https://doi.org/10.3866/pku.whxb201707173,WOS:000423693100015,1522,618a20e00c7c09c838361d50141ee6437a2e714dead69fac7fec33e468700993
WOS:000707039600001,Bismuth Nanoparticles Anchored on Ti3C2Tx MXene Nanosheets for High-Performance Sodium-Ion Batteries,2021,10.1002/asia.202100974,https://doi.org/10.1002/asia.202100974,WOS:000707039600001,1523,85dc3a1bf5f5c6428d8759b855a9db533913bd99711ede86b3dcf2c835d50516
WOS:001568892100005,Doping and thermal treatment strategies to construct layered oxide: an excellent air-stable cathode for sodium-ion batteries,2025,10.1016/j.est.2025.118407,https://doi.org/10.1016/j.est.2025.118407,WOS:001568892100005,1524,93c5dba926080e6ec940dd334e671a5531cc99054f18d643783d8d8e1e32142d
WOS:000536900800036,Physicochemical and electrochemical properties of sulfolane - Carbonate electrolytes for sodium-ion conduction,2020,10.1016/j.molliq.2020.112982,https://doi.org/10.1016/j.molliq.2020.112982,WOS:000536900800036,1525,fe60656931720215d6b483b65b818004c5e8ab27754661be13492568af47c9fa
WOS:000868274300003,Pyrolytic carbon in-situ coated VS2 nanosheets self-assembled submicroflowers for good sodium storage property,2023,10.1016/j.matlet.2022.133241,https://doi.org/10.1016/j.matlet.2022.133241,WOS:000868274300003,1526,373fa240e6df87e99bd444a35f7a1cd6563d9b433212758c49020c39f8c77a69
WOS:001209637500001,Prospective hazard and toxicity screening of sodium-ion battery cathode materials,2024,10.1039/d3gc05098j,https://doi.org/10.1039/d3gc05098j,WOS:001209637500001,1527,2cf2ca339596b706967ce99b5bf2cff6ddbf9a1243ffafda92cb50f640958dc3
WOS:000458419000064,Revealing the atomistic origin of the disorder-enhanced Na-storage performance in NaFePO4 battery cathode,2019,10.1016/j.nanoen.2018.12.087,https://doi.org/10.1016/j.nanoen.2018.12.087,WOS:000458419000064,1528,3f37a5685aa7348d065a0cc0ecba34a7e767fded919b5b2e32246e8cd7d3806a
WOS:001237143600001,Effect of Mg/Sn ratio on the structure and electrochemical performance of O3-type high entropy layered oxides for sodium-ion battery cathodes,2024,10.1016/j.est.2024.111720,https://doi.org/10.1016/j.est.2024.111720,WOS:001237143600001,1529,7290bd4de46a91e6eec49593eeb29af70dd94b5105d1d019c3aeaca263b929a4
WOS:000497518200001,All Binder-Free Electrodes for High-Performance Wearable Aqueous Rechargeable Sodium-Ion Batteries,2019,10.1007/s40820-019-0332-7,https://doi.org/10.1007/s40820-019-0332-7,WOS:000497518200001,1530,ccf58bc47cab2c2ef6be0f2bfe8e85763c0b3e89bff4e232fd9f8c2d50dcc061
WOS:000456633400052,Two-Dimensional Hybrid Composites of SnS2 with Graphene and Graphene Oxide for Improving Sodium Storage: A First-Principles Study,2019,10.1021/acs.inorgchem.8b02962,https://doi.org/10.1021/acs.inorgchem.8b02962,WOS:000456633400052,1531,e34e2493ae486df587519946349d78cbd9a85f445f1ad8a7aa64f358d7d4121e
WOS:000410306700033,Perchlorate ion doped polypyrrole coated ZnS sphere composites as a sodium-ion battery anode with superior rate capability enhanced by pseudocapacitance,2017,10.1039/c7ra07901j,https://doi.org/10.1039/c7ra07901j,WOS:000410306700033,1532,921ce016869db610e8e80b5ef0a30d237c241f00565e913293dfe45eec064088
WOS:001095817600001,Topochemical and phase transformation induced Co9S8/NC nanosheets for high-performance sodium-ion batteries,2023,10.1039/d3dt02449k,https://doi.org/10.1039/d3dt02449k,WOS:001095817600001,1533,5de1021c0cdb520f5f1a8d2a966ca2856cce0a36eb9db392cd04d78d8ad3b953
WOS:001217852700001,Rational construction of Sb 2 Se 3 wrapped bimetallic selenide as anode material toward efficient sodium storage performance,2024,10.1016/j.ceramint.2024.01.410,https://doi.org/10.1016/j.ceramint.2024.01.410,WOS:001217852700001,1534,34c3a601ef36c63ae0906c099bef90e74f610318234e06ad24882c24fe81ae3a
WOS:000930007600001,Optimized Ti-O Subcompounds and Elastic Expanded MXene Interlayers Boost Quick Sodium Storage Performance,2023,10.1002/adfm.202215228,https://doi.org/10.1002/adfm.202215228,WOS:000930007600001,1535,36badc62313941e5f4b3b179d495097b515f9fecc1b77d240a77ad9e525917f7
WOS:000472566400007,Facile self-templated synthesis of P2-type Na0.7CoO2 microsheets as a long-term cathode for high-energy sodium-ion batteries,2019,10.1039/c9ta02966d,https://doi.org/10.1039/c9ta02966d,WOS:000472566400007,1536,ddde12a9c0321a57d6a6658baa55dca90cfbd3cf4e37622db4efa299ac92f1f6
WOS:000709467600005,Chinese knot-like bimetallic NiCo2S4 grew on 3D graphene foam as high-performance electrode for Na+ storage,2022,10.1016/j.jallcom.2021.161988,https://doi.org/10.1016/j.jallcom.2021.161988,WOS:000709467600005,1537,4e98f7ee203bfb33e3f3c818559046f73efb4f51cafcc8ac864c66de18fcce3b
WOS:001584919700014,Construction of hollow core-shell Co9S8 dodecahedron with dual-carbon confinement for sodium-ion hybrid capacitors,2025,10.1016/j.cej.2025.166289,https://doi.org/10.1016/j.cej.2025.166289,WOS:001584919700014,1538,fb6a7bf6486df57f593aaf33564e59325f8276930cea468a906758b19aaf9fbb
WOS:000328177000058,Electrochemical synthesis of a three-dimensional porous Sb/Cu2Sb anode for Na-ion batteries,2014,10.1016/j.jpowsour.2013.08.095,https://doi.org/10.1016/j.jpowsour.2013.08.095,WOS:000328177000058,1539,f864d0da83dc225a159a8f1c9fcc261a844f94a1fa2eb423cd2cb7a54688dad9
WOS:001292169900001,PVA-regulated construction of 3D rGO-hosted Na3V2(PO4)2F3 for fast and stable sodium storage,2024,10.1016/j.jechem.2024.07.032,https://doi.org/10.1016/j.jechem.2024.07.032,WOS:001292169900001,1540,d81f3e5171adc08fc189f090e383db640cb46d61f3c2cf2a34fcacac74cd9577
WOS:000485962000034,Submicron-sized Sb2O3 with hierarchical structure as high-performance anodes for Na-ion storage,2019,10.1002/er.4483,https://doi.org/10.1002/er.4483,WOS:000485962000034,1541,9f5f07d9c6b365efb50793a5f648117060560d2238fcecfbb45419f7d78736a0
WOS:000397688300015,Anomalous temperature-dependent electrical properties of Na2MnP2O7,2017,10.1016/j.ssi.2016.12.020,https://doi.org/10.1016/j.ssi.2016.12.020,WOS:000397688300015,1542,d7652c3f59d4b00bfe2695e2a2040e2cebdfbe17e76b8f78f128c40ec597b1c4
WOS:000508464500040,SnSe2 Nanoparticles Chemically Embedded in a Carbon Shell for High-Rate Sodium-Ion Storage,2020,10.1021/acsami.9b16659,https://doi.org/10.1021/acsami.9b16659,WOS:000508464500040,1543,a464f20966bfe49e384b7e794afb1d5672882fadfb088d17a3a955f3acca6998
WOS:000411687800058,Yolk-shell structured Sb@C anodes for high energy Na-ion batteries,2017,10.1016/j.nanoen.2017.08.051,https://doi.org/10.1016/j.nanoen.2017.08.051,WOS:000411687800058,1544,a5c026012683cef2b410c24cc1e376b857e487ed4637b4405ae0db950cc10a3a
WOS:000438706700004,Low-Defect and Low-Porosity Hard Carbon with High Coulombic Efficiency and High Capacity for Practical Sodium Ion Battery Anode,2018,10.1002/aenm.201703238,https://doi.org/10.1002/aenm.201703238,WOS:000438706700004,1545,858e182fd3e12654e225a87cce8d0edfc4410be80bb431b43afff7080b5939b1
WOS:000684973400004,A high-voltage symmetric sodium ion battery using sodium vanadium pyrophosphate with superior power density and long lifespan,2021,10.1016/j.jpowsour.2021.230183,https://doi.org/10.1016/j.jpowsour.2021.230183,WOS:000684973400004,1546,211444c4294b1da4aa850742e7bab7b4e2d9a6bd36da933482c2504fc4ecf4b6
WOS:000878318300001,Synthesis and Application of an Aromatic Sulfonate Sodium Salt for Aqueous Sodium-Ion Battery Electrolytes,2023,10.1002/ente.202201045,https://doi.org/10.1002/ente.202201045,WOS:000878318300001,1547,df2ed68c1b15fd81cd9b92de1bbcfbed38a4074acd067e97aa5bd25d2d81f29e
WOS:001405614700002,MOF-derived sodium vanadium phosphate composited C as stable cathode for flexible micro sodium-ion battery,2025,10.1007/s10854-025-14260-w,https://doi.org/10.1007/s10854-025-14260-w,WOS:001405614700002,1548,0e51e39a66ea64791cac665d3285fe5a20d3b995f2c086846dd29ed210ea7e2f
WOS:000343072900085,Particle shapes and surface structures of olivine NaFePO4 in comparison to LiFePO4,2014,10.1039/c4cp02356k,https://doi.org/10.1039/c4cp02356k,WOS:000343072900085,1549,de7a46fa416d0e93a93bb88a867978a5dbe5a23f2ac6642c094bb8a6ea374d4c
WOS:000324963900068,Na4Co2.4Mn0.3Ni0.3(PO4< /sub>)2P2O7: High potential and high capacity electrode material for sodium-ion batteries,2013,10.1016/j.elecom.2013.07.004,https://doi.org/10.1016/j.elecom.2013.07.004,WOS:000324963900068,1550,89a20c924d7eea9003372a47d8ff3d5f0b1d2d32f0d350ee7a4a0580d3f14afd
WOS:001136896100001,Semiconductor-to-metal transition renders intrinsic pseudocapacitance and high volumetric capacity for iron chalcogenide anode,2024,10.1016/j.cej.2023.147979,https://doi.org/10.1016/j.cej.2023.147979,WOS:001136896100001,1551,ec3270f18f4957c43bdc8ffee46e79518d8e28cf01c572f04d7efadd042c945b
WOS:000490974900005,CuO nanowire arrays synthesized at room temperature as a high-performance anode material for Li/Na-ion batteries,2019,10.1016/j.tsf.2019.137522,https://doi.org/10.1016/j.tsf.2019.137522,WOS:000490974900005,1552,405d345bc7cd129cd6c85bceb25ed4bdb73d9ec63d854e0c0248c1c21b2cde59
WOS:000598371500056,Ti-C bonds reinforced TiO2@C nanocomposite Na-ion battery electrodes by fluidized-bed plasma-enhanced chemical vapor deposition,2021,10.1016/j.carbon.2020.09.023,https://doi.org/10.1016/j.carbon.2020.09.023,WOS:000598371500056,1553,39a7c50d1e456b6704517a04da4a979f1fb015ff55fd006bfca8cbfdec67d493
WOS:001562331100001,Fast-Charging and Long-Cycle Sodium-Ion Batteries Enabled by an Ultra-Stable Carbon Anode,2025,10.1002/adma.202509953,https://doi.org/10.1002/adma.202509953,WOS:001562331100001,1554,3ef8f1a9524e06d3246286046ac7892a8ff742217f846a2f5254ced5d65839ff
WOS:000630398500050,Regulate Phosphorus Configuration in High P-Doped Hard Carbon as a Superanode for Sodium Storage,2021,10.1021/acsami.0c23165,https://doi.org/10.1021/acsami.0c23165,WOS:000630398500050,1555,aa7c1ba61317cae3b3c9158e7623d1435be43c8b517fddacfb8e764a3a101602
WOS:000442460400024,Expanding Interlayer Spacing of Hard Carbon by Natural K+ Doping to Boost Na-Ion Storage,2018,10.1021/acsami.8b08380,https://doi.org/10.1021/acsami.8b08380,WOS:000442460400024,1556,de815ba5812cf894e98c51be3e7f943dce947ba3353c04661d506aa4b8878067
WOS:001332074400001,Self-doped porous sorghum husk-derived carbon as anode for high performance sodium-ion batteries at low temperatures,2024,10.1016/j.est.2024.114056,https://doi.org/10.1016/j.est.2024.114056,WOS:001332074400001,1557,46f8e420f2e82204f7fc7abb05cd2106c43646989049a971b931a50b84f96c01
WOS:000660359700001,A comparative study of reaction mechanism of MoS2 negative electrode materials for sodium-ion batteries,2021,10.1016/j.jallcom.2021.160182,https://doi.org/10.1016/j.jallcom.2021.160182,WOS:000660359700001,1558,473585357666a50d3b47898de913751045924aa8664c34e1c94b41f2e4952d87
WOS:000508977100001,A Study of Cu Doping Effects in P2-Na0.75Mn0.6Fe0.2(Cux</ i>Ni0.2-x)O2 Layered Cathodes for Sodium-Ion Batteries,2020,10.1002/batt.201900172,https://doi.org/10.1002/batt.201900172,WOS:000508977100001,1559,9ca8a94c18affe54daf9049116c550513c8d49f7d4e414b0afd27a2dec5f4852
WOS:000852993600004,Glass-ceramic route to NASICON-type NaxTi2(PO4)3 electrodes for Na-ion batteries,2022,10.1016/j.ceramint.2022.05.125,https://doi.org/10.1016/j.ceramint.2022.05.125,WOS:000852993600004,1560,9b89db62b380efa893bbf5beb9b2d2d06460658cc47c0c42b1b6fd2baad6be61
WOS:000964494300005,Hard Carbon Derived from Straw as Anode Materials for Sodium-ion Batteries,2022,10.20964/2022.11.15,https://doi.org/10.20964/2022.11.15,WOS:000964494300005,1561,ea6a5034a62f1b8eb62a460b35a19b6715773eaae8eb0bd50384274f047e136b
WOS:001468712900001,"Bifunctional sodium tetrakis [3,5-bis(trifluoromethyl)phenyl] borate additive for long-lifespan sodium-ion batteries with NaNi0.33Fe0.33Mn0.33O2 cathode",2025,10.1016/j.cej.2025.162144,https://doi.org/10.1016/j.cej.2025.162144,WOS:001468712900001,1562,8de68f08fd528c93ea583e6a124a5d8bdc7bf7d36d98086a2dc544fa9160e9c9
WOS:000643725500002,High-energy-density aqueous sodium-ion batteries enabled by chromium hexacycnochromate anodes,2021,10.1016/j.cej.2021.129003,https://doi.org/10.1016/j.cej.2021.129003,WOS:000643725500002,1563,357918d8576424929f8a934dd668a71f1cc9ab36324e4d18012540f5737cc2c1
WOS:000545308600016,Nature-inspired Cu2O@CoO tree-like architecture for robust storage of sodium,2020,10.1016/j.jmst.2020.02.077,https://doi.org/10.1016/j.jmst.2020.02.077,WOS:000545308600016,1564,f907483228ee5307280002bf240c6170da844a3469830ecf324b94708d328f99
WOS:001388931200001,Hard carbon derived from pomegranate peels as anode material for sodium-ion batteries,2025,10.1007/s11581-024-06048-5,https://doi.org/10.1007/s11581-024-06048-5,WOS:001388931200001,1565,997da428c14a935dd4c65f62618fb5c20786885978da0af8fa03c84364ee3b9c
WOS:001483558500001,Enhanced electrochemical performance of Na2Ti6O13 anodes for sodium-ion batteries via one-step carbon coating,2025,10.1016/j.electacta.2025.146262,https://doi.org/10.1016/j.electacta.2025.146262,WOS:001483558500001,1566,1bd808c53798e34b76b6e9acbb425d65d00b261972de3b44d7a555f5191a7482
WOS:000566336000009,One-pot synthesis of small-sized Ni3S2 nanoparticles deposited on graphene oxide as composite anode materials for high-performance lithium-/sodium-ion batteries,2020,10.1016/j.apsusc.2020.147316,https://doi.org/10.1016/j.apsusc.2020.147316,WOS:000566336000009,1567,b7e4fdb819afcb906a782662bcb182c35e13a4aa856dd6ad2ececfe4d807a2ee
WOS:000467774100036,Nanoflake-constructed porous Na3V2(PO4)3/C hierarchical microspheres as a bicontinuous cathode for sodium-ion batteries applications,2019,10.1016/j.nanoen.2019.03.066,https://doi.org/10.1016/j.nanoen.2019.03.066,WOS:000467774100036,1568,640f5f15bd8a8babefee8bdbbf607c468dcc26a96d3131430224536f9dd3ac6f
WOS:001296008900001,Boosting the Sodium-Ion Storage Performance of Prussian Blue Analogs by Crystalline Regulation,2024,10.1002/slct.202401605,https://doi.org/10.1002/slct.202401605,WOS:001296008900001,1569,1f4cb3fe00c2436ce82ad54361455d0be5cc02e55052beda5b35c431e5f81b8a
WOS:000595128700014,1T-Phase MoS2 with large layer spacing supported on carbon cloth for high-performance Na+ storage,2021,10.1016/j.jcis.2020.09.055,https://doi.org/10.1016/j.jcis.2020.09.055,WOS:000595128700014,1570,70b3f85cb2a04bfca2af80635835fb5329b60d57c4e47bd5e7fc19bf13539457
WOS:000381165600021,"Potentiodynamic and galvanostatic testing of NaFe0.95V0.05PO4/C composite in aqueous NaNO3 solution, and the properties of aqueous Na1.2V3O8/NaNO3/NaFe0.9 5V0.05PO4/C battery",2016,10.1016/j.jpowsour.2016.06.031,https://doi.org/10.1016/j.jpowsour.2016.06.031,WOS:000381165600021,1571,a82866ab14b3dba0db5faa1a9bab855d84af600f6e69b8cf31c972d38514a7ac
WOS:000800443400008,0D-2D Cu2O microspheres@rGO composite for enhanced sodium storage,2022,10.1016/j.matlet.2022.132297,https://doi.org/10.1016/j.matlet.2022.132297,WOS:000800443400008,1572,1d6234dd78d393d8960247d6a9e89df973d3a3c72c62e7ab4af46076034bcbe0
WOS:000812994000001,Na2[Mn3Vac0.1Ti0.4]O7</ sub>: A new layered negative electrode material for aqueous Na-ion batteries,2022,10.1016/j.jallcom.2022.165765,https://doi.org/10.1016/j.jallcom.2022.165765,WOS:000812994000001,1573,e9a383f2dd3f08a3d16d99f06a98c59581edddd5adf2a5a33f5d020f8f2d84b3
WOS:000401110200006,N-doped rutile TiO2/C with significantly enhanced Na storage capacity for Na-ion batteries,2017,10.1016/j.electacta.2017.03.104,https://doi.org/10.1016/j.electacta.2017.03.104,WOS:000401110200006,1574,a159da76781173ce429dbd96b9cc4d5e090f36a63fa20f520510371e2f4505b0
WOS:000457586500008,Investigation of electrochemical reaction mechanism for antimony selenide nanocomposite for sodium-ion battery electrodes,2019,10.1007/s10800-018-1267-2,https://doi.org/10.1007/s10800-018-1267-2,WOS:000457586500008,1575,e2516a46b5b57243b0972444694fc5f42c770c47c01109180040b064578f3f2b
WOS:000612913400001,Bi and Sn particles embedded in ZIF-8-derived porous carbon as anode for lithium and sodium storage,2021,10.1007/s11581-021-03924-2,https://doi.org/10.1007/s11581-021-03924-2,WOS:000612913400001,1576,14a4e4e4559f9bb3a6db5b46cb04cb443283708f307c3a24c3e6b8d61cb50b39
WOS:001590463900001,Nanoporous CoSe2 polyhedra imbedded graphene as a high-performance sodium-ion battery anode material,2025,10.1039/d5dt01923k,https://doi.org/10.1039/d5dt01923k,WOS:001590463900001,1577,b37c4b96f155e0704b2588e454c2410ac63eb687600d7adf70791de0ecb4bcdd
WOS:001449123500001,Synthesis of a hollow MoSe2@MXene anode material for sodium-ion batteries,2025,10.1039/d5nr00156k,https://doi.org/10.1039/d5nr00156k,WOS:001449123500001,1578,7b4f96059e22bf860f291bdca7fc25456e26d10c17a6156c1fd10ce47991e122
WOS:000927801500002,Soft-template-assisted synthesis of Petals-like MoS2 nanosheets covered with N-doped carbon for long cycle-life sodium-ion battery anode,2022,10.1016/j.jelechem.2022.116715,https://doi.org/10.1016/j.jelechem.2022.116715,WOS:000927801500002,1579,c0a8e5b2ae50618549c44be8a8c26ba15e5a33685d30cfbac618d3b5dfeddb60
WOS:000461339000020,Synthesis and characterization of Ru doped NaNi0.5Mn0.3Ti0.2O2 cathode material with improved electrochemical performance for sodium-ion batteries,2019,10.1007/s11581-018-2830-x,https://doi.org/10.1007/s11581-018-2830-x,WOS:000461339000020,1580,d03ec3f35ce33942ed3847ee5389914f96bf01661048ba7883e893f1e4a92edc
WOS:000390636100086,All-climate sodium ion batteries based on the NASICON electrode materials,2016,10.1016/j.nanoen.2016.09.024,https://doi.org/10.1016/j.nanoen.2016.09.024,WOS:000390636100086,1581,e39d95a79efd9d382acba663141bafb76045fdd6eb0733cef72051a784f80932
WOS:000412781700016,Facile in situ synthesis of crystalline VOOH-coated VS2 microflowers with superior sodium storage performance,2017,10.1039/c7ta05205g,https://doi.org/10.1039/c7ta05205g,WOS:000412781700016,1582,4843e91612c7dead9837f6e3d1482d6477cb7bfe539141a050a3dc901375a8e6
WOS:000462158000008,Bundled Defect-Rich MoS2 for a High-Rate and Long-Life Sodium-Ion Battery: Achieving 3D Diffusion of Sodium Ion by Vacancies to Improve Kinetics,2019,10.1002/smll.201805405,https://doi.org/10.1002/smll.201805405,WOS:000462158000008,1583,c02835696c7e3c9f07af8c8591293db8e6e7585f3a33a40861280d9ea2f1bc8b
WOS:000456902400007,Octahedral Sb2O3 as high-performance anode for lithium and sodium storage,2019,10.1016/j.matchemphys.2018.10.043,https://doi.org/10.1016/j.matchemphys.2018.10.043,WOS:000456902400007,1584,7d0e7c0131c80848b110c15c0f9a4e582d43406fea68818e08e8453f3beb16f7
WOS:000451333900011,VO2 (A)/graphene nanostructure: Stand up to Na ion intercalation/deintercalation for enhanced electrochemical performance as a Na-ion battery cathode,2019,10.1016/j.electacta.2018.10.010,https://doi.org/10.1016/j.electacta.2018.10.010,WOS:000451333900011,1585,f5606286700be73bf1b27b1c8aeed9bb5a25390e384814b6642e8e23e78656aa
WOS:000703863600012,Synergistic voltage and electrolyte mediation improves sodiation kinetics in μ-Sn alloy-anodes,2021,10.1016/j.ensm.2021.09.014,https://doi.org/10.1016/j.ensm.2021.09.014,WOS:000703863600012,1586,88e71253541d72427b7eee5f7717d017db3fb39b4059c521238b2b408cd4bb8e
WOS:000570687000001,Three-Layer Structured SnO2@C@TiO2Hollow Spheres for High-Performance Sodium Storage,2021,10.1002/eem2.12117,https://doi.org/10.1002/eem2.12117,WOS:000570687000001,1587,0de346773d6df9ecebfcf5bc733ce50f796cfee7938802e1fd49c6350db7d5d2
WOS:000547238500002,An emerging electrochemically active maricite NaMnPO4 as cathode material at elevated temperature for sodium-ion batteries,2020,10.1007/s13204-020-01506-8,https://doi.org/10.1007/s13204-020-01506-8,WOS:000547238500002,1588,6436a5a28518bf2886e2502204776bfe3326c5b0408dfb085ed906b3175ae29a
WOS:000779932800001,SnO2 nanosheets grown on in-situ formed N-doped branched TiO2/C nanofibers as binder-free anodes for sodium-ion storage,2022,10.1016/j.electacta.2022.140049,https://doi.org/10.1016/j.electacta.2022.140049,WOS:000779932800001,1589,38dcb1021bf258604bd8300266eebd670754bd7efb503d11a67384a8a4ccf5bf
WOS:000850101400001,Xanthan gum as a water-based binder for P3-Na2/3Ni1/3Mn2/3O2,2022,10.3389/fenrg.2022.909486,https://doi.org/10.3389/fenrg.2022.909486,WOS:000850101400001,1590,32578028f82ca2a20447a9bb4503a6ccb5797a05500f52f966bb058de6aace06
WOS:000417935600008,Surface-engineering enhanced sodium storage performance of Na3V2(PO4)3 cathode via in-situ self-decorated conducting polymer route,2017,10.1007/s11426-017-9125-y,https://doi.org/10.1007/s11426-017-9125-y,WOS:000417935600008,1591,b57f5c7158dbee966bbb77b9e5f024fc4c2af053f89f4a3b13576f790436a20a
WOS:000732712300001,An Ultrahigh-Power Mesocarbon Microbeads|Na+-Diglyme|Na3V2(PO4</ sub>)3 Sodium-Ion Battery,2022,10.1002/adma.202108304,https://doi.org/10.1002/adma.202108304,WOS:000732712300001,1592,c53a831b1eabbf9317d0c2d51d50fd2727ab0aae81b9949844bb4ad7cadaa00d
WOS:001637329500001,Experimental and computational advancement of cathode materials for futuristic sodium ion batteries,2025,10.1016/j.mattod.2023.06.013,https://doi.org/10.1016/j.mattod.2023.06.013,WOS:001637329500001,1593,530af3a1b5ef8ef04457249c2053066cfa3e170484db9326311cfc16de7afc9a
WOS:000641079100008,WS2 nanosheets@ZIF-67-derived N-doped carbon composite as sodium ion battery anode with superior rate capability,2021,10.1016/j.jcis.2021.03.127,https://doi.org/10.1016/j.jcis.2021.03.127,WOS:000641079100008,1594,9e2e23e599153959c65c08a114f578a0a8e11f942e60bc945f2e89963a19e717
WOS:001533155600001,Enhanced Interphase Stability and Longevity of Sodium-Ion Pouch Cells by Compound Additive Engineering,2025,10.1021/acsaem.5c01236,https://doi.org/10.1021/acsaem.5c01236,WOS:001533155600001,1595,d1a7f8c9351e6ff0fd984f64fc04aef4a27576cde04aca0448da52185502787e
WOS:000470939700038,Effect of binders and additives to tailor the electrochemical performance of Sb2Te3-TiC alloy anodes for high-performance sodium-ion batteries,2019,10.1016/j.jiec.2019.04.008,https://doi.org/10.1016/j.jiec.2019.04.008,WOS:000470939700038,1596,a8693704df5439fd46a36ddc227c602d4439cabd5d84cbe5e257a84518f73aec
WOS:000825229100004,Self-supported hard carbon anode from fungus-treated basswood towards sodium-ion batteries,2023,10.1007/s12274-022-4708-5,https://doi.org/10.1007/s12274-022-4708-5,WOS:000825229100004,1597,08f3d7b1a0eb6375facb9aa49df5c80368d1ff1c7485cad23a7761a6d5bcc0f2
WOS:000623043600029,4.7 V Operation of the Cr4+/Cr3+ Redox Couple in Na3Cr2(PO4)2F3,2021,10.1021/acs.chemmater.0c04444,https://doi.org/10.1021/acs.chemmater.0c04444,WOS:000623043600029,1598,5aa351d52f300b1cf5d7db7a6704f0b1950bc81b65cafe6c7bee703e5e4a2cb0
WOS:000343961000047,Facile synthesis of graphite nitrate-like ammonium vanadium bronzes and their graphene composites for sodium-ion battery cathodes,2014,10.1039/c4dt02002b,https://doi.org/10.1039/c4dt02002b,WOS:000343961000047,1599,ee897390ad7fa5621bca6255ac02fd1bcde709905854bbc44423f6b722dcac8c
WOS:000672570600004,Chromium doping into NASICON-structured Na3V2(PO4)3 cathode for high-power Na-ion batteries,2021,10.1016/j.cej.2021.130052,https://doi.org/10.1016/j.cej.2021.130052,WOS:000672570600004,1600,3e324cc514e1cfd23331a342de3b1cb9399fe943e061ba9ee180a924727e71f4
WOS:000959448800012,"Surface synergistic protections on red phosphorus anode material by poly(3,4-ethylenedioxythiophene) coating and electrolyte strategy in sodium ion batteries",2023,10.1063/1674-0068/cjcp2104066,https://doi.org/10.1063/1674-0068/cjcp2104066,WOS:000959448800012,1601,ea448958197b0fb1b64a5e637d8115addeaec8b2e55ecea7fbe626f2f012b4b7
WOS:001137902300002,Dual strategy of La3+ doping and carbon coating enhancing the rate performance of NaTi2(PO4)3 anode materials,2024,10.1007/s11581-024-05369-9,https://doi.org/10.1007/s11581-024-05369-9,WOS:001137902300002,1602,d63dacb728d920a090805657ff381db195d59abff33e2ff20aad0d175c6b1745
WOS:001216633700001,Design of novel Cu-doped SnS2 on carbon cloth as a binder-free anode to improve high-rate performance of sodium ion battery,2024,10.1039/d4nj00677a,https://doi.org/10.1039/d4nj00677a,WOS:001216633700001,1603,f32c5e4903a1bcb09f2145e6cf975d6db74fc7d6d4260894838987868fb3cf6a
WOS:000501787200028,Design of meso/macro porous 2D Mn-vanadate as potential novel anode materials for sodium-ion storage,2019,10.1016/j.est.2019.100915,https://doi.org/10.1016/j.est.2019.100915,WOS:000501787200028,1604,c2dc6b04584baadeb4349657a8cea694eb15fabe957a27b8829d5d77730993d5
WOS:000417196000026,2D sandwich-like nanosheets of ultrafine Sb nanoparticles anchored to graphene for high-efficiency sodium storage,2017,10.1007/s12274-017-1627-y,https://doi.org/10.1007/s12274-017-1627-y,WOS:000417196000026,1605,722ce92e24a0c794f2c529c8ce09c3f71f5c94ccea6c24df33f7c6138e745cfc
WOS:000644737800102,Fabrication of a Sandwiched Core Carbon Sphere@Na3V2(PO4)2O2</s ub>F@N-Doped Carbon Cathode for Superior Sodium-Ion Batteries,2021,10.1021/acsaem.1c00334,https://doi.org/10.1021/acsaem.1c00334,WOS:000644737800102,1606,591193a8495cf6b1502169561fa2c7aa68f365a08bc322a607f545642f66b18f
WOS:000529895500056,Highly Reversible and Rapid Sodium Storage in GeP3 with Synergistic Effect from Outside-In Optimization,2020,10.1021/acsnano.9b09869,https://doi.org/10.1021/acsnano.9b09869,WOS:000529895500056,1607,e891eab700a6b0c4374aa5091931bdb1929c1fff9ba87a4d690159a28b576f8d
WOS:000414825900034,Conversion Reaction of Copper Sulfide Based Nanohybrids for Sodium-Ion Batteries,2017,10.1021/acssuschemeng.7b01692,https://doi.org/10.1021/acssuschemeng.7b01692,WOS:000414825900034,1608,1b5ed37686202584d03425681e4448e6efd742a4d4521c09e40660c534fba0db
WOS:000481240300001,A Promising Carbon/g-C3N4 Composite Negative Electrode for a Long-Life Sodium-Ion Battery,2019,10.1002/anie.201905803,https://doi.org/10.1002/anie.201905803,WOS:000481240300001,1609,7964b2194fb24b5c54b7d73feffb142b41e7435fa76275e66ee8aaf05bd00f47
WOS:000419400900011,Graphene-immobilized flower-like Ni3S2 nanoflakes as a stable binder-free anode material for sodium-ion batteries,2018,10.1007/s12613-018-1550-6,https://doi.org/10.1007/s12613-018-1550-6,WOS:000419400900011,1610,80b72d1a7ab891f6e983013b4d6a6fdd9885d7123c25bd8d3c5f852b85d7ffbc
WOS:001284476000001,Simultaneous hierarchical regulation and surface coating of MoTe2 based sodium-ion battery anodes with high capacity and long cycle stability,2024,10.1016/j.ceramint.2024.06.020,https://doi.org/10.1016/j.ceramint.2024.06.020,WOS:001284476000001,1611,878cf0b0679a7cd5333db89eccd97f731c2abc3d49b1183b74ef459d86b1285f
WOS:000731998100001,Boosting reaction kinetics and improving long cycle life in lamellar VS2/MoS2 heterojunctions for superior sodium storage performance,2022,10.1039/d1ta09612e,https://doi.org/10.1039/d1ta09612e,WOS:000731998100001,1612,eaac3cbd63b0c5e9dc4115d0c63eae3bce02b4770b86ca2119e160a34c9fbe02
WOS:000381512800074,Carbon nanotube decorated NaTi2(PO4)3/C nanocomposite for a high-rate and low-temperature sodium-ion battery anode,2016,10.1039/c6ra11042h,https://doi.org/10.1039/c6ra11042h,WOS:000381512800074,1613,784d9637a84d7d35a108c9df11adeb3ec601c0fa34377414a0389c9ccdd4d729
WOS:001585386600017,Operando magnetometry decodes fast sodium storage: Biomass-derived Bi@NSC anodes with triple-phase kinetics,2025,10.1016/j.cej.2025.166439,https://doi.org/10.1016/j.cej.2025.166439,WOS:001585386600017,1614,4ea37ce5b5a1821350d4169e6e25cd9662c569b82be596d5d4c1367f95238da4
WOS:000376535100023,Layered P2-type Na0.5Ni0.25Mn0.75O2 as a high performance cathode material for sodium-ion batteries,2016,10.1016/j.electacta.2016.04.138,https://doi.org/10.1016/j.electacta.2016.04.138,WOS:000376535100023,1615,59d02f1744d5e362adb4b8ac8b30c59ae09c9855c4873fa5de7de4095d758cc8
WOS:000661637000001,"Hollow N,C-co-doped carbon-coated ZnS nanospheres derived from metal organic framework (ZIF-8) with improved lithium and sodium storage performance",2021,10.1088/2515-7639/ac03ff,https://doi.org/10.1088/2515-7639/ac03ff,WOS:000661637000001,1616,557969a64023da3a798cd562a31d3108680ac2b6b4b37a34cf3e34cdb9ad303e
WOS:001244471500001,Air-Stable Na3.5C6O6 as a Sodium Compensation Additive in Cathode of Na-Ion Batteries,2024,10.1002/smll.202400498,https://doi.org/10.1002/smll.202400498,WOS:001244471500001,1617,783494e8a004d0a1fbc771b3afd7cf09d9172dd124589ceb5e37aae4280110b9
WOS:000482496300009,Sb2S3 embedded in carbon silicon oxide nanofibers as high-performance anode materials for lithium-ion and sodium-ion batteries,2019,10.1016/j.jpowsour.2019.226762,https://doi.org/10.1016/j.jpowsour.2019.226762,WOS:000482496300009,1618,3393de3722a9903e03f1db007d7b0e76c9a002b1294f0cc527b7f6fd56ba99ec
WOS:000461401300037,Two-Dimensional Titanium Carbonitride Mxene for High-Performance Sodium Ion Batteries,2018,10.1021/acsanm.8b01330,https://doi.org/10.1021/acsanm.8b01330,WOS:000461401300037,1619,0c28cf71a3fdf637db36ed0376d2f4f04796f3db74bb0d54685fedd06f196876
WOS:000398327300041,High-Performance Anode of Sodium Ion Battery from Polyacrylonitrile/Humic Acid Composite Electrospun Carbon Fiberse,2017,10.1016/j.electacta.2017.02.159,https://doi.org/10.1016/j.electacta.2017.02.159,WOS:000398327300041,1620,fbf39c63afceef4abc1b662276f56635a1aa0712a117457dd08d847ac3108633
WOS:000427618400014,Silicon oxycarbide produced from silicone oil for high-performance anode material in sodium ion batteries,2018,10.1016/j.cej.2018.01.032,https://doi.org/10.1016/j.cej.2018.01.032,WOS:000427618400014,1621,446ed71a72ed99e2cee554fb821ffc25854053ea78b21b4b9e6029c7d303a382
WOS:001009781600001,In situ interface engineering of NiSe with interlinked conductive networks for high energy density sodium-ion half/full batteries,2023,10.1039/d3qi00706e,https://doi.org/10.1039/d3qi00706e,WOS:001009781600001,1622,b31dd5fefd2fcded92c64184dc3041cddf577ec866ccad746283920f5381a82a
WOS:000344208700105,Copper-doped Li4Ti5O12/carbon nanofiber composites as anode for high-performance sodium-ion batteries,2014,10.1016/j.jpowsour.2014.08.131,https://doi.org/10.1016/j.jpowsour.2014.08.131,WOS:000344208700105,1623,5e116a5c6f62a45808c38261b1902a0284f44bed518ef676a555ac40439e5c9b
WOS:000372877400062,Integrating in situ solvothermal approach synthesized nanostructured tin anchored on graphene sheets into film anodes for sodium-ion batteries,2016,10.1016/j.electacta.2016.02.204,https://doi.org/10.1016/j.electacta.2016.02.204,WOS:000372877400062,1624,a3fb39e4ba228722eee4e0af5cbba79f01cd80356557b7138211dfd2792e4ca2
WOS:000914148400001,Dual-Function Presodiation with Sodium Diphenyl Ketone towards Ultra-stable Hard Carbon Anodes for Sodium-Ion Batteries,2023,10.1002/anie.202214717,https://doi.org/10.1002/anie.202214717,WOS:000914148400001,1625,e84e074222a983b6d0e8ca81c47ec6b18faee81cd6a4057a052765295cd4f306
WOS:001274706200001,Covalent bonded Sulfur/MoS2 decorated carbon spheres for advanced sodium- ion batteries,2024,10.1016/j.matlet.2024.137002,https://doi.org/10.1016/j.matlet.2024.137002,WOS:001274706200001,1626,547c1fa0f717b3e48c4213f22649633d61e188de64291ba4693fc0c5051a9f97
WOS:000579357500018,One pot synthesis of Sb2O3/reduced graphene oxide composite anode material for sodium ion batteries,2020,10.1016/j.matlet.2020.128565,https://doi.org/10.1016/j.matlet.2020.128565,WOS:000579357500018,1627,ff482c618f3a60785bbd23bc5bd5bc0104ea04235255d6a4cdd8988fec5a9ff5
WOS:001326764900001,Sulfur and Nitrogen Codoped Hard Carbon with Expanded Interlayer Distance as an Effective Anode Material for Sodium-Ion Batteries,2024,10.1021/acs.energyfuels.4c03258,https://doi.org/10.1021/acs.energyfuels.4c03258,WOS:001326764900001,1628,4b9b272acd76a7c76cb36de0470e3c940cfbc04627477632bb4a33733f4d8310
WOS:000657170300001,Self-Assembled VS4 Hierarchitectures with Enhanced Capacity and Stability for Sodium Storage,2022,10.1002/eem2.12195,https://doi.org/10.1002/eem2.12195,WOS:000657170300001,1629,653bfcbb237176e82721759fccad76be2c9b8bc67de4894848691135f64bf935
WOS:001498539800001,Cu/Li Heterotopic Doping to Enable Long-Term Cyclicity for P2-Type Nickel Manganese Based Sodium-Ion Batteries,2025,10.1002/smtd.202500478,https://doi.org/10.1002/smtd.202500478,WOS:001498539800001,1630,29110a10f88b9fe29bfe2eb616b6caf7e8708045a9ec31d33d2e09f397cf0835
WOS:000338810500048,Characterization of Prussian blue as positive electrode materials for sodium-ion batteries,2014,10.1016/j.ssi.2013.12.024,https://doi.org/10.1016/j.ssi.2013.12.024,WOS:000338810500048,1631,75ede11ee5d83329b7638d6a9a2c25d050acd70984e2387ce63a6abb81f80668
WOS:000642168300003,Interwoven scaffolded porous titanium oxide nanocubes/carbon nanotubes framework for high-performance sodium-ion battery,2021,10.1016/j.jechem.2020.11.010,https://doi.org/10.1016/j.jechem.2020.11.010,WOS:000642168300003,1632,65331436cb83c368b90c40dce15762c7c4291ee12b5059dc523ddbd5979ec140
WOS:000393848900050,NASICON-Type Mg0.5Ti2(PO4)3 Negative Electrode Material Exhibits Different Electrochemical Energy Storage Mechanisms in Na-Ion and Li-Ion Batteries,2017,10.1021/acsami.6b14196,https://doi.org/10.1021/acsami.6b14196,WOS:000393848900050,1633,3b72676cc52c32cec6e8bcb106adbaa8e9db7af9b3b433332dcd0aabf575c4e8
WOS:000428007400015,Revisiting the open-framework zinc hexacyanoferrate: The role of ternary electrolyte and sodium-ion intercalation mechanism,2018,10.1016/j.jpowsour.2018.01.083,https://doi.org/10.1016/j.jpowsour.2018.01.083,WOS:000428007400015,1634,816ea1851742217c35a4c08b26aa392c78772d17c91425d83c64ca4f7e7a8b78
WOS:000437475600040,SnS/C nanocomposites for high-performance sodium ion battery anodes,2018,10.1039/c8ra04421j,https://doi.org/10.1039/c8ra04421j,WOS:000437475600040,1635,833a6cbbbd7f8bb00e3c787b4842f154be6b88436298fb1b56a2d914e4a793fe
WOS:000665789100001,Porous structures of carbon-doped Co3O4 with tunable morphologies from microflowers to cubes as anodes for high performance lithium/sodium-ion batteries,2021,10.1016/j.jallcom.2021.160588,https://doi.org/10.1016/j.jallcom.2021.160588,WOS:000665789100001,1636,ddbd82e4e88b9f418d19a1aefdfdb1fb7f39f98a8c81248be96e7ad41410bd48
WOS:001243165000001,Core-shell engineering of titanium-based anodes toward enhanced electrochemical lithium/sodium storage performance: a review,2024,10.1016/j.mtener.2024.101589,https://doi.org/10.1016/j.mtener.2024.101589,WOS:001243165000001,1637,d40833108be98ade3278d8b4dc7cbe9c77976a30e847ce5bd1f3a7e0d40683bd
WOS:000938148800001,Application of First Principles Computations Based on Density Functional Theory (DFT) in Cathode Materials of Sodium-Ion Batteries,2023,10.3390/batteries9020086,https://doi.org/10.3390/batteries9020086,WOS:000938148800001,1638,0fe9512a58ad410aa453dd036b7d89c882a5f9f7ef20b52f14604ed2240686e7
WOS:000891798100005,Flexible SnSe2/N-doped porous carbon-fiber film as anode for high-energy-density and stable sodium-ion batteries,2023,10.1016/j.jpowsour.2022.232405,https://doi.org/10.1016/j.jpowsour.2022.232405,WOS:000891798100005,1639,b24e4148e6ec24c836fa200835e96df6aefe887b247abd8c4a3731bda3c44663
WOS:000480515400033,Direct implementation of K3Fe(CN)6 as cathode materials of sodium-ion batteries,2018,10.1016/j.mtener.2018.10.005,https://doi.org/10.1016/j.mtener.2018.10.005,WOS:000480515400033,1640,1fcdfe0d40dc556e1a02443ded5122bfc0310c9a08c42006175db4a63b3d6fc1
WOS:000384335000007,SnO2-Reduced Graphene Oxide Nanocomposites via Microwave Route as Anode for Sodium-Ion Battery,2016,10.1007/s11837-016-2061-4,https://doi.org/10.1007/s11837-016-2061-4,WOS:000384335000007,1641,a1108b4f627e1f86f833aed09ff021d395723cf7a052314fa059b5a5521be1ee
WOS:001242085500001,Reinterpreting the Intercalation-Conversion Mechanism of FeP Anodes in Lithium/Sodium-Ion Batteries from Evolution of the Magnetic Phase,2024,10.1021/acs.jpclett.4c00760,https://doi.org/10.1021/acs.jpclett.4c00760,WOS:001242085500001,1642,699ac0dc4273107fd53f3d596bfcde78449db7a839f0f584dc9c43164290edd1
WOS:001586386800001,Towards a High-Performance Tin Anode for Practical Sodium-Ion Batteries,2025,10.1149/1945-7111/ae0969,https://doi.org/10.1149/1945-7111/ae0969,WOS:001586386800001,1643,98f9f57029dafd1aa16d151a1e1d93b9c745e224c1acd0711754b6654fad6cda
WOS:000402498000025,Sodium Iron(II) Pyrosilicate Na2Fe2Si2O7: A Potential Cathode Material in the Na2O-FeO-SiO2 System,2017,10.1021/acs.chemmater.7b00764,https://doi.org/10.1021/acs.chemmater.7b00764,WOS:000402498000025,1644,2632bced2808b57cb3c48801aa7c1bcbd690421eb3e6763b664ebda3d78372c7
WOS:000921186400001,Rational synthesis of Sn/SnO2/CNFs composite with well-defined structure as anode material for sodium-ion batteries,2023,10.1016/j.matlet.2023.133877,https://doi.org/10.1016/j.matlet.2023.133877,WOS:000921186400001,1645,748a331154afe23fbc9b8c1036247a28d1f4186e519a4110dc6562b197a9bd6e
WOS:000883818400001,Nitrogen/Phosphorus Dual-Doped Hard Carbon Anode with High Initial Coulombic Efficiency for Superior Sodium Storage,2023,10.1002/batt.202200427,https://doi.org/10.1002/batt.202200427,WOS:000883818400001,1646,f472ac48ba034e1d74ec6865c874cb1f0f0c3908b192c7d60abee5291a5efeca
WOS:001596067400001,Rational design of a Fe1-xS/FeS2 homologous heterostructure with exceptional high-rate performance for advanced sodium-ion battery anodes,2025,10.1039/d5ta05155j,https://doi.org/10.1039/d5ta05155j,WOS:001596067400001,1647,bb5a93be3c8df2e18be7f3ca408a45d5fd04903cff3e0bd42a961d050fec783d
WOS:000996441500001,Unique two-dimensional Prussian blue nanoplates for high-performance sodium-ion battery cathode,2023,10.1016/j.jallcom.2023.168773,https://doi.org/10.1016/j.jallcom.2023.168773,WOS:000996441500001,1648,20aa5ca1358535e6babfba58cb249d8fc5e6edc07f94ecd9ed5b6913640bc9ab
WOS:000615763000003,Sycamore fruit seed-based hard carbon anode material with high cycle stability for sodium-ion battery,2021,10.1007/s10854-021-05286-x,https://doi.org/10.1007/s10854-021-05286-x,WOS:000615763000003,1649,5ba0233c0a6007de297a34983dab5fe04403680947bb1b487c1b965f6b62d1ec
WOS:000530970100001,Hard carbon microspheres derived from resorcinol formaldehyde resin as high-performance anode materials for sodium-ion battery,2020,10.1007/s11581-020-03585-7,https://doi.org/10.1007/s11581-020-03585-7,WOS:000530970100001,1650,60a678e4620ac29b891704219d5ef81aa657ac8789b0c84d49995c93cf7b484e
WOS:000389785500041,Mesh-structured N-doped graphene@Sb2Se3 hybrids as an anode for large capacity sodium-ion batteries,2017,10.1016/j.jcis.2016.11.027,https://doi.org/10.1016/j.jcis.2016.11.027,WOS:000389785500041,1651,69b73f4fca6629a922b6d4c98178141f46a325dfd089e916d1a439527c897d42
WOS:001584968900009,Crosslinking-engineered lignin-derived hard carbons for high-performance sodium-ion storage,2025,10.1016/j.cej.2025.168238,https://doi.org/10.1016/j.cej.2025.168238,WOS:001584968900009,1652,68fa4b92e8346b52333c0edabd34e720c85bcc4ad5eb2b9d6b2315ee3fbabe68
WOS:000416203800034,Quick Activation of Nanoporous Anatase TiO2 as High-Rate and Durable Anode Materials for Sodium-Ion Batteries,2017,10.1021/acsami.7b13927,https://doi.org/10.1021/acsami.7b13927,WOS:000416203800034,1653,e5dbcab08daf9408571c87d8f3c147dd8f00f166278325bc8fd14588286634bc
WOS:000456762300078,A V2O5-nanosheets-coated hard carbon fiber fabric as high-performance anode for sodium ion battery,2019,10.1016/j.surfcoat.2018.11.096,https://doi.org/10.1016/j.surfcoat.2018.11.096,WOS:000456762300078,1654,84feca4e6a821ce3a44ca0a8a5db24da8eb62b0cb6d5e038078b51c64956468c
WOS:001641340400001,Laser-carbonized anodes for sodium-ion batteries: A sustainable fabrication route toward spatially resolved and practical energy storage,2026,10.1016/j.ensm.2025.104793,https://doi.org/10.1016/j.ensm.2025.104793,WOS:001641340400001,1655,e9b23f68c832dcf46d40395830d8866d9857d641b9ecec86a105d2a76b637703
WOS:000965670500004,Preparation of Fe-doped Na2Mn3O7 and its Application as a Cathode Material for Sodium-ion Batteries,2022,10.20964/2022.12.28,https://doi.org/10.20964/2022.12.28,WOS:000965670500004,1656,019f9d6ef4146e47ab0778c55cd0ac91422965860dbbeb540219c5c119d349a0
WOS:001641636100001,The Zintl-Klemm Concept in the Amorphous State: A Case Study of Na-P Battery Anodes,2025,10.1002/anie.202508305,https://doi.org/10.1002/anie.202508305,WOS:001641636100001,1657,9462312a95c67a081d3dc443ef5b151601138a0cd2748b49d1f684dd3995001f
WOS:001440503700001,Enhancing electrochemical performance of O3-Type NaNi0.4Fe0.25Mn0.35O2 cathode materials in sodium-ion batteries via high-entropy strategy,2025,10.1016/j.cej.2025.161145,https://doi.org/10.1016/j.cej.2025.161145,WOS:001440503700001,1658,c855c2d5e24aa128fdcd781899974858729e7fd6cc9626141eff312c19dd6e59
WOS:000448658400246,"Poly (3,4-Ethylenedioxythiophene) (PEDOT) Nanofibers Decorated Graphene Oxide (GO) as High-Capacity, Long Cycle Anodes for Sodium Ion Batteries",2018,10.3390/ma11102032,https://doi.org/10.3390/ma11102032,WOS:000448658400246,1659,49a8ba925479620ac32d85f187057dc138cf3da4940159ed210d3aa7c3633a7d
WOS:000422674700029,Two Dimensional TiS2 as a Promising Insertion Anode for Na-Ion Battery,2018,10.1002/slct.201702181,https://doi.org/10.1002/slct.201702181,WOS:000422674700029,1660,d4dcf4ed022be584c755f622472f0ec031e62235758a17019ac70001e2b9505b
WOS:000449308400014,"Exploration of AVP2O7/C (A = Li, Li0.5Na0.5, and Na) for High-Rate Sodium-Ion Battery Applications",2018,10.1021/acs.jpcc.8b09451,https://doi.org/10.1021/acs.jpcc.8b09451,WOS:000449308400014,1661,d4d928f718eac2b1c2cf31bc2981ccefe2a40581f676307d91770222ba970401
WOS:001616099200004,A facile synthetic strategy to MnS/NC submicrospheres for high-performance sodium-ion battery anodes,2026,10.1016/j.materresbull.2025.113862,https://doi.org/10.1016/j.materresbull.2025.113862,WOS:001616099200004,1662,b54611362ea974100b7135ca079b38264f031f2f27cc600facd95e4f30ed2426
WOS:000667492800005,Constructing layer/tunnel biphasic Na0.6Fe0.04Mn0.96O2 enables simultaneous kinetics enhancement and phase transition suppression for high power/energy density sodium-ion full cell,2021,10.1016/j.ensm.2021.05.015,https://doi.org/10.1016/j.ensm.2021.05.015,WOS:000667492800005,1663,d5544bbc4ea293085079f770b232383ab4d76cdb65ab2ece2a338db6fe178d9f
WOS:000528015100001,Fused Tetrathiafulvalene and Benzoquinone Triads: Organic Positive-Electrode Materials Based on a Dual Redox System,2020,10.1002/cssc.202000178,https://doi.org/10.1002/cssc.202000178,WOS:000528015100001,1664,0aa6eb7e394e9b5b3405ccf907be5c21de3f1cb9064a03652d9d218ebea05c2a
WOS:000595167800013,N-doped graphene wrapped SnP2O7 for sodium storage with high pseudocapacitance contribution,2021,10.1016/j.jallcom.2020.156992,https://doi.org/10.1016/j.jallcom.2020.156992,WOS:000595167800013,1665,c9454620053dd0107cece60886a619b2efddcd02d1d9d60139cb666d59369d62
WOS:001399898300004,Rate and Cycling Performance of Ti and Cu Doped β-NaMnO2 as Cathode of Sodium-ion Battery,2024,10.15541/jim20240204,https://doi.org/10.15541/jim20240204,WOS:001399898300004,1666,a6c7962f6e2954888c123c962882a2bff92d208494bf491ffe3da4e925157ddd
WOS:000892170200003,Structure adapting of bulk FeS2 micron particles and the corresponding anode for high performance sodium-ion batteries,2022,10.1016/j.jmat.2022.02.004,https://doi.org/10.1016/j.jmat.2022.02.004,WOS:000892170200003,1667,766480844e85ebdc0166145fb5f5f98b3317429322d9045cf6109e2f3dc09c67
WOS:000943775300001,Bimetallic Synergies Help the Application of Sodium Vanadyl Phosphate in Aqueous Sodium-Ion Batteries,2023,10.1002/cssc.202202257,https://doi.org/10.1002/cssc.202202257,WOS:000943775300001,1668,9488857b9593523f272df97c8e63719795df8b9a6681fb1d2f05fbc6654e093f
WOS:001618393800001,Multiscale electro-chemo-mechanical model of high-capacity amorphous silicon anode material in sodium-ion batteries,2026,10.1016/j.ijsolstr.2025.113753,https://doi.org/10.1016/j.ijsolstr.2025.113753,WOS:001618393800001,1669,ce26c39620a56f97dcccc3dc9f3a7a56856a59e94c8f8c0c026cac636fbd8f46
WOS:001364651200001,Ultrastable Fe-based Prussian Blue Analogs Cathode for Sodium-Ion Battery,2024,10.1149/1945-7111/ad92e3,https://doi.org/10.1149/1945-7111/ad92e3,WOS:001364651200001,1670,53e559df872603e2e5ce7a7b7946d298adb8763e92b9b939b99cd99543ba45a9
WOS:001420199800001,Spray-Drying Synthesis of Na4Fe3(PO4)2P2O7@ CNT Cathode for Ultra-Stable and High-Rate Sodium-Ion Batteries,2025,10.3390/molecules30030753,https://doi.org/10.3390/molecules30030753,WOS:001420199800001,1671,3b6b99e22521ccab83277251b94e16e9caad3b8bf918f34374f1e09bb35053b2
WOS:000625184600001,Nanocable with thick active intermediate layer for stable and high-areal-capacity sodium storage,2020,10.1016/j.nanoen.2020.105265,https://doi.org/10.1016/j.nanoen.2020.105265,WOS:000625184600001,1672,a6e96e4fa951903086e699dbfe9185ff3555809eb938a1b090627cb877f050e8
WOS:001630934700004,"High-entropy Na3V1.95(Ti, Mg, Mn, Cr, Zr)0.01(PO4)2F3 cathodes for sodium-ion batteries",2026,10.1016/j.est.2025.119528,https://doi.org/10.1016/j.est.2025.119528,WOS:001630934700004,1673,30184e761fd089166b65ecde579c084e2b93ec003a62697b1575d06a430e1676
WOS:001201398500001,Accessing the O Vacancy with Anionic Redox Chemistry Toward Superior Electrochemical Performance in O3 type Na-Ion Oxide Cathode,2024,10.1002/adfm.202316342,https://doi.org/10.1002/adfm.202316342,WOS:001201398500001,1674,4950318ab6817d7d0d5f685afffa0e1766fde4bed60e6a8e0de99e32426c7093
WOS:001461742700001,Unveiling the reversible sodium-ion storage mechanism in rutile TiO2 nanorods,2025,10.1016/j.electacta.2025.146113,https://doi.org/10.1016/j.electacta.2025.146113,WOS:001461742700001,1675,41a81945c364de32badd05ef3822b6315b9f152be5df395a1ce4c38f49dbff94
WOS:001523528000001,Synergistic Multi-Element Strategy Enables SnSbMnBiTe High-Entropy Alloy Anode for Stable and Fast Sodium Storage,2025,10.1021/acssuschemeng.5c04513,https://doi.org/10.1021/acssuschemeng.5c04513,WOS:001523528000001,1676,a3578cc647c3d9f72221e37446a4802b20bc579d27e69f85e2728409f3e815ba
WOS:000467767400130,Highly Efficient Nanocarbon Coating Layer on the Nanostructured Copper Sulfide-Metal Organic Framework Derived Carbon for Advanced Sodium-Ion Battery Anode,2019,10.3390/ma12081324,https://doi.org/10.3390/ma12081324,WOS:000467767400130,1677,0fdd15151bee1aa597e8241d6b31529610f98351eaddd55818262aa0329ff416
WOS:000842999400003,Binary metal selenide nanowires wrapped over carbon fibers for a binder-free anode of sodium-ion batteries,2022,10.1016/j.jallcom.2022.166571,https://doi.org/10.1016/j.jallcom.2022.166571,WOS:000842999400003,1678,8b8e36555cde81d48d765abb8bc7ce0587f9cba7d917d33ef663a9971920d19c
WOS:000379552600014,Hierarchically-Porous Carbon Derived from a Large-Scale Iron-based Organometallic Complex for Versatile Energy Storage,2016,10.1002/cssc.201600184,https://doi.org/10.1002/cssc.201600184,WOS:000379552600014,1679,26bec340f60100e94fc704f75fce1b66d9cc17ee7b342cd2a7b38f158494ecec
WOS:000663094100017,Hollow ZIF-67-C/LDO core/shell heterostructure as a high-performance anode material for sodium ion batteries,2021,10.1016/j.matlet.2021.129817,https://doi.org/10.1016/j.matlet.2021.129817,WOS:000663094100017,1680,db07aa47016c82875090de598d14dc84856f6b2a4e494dc1c17e8f9755342423
WOS:000782125600009,Organic/inorganic anions coupling enabled reversible high-valent redox in vanadium-based polyanionic compound,2022,10.1016/j.ensm.2022.02.044,https://doi.org/10.1016/j.ensm.2022.02.044,WOS:000782125600009,1681,df7fa80afd77f348e7d90cf2816a06fa5374e4577a25c513c33e4f9592712286
WOS:000684979900005,Cationic and transition metal co-substitution strategy of O3-type NaCrO2 cathode for high-energy sodium-ion batteries,2021,10.1016/j.ensm.2021.05.046,https://doi.org/10.1016/j.ensm.2021.05.046,WOS:000684979900005,1682,82b3dfc6b4a0cf1ab5e27567134d1a2d1f3e800165932816a43d9d369373b4ec
WOS:001333316200001,First-principles study of Na adsorption and diffusion over substitutionally doped antimonene,2024,10.1016/j.matchemphys.2024.129986,https://doi.org/10.1016/j.matchemphys.2024.129986,WOS:001333316200001,1683,bd62c9bcc0cef62cc93f1d271b2f6402610d23d2ff31bb1a2750a78990c0cb8d
WOS:001476623500001,Moire<acute accent> bilayer MoS2 as a next-generation sodium-ion battery anode: A DFT analysis,2025,10.1016/j.matlet.2025.138605,https://doi.org/10.1016/j.matlet.2025.138605,WOS:001476623500001,1684,a5ece1faa4b1176e995f650074bded30a2fbe5186cfcf7b031c33e2d5356e766
WOS:000384399000016,"In Situ Transmission Electron Microscopy Observation of Sodiation-Desodiation in a Long Cycle, High-Capacity Reduced Graphene Oxide Sodium-Ion Battery Anode",2016,10.1021/acs.chemmater.6b01959,https://doi.org/10.1021/acs.chemmater.6b01959,WOS:000384399000016,1685,c5c213a78bd0d5ceb5c2aaf5dcf6aec6530df343ae09a283826544b9de780487
WOS:000404614700018,Three-dimensional interpenetrating mesoporous carbon confining SnO2 particles for superior sodiation/desodiation properties,2017,10.1039/c7nr02260c,https://doi.org/10.1039/c7nr02260c,WOS:000404614700018,1686,75b50dc87ff809d750f1e2e2f959acbe1335b117a0d3482234f77479af16c1c3
WOS:000446063100120,Hierarchical phosphorus hybrids with carbon nanotube veins and black phosphorus skins: Structure and lithium storage properties,2018,10.1016/j.carbon.2018.08.005,https://doi.org/10.1016/j.carbon.2018.08.005,WOS:000446063100120,1687,a82becdd1fb53653a7573788b9757dfa143594592bc28d1369dbeef1097c2cc3
WOS:000456689500012,Hierarchical Sb2MoO6 microspheres for high-performance sodium-ion battery anode,2019,10.1016/j.ensm.2018.11.021,https://doi.org/10.1016/j.ensm.2018.11.021,WOS:000456689500012,1688,00165c07d5bbb2693f7143cbcab39fd592f51693c5aab1bea60878ea2245dc4a
WOS:000875878900001,Sb1-xSex Nanoparticles as Durable and Stable Anode Materials for Sodium-Ion Batteries,2022,10.1021/acsanm.2c03762,https://doi.org/10.1021/acsanm.2c03762,WOS:000875878900001,1689,c56b4527f1e2dfe25c16556d045348edb21412847b1acee3ba68c10ad52368e7
WOS:000467774100047,In situ visualization of sodium transport and conversion reactions of FeS2 nanotubes made by morphology engineering,2019,10.1016/j.nanoen.2019.03.080,https://doi.org/10.1016/j.nanoen.2019.03.080,WOS:000467774100047,1690,9b4124c3a4fe7a7edb3f0930911e13f5e6e25a7ff1ae5593bd6c20b5d1ef836c
WOS:000480670200018,Sodium storage mechanism and electrochemical performance of layered GeP as anode for sodium ion batteries,2019,10.1016/j.jpowsour.2019.05.088,https://doi.org/10.1016/j.jpowsour.2019.05.088,WOS:000480670200018,1691,de12d8f9b845413bb8507e56009b7779a6a5d9ad8950d94164f765d4bfd4422f
WOS:000996252700001,In-situ synthesis of Fe7S8 on metal sites of MOFs as high-capacity and fast-kinetics anodes for sodium ion batteries,2023,10.1016/j.jallcom.2023.168854,https://doi.org/10.1016/j.jallcom.2023.168854,WOS:000996252700001,1692,01579497bb3f4a4a03d6a2d7eff0880034c7f649d8aea8f18957c8b70c72001f
WOS:000535255300118,Highly Reversible Sodiation/Desodiation from a Carbon-Sandwiched SnS2 Nanosheet Anode for Sodium Ion Batteries,2020,10.1021/acs.nanolett.0c00964,https://doi.org/10.1021/acs.nanolett.0c00964,WOS:000535255300118,1693,df7b62182d5566449ccac8a5fcd63b9fcec420a1be4f5abfe03097d218050907
WOS:000361560300047,Is single layer graphene a promising anode for sodium-ion batteries?,2015,10.1016/j.electacta.2015.08.019,https://doi.org/10.1016/j.electacta.2015.08.019,WOS:000361560300047,1694,27e1367e8f6f6a7b9c14edbf7901b48d57fc63d288deefd21eeaff372eb956c9
WOS:000398089100004,Ge Nanoparticles Encapsulated in Interconnected Hollow Carbon Boxes as Anodes for Sodium Ion and Lithium Ion Batteries with Enhanced Electrochemical Performance,2017,10.1002/ppsc.201600115,https://doi.org/10.1002/ppsc.201600115,WOS:000398089100004,1695,0b88dbef626487200e0d856318905d126ab61e6469d4f70fe28ff38f7a00a368
WOS:000342652000004,Ultralong Cycle Life Sodium-Ion Battery Anodes Using a Graphene-Templated Carbon Hybrid,2014,10.1021/jp5064403,https://doi.org/10.1021/jp5064403,WOS:000342652000004,1696,b0951666364c5c5aed5144abc126a0c7005db0cdd4d2d6b17c223bde0c3afb93
WOS:000633015500001,Effect of Vinylene Carbonate Electrolyte Additive on the Surface Chemistry and Pseudocapacitive Sodium-Ion Storage of TiO2 Nanosheet Anodes,2021,10.3390/batteries7010001,https://doi.org/10.3390/batteries7010001,WOS:000633015500001,1697,db6c6573bc964e658056b474e18882a4e3dba429ea896d8e1adf5a4091b977c0
WOS:000863803300003,"Modeling of Al12N12, Mg12O12, Ca12O12, and C23N nanostructured as potential anode materials for sodium-ion battery",2023,10.1007/s10008-022-05300-0,https://doi.org/10.1007/s10008-022-05300-0,WOS:000863803300003,1698,f5fba5840c8375e4c6ae13fe918f1c75fe8df91c8da635025c210422b5ed8b25
WOS:001275233300001,Construction of conductive PTh-promoted NaTi2(PO4)3 nanocomposite with two-electron reactions for sodium energy storage,2024,10.1016/j.ssi.2024.116643,https://doi.org/10.1016/j.ssi.2024.116643,WOS:001275233300001,1699,19f5902fe5a94fcc3213d5c201200a9928cbcbe22eb3d0eb23cd68c3a3540865
WOS:001103366700001,Controllable Fabrication of Sn/Sb Nanodomains Improved Sb2SnO5 Anodes for Sodium Ion Batteries,2023,10.1002/slct.202302417,https://doi.org/10.1002/slct.202302417,WOS:001103366700001,1700,0ade63d040f5f301e7f4d0911a5a21f821b2d37aeeb549f4d4ae8ca62479f225
WOS:000436519000018,Sustainable one step process for making carbon-free TiO2 anodes and sodium-ion battery electrochemistry,2018,10.1039/c8se00082d,https://doi.org/10.1039/c8se00082d,WOS:000436519000018,1701,d4db252b7112ec6a78a8fe4e082dcfa9f8b7582bec24c3d3a8d7d4d639525996
WOS:001515890000001,Reversible Sodium Storage of CoTe2 Anode via Lanthanum Doping,2025,10.3390/inorganics13060207,https://doi.org/10.3390/inorganics13060207,WOS:001515890000001,1702,d81bfbd49dee07d67eb806a62dd2448bd1a487bd152391c58eea1ad177d8a0ca
WOS:000374790400020,Co3S4@polyaniline nanotubes as high-performance anode materials for sodium ion batteries,2016,10.1039/c6ta01497f,https://doi.org/10.1039/c6ta01497f,WOS:000374790400020,1703,c90828b4c10f12e3aebe42c38e04f5fbefb58dc0674eb91ae8744cb0e1c4cab7
WOS:000579434800001,Binding hierarchical MoSe2 on MOF-derived N-doped carbon dodecahedron for fast and durable sodium-ion storage,2020,10.1016/j.carbon.2020.07.010,https://doi.org/10.1016/j.carbon.2020.07.010,WOS:000579434800001,1704,4adca921e59982a1901cb0af117dda0d8ab0fe4719a72b33e8a3fbc9e16040cf
WOS:001590043300001,Spin polarization in Bi/FeS heterostructure enables high-performance sodium ion storage,2025,10.1016/j.ensm.2025.104631,https://doi.org/10.1016/j.ensm.2025.104631,WOS:001590043300001,1705,89be69ab50cbe9c1ee27e1f1e015bc81f07e450d242c8dc7eb5764037002151e
WOS:000418533600017,Top-down synthesis of interconnected two-dimensional carbon/antimony hybrids as advanced anodes for sodium storage,2018,10.1016/j.ensm.2017.08.011,https://doi.org/10.1016/j.ensm.2017.08.011,WOS:000418533600017,1706,a03f09dc1c5cff8254fede4eefacfacf353038bd54ec06f91abdf1594ebe5896
WOS:000447555400037,Multiscale tomographic analysis of the thermal failure of Na-Ion batteries,2018,10.1016/j.jpowsour.2018.07.098,https://doi.org/10.1016/j.jpowsour.2018.07.098,WOS:000447555400037,1707,8dc0ce64b9ce60f63fb6f56a8d691da75376a2f3b331fe61a71f4650caa2e454
WOS:000437667800005,Vertically Oriented MoS2 with Spatially Controlled Geometry on Nitrogenous Graphene Sheets for High-Performance Sodium-Ion Batteries,2018,10.1002/aenm.201703300,https://doi.org/10.1002/aenm.201703300,WOS:000437667800005,1708,44d55fce38e3fd0b17d2c36fe8deda875ccabac235202682a4fbff4ccf7926b3
WOS:000345723800047,Chemically Bonded Phosphorus/Graphene Hybrid as a High Performance Anode for Sodium-Ion Batteries,2014,10.1021/nl502759z,https://doi.org/10.1021/nl502759z,WOS:000345723800047,1709,8210f60a0ce936146495f359a3ec4c4975ab647a6f2c432fccc78142a12850d4
WOS:000626112200004,Porous CuO/Cu2O heterostructured arrays as anode for high-performance sodium-ion batteries,2021,10.1007/s11581-021-03968-4,https://doi.org/10.1007/s11581-021-03968-4,WOS:000626112200004,1710,cca92d1297e130e8c312acf9759f239fe8e0c00aed8363fceca164ff5adc5641
WOS:001535221900017,Construction and electrochemical performance of NaCrO2@Cr2O3 cathode material for sodium-ion batteries,2025,10.1016/s1003-6326(25)66795-1,https://doi.org/10.1016/s1003-6326(25)66795-1,WOS:001535221900017,1711,daa52605be30236617c95d2754af9f0e789c478da0cce779e876c6b32e4f3c66
WOS:000618361600001,Simple synthesis and electrochemical performance of NaVSi2O6 as a new sodium-ion cathode material,2021,10.1002/er.6557,https://doi.org/10.1002/er.6557,WOS:000618361600001,1712,6a2d5e095f51a8c21db8d99158996695406e296fdf38a83e99df5968252c8e37
WOS:000509631500022,FeS/ZnS nanoflower composites as high performance anode materials for sodium ion batteries,2020,10.1016/j.inoche.2019.107635,https://doi.org/10.1016/j.inoche.2019.107635,WOS:000509631500022,1713,9d231f3d693302260584bc5469cf032220e9b7bd0a7fd0711f8bd8d0f3f0f93a
WOS:001415015900001,Vanadium-site multivalent cation doping strategy of fluorophosphate cathode for low self-discharge sodium-ion batteries,2025,10.1016/j.jechem.2024.11.003,https://doi.org/10.1016/j.jechem.2024.11.003,WOS:001415015900001,1714,73b127f595e6284ee85dd8df0f2bcb9f4377ae4e10bd8754c8a0c59f86681f25
WOS:000465500700073,Tin-Decorated Reduced Graphene Oxide and NaLi0.2Ni0.25Mn0.75O as Electrode Materials for Sodium-Ion Batteries,2019,10.3390/ma12071074,https://doi.org/10.3390/ma12071074,WOS:000465500700073,1715,4c30cb80239508bf800517b2f1616338bfd0e2336a5a56efc128baea8374805b
WOS:000761779700001,Rational construction of CoP@C hollow structure for ultrafast and stable sodium energy storage,2022,10.1007/s12598-021-01930-x,https://doi.org/10.1007/s12598-021-01930-x,WOS:000761779700001,1716,12188789e52c46194d0aa78af1ca06d56097cc2be9c90fd64cf62abf07d18ee6
WOS:000403320500023,Improved sodium-ion storage properties by fabricating nanoporous CuSn alloy architecture,2017,10.1039/c7ra03718j,https://doi.org/10.1039/c7ra03718j,WOS:000403320500023,1717,6e4aab0fe58b51d035534ad99ffcf46321040fd329c2b6440ab17b1eb3fae427
WOS:001461200000001,Graphite Cone/Disc Anodes as Alternative to Hard Carbons for Na/K-Ion Batteries,2025,10.1002/adfm.202505848,https://doi.org/10.1002/adfm.202505848,WOS:001461200000001,1718,2ed2823ce703885a0979452cbd8b61819fda75206ef966f1dace6b5576407b63
WOS:000440910300007,Enhanced Performance of Sn4P3 Electrode Cycled in Ionic Liquid Electrolyte at Intermediate Temperature as Na-Ion Battery Anode,2018,10.1002/slct.201801517,https://doi.org/10.1002/slct.201801517,WOS:000440910300007,1719,bda6c697cc6845da6023096e230d7e9fc836165268bd098682876493df7a0071
WOS:000439101000003,Electrochemical Behavior of Sb-Si Nanocomposite Thin Films as Anode Materials for Sodium-ion Batteries,2018,10.15541/jim20170326,https://doi.org/10.15541/jim20170326,WOS:000439101000003,1720,b7af03bc2300e69ac3a4c6a13f688edb28e79d3546fd1e0e881c770dcf4b05f4
WOS:001020597400001,"Preparation of Cu7.2S4@N, S co-doped carbon honeycomb-like composite structure for high-rate and high-stability sodium-ion storage",2023,10.1016/j.jcis.2023.05.096,https://doi.org/10.1016/j.jcis.2023.05.096,WOS:001020597400001,1721,734a47247f822b59792be4161509326636653a6e4385799704dac99cc3425347
WOS:000429413700006,Layered Molybdenum (Oxy) Pyrophosphate (MoO2)2P2O7 as a Cathode Material for Sodium-Ion Batteries,2018,10.1002/celc.201800005,https://doi.org/10.1002/celc.201800005,WOS:000429413700006,1722,ad33f9fe4cf284a9d2a09465affe8c0e0cedb9a7f540a01c7914e6cdba4a0975
WOS:000506869400001,Hierarchical Porous Carbon Anode Materials Derived from Rice Husks with High Capacity and Long Cycling Stability for Sodium-Ion Batteries,2020,10.1002/celc.201901826,https://doi.org/10.1002/celc.201901826,WOS:000506869400001,1723,ebbe772ae54cd734a21ffdf7344c0cc04ca6b6370f3230cb223a9230a44038d6
WOS:001450380600001,Charge Tuning and Anchor Effect Achieving Stable High-Voltage Layered Metal Oxides for Sodium-Ion Battery,2025,10.1002/anie.202500715,https://doi.org/10.1002/anie.202500715,WOS:001450380600001,1724,66f429a4660bb930daa13400765194cf27a2b49619374c88ddc98ef514e86bb8
WOS:001014425600001,Sodium Storage Properties of Carbonaceous Flowers,2023,10.3390/molecules28124753,https://doi.org/10.3390/molecules28124753,WOS:001014425600001,1725,d99a6e5ad8ebf277a9fe5928ece5d93444ad7c2add32afd90c1680bff23b4791
WOS:001445493000008,Anion-mediated approach to overcome oxidation in ether electrolytes for high-voltage sodium-ion batteries,2025,10.1038/s41467-025-57910-7,https://doi.org/10.1038/s41467-025-57910-7,WOS:001445493000008,1726,6930506df85f16363063b2268b2d0e75db580075002216441193f483dfaa2ae8
WOS:001503634200001,A novel polyamine molten salt with excellent self-healing properties for binder-free electrodes in lithium-ion and sodium-ion battery anodes,2025,10.1016/j.mtchem.2025.102785,https://doi.org/10.1016/j.mtchem.2025.102785,WOS:001503634200001,1727,f90412f1dbf2bd18886535f4607b45f20a9d6b96993a179de89000dae6fa042b
WOS:000401500200008,Lattice Water for the Enhanced Performance of Amorphous Iron Phosphate in Sodium-Ion Batteries,2017,10.1021/acsenergylett.7b00120,https://doi.org/10.1021/acsenergylett.7b00120,WOS:000401500200008,1728,542151d4059a91e8f938a4e57521ad112e3b653de6907267d3fd785221d8802f
WOS:001413353100001,Moisture-stable O3-type low-Ni layered oxides with improved electrochemical performance by Mg/Cu co-doping-enabled structural fine-tuning,2025,10.1016/j.mtener.2024.101781,https://doi.org/10.1016/j.mtener.2024.101781,WOS:001413353100001,1729,f4c4a7e639d8161054575cd961fd39d1963815daa0a27bfc106d887a11bde340
WOS:001617475200001,Interfacial Evaluation in ZnO-Coated NaxMn0.5Fe0.5O2 Cathodes and Hard Carbon Anodes Induced by Sodium Azide: Operando EIS and Structural Insights,2025,10.1002/batt.202500680,https://doi.org/10.1002/batt.202500680,WOS:001617475200001,1730,1a45037a84332150af43d98bb3f248c78154cec32215b9f51be8752713719062
WOS:000670314500002,Integrated titanium-substituted air stable O3 sodium layered oxide electrode via a complexant assisted route for high capacity sodium-ion battery,2021,10.1016/j.electacta.2021.138561,https://doi.org/10.1016/j.electacta.2021.138561,WOS:000670314500002,1731,dce71a3ec5805c8f907d4a7b155af53730d357ad95af20b7f5a5c37c5915bef6
WOS:000526247800001,Li-free P2/O3 biphasic Na0.73Ni0.4Mn0.4Ti0.2O2 as a cathode material for sodium-ion batteries,2020,10.1007/s11581-020-03560-2,https://doi.org/10.1007/s11581-020-03560-2,WOS:000526247800001,1732,f7441b86940ddbdc2ca27dcdf99511a6f7ba9fff55acfd502eb1e68a6ad14daa
WOS:000627067700035,Heterojunction TiO2@TiOF2 nanosheets as superior anode materials for sodium-ion batteries,2021,10.1039/d0ta12340d,https://doi.org/10.1039/d0ta12340d,WOS:000627067700035,1733,a16ed75476919f9973302e52f5d99a4e852881e16d6acc16656b77efe8035a6f
WOS:000524576800001,Ultrathin 2D Graphitic Carbon Nitride on Metal Films: Underpotential Sodium Deposition in Adlayers for Sodium-Ion Batteries,2020,10.1002/anie.202000314,https://doi.org/10.1002/anie.202000314,WOS:000524576800001,1734,e7ea2ccc3ca08a31b8738bb68c9a9d2e8f287b854f3b9054d0d3985274277e5d
WOS:000376705600024,Nitrogen-doped carbon/graphene hybrid anode material for sodium-ion batteries with excellent rate capability,2016,10.1016/j.jpowsour.2016.04.040,https://doi.org/10.1016/j.jpowsour.2016.04.040,WOS:000376705600024,1735,280139e2250c73c3750fd3379e14fc68108a461138c6b89d6122c0c0ddeeca80
WOS:001190225500001,Modeling of sodiation-induced deformation of Sn anode based on the stress-driven nonlocal integral elasticity,2024,10.1007/s00161-024-01290-8,https://doi.org/10.1007/s00161-024-01290-8,WOS:001190225500001,1736,17e3969d73c952dad1d07076c15af2a686df155f2692d028c2a8bfa371a76088
WOS:000405458800018,Improved high-rate performance of Na3V2(PO4)3 with an atomic layer deposition-generated Al2O3 layer as a cathode material for sodium-ion batteries,2017,10.1016/j.matlet.2017.06.067,https://doi.org/10.1016/j.matlet.2017.06.067,WOS:000405458800018,1737,ccfbfe6abd21a451c1e1e547e786fb3bc2d3a4ddb948e7bc47fb9fa6767ed932
WOS:001324787600001,Low-temperature carbonization of bulk chemicals to yield low-surface carbon material for sodium-ion battery anodes,2024,10.1016/j.est.2024.113798,https://doi.org/10.1016/j.est.2024.113798,WOS:001324787600001,1738,48f255a217741fac4162d441d434d2d1f8a30270c64f84bf064cd3eb116a0a5f
WOS:000579868500013,A revised mechanistic model for sodium insertion in hard carbons,2020,10.1039/d0ee01363c,https://doi.org/10.1039/d0ee01363c,WOS:000579868500013,1739,32f16f8cb3c8f669e36e89c190b2d55e7f7b2f3003300468c41fa53e3039bdeb
WOS:000427924000014,"High-rate FeS2/CNT neural network nanostructure composite anodes for stable, high-capacity sodium-ion batteries",2018,10.1016/j.nanoen.2018.01.039,https://doi.org/10.1016/j.nanoen.2018.01.039,WOS:000427924000014,1740,dfbf8a392a9c729537da1180e168c5eac13834367ac1f3fb3cf937affcf18824
WOS:000393744400052,A nitrogen-doped three-dimensional carbon framework for high performance sodium ion batteries,2017,10.1039/c6ra27088c,https://doi.org/10.1039/c6ra27088c,WOS:000393744400052,1741,2941ef5ebc02372aeb449c8a856e043f43c7bcc07a8b08d7753be015ebbab4c4
WOS:001620411300001,Conductive polyaniline nanospike coated biomass hard carbon for high performance sodium-ion battery anode materials,2026,10.1016/j.est.2025.119252,https://doi.org/10.1016/j.est.2025.119252,WOS:001620411300001,1742,b9eef5d63179aa072219a002205b062371c67363e6b30f8c92bc7054b6bbc470
WOS:000365011400038,Copper substituted P2-type Na0.67CuxMn1-xO2</su b>: a stable high-power sodium-ion battery cathode,2015,10.1039/c5ta06371j,https://doi.org/10.1039/c5ta06371j,WOS:000365011400038,1743,1bcb47d7aa76ef345ee4050145ce4f99b94e9658c86fa1d2be633235778acff1
WOS:000502521900077,Dandelion-clock-inspired preparation of core-shell TiO2@MoS2 composites for high performance sodium ion storage,2020,10.1016/j.jallcom.2019.152386,https://doi.org/10.1016/j.jallcom.2019.152386,WOS:000502521900077,1744,1d0195fa614c6faaafc39c8b0a1471f49ebdd6e65a3eb38a9b68425e3ce95196
WOS:000474803100006,Hierarchical Metal Sulfide/Carbon Spheres: A Generalized Synthesis and High Sodium-Storage Performance,2019,10.1002/anie.201901840,https://doi.org/10.1002/anie.201901840,WOS:000474803100006,1745,186887a2820a7c7e852f7bd1494f2f5cc11235cdc9e83950d97597a1f5e0dd76
WOS:000507628300001,Three Electron Reversible Redox Reaction in Sodium Vanadium Chromium Phosphate as a High-Energy-Density Cathode for Sodium-Ion Batteries,2020,10.1002/adfm.201908680,https://doi.org/10.1002/adfm.201908680,WOS:000507628300001,1746,c4b28473dacab7013a2bc87bbafc20a4211f0adb022641c2dde8c125489d9be6
WOS:000391081700030,Ultralong Sb2Se3 Nanowire-Based Free-Standing Membrane Anode for Lithium/Sodium Ion Batteries,2016,10.1021/acsami.6b11544,https://doi.org/10.1021/acsami.6b11544,WOS:000391081700030,1747,d743ae44d7df5b68ae951c5c290945635d45a55e07178734c81aade99a1d50a4
WOS:000371079300012,Core-Shell Ge@Graphene@TiO2 Nanofibers as a High-Capacity and Cycle-Stable Anode for Lithium and Sodium Ion Battery,2016,10.1002/adfm.201504589,https://doi.org/10.1002/adfm.201504589,WOS:000371079300012,1748,56b95dcfb03a6666cd9d597f53f8be26d56cac7e0adbbcd3ef0645279c6998a3
WOS:000807275600002,Fabricating iron-tin-oxide nanocomposite electrodes for sodium-ion batteries,2022,10.1016/j.ceramint.2022.03.201,https://doi.org/10.1016/j.ceramint.2022.03.201,WOS:000807275600002,1749,5fbad32023dcd5012c6f844b56bf54ddc447c1be613f24f9da742b2e204d423a
WOS:000663234300005,Architecting core-shell nanosheets of MoS2-polypyrrole on carbon cloth as a robust sodium anode,2021,10.1016/j.susmat.2021.e00255,https://doi.org/10.1016/j.susmat.2021.e00255,WOS:000663234300005,1750,636c0e4d0eeee28130791b6f03cea2100ceaf6cc6617474511b99e73bd4a43cf
WOS:000419833900031,Exploring hydrogen molybdenum bronze for sodium ion storage: Performance enhancement by vertical graphene core and conductive polymer shell,2018,10.1016/j.nanoen.2017.12.012,https://doi.org/10.1016/j.nanoen.2017.12.012,WOS:000419833900031,1751,7576cf70cb8b7dd2383b1bf114cdd260a58d56d1187daa1684a6c4b1071cee8f
WOS:001387456500001,Structure Engineering on Prussian Blue Analog Anode Toward Rapid Na-Ion Storage,2025,10.1002/adfm.202418096,https://doi.org/10.1002/adfm.202418096,WOS:001387456500001,1752,48f907f66a18a1dbb2f0bcc04b8a436d327ab6a0ca44059b8acbbfe7fa1b7318
WOS:000408592900026,Few-layer MoS2 anchored at nitrogen-doped carbon ribbons for sodium-ion battery anodes wit high rate performance,2017,10.1039/c7ta05780f,https://doi.org/10.1039/c7ta05780f,WOS:000408592900026,1753,db9b70d4f8217c6d7df40f510019fabc6856931d91975276fa23d508dbb67b90
WOS:000851412400001,Ru-Doping of P2-NaxMn0.75Ni0.25O2-Layered Oxides for High-Energy Na-Ion Battery Cathodes: First-Principles Insights on Activation and Control of Reversible Oxide Redox Chemistry,2022,10.1021/acsaem.2c01455,https://doi.org/10.1021/acsaem.2c01455,WOS:000851412400001,1754,e47a91b3eac7477baea87f9e13532ffacc8ee906f6bd811c028f87a3523d316f
WOS:000358615200035,Ex situ electrochemical sodiation/desodiation observation of Co3O4 anchored carbon nanotubes: a high performance sodium-ion battery anode produced by pulsed plasma in a liquid,2015,10.1039/c5nr03335g,https://doi.org/10.1039/c5nr03335g,WOS:000358615200035,1755,f0acaca8afe0679327bf75f4df5f66e62d283deeccb479c8f52b150014fafb24
WOS:000334572400028,"Synergistic Na-Storage Reactions in Sn4P3 as a High-Capacity, Cycle-stable Anode of Na-Ion Batteries",2014,10.1021/nl404637q,https://doi.org/10.1021/nl404637q,WOS:000334572400028,1756,31e29e1dcb472afd498bc21fbba1db5aac0a99cccd378ede7cfff5d8c5f4ea85
WOS:000715852100038,MXene/TiO2 Heterostructure-Decorated Hard Carbon with Stable Ti-O-C Bonding for Enhanced Sodium-Ion Storage,2021,10.1021/acsami.1c15539,https://doi.org/10.1021/acsami.1c15539,WOS:000715852100038,1757,d88d3123a57e1ec02244671b39db3476f2d2e37df49476131756289ec2e79bed
WOS:000376133200013,Combining ionic liquid-based electrolytes and nanostructured anatase TiO2 anodes for intrinsically safer sodium-ion batteries,2016,10.1016/j.electacta.2016.03.124,https://doi.org/10.1016/j.electacta.2016.03.124,WOS:000376133200013,1758,30e3202c1a8ca6def2fd73843a7854d25ce212e226328022d3aed3612f13cbd2
WOS:000461401100031,Biotemplated Zinc Sulfide Nanofibers as Anode Materials for Sodium-Ion Batteries,2018,10.1021/acsanm.8b01254,https://doi.org/10.1021/acsanm.8b01254,WOS:000461401100031,1759,4619f28817da54b87bfd93fe31e685d2bbe3e88a8158c78fe26fac3f980e1a78
WOS:000480520000005,Metal-organic framework derived porous hollow ternary sulfide as robust anode material for sodium ion batteries,2019,10.1016/j.mtener.2018.12.013,https://doi.org/10.1016/j.mtener.2018.12.013,WOS:000480520000005,1760,8c763a15d28bd304e959fa32c01b1d629e1c6de4074c071c54046e6f2b90c750
WOS:000415930900114,"Layer-stacked Sb@graphene micro/nanocomposite with decent Na-storage, full-cell and low-temperature performances",2018,10.1016/j.jallcom.2017.10.110,https://doi.org/10.1016/j.jallcom.2017.10.110,WOS:000415930900114,1761,af11d3aa39f13f229583e8c4a304e9b5b58dba495831a5a8e82209c6457a4465
WOS:001575041500001,Nanostructured sodium vanadate hydrate as a versatile sodium ion cathode material for use in organic media and for aqueous desalination,2025,10.1039/d5ta05128b,https://doi.org/10.1039/d5ta05128b,WOS:001575041500001,1762,452aba7640fac33308126e249e4c6e71d73601ea3db69b8442d7446153f37935
WOS:000450594300156,Hydrothermal synthesis of flower-like NiS-Ni3S4/stereotaxically constructed graphene composite for ultrahigh-rate sodium storage,2019,10.1016/j.matlet.2018.11.013,https://doi.org/10.1016/j.matlet.2018.11.013,WOS:000450594300156,1763,c2d7bce47aa4033bdc9cc3ed147b283ecf913c831992564107bbb44db14a7e06
WOS:000449708500070,Rationally designed carbon coated ZnSnS3 nano cubes as high-performance anode for advanced sodium-ion batteries,2018,10.1016/j.electacta.2018.09.184,https://doi.org/10.1016/j.electacta.2018.09.184,WOS:000449708500070,1764,e21a6f53605eb2e116b804b52e85990c89ea53afd3d70e1914a6d05d5cf89db4
WOS:001003281800001,Nonporous Oxide-Terminated Multicomponent Bulk Anode Enabling Energy-Dense Sodium-Ion Batteries,2023,10.1021/acsami.3c01905,https://doi.org/10.1021/acsami.3c01905,WOS:001003281800001,1765,1fa76cae85e20811c25ee30961729c675646df086fb216ee60f0f7c084b79e97
WOS:000467774100057,Investigation of Na3V2(PO4)2O2 F as a sodium ion battery cathode material: Influences of morphology and voltage window,2019,10.1016/j.nanoen.2019.03.063,https://doi.org/10.1016/j.nanoen.2019.03.063,WOS:000467774100057,1766,ec5b6c82d325feb88ee63cd2f39a7a66c17a3dae1aeb1c41315588ad59d4fbd9
WOS:001440048800001,A low temperature iron-based phosphate potassium-ion battery,2025,10.1016/j.jpowsour.2025.236494,https://doi.org/10.1016/j.jpowsour.2025.236494,WOS:001440048800001,1767,7cbc42b76a9edc39e4bd5c45a04fd8b3411d12375dba248d688c8a2999acdb3a
WOS:001577814300001,Dual regulation of nanostructures and S-vacancy enabling ultra-high sodium storage performance for MoS2/carbon nanocage composites,2025,10.1016/j.diamond.2025.112847,https://doi.org/10.1016/j.diamond.2025.112847,WOS:001577814300001,1768,f937bbc8ae5dbc13a6f94c2aaeb1e08b0805c6d627443e16932dbb03a9ed0afd
WOS:000485484800006,High Volumetric and Gravimetric Capacity Electrodeposited Mesostructured Sb2O3 Sodium Ion Battery Anodes,2019,10.1002/smll.201900258,https://doi.org/10.1002/smll.201900258,WOS:000485484800006,1769,3e18420b63c607d180facab214c2633dd7602489a306892afde4c3eed4063dc6
WOS:000848292200001,Artificial Organo-Fluoro-Rich Anode Electrolyte Interface and Partially Sodiated Hard Carbon Anode for Improved Cycle Life and Practical Sodium-Ion Batteries,2022,10.1021/acsami.2c09985,https://doi.org/10.1021/acsami.2c09985,WOS:000848292200001,1770,b98c77b4abe2653c2564e4b9d3163d57b6faf345c01a15ef7f27fcaaa4834e9e
WOS:000318143300079,Tin-Coated Viral Nanoforests as Sodium-Ion Battery Anodes,2013,10.1021/nn400601y,https://doi.org/10.1021/nn400601y,WOS:000318143300079,1771,a344582a587a2b0fc32ee73503da9f1d03e8a8f7f222591d3e47372018c57eef
WOS:001240143700001,Covalently bonded black phosphorus and reduced graphene oxide as a high-performance anode for sodium-ion batteries,2024,10.1016/j.est.2024.111998,https://doi.org/10.1016/j.est.2024.111998,WOS:001240143700001,1772,2f9aef576e1fde66061d6f13628f080ce9b462710a3dea1109cde5090590de84
WOS:000430269200054,Co9S8@carbon nanospheres as high-performance anodes for sodium ion battery,2018,10.1016/j.cej.2018.03.048,https://doi.org/10.1016/j.cej.2018.03.048,WOS:000430269200054,1773,0bd475018f982adc6fd78ab542f7506e1b24e6fcabae0f3757da4c4bd27e7a58
WOS:001354979500001,High-Na-Content Birnessite via P′3-Stacking with Tunable Active Facets for Advanced Aqueous Sodium-Ion Batteries,2024,10.1021/acsnano.4c09448,https://doi.org/10.1021/acsnano.4c09448,WOS:001354979500001,1774,d0842a982ea2ea4f10918a50c447c2a24075e9e4d4e8abb8da40e8f4b6666f26
WOS:000838160400003,Facile synthesis of N/O dual-doped carbon spheres with excellent electrochemical performance,2022,10.1016/j.solidstatesciences.2022.106980,https://doi.org/10.1016/j.solidstatesciences.2022.106980,WOS:000838160400003,1775,a9ecc66970fc8a59e911fad70604e4e27d3a5a9cbe54112e31d981447e61759c
WOS:000426495800010,Boosting the Sodiation Capability and Stability of FeP by In Situ Anchoring on the Graphene Conductive Framework,2018,10.1002/cnma.201700374,https://doi.org/10.1002/cnma.201700374,WOS:000426495800010,1776,1dd2f60d50dd85cd87077a77b018469124233cac9942eec246bfa119f2dea484
WOS:001428311800001,Yolk-shell SnSe2@NC nanocubes: synergistic interior void and spatial confinement for superior sodium-ion battery anodes,2025,10.1039/d5ra00119f,https://doi.org/10.1039/d5ra00119f,WOS:001428311800001,1777,72f87cc13426fa246bf0df33f42a300a4f488324d8379652beaebcf04b9a0399
WOS:000425751600033,Ball-in-ball hierarchical design of P2-type layered oxide as high performance Na-ion battery cathodes,2018,10.1016/j.electacta.2017.12.092,https://doi.org/10.1016/j.electacta.2017.12.092,WOS:000425751600033,1778,df681778b24a22ce1d87afe6361c40411f5136a9d704bd9d2bf7e59f9d9b4fca
WOS:000401112200004,Enhanced electrochemical performance of Na2/3[Mn0.55Ni0.30Co0.15]O<s ub>2 positive electrode in sodium-ion batteries by functionalized multi-walled carbon nanotubes,2017,10.1016/j.electacta.2017.03.204,https://doi.org/10.1016/j.electacta.2017.03.204,WOS:000401112200004,1779,fe5617394b513d00be151ca9149788af54cc20068d69f3fd183630b66a3bfaa7
WOS:000523641800034,A surface chemistry assistant strategy to high power/energy density and cost-effective cathode for sodium ion battery,2020,10.1016/j.jpowsour.2020.227879,https://doi.org/10.1016/j.jpowsour.2020.227879,WOS:000523641800034,1780,a92ea218592d38f8e990fe84ae8819002cbe6863960e41760e8e34e544a7044d
WOS:000542761900010,A novel multielement nanocomposite with ultrahigh rate capacity and durable performance for sodium-ion battery anodes,2020,10.1039/d0ta04349d,https://doi.org/10.1039/d0ta04349d,WOS:000542761900010,1781,d65a8cd58ad84592e5450aefd1dfdf10ef1dcf26d10cf64c9ff43560199f1ede
WOS:000423635900045,Porous NaTi2(PO4)3@C nanocubes as improved anode for sodium-ion batteries,2018,10.1016/j.materresbull.2017.11.030,https://doi.org/10.1016/j.materresbull.2017.11.030,WOS:000423635900045,1782,58b72c4b68b07fc1fd4e94e8910768a52c8a50191ea711ff1b9805ba4c87d149
WOS:000461238400003,Three-dimensional hierarchical NiCo2S4@MoS2 heterostructure arrays for high performance sodium ion battery,2018,10.1016/j.flatc.2018.07.002,https://doi.org/10.1016/j.flatc.2018.07.002,WOS:000461238400003,1783,76c8de5f040deb93b5792944d92c77d535dad7bdb4ad7236aee2f1fcf03bc27b
WOS:000414990400030,Bio-Inspired Synthesis of an Ordered N/P Dual-Doped Porous Carbon and Application as an Anode for Sodium-Ion Batteries,2017,10.1002/chem.201703375,https://doi.org/10.1002/chem.201703375,WOS:000414990400030,1784,c0f3c92cc7f8f7bc3c73a05b01b71a80737de19a403ab29f7b56a4cf7621a75e
WOS:000571725100008,Electrospun free-standing FeP@NPC film for flexible sodium ion batteries with remarkable cycling stability,2020,10.1016/j.ensm.2020.03.029,https://doi.org/10.1016/j.ensm.2020.03.029,WOS:000571725100008,1785,5390d76ce68751288b6e11bf557e71aec9cc0519d5aab20d8a2eeb062a929891
WOS:001236678300001,Micro-mesoporous cobalt phosphosulfide (Co3S4/CoP/NC) nanowires for ultrahigh rate capacity and ultrastable sodium ion battery,2024,10.1016/j.jcis.2024.04.044,https://doi.org/10.1016/j.jcis.2024.04.044,WOS:001236678300001,1786,ea74b1513240190b302c9e0bf4df02badc859db62211ad0ceaf0595f78b77e61
WOS:000462944700087,Narsarsukite Na2TiOSi4O10 as a Low Voltage Silicate Anode for Rechargeable Li-Ion and Na-Ion Batteries,2019,10.1021/acsaem.8b01906,https://doi.org/10.1021/acsaem.8b01906,WOS:000462944700087,1787,bf3a2e3f7e0c10e586a3cf43c4b1feecd6914361bb46018d0785e58482a1a8d1
WOS:000620785300001,In-situ plantation of Fe3O4@C nanoparticles on reduced graphene oxide nanosheet as high-performance anode for lithium/sodium-ion batteries,2021,10.1016/j.apsusc.2021.149163,https://doi.org/10.1016/j.apsusc.2021.149163,WOS:000620785300001,1788,22f6daddd655c2a0dc631c2cc2a7953535ef8d557d13aec11b2be6ed2ba28453
WOS:000414990400023,Role of Acid in Tailoring Prussian Blue as Cathode for High-Performance Sodium-Ion Battery,2017,10.1002/chem.201703081,https://doi.org/10.1002/chem.201703081,WOS:000414990400023,1789,ad5254c61ce2fe50e275884446bb9cf26b15ed97542d74d683ba35a86a7d4c11
WOS:000403115200018,Sb/C composite as a high-performance anode for sodium ion batteries,2017,10.1016/j.electacta.2017.04.164,https://doi.org/10.1016/j.electacta.2017.04.164,WOS:000403115200018,1790,02d452b956f2cff5db424d3d54f8015bb21f23393baa1920fdf4ef5d3115d313
WOS:000532784800008,Quasi-1D TiS3 : A potential anode for high-performance sodium-ion storage,2020,10.1016/j.cej.2020.124305,https://doi.org/10.1016/j.cej.2020.124305,WOS:000532784800008,1791,592cdcf702ff1a76b9f97adda46d4e5f27991f585c239c7f408587adbc195491
WOS:000370142500012,Facile Spraying Synthesis and High-Performance Sodium Storage of Mesoporous MoS2/C Microspheres,2016,10.1002/adfm.201504062,https://doi.org/10.1002/adfm.201504062,WOS:000370142500012,1792,652948f718279d26eda37139a5b1180559cff0cc295fddb4ce447c4787ef7e76
WOS:000792914700003,DFT studies on electrochemical properties of halide ions doped GDY-28 nanoflake for Na-ion battery applications,2022,10.1016/j.mssp.2022.106651,https://doi.org/10.1016/j.mssp.2022.106651,WOS:000792914700003,1793,db2fa22f75b2fd460e82b1f40ca97e306cec3096b542a945de405859a88709f6
WOS:001107633400001,Synthesis of Graphitic Carbon Coated ZnPS3 and its Superior Electrochemical Properties for Lithium and Sodium Ion Storage,2024,10.1002/smtd.202301294,https://doi.org/10.1002/smtd.202301294,WOS:001107633400001,1794,32fdabc7a6ef3ff99dc879bbeac756963c61c69e75154151df29e2c811975fd5
WOS:000671896400002,Naturally nitrogen-doped porous carbon derived from waste crab shell as anode material for high performance sodium-ion battery,2021,10.1016/j.jaap.2021.105215,https://doi.org/10.1016/j.jaap.2021.105215,WOS:000671896400002,1795,2ef223d5d0337d776e63e44858ada4ea0fb38e0d4da104e730d0426495fa2187
WOS:001195033500001,Intrinsically Nitrogen-Enriched Biomass-Derived Hard Carbon with Enhanced Performance as a Sodium-Ion Battery Anode,2024,10.1021/acs.energyfuels.4c00069,https://doi.org/10.1021/acs.energyfuels.4c00069,WOS:001195033500001,1796,b3023b0c9a2502852ae52c02fa35bb9cd615862d93da29419fb00de138c9ab5d
WOS:001266960500001,Composite scaffold of electrospun nano-porous cellulose acetate membrane casted with chitosan for flexible solid-state sodium-ion batteries,2024,10.1016/j.nanoen.2024.109971,https://doi.org/10.1016/j.nanoen.2024.109971,WOS:001266960500001,1797,f271056ef8bd0ef39f1dbee93f975a0ada81e6e21d11da51cb22791c1a79d660
WOS:000663031800001,In situ construction of active interfaces towards improved high-rate performance of CoSe2,2021,10.1039/d1ta03280a,https://doi.org/10.1039/d1ta03280a,WOS:000663031800001,1798,e5fff8a585635015ca7670b34ffdb1736c4e4e7ce869f56b13608661ed17da10
WOS:000364824000023,A frogspawn-inspired hierarchical porous NaTi2(PO4)3-C array for high-rate and long-life aqueous rechargeable sodium batteries,2015,10.1039/c5nr06505d,https://doi.org/10.1039/c5nr06505d,WOS:000364824000023,1799,4202658870867024e733b50e57b831a71f720ca6bf30f604176c4cac400bb840
WOS:001613390000001,Tuning Interphase Composition in Sodium-Ion Batteries via Co-Solvent Selection and Anion-Driven Solvation Shell Engineering,2025,10.1002/smtd.202501563,https://doi.org/10.1002/smtd.202501563,WOS:001613390000001,1800,b164c7e0129549449cdaa8b54799ea0b5e77c6b462f687b45d8cd35831b2bc33
WOS:001108267800001,First-principles computational study of two-dimensional BeB2 monolayer as a material for negative high-rate sodium ion batteries,2024,10.1016/j.physb.2023.415460,https://doi.org/10.1016/j.physb.2023.415460,WOS:001108267800001,1801,22505c0084c393ec1e480290fdcb7140c51dbcd2dffbc3f29d5b01dc8b8e2e8f
WOS:000566092600042,Molecular engineering of covalent organic nanosheets for high-performance sodium-ion batteries,2020,10.1039/d0ta06206e,https://doi.org/10.1039/d0ta06206e,WOS:000566092600042,1802,23de4e840ccb5bf691cb3771bc8f0a075b730692d6d59694910ff4ece9d98cdb
WOS:001203681600003,Research Progress on Hard Carbon Anode for Li/Na-ion Batteries,2024,10.15541/jim20230365,https://doi.org/10.15541/jim20230365,WOS:001203681600003,1803,aaaef755e6ddcc9f5d6bfa94812095b2321854e1fa1a7f47c7d71afe61885920
WOS:000994806000001,High-Performing All-Solid-State Sodium-Ion Batteries Enabled by the Presodiation of Hard Carbon,2023,10.1002/aenm.202300776,https://doi.org/10.1002/aenm.202300776,WOS:000994806000001,1804,976d0548bf1129d8640bdad182685fb05429ea6fc85f88aa1ea154fafba51ebb
WOS:000471284100006,Layered Co/Ni-free oxides for sodium-ion battery cathode materials,2019,10.1016/j.cogsc.2019.01.006,https://doi.org/10.1016/j.cogsc.2019.01.006,WOS:000471284100006,1805,81d555396dcddcab973529c70c38e529991cf285a9b280ca3c6940ce87b8e916
WOS:000459798700016,High-Performance Flexible Freestanding Anode with Hierarchical 3D Carbon-Networks/Fe7S8/Graphene for Applicable Sodium-Ion Batteries,2019,10.1002/adma.201806664,https://doi.org/10.1002/adma.201806664,WOS:000459798700016,1806,52f7582a9e6abe065321fe5168f48b06a33b20d2adb0533a72ca0f9d2c630a37
WOS:000632607300001,Engineered Carbon Electrodes for High Performance Capacitive and Hybrid Energy Storage,2021,10.1016/j.est.2021.102340,https://doi.org/10.1016/j.est.2021.102340,WOS:000632607300001,1807,ebd932d2f9a9b80a6d8df5d0cd2b10b496f94b3fea9ae16032080a1422aff60f
WOS:001271454400001,Sustainable conversion of vine shoots and pig manure into high-performance anode materials for sodium-ion batteries,2024,10.1016/j.jpowsour.2024.235043,https://doi.org/10.1016/j.jpowsour.2024.235043,WOS:001271454400001,1808,c650bad6a3af28e09f3b6f49409cc7e60a96f155b191c62b662b9bb41f4bf910
WOS:000380076700052,Synergistic effect of the core-shell structured Sn/SnO2/C ternary anode system with the improved sodium storage performance,2016,10.1016/j.jpowsour.2016.05.123,https://doi.org/10.1016/j.jpowsour.2016.05.123,WOS:000380076700052,1809,250f8427572af37693b56a36d569e6cd69295584a7a1295cbc7306db39a2eab1
WOS:001318304900001,Engineering (FeSn)/S nanocubes heterojunctions for improved sodium ion battery performance,2025,10.1016/j.jcis.2024.09.094,https://doi.org/10.1016/j.jcis.2024.09.094,WOS:001318304900001,1810,df9e19e5cd96f325f95dd5ce141add7e8668a8e8a81461a12e58c149a3f9daea
WOS:000400983400017,Ultrasmall Sn nanodots embedded inside N-doped carbon microcages as high-performance lithium and sodium ion battery anodes,2017,10.1039/c7ta01480e,https://doi.org/10.1039/c7ta01480e,WOS:000400983400017,1811,284ee6df9ab2e11b1ee59d27646cb5286d6472808d287270c54b4d664f1285dd
WOS:000521653900026,Pore structure regulation of hard carbon: Towards fast and high-capacity sodium-ion storage,2020,10.1016/j.jcis.2020.01.085,https://doi.org/10.1016/j.jcis.2020.01.085,WOS:000521653900026,1812,8f269221a592ce8d6de232f67353bc45eaba1442232350c9bb9153446bd229a8
WOS:000339625500060,Design of nitrogen doped graphene grafted TiO2 hollow nanostructures with enhanced sodium storage performance,2014,10.1039/c4ta01789g,https://doi.org/10.1039/c4ta01789g,WOS:000339625500060,1813,1a6df43d4e96aedc6890b7e70edbf789dfa0e665d72dabff2797f2f2ebcf84b1
WOS:001449592800001,Modulating Phase Angle Variations of O3-Type High-Entropy Layered Sodium Oxide for Practical Sodium-Ion Cylindrical Battery,2025,10.1002/adfm.202501688,https://doi.org/10.1002/adfm.202501688,WOS:001449592800001,1814,a231ef962ddcb1fd2aa1e456d7aab4ea3f8388eb4acec73f18b3249e3567537c
WOS:000646271300010,WS2 anode in Na and K-ion battery: Effect of upper cut-off potential on electrochemical performance,2021,10.1016/j.electacta.2021.138339,https://doi.org/10.1016/j.electacta.2021.138339,WOS:000646271300010,1815,138745df344a18beefa38e2af0a636bf8ecc3ea5a3f94705b095253e1b910baa
WOS:000560225400040,"Synthesis, modular composition, and electrochemical properties of lamellar iron sulfides",2020,10.1039/d0ta00689k,https://doi.org/10.1039/d0ta00689k,WOS:000560225400040,1816,2829d7e44e6519d9c4f84fe3d64f841c08ba7f67e6b7d916488766c83c1bb57b
WOS:000315171100051,Electrochemical properties of P2-phase Na0.74CoO2 compounds as cathode material for rechargeable sodium-ion batteries,2013,10.1016/j.electacta.2012.09.058,https://doi.org/10.1016/j.electacta.2012.09.058,WOS:000315171100051,1817,888e4232bf632dbb52a20ad307367987273688e8e837f520231d11ea290f22b6
WOS:000424274700025,Sodium-Ion Battery Anodes Comprising Carbon Sheets: Stable Cycling in Half- and Full-Pouch Cell Configuration,2018,10.1002/ente.201700530,https://doi.org/10.1002/ente.201700530,WOS:000424274700025,1818,27e7bc06d5459ab6b696eb984593710f2cfe008e580d09d623f13be31b00cd72
WOS:000751884800061,Ultrahigh Rate and Ultralong Life Span Sodium Storage of FePS3 Enabled by the Space Confinement Effect of Layered Expanded Graphite,2021,10.1021/acsami.1c18755,https://doi.org/10.1021/acsami.1c18755,WOS:000751884800061,1819,0b15da03c5e6500a39b67bc50cb43e39e7453f610824cdfe4c763d15a2bd5c96
WOS:000342992000036,Understanding Na2Ti3O7 as an ultra-low voltage anode material for a Na-ion battery,2014,10.1039/c4cc03973d,https://doi.org/10.1039/c4cc03973d,WOS:000342992000036,1820,87ece4d2009f98c84c9ba9b1513098c126ede92c58867c28790fd4a35ad6c97a
WOS:000527323100019,Microwave-assisted synthesis of porous nano-sized Na3V2(PO)2F3@C nanospheres for sodium ion batteries with enhanced stability,2020,10.1016/j.scriptamat.2020.02.023,https://doi.org/10.1016/j.scriptamat.2020.02.023,WOS:000527323100019,1821,1b63d6cfca83acd505e361cd28ef36e91dda32086681cafa3cbc288ed8aeb24f
WOS:001022841900001,Preparation of carbon dots from carbonized corncobs by electrochemical oxidation and their application in Nabatteries,2023,10.1016/s1872-5805(22)60644-9,https://doi.org/10.1016/s1872-5805(22)60644-9,WOS:001022841900001,1822,d6f3406e97302a798f8861014a49ac4a77462deefbfb49f64b2893fc95fe77b5
WOS:001567959000009,Ultrafast sodium-ion storage performance of ReS2@rGO anode enabled by defect-to-center diffusion mechanism,2026,10.1016/j.matlet.2025.139419,https://doi.org/10.1016/j.matlet.2025.139419,WOS:001567959000009,1823,f785d5e1ff0f5fcc155f5c51674376a0fab0bddaf75ccdc1543c0b63f9ff2c91
WOS:001356702500001,Central metal coordination environment optimization enhances Na diffusion and structural stability in Prussian blue analogues,2025,10.1016/j.ensm.2024.103890,https://doi.org/10.1016/j.ensm.2024.103890,WOS:001356702500001,1824,fd12bbd30f9bc1c1cd6a59e4910622ec876e56c77c117736e79b997b0721437b
WOS:000440876700076,Influence of Li substitution on the structure and electrochemical performance of P2-type Na0.67Ni0.2Fe0.15Mn0.65O<sub >2 cathode materials for sodium ion batteries,2018,10.1016/j.jpowsour.2018.06.058,https://doi.org/10.1016/j.jpowsour.2018.06.058,WOS:000440876700076,1825,0d39a7c9cddbe1f7cbb20fae1dca48f4f514121735aad6dd8782cdd011af6451
WOS:000674535500002,Studies on 2D-molybdenum diselenide (MoSe2) based electrode materials for supercapacitor and batteries: A critical analysis,2021,10.1016/j.est.2021.102809,https://doi.org/10.1016/j.est.2021.102809,WOS:000674535500002,1826,19c7989d84379a296aa07a97451eed7c85936b8e2337d539149b603715ab9660
WOS:000422814400048,Nanostructured Na2Ti9O19 for Hybrid Sodium-Ion Capacitors with Excellent Rate Capability,2018,10.1021/acsami.7b13300,https://doi.org/10.1021/acsami.7b13300,WOS:000422814400048,1827,0fd0730c8f5031492982c8b20f12dc8b3e4f5f1a16b0d43eb615bdb01c4f4cea
WOS:000375128900038,In operando Synchrotron XRD/XAS Investigation of Sodium Insertion into the Prussian Blue Analogue Cathode Material Na1.32Mn[Fe(CN)6]0.83•z H2O,2016,10.1016/j.electacta.2016.03.131,https://doi.org/10.1016/j.electacta.2016.03.131,WOS:000375128900038,1828,ab6f1b36c347d8e1c906a9e5aad52757160aca11c8e65ce54a57b8ad0077365f
WOS:001247345200001,Sulfur-doped carbon nanofibers as stable and high performance anode materials for sodium-ion batteries,2024,10.1039/d4se00478g,https://doi.org/10.1039/d4se00478g,WOS:001247345200001,1829,6e66c5c85702e19750b5bac433652dcb117b738f68056137412ad98d4f95600a
WOS:000474642200014,Ultrafine Prussian Blue as a High-Rate and Long-Life Sodium-Ion Battery Cathode,2019,10.1002/ente.201900108,https://doi.org/10.1002/ente.201900108,WOS:000474642200014,1830,8d74afc7af0b22c1daa6e0fafad2306881cbdef7677937031d8aca46125cf59e
WOS:000530209200001,Double core-shell nanostructured Sn-Cu alloy as enhanced anode materials for lithium and sodium storage,2020,10.1007/s11706-020-0500-1,https://doi.org/10.1007/s11706-020-0500-1,WOS:000530209200001,1831,b5a5902792def66bf59cbe853ede2d7fcd6e6651b62c326ea008d63b7d595a89
WOS:000392037400038,NiSe2 Nanooctahedra as an Anode Material for High-Rate and Long-Life Sodium-Ion Battery,2017,10.1021/acsami.6b10143,https://doi.org/10.1021/acsami.6b10143,WOS:000392037400038,1832,ebd77709d8fe6ac18d14c615032efb1c330a67ba649dfa5d1065ce89a417631f
WOS:000315200400003,Sodium-Ion Batteries,2013,10.1002/adfm.201200691,https://doi.org/10.1002/adfm.201200691,WOS:000315200400003,1833,8ba18f182a6cb80a477cedb59357f264f6d50237695da809b1ef40ef0f04d0f6
WOS:000481726300042,Structural and electrochemical investigation of binary Na2Fe1-xZnxP2O7 (0 ≤ x ≤ 1) pyrophosphate cathodes for sodium-ion batteries,2019,10.1016/j.jssc.2019.06.027,https://doi.org/10.1016/j.jssc.2019.06.027,WOS:000481726300042,1834,55d93130fa204bd9e2714eac42ca0dd4d960aec59877221dacca9e570f6fb0fa
WOS:001231414900001,Heterostructured ZnS/Co embedded in pinecone-like N/S-doped carbon for efficient sodium/lithium storage,2024,10.1016/j.cej.2024.151318,https://doi.org/10.1016/j.cej.2024.151318,WOS:001231414900001,1835,3f5e2a2f0a0acff7ca00ebd1251c10b8cc8e633c13cbd6fc24181cda1fdb6242
WOS:000758142400010,Eliciting Specific Electrochemical Reaction Behavior by Rational Design of a Red Phosphorus Electrode for Sodium-Ion Batteries,2021,10.3390/nano11113053,https://doi.org/10.3390/nano11113053,WOS:000758142400010,1836,08b9ca1ab21bc9bf923a5ffa3e274010fbe5151cf79192462a5b49f27f42a12e
WOS:000475532200017,Effect of Conducting Salts in Ionic Liquid Electrolytes for Enhanced Cyclability of Sodium-Ion Batteries,2019,10.1021/acsami.9b03279,https://doi.org/10.1021/acsami.9b03279,WOS:000475532200017,1837,d9631dc0016c1fcf2e6bf1836fc941341673094a3c6eff33a89a49042d8d11bd
WOS:000378885300006,"High-Rate, Durable Sodium-Ion Battery Cathode Enabled by Carbon-Coated Micro-Sized Na3V2(PO4)3 Particles with Interconnected Vertical Nanowalls",2016,10.1002/admi.201500740,https://doi.org/10.1002/admi.201500740,WOS:000378885300006,1838,c9f13964e3d81f85d8d9609c5c3abc2af8612a664b6c429e36f7489b3541a6ad
WOS:001459093500001,GeP3/Ketjen Black Composite: Preparation via Ball Milling and Performance as Anode Material for Sodium-ion Batteries,2025,10.15541/jim20240360,https://doi.org/10.15541/jim20240360,WOS:001459093500001,1839,48f909f7dd8a8aa4fbd3f5039df012c8d970df2b7ebc33936b0c767c807e08a4
WOS:001330692600001,Abnormal Gas Generation during First Discharge Process of Sodium Ion Battery,2024,10.1002/anie.202412222,https://doi.org/10.1002/anie.202412222,WOS:001330692600001,1840,7fe99d68370fb36a40bc28e932858fb688ad3750887b3e317e11b42ced8381c0
WOS:000511860300001,Effect of downsizing the maricite α-phase sodium cobalt phosphate (α-NaCoPO4) in sodium-ion battery,2020,10.1007/s11051-019-4733-9,https://doi.org/10.1007/s11051-019-4733-9,WOS:000511860300001,1841,1be30bcc2bf2646790ce5ab1385a0f3af1489a59c4de01f22ccc0e9243d8ad5b
WOS:000631487500003,Improved Initial Charging Capacity of Na-poor Na0.44MnO2via Chemical Presodiation Strategy for Low-cost Sodium-ion Batteries,2021,10.1007/s40242-021-0438-6,https://doi.org/10.1007/s40242-021-0438-6,WOS:000631487500003,1842,66f1e55a218cfa750796ab4f4e35dad6013d7fd3e1f43cde5d94722dbbf20663
WOS:000949266600001,SnS-SnO2 Heterostructures Anchored on GO as a High-Performance Anode for Sodium Ion Battery,2023,10.1002/chem.202300009,https://doi.org/10.1002/chem.202300009,WOS:000949266600001,1843,9e034a6f3a3530c589a965b885b827c55d228876fa5480b0cabe0e1ad7151aa8
WOS:000574927700006,Carbon aerogel/SnO2 as an advanced anode for sodium-ion batteries,2020,10.1142/s1793604720510261,https://doi.org/10.1142/s1793604720510261,WOS:000574927700006,1844,34290172c53711347aea031a363192cd443f7c58a114c4b2a221c98081116f37
WOS:001365481900001,Enhanced electrochemical performance of NiSbS/NiSb/NiS nanocomposites anchored on graphite nanosheets for sodium-ion battery applications,2024,10.1039/d4ta07323a,https://doi.org/10.1039/d4ta07323a,WOS:001365481900001,1845,9c72ae8934d6171c574e6ce7c44082ed007cc6da0c448c2975af9b75ce0084b8
WOS:000868103300001,Synthesis and Characterizations of Na4MnCr(PO4)3/rGO as NASICON-Type Cathode Materials for Sodium-ion Batteries,2022,10.3390/polym14194046,https://doi.org/10.3390/polym14194046,WOS:000868103300001,1846,484569f401507552631dbd00ff32d3b26c5de60b845970a9ad18227df7093c95
WOS:000458706900103,Insight on the Failure Mechanism of Sn Electrodes for Sodium-Ion Batteries: Evidence of Pore Formation during Sodiation and Crack Formation during Desodiation,2019,10.1021/acsaem.8b01934,https://doi.org/10.1021/acsaem.8b01934,WOS:000458706900103,1847,1b8e9514470a76c26cbeee83d99aff9dabb9fd276414ec6a6a7f26f0863a55d1
WOS:000395208000013,Exceptional energy and new insight with a sodium-selenium battery based on a carbon nanosheet cathode and a pseudographite anode,2017,10.1039/c6ee02274j,https://doi.org/10.1039/c6ee02274j,WOS:000395208000013,1848,aa397feb96ddd21df8b6ffbda86edac264726bdbb8f9274bcea291f417b5f7fa
WOS:000481578000020,An Al-doped high voltage cathode of Na4Co3(PO4)2P2O<s ub>7 enabling highly stable 4 V full sodium-ion batteries,2019,10.1039/c9ta04450g,https://doi.org/10.1039/c9ta04450g,WOS:000481578000020,1849,9bf654e7ea155cb5c5648f2d4564aa694c7b917c23570c5e707b06f134485121
WOS:000613219000001,Graphitic SiC: A potential anode material for Na-ion battery with extremely high storage capacity,2021,10.1002/qua.26608,https://doi.org/10.1002/qua.26608,WOS:000613219000001,1850,d57c66840669e38fb69010cea088e0c848fb27b1b4f37cc3e7fee9b8b9dec4a3
WOS:000336781500016,Boron-doped graphene as a promising anode for Na-ion batteries,2014,10.1039/c4cp01045k,https://doi.org/10.1039/c4cp01045k,WOS:000336781500016,1851,4132c33cfce3bcb9add668f0e1bb12864b522a734f16a0476130ab6bee339d48
WOS:001094662500001,"An Intrinsic Stable Layered Oxide Cathode for Practical Sodium-Ion Battery: Solid Solution Reaction, Near-Zero-Strain and Marvelous Water Stability",2024,10.1002/smll.202306690,https://doi.org/10.1002/smll.202306690,WOS:001094662500001,1852,fa8fcc4b21a073b474d6abb0bba10dd86aea1d48b5b47da364a376f1c35b1bba
WOS:000521556700001,"Probing Electrochemical Behaviour of Lignocellulosic, Orange Peel Derived Hard Carbon as Anode for Sodium Ion Battery",2020,10.1149/1945-7111/ab7c55,https://doi.org/10.1149/1945-7111/ab7c55,WOS:000521556700001,1853,2b1d1ac7e1fe0dbd28818c68018425d7c710868ef38bf54b1eba2acbc75f0761
WOS:000530651300013,Bismuth selenide nanocrystalline array electrodes for high-performance sodium-ion batteries,2020,10.1016/j.apmt.2019.100455,https://doi.org/10.1016/j.apmt.2019.100455,WOS:000530651300013,1854,f05634a4d4773a0267660787ebd3bd32b752ece5c37787ea6de2f7651d945684
WOS:000355891700053,Solid-State Fabrication of SnS2/C Nanospheres for High-Performance Sodium Ion Battery Anode,2015,10.1021/acsami.5b02413,https://doi.org/10.1021/acsami.5b02413,WOS:000355891700053,1855,f31158c8f6d8707c2d1ab9eeec47ebda197f6be442bd64f026949ec762970bc2
WOS:000790789000006,First principle calculations on pristine and Mn-doped iron fluorophosphates as sodium-ion battery cathode materials,2022,10.1016/j.commatsci.2022.111292,https://doi.org/10.1016/j.commatsci.2022.111292,WOS:000790789000006,1856,f6e243d37a2cf8f9323321548f8a007da45dbaa64a26f31a717dd7eaabde556b
WOS:001542087800003,Design and scaling hybrid hard carbon electrodes to balance energy and power performance in Sodium-ion batteries,2025,10.1016/j.jpowsour.2025.237963,https://doi.org/10.1016/j.jpowsour.2025.237963,WOS:001542087800003,1857,ce32ef9650f0f0ca42f9bb3c0dd01d9157627d1076fcdf17e217eb80fec94201
WOS:000615209000001,Carbon Paper as a Promising Free Standing Anode for Sodium Ion Batteries,2020,10.1149/1945-7111/abd1f5,https://doi.org/10.1149/1945-7111/abd1f5,WOS:000615209000001,1858,95e83f07e95bf1092febebe2539d06ad32ea3705d4a01c69d9ecfc4c867a0a2e
WOS:000457506500010,Production of carbon fibers through Forcespinning® for use as anode materials in sodium ion batteries,2018,10.1016/j.mseb.2018.11.009,https://doi.org/10.1016/j.mseb.2018.11.009,WOS:000457506500010,1859,364811cde805d11dd8e491ef30d591236b539d5e298b3d132e6e170be1bb17e1
WOS:000356989100015,Highly Ordered Three-Dimensional Ni-TiO2 Nanoarrays as Sodium Ion Battery Anodes,2015,10.1021/acs.chemmater.5b00633,https://doi.org/10.1021/acs.chemmater.5b00633,WOS:000356989100015,1860,a648e8075e2955e6e29251de0131851acf641e09105bbf18794712a69484d8ae
WOS:000850013200004,NiP nanoparticles encapsulated in lamellar carbon as high-performance anode materials for sodium-ion batteries,2022,10.1016/j.elecom.2022.107344,https://doi.org/10.1016/j.elecom.2022.107344,WOS:000850013200004,1861,0566be48a4cc72239f753f11d3e23717fc4cfba8ef9f686254ba21684a308853
WOS:000460162900026,Unveiling the mechanism of sodium ion storage for needle- shaped ZnxCo3-xO4 nanosticks as anode materials,2019,10.1039/c8nr08868c,https://doi.org/10.1039/c8nr08868c,WOS:000460162900026,1862,5ae65e10e69c271a50868b5340d0263e9cb89946934b73b5ba73fc18e79f7002
WOS:000449521500012,In situ TEM study of the sodiation/desodiation mechanism of MnO2 nanowire with gel-electrolytes,2018,10.1016/j.ensm.2018.03.019,https://doi.org/10.1016/j.ensm.2018.03.019,WOS:000449521500012,1863,c0ee66ab3966d01af81a25ec2faf63c9fcbecdd7156c2c4fc633355a8f68cc77
WOS:001487750200001,Transforming CO2 to Porous Carbon as a High-Performing Sodium-Ion Battery Anode via Electrochemical Reduction in Molten Carbonates,2025,10.1021/acssuschemeng.4c10896,https://doi.org/10.1021/acssuschemeng.4c10896,WOS:001487750200001,1864,df1761aa17229b6a41f804d8f159d280a8e32c2d3f6b73f956423b255d2656f8
WOS:001330786300001,Oxidized Ti3Al(1-x)SnxC2 MAX phases as negative electrode materials for sodium ion batteries,2024,10.1016/j.jpowsour.2024.235543,https://doi.org/10.1016/j.jpowsour.2024.235543,WOS:001330786300001,1865,d2b57cf211e09909a168fb62ee97f16f383adb4f12037298b5c7983e8e5d8c67
WOS:000471010900027,"Na2Fe(SO4)2: an anhydrous 3.6 V, low-cost and good-safety cathode for a rechargeable sodium-ion battery",2019,10.1039/c9ta02188d,https://doi.org/10.1039/c9ta02188d,WOS:000471010900027,1866,0ec717382d7fe237303df9d25126109b4437ece0d842f782d325d72b9770d54b
WOS:000393979900012,Sodium Titanate/Carbon (Na2Ti3O7/C) Nanofibers via Electrospinning Technique as the Anode of Sodium-ion Batteries,2017,10.1002/cjoc.201600634,https://doi.org/10.1002/cjoc.201600634,WOS:000393979900012,1867,27766cf797cd904b8efe883e9371461541a88584e7c3d3063249496b2827e592
WOS:000970022800037,Theoretical research of two-dimensional germanether in sodium-ion battery,2022,10.7498/aps.71.20220572,https://doi.org/10.7498/aps.71.20220572,WOS:000970022800037,1868,8a277ea51e1cfa3238026ccb64ac770c7da0745d14fbb58e64bf1e77e216535e
WOS:000467781000019,Mechanism of Na-Ion Storage in BiOCl Anode and the Sodium-Ion Battery Formation,2019,10.1021/acs.jpcc.9b01807,https://doi.org/10.1021/acs.jpcc.9b01807,WOS:000467781000019,1869,4ddfcce13604ee61030cccb2df772ab631e67430372b9fbf96760ad6ecb9ff5c
WOS:001033748900001,Diatomite-Templated Synthesis of Single-Atom Cobalt-Doped MoS2/Carbon Composites to Boost Sodium Storage,2023,10.1002/adma.202211690,https://doi.org/10.1002/adma.202211690,WOS:001033748900001,1870,8ae90ad12043e4b016bf5d35e04c43c97ac8b9719d4211f4c043d626d0f735d4
WOS:000652811600002,Biowaste-derived heteroatoms-doped carbon for sustainable sodium-ion storage,2021,10.1016/j.jallcom.2021.159670,https://doi.org/10.1016/j.jallcom.2021.159670,WOS:000652811600002,1871,4aa26ea9285ba365f5d2e2aaa40499da882eb5bece53a2fb158808808e73e84e
WOS:001433645800001,Preparation of CoS2/FeS2@NC nanorods served as anode material with high electrochemical performance for sodium-ion battery,2025,10.1016/j.jallcom.2025.178762,https://doi.org/10.1016/j.jallcom.2025.178762,WOS:001433645800001,1872,5aaab3c1526ec18ae511925e2e0cdfa37fe46f4b919cab845a90919591206f9c
WOS:000900134500002,NiS2 nanospheres coated by nitrogen-doped carbon for enhanced sodium storage performance,2023,10.1016/j.jallcom.2022.168379,https://doi.org/10.1016/j.jallcom.2022.168379,WOS:000900134500002,1873,07cbe29be7d205cf00b4301beca42596677fa3758f20e0af5250261940394d5a
WOS:001002220900001,A Stress Self-Adaptive Structure to Suppress the Chemo-mechanical Degradation for High Rate and Ultralong Cycle Life Sodium Ion Batteries,2023,10.1002/anie.202303875,https://doi.org/10.1002/anie.202303875,WOS:001002220900001,1874,890eb726f3b8e4c68c56347ca9e94998afd9429eeda4a7774932bd0f37efebd9
WOS:000427619400012,Iron diselenide combined with hollow graphitic carbon nanospheres as a high-performance anode material for sodium-ion batteries,2018,10.1016/j.cej.2018.01.118,https://doi.org/10.1016/j.cej.2018.01.118,WOS:000427619400012,1875,404a697467f1722dc19952cb59276439b67a01910ed233c76eed755d55b6ad31
WOS:000477961200031,A First-Principles Study of Boron-Doped BC2N Sheet as Potential Anode Material for Li/Na-Ion Batteries,2019,10.1002/celc.201900766,https://doi.org/10.1002/celc.201900766,WOS:000477961200031,1876,c5bfb3ddb6408334f72190988635163bcbec6fb0db89e29191ae96ac920abeea
WOS:001156452600001,Expanded crystalline planes with strong interfacial Mo-C bonding endow MoSe2/N-doped carbon nanosheets with fast reaction kinetics for sodium-ion batteries,2024,10.1016/j.jssc.2023.124540,https://doi.org/10.1016/j.jssc.2023.124540,WOS:001156452600001,1877,45af07cef56fe9343f5b9b549b7d5747e9173755fa9577384a2f89a944a6fc49
WOS:000707037200055,High performance anode for sodium-ion batteries: Calcium pre-intercalated layered vanadium oxide/carbon composite,2021,10.1016/j.cej.2021.130378,https://doi.org/10.1016/j.cej.2021.130378,WOS:000707037200055,1878,87c17b446254570a184b287dcf830a46c223af923b5a41fd8682c75bcf387497
WOS:000443674100015,A High-Crystalline NaV1.25Ti0.75O4 Anode for Wide-Temperature Sodium-Ion Battery,2018,10.1002/aenm.201801162,https://doi.org/10.1002/aenm.201801162,WOS:000443674100015,1879,2ac317637d35ed0ca965117d19b587c2a174cf1af47175d4eca77dc204d58b15
WOS:001130623400001,Synthesis and Characterization of a Cathode Material for Sodium-Ion Batteries Based on a Composite of Sodium Vanadium(III) Phosphate and Expanded Graphite,2023,10.1134/s0020168523060146,https://doi.org/10.1134/s0020168523060146,WOS:001130623400001,1880,366732c4890911a5a698c715c71d1e4fc86eef4e825b547c98617d6e23169095
WOS:000406942800032,LaSn3 as a novel anode material for Na-ion battery,2017,10.1016/j.electacta.2017.05.071,https://doi.org/10.1016/j.electacta.2017.05.071,WOS:000406942800032,1881,67252efff4ab875fc11f71ec0d0d489ac4751b613f3dc1a5ee11407ffc8b73e5
WOS:000489684100017,"Crystal Growth, Preparation, Structure and Electrochemical Properties of Alluaudite-type NaMnV2(PO4)3",2019,10.14102/j.cnki.0254-5861.2011-2277,https://doi.org/10.14102/j.cnki.0254-5861.2011-2277,WOS:000489684100017,1882,dc1d1b16e96d16450a6d97c57c44417bb17ae76874ab625ef6f5cd3126d6e408
WOS:000373864100006,Potentiometric Study to Reveal Reaction Entropy Behavior of Biphasic Na1+2xV2(PO4)3 Electrodes,2016,10.5796/electrochemistry.84.234,https://doi.org/10.5796/electrochemistry.84.234,WOS:000373864100006,1883,3a20ebf3cadc772c1dcb2c5895e964fd9233ab6428e3c9cb6549c4825856ac74
WOS:000653787200001,Preparation of intergrown P/O-type biphasic layered oxides as high-performance cathodes for sodium ion batteries,2021,10.1039/d1ta00627d,https://doi.org/10.1039/d1ta00627d,WOS:000653787200001,1884,e6ff9b1743d6c6a8bfd1623b6ea6adccefdb7e8c1e51accdb8a6a80f1233b6b7
WOS:000766070700006,"Electronic transport properties of NASICON structured NaFe2(PO4)(SO4)2: A potential cathode material for Na-ion batteries, synthesized using ultrasound-assisted, indirect microwave heating technique",2022,10.1016/j.matlet.2022.131763,https://doi.org/10.1016/j.matlet.2022.131763,WOS:000766070700006,1885,513d031a5462cc29a046fb823a6ba2cdbabcfb737784e8bd61582ec48abf67cd
WOS:000461400400031,Improved Rate and Cycling Performances of Electrodes Based on BiFeO3 Nanoflakes by Compositing with Organic Pectin for Advanced Rechargeable Na-Ion Batteries,2018,10.1021/acsanm.8b00011,https://doi.org/10.1021/acsanm.8b00011,WOS:000461400400031,1886,7d568227785fa29b80e885cb97eddb13a66482641a1f0938d2f4bd8040ed845c
WOS:000465365900001,High-performance Ti-doped O3-type Na[Tix(Ni0.6Co0.2Mn0.2) 1-x]O2 cathodes for practical sodium-ion batteries,2019,10.1016/j.jpowsour.2019.03.031,https://doi.org/10.1016/j.jpowsour.2019.03.031,WOS:000465365900001,1887,965feec4287b081ac24908ccb93b0e49344807a9ede558bd2bb121bd5587deda
WOS:001570573900001,Unlocking Coupled of Electron/Ion Transport for Superior Electrochemical Performance in Hybrid Phosphate Cathodes of Sodium Ion Batteries,2025,10.1002/adfm.202518331,https://doi.org/10.1002/adfm.202518331,WOS:001570573900001,1888,7df8e5e75779006ca9ae694d4d16767f79d90cf0e69e655394261d6409e1a980
WOS:000778632900004,Ultrathin CuSe nanosheets as the anode for sodium ion battery with high rate performance and long cycle life,2022,10.1016/j.electacta.2021.139703,https://doi.org/10.1016/j.electacta.2021.139703,WOS:000778632900004,1889,334552616cf6df3e8c40ed2ddcf7fbd94c98e6e0c02b070459514befa63865fc
WOS:001309486300001,Synthesis of a Sodium-Ion Cathode Material Na3Fe2(SO4)3F with the Help of Fluorine Element,2024,10.1021/acsami.4c09115,https://doi.org/10.1021/acsami.4c09115,WOS:001309486300001,1890,dccd89760b3222104be3095f732161d4b6e6101d632c84a503197c7ae29d3b81
WOS:000562900700002,Hollow bismuth ferrite combined graphene as advanced anode material for sodium-ion batteries,2020,10.1016/j.pnsc.2020.01.016,https://doi.org/10.1016/j.pnsc.2020.01.016,WOS:000562900700002,1891,a2272ecfc41ef7d103bbcf6c0f3ba4a87d0476f2e2f4c4c4969de245a1ca6629
WOS:000582482700007,Extended low-voltage plateau capacity of hard carbon spheres anode for sodium ion batteries,2020,10.1016/j.jpowsour.2020.228550,https://doi.org/10.1016/j.jpowsour.2020.228550,WOS:000582482700007,1892,79f1076a40275bbc336bc03adc9926a38042e19ada81760bc08630bbef4a5a98
WOS:000480670200025,2D layered Sb2Se3-based amorphous composite for high-performance Li- and Na-ion battery anodes,2019,10.1016/j.jpowsour.2019.05.047,https://doi.org/10.1016/j.jpowsour.2019.05.047,WOS:000480670200025,1893,5c91170a8210b5ac933190338b00adc9aaa29485f0d6498700b5ea47ebe382db
WOS:000893577500001,High capacity and fast Na+ transport in the SbPS4 material by Bi3+ substitution for sodium-ion batteries,2022,10.1039/d2qi01899c,https://doi.org/10.1039/d2qi01899c,WOS:000893577500001,1894,d19cf74227e35579e2fa8a5869708f0e8c790012306c70755a90068d225156f3
WOS:001399768700001,Flash rapid synthesis of Na3V2(PO4)3 featured with a nanocrystal/ amorphous phase mingled texture for high-rate sodium storage,2025,10.1016/j.est.2025.115378,https://doi.org/10.1016/j.est.2025.115378,WOS:001399768700001,1895,1b2135041a90f46b3fc37ee9b51531909195459506506c43998f4dbc785971d0
WOS:001161534100001,Enhancing the performance of NaVPO4F cathode materials for sodium-ion batteries through graphite incorporation and polyethylene glycol 6000 modification,2024,10.1039/d3nj05803d,https://doi.org/10.1039/d3nj05803d,WOS:001161534100001,1896,c4013a9e132621c06f32fcaa62fabc6705db4e022f7e939658ed0e35bb513e1c
WOS:001247013400001,Site-selective Mg-doping regulated charge storage in NaFe2PO4(SO4)2 for high energy sodium-ion batteries,2024,10.1016/j.cej.2024.152485,https://doi.org/10.1016/j.cej.2024.152485,WOS:001247013400001,1897,276fc6721e4bd9dc7a741c2652647c6a59d114d50cfa6182399e3fcb257a8e42
WOS:000615986400011,A new calcium metal organic frameworks (Ca-MOF) for sodium ion batteries,2021,10.1016/j.matlet.2020.129264,https://doi.org/10.1016/j.matlet.2020.129264,WOS:000615986400011,1898,dea1713400f5e2d2c75fdc64367d80bb9a4d61adf4de61cd9b190a2eb35056cb
WOS:001612826400002,Boosting the electrochemical performance of P2-type Mn-based cathode for SIBs by Fe-doping,2025,10.1016/j.est.2025.118081,https://doi.org/10.1016/j.est.2025.118081,WOS:001612826400002,1899,5578da78667c55f9f0d752574a731f1cf82fec478f19fe727c6e0d1f102d2cf1
WOS:000854558900005,Cobalt coordination modified double-schiff-base with low solubility as a long-cycle life anode for sodium-ion batteries,2022,10.1016/j.pnsc.2022.07.003,https://doi.org/10.1016/j.pnsc.2022.07.003,WOS:000854558900005,1900,1b0c02ae363c7cef6c15ebaaae1cbb73b1df65a639c1e85c3e906587462a0588
WOS:000767807000001,Benefits of vanadium doping in Na3MnTi(PO4)3/C as a potential candidate for sodium-ion batteries,2022,10.1016/j.matchemphys.2022.125938,https://doi.org/10.1016/j.matchemphys.2022.125938,WOS:000767807000001,1901,70df2108ddab16fcb26a4edd51b04cfe2c5fe14d6cb19b849e4dc14c1f3760d4
WOS:000593863900001,Insights into the high voltage layered oxide cathode materials in sodium-ion batteries: Structural evolution and anion redox,2021,10.1016/j.jpowsour.2020.229139,https://doi.org/10.1016/j.jpowsour.2020.229139,WOS:000593863900001,1902,b6c17667848862f31c65e89b84d62e7fc30c6e3ed448cbf1ce63004eb102b303
WOS:000944181500001,Design of Rubik's cube-like hollow bimetallic sulfide nanocomposite for high-energy battery application,2023,10.1016/j.jpowsour.2023.232846,https://doi.org/10.1016/j.jpowsour.2023.232846,WOS:000944181500001,1903,3f00710083e1df38f324362e962a38631fd2d9bc8e73f0e6ace928ab2cc29415
WOS:000369340700004,Carbon- and Binder-Free NiCo2O4 Nanoneedle Array Electrode for Sodium-Ion Batteries: Electrochemical Performance and Insight into Sodium Storage Reaction,2016,10.1186/s11671-016-1271-6,https://doi.org/10.1186/s11671-016-1271-6,WOS:000369340700004,1904,a290cd651ddaf1a07c314128e247c235a3fba4441951ea60a5b7447b0805ac74
WOS:000751884800022,Improving the Comprehensive Performance of Na0.7MnO2 for Sodium Ion Batteries by ZrO2 Atomic Layer Deposition,2021,10.1021/acsami.1c13543,https://doi.org/10.1021/acsami.1c13543,WOS:000751884800022,1905,398e0363a1934b58de266e2cf4fd4e385005dc48fddff1604425c88ed6fbc136
WOS:001283347400001,A dual aliovalent ion doped NASICON ceramic filler embedded in the PEO-NaTFSI polymer matrix for high-performance solid-state sodium-ion batteries,2024,10.1039/d4ta03680h,https://doi.org/10.1039/d4ta03680h,WOS:001283347400001,1906,d3d572518c573fa34f3331e835d8b3aeb12c799d84c477dcd55d7c7cda5837f0
WOS:000407860600024,Hierarchical Sb-Ni nanoarrays as robust binder-free anodes for high-performance sodium-ion half and full cells,2017,10.1007/s12274-017-1536-0,https://doi.org/10.1007/s12274-017-1536-0,WOS:000407860600024,1907,0444945ec40d25b53432fd596659e8cd827900d091403ed20f5d6f09a34ced70
WOS:000529905300037,"Sodium diffusion and redox properties of alluaudite Na2+2xM2-x(MoO4)3</s ub>(M = Fe, Co, Ni) from DFT+U study",2020,10.1016/j.mtcomm.2019.100825,https://doi.org/10.1016/j.mtcomm.2019.100825,WOS:000529905300037,1908,db0e3023b20c608f65855729f954bac13efe7248f92a47b813e6289c0be156d2
WOS:000444780500004,Mesoporous Silicon Microspheres Produced from In Situ Magnesiothermic Reduction of Silicon Oxide for High-Performance Anode Material in Sodium-Ion Batteries,2018,10.1186/s11671-018-2699-7,https://doi.org/10.1186/s11671-018-2699-7,WOS:000444780500004,1909,ad463649111e17a378c22894230a41671ed8a5cf96cdb241897638878d5d4d89
WOS:001439525800001,Efficient synthesis of NFPP sodium-ion battery cathode materials via a bimetallic iron source synergistic framework strategy,2025,10.1016/j.est.2024.114976,https://doi.org/10.1016/j.est.2024.114976,WOS:001439525800001,1910,cc12b0305f82ea1678b120ae5f719e0d9a89548935bbee9543a664ae6b42f6d4
WOS:000862171100001,Towards an atomistic understanding of hard carbon electrode materials and sodium behaviors,2022,10.1016/j.diamond.2022.109355,https://doi.org/10.1016/j.diamond.2022.109355,WOS:000862171100001,1911,513009032adcc71267adfb37b1daa868b2c8271f5b636d909101bd0fcacf114f
WOS:001415049300001,Ion-Exchange Synthesis of Low-Water Prussian Blue Analogs for Enhanced Sodium Storage,2025,10.1002/eom2.70000,https://doi.org/10.1002/eom2.70000,WOS:001415049300001,1912,7e7213118205cf026778884bf50fc69c001acfa370accb8023b1f787476d8dc5
WOS:001458798500001,Flexible free-standing anodes of cobalt and carbon dot-coated porous carbon nanofibers for enhanced sodium-ion battery performance,2025,10.1016/j.est.2025.116270,https://doi.org/10.1016/j.est.2025.116270,WOS:001458798500001,1913,aa79e2553cf6be8686c67fcefbf0af1bc2d65f88ffad08ccf7d68c6864d2f566
WOS:000404604300040,Excellent Cycling Stability and Superior Rate Capability of Na3V2(PO4)3 Cathodes Enabled by Nitrogen-Doped Carbon Interpenetration for Sodium-Ion Batteries,2017,10.1002/celc.201700053,https://doi.org/10.1002/celc.201700053,WOS:000404604300040,1914,6336549101fd7ea579fd7c509900741b00daae167488b86212723c58259cb730
WOS:000373635200042,Synthesis and Electrochemical Performance of the Na3V2(PO4)3 Cathode for Sodium-Ion Batteries,2016,10.1007/s11664-016-4425-5,https://doi.org/10.1007/s11664-016-4425-5,WOS:000373635200042,1915,4fa6a319228506a17cdddf0a1ed3801146309c9a1d0ec1dfc6c09e9fbb22596e
WOS:000707790300001,Environmental Impacts of Aqueous Zinc Ion Batteries Based on Life Cycle Assessment,2022,10.1002/adsu.202100308,https://doi.org/10.1002/adsu.202100308,WOS:000707790300001,1916,e8c3d9507e601f43839a8b93ef457a1ec8c8b9bd88f4d1a6b16867724b7b55bd
WOS:000671795300006,Hydrothermal Synthesis and Electrochemical Properties of Na3V2(PO4)2O2F Cathode for Sodium-Ion Batteries,2021,10.11862/cjic.2021.141,https://doi.org/10.11862/cjic.2021.141,WOS:000671795300006,1917,0e725e0f989878f6c988317c38362f914e948d7d1dc0483e7e135ee7be52848d
WOS:000352586300001,Ti-substituted tunnel-type Na0.44MnO2 oxide as a negative electrode for aqueous sodium-ion batteries,2015,10.1038/ncomms7401,https://doi.org/10.1038/ncomms7401,WOS:000352586300001,1918,40a7b3766b5973285a320e6a45a969b13ae229b772dee5a33c73e2d205c6b171
WOS:000389166400070,Composite of nonexpansion reduced graphite oxide and carbon derived from pitch as anodes of Na-ion batteries with high coulombic efficiency,2017,10.1016/j.cej.2016.10.074,https://doi.org/10.1016/j.cej.2016.10.074,WOS:000389166400070,1919,6c63fb4778648215d4e2a1cdebb6ef9e97fc8e71fdf7905dd6916e77905cf6bf
WOS:000351963900069,Mg-doping for improved long-term cyclability of layered Na-ion cathode materials - The example of P2-type NaxMg0.11Mn0.89O2,2015,10.1016/j.jpowsour.2015.02.069,https://doi.org/10.1016/j.jpowsour.2015.02.069,WOS:000351963900069,1920,170696f801bcef42e43c631c539a4c2eaa3af93833a69e76e8879e7b23881c74
WOS:001135330900001,A 3.5 V-class organic sodium-ion battery using a croconate cathode,2024,10.1016/j.cej.2023.147760,https://doi.org/10.1016/j.cej.2023.147760,WOS:001135330900001,1921,cd2e3d29797a45c04e30467bc1b6192309d7961ce7399d175cd8fa66e2d20621
WOS:000727245900001,3D Carbiyne Nanospheres Boosting Excellent Lithium and Sodium Storage Performance,2022,10.1002/smll.202106328,https://doi.org/10.1002/smll.202106328,WOS:000727245900001,1922,9a2d9d689f7f17888f96fd10da53e264a4d32ca15088f0d5cc2f954d8d87396b
WOS:000501468400063,Morphology-dependent electrochemical performance of MnO2 nanostructures on graphene towards efficient capacitive deionization,2020,10.1016/j.electacta.2019.135202,https://doi.org/10.1016/j.electacta.2019.135202,WOS:000501468400063,1923,15d7b08aa12b93ef55e3ed93b8adce5e1204e55be9a692d39854b0e933bfec2b
WOS:000645436800126,Hierarchically Designed Nitrogen-Doped MoS2/Silicon Oxycarbide Nanoscale Heterostructure as High-Performance Sodium-Ion Battery Anode,2021,10.1021/acsnano.1c00797,https://doi.org/10.1021/acsnano.1c00797,WOS:000645436800126,1924,e7838584769c524be6674643e089054f1360d03a1d2df7ef30550fbdbcdd6378
WOS:000595859500014,High rate capability of S-doped ordered mesoporous carbon materials with directional arrangement of carbon layers and large d-spacing for sodium-ion battery,2021,10.1016/j.electacta.2020.137466,https://doi.org/10.1016/j.electacta.2020.137466,WOS:000595859500014,1925,8f71b8ebe305cd33d9748e72dfd554688cde12ac4a5dd59b201d8033c2bc10bc
WOS:000459642200030,Modulating the Interlayer Spacing and Na+/Vacancy Disordering of P2-Na0.67MnO2 for Fast Diffusion and High-Rate Sodium Storage,2019,10.1021/acsami.8b19134,https://doi.org/10.1021/acsami.8b19134,WOS:000459642200030,1926,b73fe8b8649b271e081e7f6c9f8a4f98e1b61f7e27fb5a88d8a2c69855273cd3
WOS:000446191100002,Graphene oxide supported tin dioxide: synthetic approaches and electrochemical characterization as anodes for lithium- and sodium-ion batteries,2018,10.1007/s11172-018-2194-4,https://doi.org/10.1007/s11172-018-2194-4,WOS:000446191100002,1927,7f2ae4ca1053267bebded9870e6870e1b0ac6bc0a7e148e6dd007da987f88c89
WOS:000976963800003,Fabrication of nano-solid spherical Nb2O5/nitrogen-doped carbon composite for high-performance sodium-ion battery anodes,2023,10.1007/s10008-023-05515-9,https://doi.org/10.1007/s10008-023-05515-9,WOS:000976963800003,1928,3c1406350761d050bdf12d4e7805c550822e52639801e8f6131eb1143e60aa74
WOS:000670646600042,High-Performance Aqueous Sodium-Ion Battery Based on Graphene-Doped Na2MnFe(CN)6-Zinc with a Highly Stable Discharge Platform and Wide Electrochemical Stability,2021,10.1021/acs.energyfuels.1c01095,https://doi.org/10.1021/acs.energyfuels.1c01095,WOS:000670646600042,1929,cc2672639fac7756958d51824eb16dcc908756538984848324b771b3c18c9ddc
WOS:001344788300001,Cell-Shearing Chemistry Directed Closed-Pore Regeneration in Biomass-Derived Hard Carbons for Ultrafast Sodium Storage,2025,10.1002/adma.202412989,https://doi.org/10.1002/adma.202412989,WOS:001344788300001,1930,1c91f478f5b59d8548e0a0c208d569751cba01b64183b35eb0d7d700c19b1a2e
WOS:001215941600001,"Wide temperature enhanced sodium storage in tailored, sustainable sodiophilic biphasic N-doped carbon",2024,10.1016/j.mtchem.2024.101978,https://doi.org/10.1016/j.mtchem.2024.101978,WOS:001215941600001,1931,797ee534afeabbd5412b43e21ea3b4a576e1fedf54326e19f885563172ed4619
WOS:000476754500017,Hierarchical Hollow Prussian Blue Rods Synthesized via Self-Sacrifice Template as Cathode for High Performance Sodium Ion Battery,2019,10.1002/smtd.201800259,https://doi.org/10.1002/smtd.201800259,WOS:000476754500017,1932,ebc5ca0a5401558c341dfcb82ad7b6e823b1bf28bdb460d5820e108137df4913
WOS:000388429600027,Amorphous Fe2O3/Graphene Composite Nanosheets with Enhanced Electrochemical Performance for Sodium-Ion Battery,2016,10.1021/acsami.6b09444,https://doi.org/10.1021/acsami.6b09444,WOS:000388429600027,1933,fe08063767b7e1ce786fe0b081d6d59a874a90844c21261d62809263ffc8daf0
WOS:000728391400001,3D porous Fluorine-Doped NaTi2(PO4)3@C as High-Performance Sodium-Ion battery anode with broad temperature adaptability,2022,10.1016/j.cej.2021.132710,https://doi.org/10.1016/j.cej.2021.132710,WOS:000728391400001,1934,5b7f6110e548be7a22c2649ddf47b64f35b05883286a8edff12210599e859772
WOS:001281428300001,Recent advances of in-situ spectroscopic analysis for cathode materials of sodium-ion batteries,2024,10.1016/j.est.2024.112734,https://doi.org/10.1016/j.est.2024.112734,WOS:001281428300001,1935,17da8d566c207668bcd540464e10a439a10636601183d844d439135f99172e5f
WOS:000362351700021,"Eldfellite, NaFe(SO4)2: an intercalation cathode host for low-cost Na-ion batteries",2015,10.1039/c5ee02274f,https://doi.org/10.1039/c5ee02274f,WOS:000362351700021,1936,4516537aedc899ba0fa9a48d8388a337dd3c98c8842265829efc4900632dc843
WOS:000509632300019,Surface passivation of NaxFe[Fe(CN)6] cathode to improve its electrochemical kinetics and stability in sodium-ion batteries,2020,10.1016/j.jpowsour.2019.227421,https://doi.org/10.1016/j.jpowsour.2019.227421,WOS:000509632300019,1937,adc2fe1cbf3a951a8a2351fb5b76dfb944791964bf9e6817a45920d32c0ab9a7
WOS:000505632500011,"Enhanced Structural, Electrochemical, and Electrode Kinetic Properties of Na0.5Ni0.2Mg0.1Mn0.7O2< /sub> Material for Sodium-Ion Battery Applications",2019,10.1021/acs.iecr.9b05534,https://doi.org/10.1021/acs.iecr.9b05534,WOS:000505632500011,1938,1eea5967174d6914620ebd3ce888525dafcb2f323cde775a88d3a0336d39aeb1
WOS:001304552900001,Two-dimensional Cu2N-A high-performance anode material for ion batteries with excellent electrical conductivity and electrolyte wettability,2025,10.1016/j.physe.2024.116091,https://doi.org/10.1016/j.physe.2024.116091,WOS:001304552900001,1939,bd45c630655236ea79c253a8c4f4183e6999d1c02d66fbdc6bd822b512dc89eb
WOS:000534693200001,Bimetallic Sulfide/Sulfur Doped T3C2Tx MXene Nanocomposites as High-performance Anode Materials for Sodium-ion Batteries,2020,10.1007/s40242-020-0120-4,https://doi.org/10.1007/s40242-020-0120-4,WOS:000534693200001,1940,b0d034ce65df59a86ad98a58eaaf811e8bd3a2ae6a601a371a684fe2faf8d639
WOS:000655645800004,Architecture of NaFe(MoO4)2 as a novel anode material for rechargeable lithium and sodium ion batteries,2021,10.1016/j.apsusc.2021.149903,https://doi.org/10.1016/j.apsusc.2021.149903,WOS:000655645800004,1941,d8b3d6916e0694f0cfd482e4118497034f6a11446af9b40f77b7d74e017012fb
WOS:001124994800001,Synergistic engineering of amorphous network and oxygen vacancies in vanadium oxides for enhanced sodium-ion storage,2024,10.1016/j.cej.2023.147597,https://doi.org/10.1016/j.cej.2023.147597,WOS:001124994800001,1942,9944c05079b2f425e635e7a43a8c7f9176bf61751ae882571057532a7279c44d
WOS:001258130600001,Olivine NaMn0.66Fe0.34PO4 as a Cathode Material for Advanced Sodium Ion Batteries,2024,10.1002/batt.202400214,https://doi.org/10.1002/batt.202400214,WOS:001258130600001,1943,f065c3a87dd767eeb89fe9407821aedc953d89688237534e20472ca7a80dd0a0
WOS:001302922000001,Synergistic effect of in-situ carbon-coated mixed phase iron oxides and 3d electrode architectures as anodes for high-performance sodium-ion batteries,2024,10.1016/j.electacta.2024.144952,https://doi.org/10.1016/j.electacta.2024.144952,WOS:001302922000001,1944,1ed3eaae2263faca4e48336c81da1ea6f5fa45703975adb0a5c8d0022af30ced
WOS:000415140800027,Ultrasmall MnO Nanoparticles Supported on Nitrogen-Doped Carbon Nanotubes as Efficient Anode Materials for Sodium Ion Batteries,2017,10.1021/acsami.7b09559,https://doi.org/10.1021/acsami.7b09559,WOS:000415140800027,1945,d892dbfbe4c00342d28aea8b7b7b550500bbb631c5994ff5937a4587bdeaf2c4
WOS:000441077900157,Enhanced electrochemical performance of carbon and aluminum oxide co-coated Na3V2(PO4)2F3 cathode material for sodium ion batteries,2018,10.1016/j.electacta.2018.07.123,https://doi.org/10.1016/j.electacta.2018.07.123,WOS:000441077900157,1946,f6a7f60080b2624fc073de286a213f8d260312961e96542d6a242ea59646013f
WOS:000918042400001,Bowl-shaped carbon loaded Co9S8 nanoparticles connected by carbon nanotubes with excellent rate performance for sodium-ion batteries,2023,10.1016/j.electacta.2022.141804,https://doi.org/10.1016/j.electacta.2022.141804,WOS:000918042400001,1947,2732621ae7673db249d2b098493ae6447ad719e3458b7dacdd33ece7b4af4a26
WOS:000592547800008,Molybdenum disulfide synthesized by molybdenum-based metal organic framework with high activity for sodium ion battery,2021,10.1016/j.electacta.2020.137353,https://doi.org/10.1016/j.electacta.2020.137353,WOS:000592547800008,1948,25faa2c062faf7e5153e4be3795adcd858f8899944e729cbb3f0f9bce0cf50a5
WOS:001165279300001,An impact of sea sponge-derived hard carbon with the symbiosis of sodium ion battery and biomedical applications,2024,10.1016/j.jtice.2023.105083,https://doi.org/10.1016/j.jtice.2023.105083,WOS:001165279300001,1949,1c7d01514af6f47dd15ca694626ea66b8a9b1309ecc2a9f777a95bfcc9c1c13f
WOS:000655749500005,Quantum dot heterostructure with directional charge transfer channels for high sodium storage,2021,10.1016/j.ensm.2021.04.039,https://doi.org/10.1016/j.ensm.2021.04.039,WOS:000655749500005,1950,7d88ff8070cff9e726385ad1118f3454a003002a5752a99a36b382907a0bff56
WOS:000663793400002,Regulating the chemical bond of carbon cloth for growing uniform Sb2O5 as high-performance sodium ion batteries anode,2021,10.1016/j.jelechem.2021.115275,https://doi.org/10.1016/j.jelechem.2021.115275,WOS:000663793400002,1951,0985080d6495aa668ab96c4719c366c28f1c4a9079d41e9bb1b2e7c1432ae9d8
WOS:001002200700001,Enabling Ti2C MXene on carbon cloth as binder-free anode for distinguished lithium-ion and sodium-ion storage,2023,10.1016/j.jpowsour.2023.233144,https://doi.org/10.1016/j.jpowsour.2023.233144,WOS:001002200700001,1952,8f1e72ad57f1f15b1da60b959e1c8a1250744116247e40ed7b91cf805639d7f6
WOS:000365530700026,An unexpected large capacity of ultrafine manganese oxide as a sodium-ion battery anode,2015,10.1039/c5nr07100c,https://doi.org/10.1039/c5nr07100c,WOS:000365530700026,1953,f2e44958d43843c98eb0e3ff819cb3406a5cd5d54b8e0e107e5737befc49b3c8
WOS:000574478000001,Hard Carbon Composite Electrodes for Sodium-Ion Batteries with Nano-Zeolite and Carbon Black Additives,2021,10.1002/batt.202000161,https://doi.org/10.1002/batt.202000161,WOS:000574478000001,1954,a3382596e143e90e4ab6bbfad1c940619735d344e337ca63766a459351e7d224
WOS:000414913700008,TiO2@C nanosheets with highly exposed (001) facets as a high-capacity anode for Na-ion batteries,2018,10.1016/j.cej.2017.09.044,https://doi.org/10.1016/j.cej.2017.09.044,WOS:000414913700008,1955,e04e0d470565a7986c61f599da140bb0a121debf4af3c881aab5f1b2ae94a608
WOS:000647928800001,Insights into the sodiation mechanism of hard carbon-like materials from electrochemical impedance spectroscopy,2021,10.1039/d1cp00610j,https://doi.org/10.1039/d1cp00610j,WOS:000647928800001,1956,f3b792edcb1b0f00cc1618251e827541fa3a4ca89bfd4c7e9c62b4aaafde035d
WOS:000479007900135,Nano Hard Carbon Anodes for Sodium-Ion Batteries,2019,10.3390/nano9050793,https://doi.org/10.3390/nano9050793,WOS:000479007900135,1957,86c81da4888bb16959b5afdda10c523379a62483b0bc8ba6109c28e47179bb4a
WOS:000572637300003,Synthesis and electrochemical performance of V2O5/NaV6O15 nanocomposites as cathode materials for sodium-ion batteries,2020,10.1016/s1003-6326(20)65372-9,https://doi.org/10.1016/s1003-6326(20)65372-9,WOS:000572637300003,1958,ea9e867bfd5feb2e0113acb3f72a72bb25bce435afe261d748762f21c73d569e
WOS:000390083200014,Flash-induced reduced graphene oxide as a Sn anode host for high performance sodium ion batteries,2016,10.1039/c6ta07582g,https://doi.org/10.1039/c6ta07582g,WOS:000390083200014,1959,ca80ae78ce33e0623d6013e39ff588d39b9c841932df353f283f748ae2511df0
WOS:000876814100001,Sandwich-like Na2Ti3O7 Nanosheet/Ti3C2 MXene Composite for High-Performance Lithium/Sodium-Ion Batteries,2022,10.1021/acs.jpcc.2c05670,https://doi.org/10.1021/acs.jpcc.2c05670,WOS:000876814100001,1960,31223aa6051d7ae7b7c024b744b591b000d0e04313e6d91817f57508f69159d6
WOS:001230634200001,Preparation of nanodiamonds modified hard carbon with uniform spherical feature for improving sodium-ion storage performances,2024,10.1016/j.ssi.2024.116546,https://doi.org/10.1016/j.ssi.2024.116546,WOS:001230634200001,1961,40393669ba29e80284db4126c538987a7dfc7debe3372df254c25c331ca4bd8a
WOS:000510947000025,Facilely fabricating FeSe nanoparticles embedded in N-doped carbon towards promoting sodium storage behaviors,2020,10.1016/j.jpowsour.2019.227517,https://doi.org/10.1016/j.jpowsour.2019.227517,WOS:000510947000025,1962,c7aeab17c7e55969f8a8191991a3e3b03a699f8a24df9e15eff932fa0c3e769e
WOS:001587081500008,Layered-to-rocksalt atomic reconfiguration on O3-type cathodes surface for high-energy and durable sodium-ion batteries,2025,10.1016/j.mattod.2025.08.013,https://doi.org/10.1016/j.mattod.2025.08.013,WOS:001587081500008,1963,0e7123249812af2576774e37a4e8fce1b0695b019b3463355d5d31c74584ff78
WOS:000500386400015,"Facile construction of flower-like MoO2@N, P co-doped carbon on carbon cloth as self-standing anode for high-performance sodium ion battery",2019,10.1016/j.jelechem.2019.113510,https://doi.org/10.1016/j.jelechem.2019.113510,WOS:000500386400015,1964,32af49c1abe1ef0a57eb61e8667954504653b519ded2eb3e9626220cf5357003
WOS:000451496000028,Understanding the Electrochemical Compatibility and Reaction Mechanism on Na Metal and Hard Carbon Anodes of PC-Based Electrolytes for Sodium-Ion Batteries,2018,10.1021/acsami.8b13236,https://doi.org/10.1021/acsami.8b13236,WOS:000451496000028,1965,bd6019ec6cc5823a4193e47c03fcb95b291a963966fb9b9906a10bab999597f4
WOS:001196558700001,Electrochemical Behavior of the Biomass Hard Carbon Derived from Waste Corncob as a Sodium-Ion Battery Anode,2024,10.1021/acs.energyfuels.4c00564,https://doi.org/10.1021/acs.energyfuels.4c00564,WOS:001196558700001,1966,56b7dca5d296dd984ab34debe0a168cf1a9adb1c595db9c9350cd56116684fcb
WOS:000760910700001,Realizing an aqueous sodium-ion battery with a super-high discharge voltage based on a novel FeSe2@rGO anode,2022,10.1039/d1qi01567b,https://doi.org/10.1039/d1qi01567b,WOS:000760910700001,1967,32cc40931d4f144cf46b7651b3a450c9594ca0eaed6c2b12cf02434410953103
WOS:000442731100012,Fluorophosphates from Solid-State Synthesis and Electrochemical Ion Exchange: NaVPO4F or Na3V2(PO4)2F3?,2018,10.1002/aenm.201801064,https://doi.org/10.1002/aenm.201801064,WOS:000442731100012,1968,f4a2551d37d5fae6ac28b84c1df3ed44f66c54af77ec4016fcbdf1709b4d2452
WOS:000504405000001,(110)-Bridged nanoblocks self-assembled VS4 hollow microspheres as sodium-ion battery anode with superior rate capability and long cycling life,2020,10.1016/j.cej.2019.123385,https://doi.org/10.1016/j.cej.2019.123385,WOS:000504405000001,1969,5c8bde493912b40c84bb99ab81b1738759919c917c79ddf3274e31f54b6eca61
WOS:000548646700024,A simple synthesized N-doped FeS2/Fe3O4@C nanocomposite as anode for sodium ion batteries,2020,10.1016/j.matlet.2020.128109,https://doi.org/10.1016/j.matlet.2020.128109,WOS:000548646700024,1970,9689783c73c07d4d4657d91312755a9084ab6b6abbb1dd5e4017046991fac240
WOS:000401966900003,Facile preparation of carbon wrapped copper telluride nanowires as high performance anodes for sodium and lithium ion batteries,2017,10.1088/1361-6528/aa5b62,https://doi.org/10.1088/1361-6528/aa5b62,WOS:000401966900003,1971,dae023e4f7dd4fed91360e5064d2f0d5ea59c034c3c2d1c48f3da812458ce20f
WOS:001242654500001,Real-time measurement of sodiation induced stress in hard carbon composite electrodes,2024,10.1016/j.jpowsour.2024.234678,https://doi.org/10.1016/j.jpowsour.2024.234678,WOS:001242654500001,1972,aec70f4fb2da2875ac1c49dce75c1cec04abf06e69df772db90ef7113161605e
WOS:001543221000001,"A ZnSe/Bi2Se3 heterostructure as a sodium-ion battery anode displaying fast reaction kinetics, high capacity, and good full-cell performance",2025,10.1039/d5cc03607k,https://doi.org/10.1039/d5cc03607k,WOS:001543221000001,1973,9190163c2a9cda1ec2ebac29862b1d2d1b7cc0b0a482838258883672c2b358e8
WOS:001043878200001,Evaluation of Sn0.9Fe0.1O2-d as Potential Anode Material for Sodium-Ion Batteries,2023,10.1002/batt.202300281,https://doi.org/10.1002/batt.202300281,WOS:001043878200001,1974,340751b2b5398628e3b2264f4a6d379b20d24cf38df20d6d44433b8eea5dbb03
WOS:000372946600044,Building Self-Healing Alloy Architecture for Stable Sodium-Ion Battery Anodes: A Case Study of Tin Anode Materials,2016,10.1021/acsami.6b00641,https://doi.org/10.1021/acsami.6b00641,WOS:000372946600044,1975,e833be089f457f6f6dbc2923892860aa222688032d398e17ac53418c0b9b743f
WOS:000545975600030,Rational Design of Hierarchical SnS2 Microspheres with S Vacancy for Enhanced Sodium Storage Performance,2020,10.1021/acssuschemeng.0c02535,https://doi.org/10.1021/acssuschemeng.0c02535,WOS:000545975600030,1976,26202945471f63b9c99fde00feeae4bad6498c0cb8dacffcb8fb4f68801d2e2f
WOS:000419082000029,Microsphere Na0.65[Ni0.17Co0.11Mn0.72]O< sub>2 Cathode Material for High-Performance Sodium-Ion Batteries,2017,10.1021/acsami.7b15267,https://doi.org/10.1021/acsami.7b15267,WOS:000419082000029,1977,8c41467e7383dd784c7ce32dc8d652812972f5c9072b82600e1215fca653970c
WOS:000460174000016,A new Tin-based O3-Na0.9[Ni0.45-x/2MnxSn< sub>0.55-x/2]O2 as sodium-ion battery cathode,2019,10.1016/j.jechem.2018.05.019,https://doi.org/10.1016/j.jechem.2018.05.019,WOS:000460174000016,1978,eaa66706d515abb7ff7ab4b8523df290abb5e10083211928e07cf6eff2118a8b
WOS:000398764100039,Nature-Inspired Na2Ti3O7 Nanosheets-Formed Three-Dimensional Microflowers Architecture as a High-Performance Anode Material for Rechargeable Sodium-Ion Batteries,2017,10.1021/acsami.7b01519,https://doi.org/10.1021/acsami.7b01519,WOS:000398764100039,1979,86358e19aeb3a12509ac6119639b091783ca54e262c4798b37a7d0cf6a6f84f1
WOS:001534065700001,Evaluation of Ti3C2Tx MXene-supported germanium sulfide as sodium-ion battery anodes: A comparison with reduced graphene oxide supports,2025,10.1016/j.jcis.2025.138334,https://doi.org/10.1016/j.jcis.2025.138334,WOS:001534065700001,1980,aa4a62939d3fe75e12fda64bf17617614ae97d8104ab8575b26dcf4ea14ab154
WOS:000557762800103,Biomimetic Sn4P3 Anchored on Carbon Nanotubes as an Anode for High-Performance Sodium-Ion Batteries,2020,10.1021/acsnano.0c03432,https://doi.org/10.1021/acsnano.0c03432,WOS:000557762800103,1981,2748874d0e7265192c02933b7283e8a43f61af16582e47fa77ce89a6b9acb083
WOS:001529381400001,Sodium Storage Performance of Antimony Electrodes Synergistically Enhanced by Three-dimensional Porous Structure and Alloying with Indium,2025,10.7503/cjcu20250034,https://doi.org/10.7503/cjcu20250034,WOS:001529381400001,1982,a859b11e9ba2df3f9e1feb0bcf4cef193c0840828846537c961eff4eae54aa3c
WOS:001479832200001,Stabilization strategies for bismuth-based anodes in sodium-ion batteries: From nanoscale engineering to carbon hybridization,2025,10.1016/j.compositesb.2025.112538,https://doi.org/10.1016/j.compositesb.2025.112538,WOS:001479832200001,1983,ec69dec897b8479d3e9cf2c67169c1cea4ad8918b5f5f6cc7f5a5245bb353d26
WOS:000598290900001,Lithium-Substituted Tunnel/Spinel Heterostructured Cathode Material for High-Performance Sodium-Ion Batteries,2021,10.1002/adfm.202008569,https://doi.org/10.1002/adfm.202008569,WOS:000598290900001,1984,e0832595d1dce8607ea8e817182b80e9b4f2b132ffadfa39e587be01e8862334
WOS:000526301400098,Boosting Sodium Storage in Two-Dimensional Phosphorene/Ti3C2Tx MXene Nanoarchitectures with Stable Fluorinated Interphase,2020,10.1021/acsnano.0c00177,https://doi.org/10.1021/acsnano.0c00177,WOS:000526301400098,1985,f392cee209ed559f8e7ad945188800e13b4e00525b9b7c75f1f83d4294b8a693
WOS:001135828800001,Construction of FeSbO4-Sb2O4 hetero-nanocrystals anchored on reduced graphene oxide sheets for superior lithium and sodium storage,2024,10.1016/j.apsusc.2023.159077,https://doi.org/10.1016/j.apsusc.2023.159077,WOS:001135828800001,1986,e2a20295db3a5dd5aca1d34ee2766f1562bc39078faa75e6c1dafa19d9d290ed
WOS:001302260600001,Pitch-based carbon anode for high-energy and long-life sodium-ion battery,2024,10.1016/j.electacta.2024.144956,https://doi.org/10.1016/j.electacta.2024.144956,WOS:001302260600001,1987,9a6e8fab0a53b1aa5fdc7fee4054f257cf6a9f744fc0c83edfca339efbaf794c
WOS:001462672900001,Green Synthesis of Cu3P to Achieve Low-Temperature and High Initial Coulombic Efficiency Sodium Ion Storage,2025,10.1002/aenm.202500723,https://doi.org/10.1002/aenm.202500723,WOS:001462672900001,1988,2ffc9c7b8f12bad8c81b848da4465705fb889392e5612c36a95ad6dfa4167c02
WOS:001567613300001,Sb nanoparticles supported on sugarcane bagasse-derived hard carbon as sodium-ion battery anode,2025,10.1016/j.diamond.2025.112804,https://doi.org/10.1016/j.diamond.2025.112804,WOS:001567613300001,1989,7fab8885f8996f6501a2f34b00ee9c6b5e55c80061101be1aca6795efa8683ac
WOS:000544485000001,Porous quasi-graphitic carbon sheets for unprecedented sodium storage,2020,10.1039/d0qi00325e,https://doi.org/10.1039/d0qi00325e,WOS:000544485000001,1990,6f618dcbc5fb61ec71910406cc04208f2ff035242a5d5b9c867af9dfff634b2a
WOS:000456432200052,Improvement of electrochemical properties of P2-type Na2/3Mn2/3Ni1/3O2 sodium ion battery cathode material by water-soluble binders,2019,10.1016/j.electacta.2018.12.089,https://doi.org/10.1016/j.electacta.2018.12.089,WOS:000456432200052,1991,7256bda64ca246e7c40c8803c637ec9b22d34ce8426feeaea1adc12d1c879f71
WOS:000362409800058,Ball-milled FeP/graphite as a low-cost anode material for the sodium-ion battery,2015,10.1039/c5ra18314f,https://doi.org/10.1039/c5ra18314f,WOS:000362409800058,1992,102d80063af9dc8d824837f49699f91361461a9c2384cb9bc9d6c9b691ce9ed7
WOS:000430460200016,Moving to Aqueous Binder: A Valid Approach to Achieving High-Rate Capability and Long-Term Durability for Sodium-Ion Battery,2018,10.1002/advs.201700768,https://doi.org/10.1002/advs.201700768,WOS:000430460200016,1993,15b046b5412705b03697769e06773ffeaa75f8a7e32d03b912d07088c5484b76
WOS:001157376000001,Pyridine-regulated Sb@InSbS3 ultrafine nanoplates as high-capacity and long-cycle anodes for sodium-ion batteries,2024,10.1007/s12598-023-02582-9,https://doi.org/10.1007/s12598-023-02582-9,WOS:001157376000001,1994,e54b89901af4bf46bd65275d21f22d1976f3d7bbdab07a740cd9d268a13ba390
WOS:001409905000001,Porous core-shell structured nitrogen doped carbon coated Cu2SnSe4 nanorod for improved sodium ion battery anode,2025,10.1016/j.vacuum.2025.114059,https://doi.org/10.1016/j.vacuum.2025.114059,WOS:001409905000001,1995,6170f742c27e76771b3f34444bb956dd4a41c25c4244dc2dbcc6096998e18275
WOS:000401202200033,Bismuth nano-spheres encapsulated in porous carbon network for robust and fast sodium storage,2017,10.1016/j.cej.2017.03.054,https://doi.org/10.1016/j.cej.2017.03.054,WOS:000401202200033,1996,06248212744d1610fc8297d2106c1e2178d626fd4536356fc3d0d9fa315e4ab5
WOS:000413011100060,Synthesis and characterization of D-glucose derived nanospheric hard carbon negative electrodes for lithium- and sodium-ion batteries,2017,10.1016/j.electacta.2017.09.094,https://doi.org/10.1016/j.electacta.2017.09.094,WOS:000413011100060,1997,c6cb8af4c897484a11ef5ce6749ba25efb5ddcd1e33ce334fccefe98304e797a
WOS:000423968600078,Multi-layer graphene assembled fibers with porous structure as anode materials for highly reversible lithium and sodium storage,2018,10.1016/j.electacta.2017.11.039,https://doi.org/10.1016/j.electacta.2017.11.039,WOS:000423968600078,1998,23fb36df70b8241f7308a95ec94e724c61eed07bb8b917c727bcf5e6da119061
WOS:001049586500001,Constructing long-cycling crystalline C3N4-based carbonaceous anodes for sodium-ion battery via N configuration control,2024,10.1002/cey2.388,https://doi.org/10.1002/cey2.388,WOS:001049586500001,1999,871a34885c5b0aacfe2221afffa435c26baaeefc0fbb56e712a7b97f8a34970b
WOS:000813077200001,Pomegranate-Inspired Nitrogen-Doped Carbon-Coated Bimetallic Sulfides as a High-Performance Anode of Sodium-Ion Batteries and Their Structural Evolution Analysis,2022,10.1021/acsaem.1c03810,https://doi.org/10.1021/acsaem.1c03810,WOS:000813077200001,2000,5909e5f44f259fb46f743ff8a72ead659762c33b4a87578bf9a3bebcd4a879c4
WOS:000449481200032,MOF-assisted three-dimensional TiO2@C core/shell nanobelt arrays as superior sodium ion battery anodes,2018,10.1016/j.jallcom.2018.07.366,https://doi.org/10.1016/j.jallcom.2018.07.366,WOS:000449481200032,2001,1c83863e6031aef2928aff4a8723487ce722afa25c1a3a76066fb583fa4238f5
WOS:001508365000025,Enhancement mechanism of functionally sulfur-doped Ti3C2Tx-confined antimony anode in high-performance sodium-ion batteries,2025,10.1016/j.jcis.2025.138063,https://doi.org/10.1016/j.jcis.2025.138063,WOS:001508365000025,2002,d8eecb0ab3a076cda71f44c1d043c6d5ede180414b28aa1838f825a8dd2d2e46
WOS:000751884800040,Minimal TiO2 Coupled with Conductive Polymer-Stimulated Synergistic Effect on Fast and Reversible Sodium-Ion Storage for Bismuth Sulfide,2021,10.1021/acsami.1c16316,https://doi.org/10.1021/acsami.1c16316,WOS:000751884800040,2003,6fa62ac5dc1e884492bafb4f4092af2c9f99429ab0b12cd1c29ca84b543d6c51
WOS:000483434700055,A High-Voltage and Cycle Stable Aqueous Rechargeable Na-Ion Battery Based on Na2Zn3[Fe(CN)6]2 NaTi2(PO4)3 Intercalation Chemistry,2019,10.1021/acsaem.9b00935,https://doi.org/10.1021/acsaem.9b00935,WOS:000483434700055,2004,31ca267b34441c4ec48935c6a65cbc00836ac818efe28d64fa720b8d1a16453c
WOS:000504828100004,A high-performance layered Cr-Based cathode for sodium-ion batteries,2020,10.1016/j.nanoen.2019.104215,https://doi.org/10.1016/j.nanoen.2019.104215,WOS:000504828100004,2005,5b70297114a6e60fff66de922d29ce950d992bbacf0c4dbd59fde8c869ac9b36
WOS:001379971600001,Toward High-Energy and Long-Cycle-Life Prussian Blue-Based Aqueous Sodium-Ion Batteries,2024,10.1021/acsanm.4c06180,https://doi.org/10.1021/acsanm.4c06180,WOS:001379971600001,2006,4038d85c1752d9c2ed05419cf3e0cbc28804452cf7f066510b1c8f3183eb870d
WOS:000613637800022,Sheet-to-layer structure of SnSe2/MXene composite materials for advanced sodium ion battery anodes,2021,10.1039/d0nj04788k,https://doi.org/10.1039/d0nj04788k,WOS:000613637800022,2007,ca6d6307f00feca4c92cf6ddbc658a4b5b3f60201229d4972a570a804e3b87ea
WOS:001481564600001,SnO2/SnVA/Cu-Sn Nanocomposites with a Hierarchical Porous Structure as Integrated Electrodes for Sodium-Ion Batteries,2025,10.1021/acsanm.5c01135,https://doi.org/10.1021/acsanm.5c01135,WOS:001481564600001,2008,a73512126bd228c626a762b3f9c693c9c0aeef59202f03579e9822e956ca5e04
WOS:001142854800001,Hydrothermal synthesis of polyimide-linked covalent organic frameworks towards ultrafast and stable cathodic sodium storage,2024,10.1007/s11426-023-1853-x,https://doi.org/10.1007/s11426-023-1853-x,WOS:001142854800001,2009,ee5d8fc5f5575a9e485807b4b35365901f2f7f7673bfed2dc7a4e81a9e6fc415
WOS:000450016100047,Facile preparation of robust porous MoS2/C nanosheet networks as anode material for sodium ion batteries,2019,10.1007/s10853-018-2991-z,https://doi.org/10.1007/s10853-018-2991-z,WOS:000450016100047,2010,7ff80bc21a10b37d5f7366f01d7756fb456eb500598078b82d7050bf782d263e
WOS:000432225900005,Nano Co3O4 as Anode Material for Li-Ion and Na-Ion Batteries: An Insight into Surface Morphology,2018,10.1002/slct.201702197,https://doi.org/10.1002/slct.201702197,WOS:000432225900005,2011,5bee9b9ff3a7e78fd12476cb1c0224160e220ac2e7c0feeece4dbc187a910be6
WOS:001174869300002,Superior electrochemical properties of Na3V2(PO4)2F3/rGO composite cathode for high-performance sodium-ion batteries,2024,10.1007/s10008-024-05836-3,https://doi.org/10.1007/s10008-024-05836-3,WOS:001174869300002,2012,a3056e62cd3cd2666e64ab5402b66a3027ad359ea0258be0db0fdff43a0dae90
WOS:001160738200001,Microporous Sulfur-Carbon Materials with Extended Sodium Storage Window,2024,10.1002/advs.202310196,https://doi.org/10.1002/advs.202310196,WOS:001160738200001,2013,dda13f102ddd29242416563a0aa7934e96a709ef0477050932db6c1a37cce03a
WOS:001144660500001,Effect of particle dispersion on electrochemical performance of Prussian blue analogues electrode materials for sodium ion batteries,2024,10.1002/cphc.202300960,https://doi.org/10.1002/cphc.202300960,WOS:001144660500001,2014,6a57461d8f7aa4b7558ef7ce5322ea9917ece5d454258032a7bcadd718bab07e
WOS:000609014100001,Metallic B2C monolayer as a promising anode material for Li/Na ion storage,2021,10.1016/j.cej.2020.126812,https://doi.org/10.1016/j.cej.2020.126812,WOS:000609014100001,2015,8d9d45080c6c6a081acaad0f978455d10a1915b0dcabeb1d2980b5671f62eb9b
WOS:000856213500001,Constructing Robust Solid Electrolyte Interface via ZrO2 Coating Layer for Hard Carbon Anode in Sodium-Ion Batteries,2022,10.3390/batteries8090115,https://doi.org/10.3390/batteries8090115,WOS:000856213500001,2016,88cd3cedbcd41bebede9f97c34fdf5b99f97300a5c6276cd240654b2c95d04e9
WOS:000342328300028,Tin-Germanium Alloys as Anode Materials for Sodium-Ion Batteries,2014,10.1021/am503365k,https://doi.org/10.1021/am503365k,WOS:000342328300028,2017,773df0a66e5834d3bc6ad8589b331cb005b6bfbb7086657248e32d086cbe9667
WOS:000800422000001,New Cathode Materials in the Fe-PO4-F Chemical Space for High-Performance Sodium-Ion Storage,2022,10.1002/advs.202200924,https://doi.org/10.1002/advs.202200924,WOS:000800422000001,2018,36ff5925d7084ca4a953845ac63b25ce5c0749dab9a7b220e9d83514fea8b725
WOS:000567241400001,"Exploring Vinyl Polymers as Soft Carbon Precursors for M-Ion (M = Na, Li) Batteries and Hybrid Capacitors",2020,10.3390/en13164189,https://doi.org/10.3390/en13164189,WOS:000567241400001,2019,c66dae4c5b7731dc19a4517469213e92c2381958dd973b90ae1b302cd248fed2
WOS:001535221900018,Core-shell Bi@ mesoporous carbon nanospheres as high rate and long life anodes for sodium ion batteries,2025,10.1016/s1003-6326(25)66796-3,https://doi.org/10.1016/s1003-6326(25)66796-3,WOS:001535221900018,2020,daa78209de356f51418ea2cd654fe84829d41981421805eda6947301a6807885
WOS:000449032600007,A Robust Integrated SnOx/Carbon Composite Anode for Sodium-Ion Batteries,2018,10.1002/slct.201802425,https://doi.org/10.1002/slct.201802425,WOS:000449032600007,2021,88c4065e16408c2ea7c1e3a10199fc867d4cc0cc0aea6b4afe9e065f72fe37c8
WOS:000459722300010,Fe2VO4 Hierarchical Porous Microparticles Prepared via a Facile Surface Solvation Treatment for High-Performance Lithium and Sodium Storage,2019,10.1002/smll.201804706,https://doi.org/10.1002/smll.201804706,WOS:000459722300010,2022,5accc3bd5ba964085015768cdf7ffbb2a2e832a654ca48e165441b0a9cb049a3
WOS:000582503700064,Improved sodium storage properties of Zr-doped Na3V2(PO4)2F3/C as cathode material for sodium ion batteries,2020,10.1016/j.ceramint.2020.08.006,https://doi.org/10.1016/j.ceramint.2020.08.006,WOS:000582503700064,2023,753e3eacf3004167441be2a205f009a32ee487af5ee589a88b781a52de6c5cd4
WOS:001107105300001,Phase-engineering modulation of Mn-based oxide cathode for constructing super-stable sodium storage,2024,10.1016/j.jechem.2023.09.026,https://doi.org/10.1016/j.jechem.2023.09.026,WOS:001107105300001,2024,1dd28cdd1466eba2b545eb12767062cbc9833ed31aa3ef98547abda78ea905da
WOS:001364050700006,Construction of 3D porous Cu1.81S/nitrogen-doped carbon frameworks for ultrafast and long-cycle life sodium-ion storage,2025,10.1007/s12613-024-2890-z,https://doi.org/10.1007/s12613-024-2890-z,WOS:001364050700006,2025,3aaaa3d21740c60150dc72c46eadb2c0bb9456b5761adac4ee86b92c6429b8c0
WOS:001491227800001,High-Mobility Cu+-Induced Multi-Dimensional Structured Copper-Based Sulfide Anode for Advanced Sodium Ion Batteries,2025,10.1002/adfm.202510286,https://doi.org/10.1002/adfm.202510286,WOS:001491227800001,2026,d1ffba80db554bd7109dababb825d185f53a6c715f0702ad2092964302dcdd15
WOS:000706340900001,Rationally designed yolk-shell Co9S8-Co1-xS hollow spheres for advanced sodium-ion storage,2021,10.1039/d1ta05114h,https://doi.org/10.1039/d1ta05114h,WOS:000706340900001,2027,a5c40e1483589ec8ab6831fe14bce5728e5059cd62bd5cf061b189754e7c4c6c
WOS:001480866200001,Porous Ti3C2Tx/bismuthene self-supporting anode for sodium storage,2025,10.1016/j.jallcom.2025.180589,https://doi.org/10.1016/j.jallcom.2025.180589,WOS:001480866200001,2028,3b26d243f71a8d3b9441786fce78b857edc807bb17e87f12d2225e52111859cf
WOS:000516818700103,Coherent SnS2/NiS2 hetero-nanosheet arrays with fast charge transfer for enhanced sodium-ion storage,2020,10.1016/j.apsusc.2019.145241,https://doi.org/10.1016/j.apsusc.2019.145241,WOS:000516818700103,2029,89465a800ceeea3b517e9ddd09421410a349b6c225b38ba61ca6fec4b683bacc
WOS:000373985300020,Optimization of Na-Ion Battery Systems Based on Polyanionic or Layered Positive Electrodes and Carbon Anodes,2016,10.1149/2.0051605jes,https://doi.org/10.1149/2.0051605jes,WOS:000373985300020,2030,7c16d8affd4e4d4ab2936b25f7f55440b65d3ec7ecb7e02d36824d8370c7299c
WOS:000542925300074,Wood-Derived Carbon with Selectively Introduced C=O Groups toward Stable and High Capacity Anodes for Sodium Storage,2020,10.1021/acsami.0c04469,https://doi.org/10.1021/acsami.0c04469,WOS:000542925300074,2031,2aeefd4c6a7d16771628a460c207fe02cdaad8737698bffca07c6f7ef7a71739
WOS:000630637200003,Multilayer Porous Vanadium Nitride Microsheets Anodes for Highly Stable Na-ion Batteries,2021,10.1007/s40242-021-0443-9,https://doi.org/10.1007/s40242-021-0443-9,WOS:000630637200003,2032,db37e4020c086815c3cf9c1130b8ae5fb4399a0603fdad95e7a467c42e3939b2
WOS:000490030800025,Hard carbon derived from sepals of Palmyra palm fruit calyx as an anode for sodium-ion batteries,2019,10.1016/j.jpowsour.2019.227008,https://doi.org/10.1016/j.jpowsour.2019.227008,WOS:000490030800025,2033,07d8d02a6ba69042daea1d56f5445a8916e7bac900ac8c0ce36d946456f2565c
WOS:000526543400044,Metal-Organic Framework Derived CoS2 Wrapped with Nitrogen-Doped Carbon for Enhanced Lithium/Sodium Storage Performance,2020,10.1021/acsami.9b22169,https://doi.org/10.1021/acsami.9b22169,WOS:000526543400044,2034,797ab12d897144ecb811a6809de79fb39bf148ab58acf8a62ba1ec86d060aca4
WOS:000431506600061,Na3V2(PO4)2F3@C dispersed within carbon nanotube frameworks as a high tap density cathode for high-performance sodium-ion batteries,2018,10.1039/c8ta00990b,https://doi.org/10.1039/c8ta00990b,WOS:000431506600061,2035,5906725c16c9a8e41325c526481bd8b52d6a0d46b81fea1de20ff46604b0e3b7
WOS:000506166400085,Hierarchically porous hard carbon with graphite nanocrystals for high-rate sodium ion batteries with improved initial Coulombic efficiency,2020,10.1016/j.jallcom.2019.152703,https://doi.org/10.1016/j.jallcom.2019.152703,WOS:000506166400085,2036,00a742d85008d51e743993a0fd84636f68c30bbaced26675985a8615d6f7e7ea
WOS:000422814400061,Ultrafast Sodiation of Single-Crystalline Sn Anodes,2018,10.1021/acsami.7b14680,https://doi.org/10.1021/acsami.7b14680,WOS:000422814400061,2037,8fb9f75089148fcb00ea30f84846745d7a793f3d574f97c3b4f4b0281cd13632
WOS:000631487500005,Hexagonal FeNi2Se4@C Nanoflakes as High Performance Anode Materials for Sodium-ion Batteries,2021,10.1007/s40242-021-1030-9,https://doi.org/10.1007/s40242-021-1030-9,WOS:000631487500005,2038,02b6d8d4d3315091ad4d0818adffd79e117cd3b3d86463cdda3e6c2d84728025
WOS:000973516800001,Synergistically Improving the Stability and Operating Potential of Organic Cathodes for Sodium-Ion Battery,2023,10.1002/batt.202300111,https://doi.org/10.1002/batt.202300111,WOS:000973516800001,2039,948b920f004c4d8261166d5d8dd84910da0953bfc8f5ad213ab4f17c454a7fe3
WOS:000542657000007,Mixing amorphous carbon enhanced electrochemical performances of NiCo2O4 nanoparticles as anode materials for sodium-ion batteries,2020,10.1007/s00339-020-03713-0,https://doi.org/10.1007/s00339-020-03713-0,WOS:000542657000007,2040,2156f8a634cc06dcd99ba87c9ef258afe3f6fadd3947cce7938e0129a0f0a90e
WOS:000358051600035,Enhancement of Sodium Ion Battery Performance Enabled by Oxygen Vacancies,2015,10.1002/anie.201503477,https://doi.org/10.1002/anie.201503477,WOS:000358051600035,2041,fc2242fabf16249fc9ecc5c1a446d4f5fdfd7a7ca465dc60c9f2df7dedc556fb
WOS:001536584800004,Superior sulfur-doped carbon anodes for sodium-ion batteries through incorporation of onion-like carbon,2025,10.1016/j.electacta.2025.146912,https://doi.org/10.1016/j.electacta.2025.146912,WOS:001536584800004,2042,ae3ef4943d4af89a4cb321fcdb3acc2ef62779bd4c3ae6c3a2c2edd168fad9e4
WOS:000907017600001,Mo2P2O11: A Potential Cathode Material for Rechargeable Sodium- Ion Batteries,2022,10.1021/acs.energyfuels.2c03158,https://doi.org/10.1021/acs.energyfuels.2c03158,WOS:000907017600001,2043,cdb0764410cb8db61deaaf6b53447c9944a8abf847fa0b14a3c31f7905175db8
WOS:000523641800006,"Strongly coupled metal-organic frameworks on layered bimetallic hydroxide derived N, S Co-doped porous carbon frameworks embedding with CoS2 for energy storage",2020,10.1016/j.jpowsour.2020.227789,https://doi.org/10.1016/j.jpowsour.2020.227789,WOS:000523641800006,2044,e9114ca3fdf476053eabfe654b48776b2c528f978e11c9463d29dc2702f84c5c
WOS:001357263200001,Designing Tin and Hard Carbon Architecture for Stable Sodium-Ion Battery Anode,2025,10.1002/sstr.202400367,https://doi.org/10.1002/sstr.202400367,WOS:001357263200001,2045,d18c7e5c51a2e4b38d8cba8b284b18d25409cabd4efbfc312b21cfd6a4612936
WOS:001282001900001,N-doped one-dimensional carbon framework embedded with CoSe2 nanoparticles as superior electrode for advanced sodium ion storage,2024,10.1016/j.apsusc.2024.160786,https://doi.org/10.1016/j.apsusc.2024.160786,WOS:001282001900001,2046,fea839860ab929ed5b65cf875dd9e274f20bce608305e7af6b82d424a25a40b0
WOS:000620255500008,Electrochemical Properties of Micro-Sized Bismuth Anode for Sodium Ion Batteries,2020,10.1166/sam.2020.3801,https://doi.org/10.1166/sam.2020.3801,WOS:000620255500008,2047,f844b9f5fdb3fdccf308162095f447911440077d8d531dafb8b80943bce75df0
WOS:000349616400022,Exploring the possibilities of two-dimensional transition metal carbides as anode materials for sodium batteries,2015,10.1039/c4cp05140h,https://doi.org/10.1039/c4cp05140h,WOS:000349616400022,2048,9c410532b2493e724f89ad05be780d073c0abe590581cdbd8c08bb8d78e5aa30
WOS:000371143200045,Nitrogen-doped carbon microspheres derived from oatmeal as high capacity and superior long life anode material for sodium ion battery,2016,10.1016/j.electacta.2016.01.105,https://doi.org/10.1016/j.electacta.2016.01.105,WOS:000371143200045,2049,b045d24fe5dccc417ec72be20ccf4768d5e00ae4fa03d63dd62e9b661aaa2499
WOS:000489896700024,Iron sulfides with dopamine-derived carbon coating as superior performance anodes for sodium-ion batteries,2019,10.1007/s12274-019-2495-4,https://doi.org/10.1007/s12274-019-2495-4,WOS:000489896700024,2050,9038257a1a16f929d32f65db833e70dd3ef10d5ea76eb405412eb7f7b71b0839
WOS:000789599500001,A Combined Sodium Intercalation and Copper Extrusion Mechanism in the Thiophosphate Family: CuCrP2S6 as Anode Material in Sodium-Ion Batteries,2022,10.1002/celc.202200018,https://doi.org/10.1002/celc.202200018,WOS:000789599500001,2051,c037429880f5d1ec1eec2be368f3dcece6abe6a2fe93091a9e78d470cda672d6
WOS:000861209300006,Prussian blue analogue derived bimetallic phosphide for high areal capacity and binder-free sodium-ion battery anode,2022,10.1016/j.jpowsour.2022.231940,https://doi.org/10.1016/j.jpowsour.2022.231940,WOS:000861209300006,2052,3f68ddc23382142043948ad755586892c2bfa209a95ca6f8df82023abead0d9d
WOS:000397579600014,Heteroatom Doping Combined with Microstructured Carbon to Enhance the Performance of Sodium-Ion Batteries,2017,10.1002/ente.201600355,https://doi.org/10.1002/ente.201600355,WOS:000397579600014,2053,dfc9d1c83530b15928f762d06f39dda5304e4432dff307d4f8b90341e2136c55
WOS:000352173900023,Synthesis and electrochemical performance of flower-like MnCo2O4 as an anode material for sodium ion batteries,2015,10.1016/j.matlet.2015.02.024,https://doi.org/10.1016/j.matlet.2015.02.024,WOS:000352173900023,2054,df947bb5e9e28c4a7896dd39a6933fbae250e8e051ddca1b6468d3dc63824c20
WOS:000434031400008,Porous MoS2/Carbon Spheres Anchored on 3D Interconnected Multiwall Carbon Nanotube Networks forUltrafast Na Storage,2018,10.1002/aenm.201702909,https://doi.org/10.1002/aenm.201702909,WOS:000434031400008,2055,02928242fee6e2643acfc118314aa263967c75d8959dd6768eae7327ee539528
WOS:001023825200001,Bottom-up gas phase construction of carbon coated Fe7Se8 nanosheet/carbon nanotube hybrid as ultrastable anode material for sodium-ion half/full batteries,2023,10.1016/j.jallcom.2023.170810,https://doi.org/10.1016/j.jallcom.2023.170810,WOS:001023825200001,2056,f94f0969d8f99e192285df6b4ba56d4f5a253c0a894aa8ece32b2510ebc271bc
WOS:001359907000001,A layer-structured high entropy oxide with highly reversible Fe3+/Fe4+ redox as advanced cathode material for sodium ion batteries,2025,10.1016/j.jpowsour.2024.235735,https://doi.org/10.1016/j.jpowsour.2024.235735,WOS:001359907000001,2057,88d8f7ad896216358d387b73d21ff56bdf9a17d0c5ef29cedcc5cabce47e8ae8
WOS:001504928800004,Boosting sodium-ion battery performance through the sodium doped titanium carbide and iron selenide interfaces: Experimental validation and DFT insights,2025,10.1016/j.est.2025.117096,https://doi.org/10.1016/j.est.2025.117096,WOS:001504928800004,2058,00773b51cf78251d889dcc7dad0e62cb32275925b56129f6eeeea23f0746778d
WOS:000533512000096,"Ge-doped Li4Ti5-xGexO12 (x=0.05) as a fast-charging, long-life bi-functional anode material for lithium- and sodium-ion batteries",2020,10.1016/j.ceramint.2020.03.223,https://doi.org/10.1016/j.ceramint.2020.03.223,WOS:000533512000096,2059,223f9f3ba2b959ab2c4a838740d7a64ffd5ec1232b08e918e20f3fdca44e1c8d
WOS:000460174000020,High specific surface area porous graphene grids carbon as anode materials for sodium ion batteries,2019,10.1016/j.jechem.2018.06.002,https://doi.org/10.1016/j.jechem.2018.06.002,WOS:000460174000020,2060,e89a1ff87511373963917b9c54a754fc3917af6e58bb8ac5d26bb997a8fe7c5e
WOS:000462858700005,NASICON-type air-stable and all-climate cathode for sodium-ion batteries with low cost and high-power density,2019,10.1038/s41467-019-09170-5,https://doi.org/10.1038/s41467-019-09170-5,WOS:000462858700005,2061,0ef8a1b93498d1c1611c2a2e84a7c59118bd39fe841f73cb194fca5768238b32
WOS:000370986500013,Biomass derived hierarchical porous carbons as high-performance anodes for sodium-ion batteries,2016,10.1016/j.electacta.2015.12.002,https://doi.org/10.1016/j.electacta.2015.12.002,WOS:000370986500013,2062,40a3af6ad88f2991782a0a50011eb3127a520c146436176c6b3af86d737b9819
WOS:000827007500001,Sustainable Free-Standing Electrode from Biomass Waste for Sodium-Ion Batteries,2022,10.1002/celc.202200382,https://doi.org/10.1002/celc.202200382,WOS:000827007500001,2063,632a86c7d213e0546ff64fa9b0c63724a9d5a5099e9686c5e4d553707b139be8
WOS:000493869700057,Surface Anionization of Self-Assembled Iron Sulfide Hierarchitectures to Enhance Capacitive Storage for Alkaline -Metal Ion Batteries,2019,10.1021/acsami.9b13629,https://doi.org/10.1021/acsami.9b13629,WOS:000493869700057,2064,1a6d88e433cafec5f7141ccf7e07dedca5a07c9a01229c3a5865ecba048d83bd
WOS:000462767000029,Understanding the influence of different carbon matrix on the electrochemical performance of Na3V2(PO4)3 cathode for sodium-ion batteries,2019,10.1016/j.jallcom.2019.02.202,https://doi.org/10.1016/j.jallcom.2019.02.202,WOS:000462767000029,2065,5109055260dbb1d8fb8c706e03e99787c98cd4c413e99400c7f9ce15fac4ff86
WOS:001256432700001,Waste tire-derived graphene modified carbon as anodes for sodium-ion batteries,2024,10.1016/j.mtsust.2024.100874,https://doi.org/10.1016/j.mtsust.2024.100874,WOS:001256432700001,2066,013e5c9bfcda816aad026f8992c17625c95f7ff6b8043a8a3d5039595d7c5227
WOS:000424109000021,Prussian Blue Analogue Mesoframes for Enhanced Aqueous Sodium-ion Storage,2018,10.3390/cryst8010023,https://doi.org/10.3390/cryst8010023,WOS:000424109000021,2067,92623183409c85fd42b6304897854394f27db3ff8d27c06aedad048006837dfd
WOS:000441583400033,A 3D graphene current collector boosts ultrahigh specific capacity in a highly uniform Prussian blue@graphene composite as a freestanding cathode for sodium ion batteries,2018,10.1039/c8nr04184a,https://doi.org/10.1039/c8nr04184a,WOS:000441583400033,2068,5ae7de7aea35948507797ec19324b35f7ba6f65f8242c34ca22533667a815b4d
WOS:000753955600022,Covalently Induced Grafting of C2N Nanoflakes onto Reduced Graphene Oxide with Dominant Pseudocapacitive Behaviors for a High-Rate Sodium-Ion Battery Anode,2021,10.1021/acssuschemeng.1c06164,https://doi.org/10.1021/acssuschemeng.1c06164,WOS:000753955600022,2069,ea9a70c373ce6932d8cbf311f7860274b7ce12e4d62843f54c7b8b461867d99b
WOS:000395077600013,A facile sol-gel route to prepare functional graphene nanosheets anchored with homogeneous cobalt sulfide nanoparticles as superb sodium-ion anodes,2017,10.1039/c6ta10272g,https://doi.org/10.1039/c6ta10272g,WOS:000395077600013,2070,b8722dc256720b7c190d963bc180d625c4ca790912464a77a2fcaf5df6eb8c64
WOS:000687451100001,One-step combustion synthesis of carbon-coated NiO/Ni composites for lithium and sodium storage,2021,10.1016/j.jallcom.2021.160927,https://doi.org/10.1016/j.jallcom.2021.160927,WOS:000687451100001,2071,907aa607718e0d31bf33068ab67b1fec6d4a81ddd89b18118b6efadca486f5a9
WOS:000939534800001,Barium ions act as defenders to prevent water from entering prussian blue lattice for sodium-ion battery,2023,10.1016/j.ensm.2023.02.011,https://doi.org/10.1016/j.ensm.2023.02.011,WOS:000939534800001,2072,67c2a37854a21e5b2146692f8c5afde80cfb96b96dd30588b813651d33c1a0d8
WOS:000462770300006,Facile Synthesis of Amorphous Ge Supported by Ni Nanopyramid Arrays as an Anode Material for Sodium-Ion Batteries,2019,10.1002/open.201900024,https://doi.org/10.1002/open.201900024,WOS:000462770300006,2073,e04550e6c1ae6828e1efe5b5a3847fc7c0432e7572caaff8049264a910780379
WOS:000779734800001,An expanded sandwich-like heterostructure with thin FeP nanosheets@graphene via charge-driven self-assembly as high-performance anodes for sodium ion battery,2022,10.1039/d2nr00691j,https://doi.org/10.1039/d2nr00691j,WOS:000779734800001,2074,1d0f6846b2cdfd7cf9d34824ee5c0d03b9e862b112efe59c6181306d8348624d
WOS:000366940100033,SnO2/super P nanocomposites as anode materials for Na-ion batteries with enhanced electrochemical performance,2016,10.1016/j.jallcom.2015.10.212,https://doi.org/10.1016/j.jallcom.2015.10.212,WOS:000366940100033,2075,6d1572aef3f41fa4092dff8a0083c292da2e6beeb9c6db5da50183878abd3cb1
WOS:000390732100097,Synthesis of nanosheet-structured Na3V2(PO4)3/C as high-performance cathode material for sodium ion batteries using anthracite as carbon source,2017,10.1016/j.ceramint.2016.11.018,https://doi.org/10.1016/j.ceramint.2016.11.018,WOS:000390732100097,2076,73ff05f280cdf0779d29e6b59b5293c991b605a28a0ef960a0e5e630a971c21e
WOS:001519025100006,Phase-coexisting heterojunction transformation from residual nickel in entropy-regulated high-nickel cathode materials,2025,10.1016/j.cej.2025.164652,https://doi.org/10.1016/j.cej.2025.164652,WOS:001519025100006,2077,fd5ec02e645efb225e4388d8b363ab77a93be5f4c0d5ba4d5d277cdba54a7bc2
WOS:001625829700004,Demetallized blueberry wine pomace-derived hard carbon: Structural optimization for high-capacity sodium-ion battery anodes,2026,10.1016/j.est.2025.119461,https://doi.org/10.1016/j.est.2025.119461,WOS:001625829700004,2078,d7393f59ace7cca7efc9155ae778e1747008869586d0da488802dcf09c890b82
WOS:001400468200001,Enhancement of electrochemical performance of sodium-ion battery cathode material Na0.67Ni0.33Mn0.67O2 by Zn/Al co-substitution,2025,10.1016/j.inoche.2024.113874,https://doi.org/10.1016/j.inoche.2024.113874,WOS:001400468200001,2079,d80216dd15c6b10e873789b270b911df61f75b28e53dbeee98a172e4e0b8ffd7
WOS:000450899000018,Novel Core-Shell-Type Design of Na0.5[Li0.5(Ni0.8Co0.1Mn<sub >0.1)1-x (Ni0.5Co0.1Mn0.4)x]O< sub>2 Cathode Material for Sodium-Ion Batteries,2019,10.1166/jnn.2019.16178,https://doi.org/10.1166/jnn.2019.16178,WOS:000450899000018,2080,9651002e8f6ad21cbfd009d5f68dd75e115c77e46c529f7a0169ecf740b7e567
WOS:001144594300001,Prolonging the Cycle Stability of Anion Redox P3-Type Na0.6Li0.2Mn0.8O2 through Al2O3 Atomic Layer Deposition Surface Modification,2024,10.1021/acsami.3c15720,https://doi.org/10.1021/acsami.3c15720,WOS:001144594300001,2081,16fb2dcc98da6b16faf87bc160e072f85ceb93bb1a7bc44c6ad303a9f70683df
WOS:001279432500001,Deciphering the structural and kinetic factors in lithium titanate for enhanced performance in Li plus /Na plus dual-cation electrolyte,2024,10.1016/j.jcis.2024.07.159,https://doi.org/10.1016/j.jcis.2024.07.159,WOS:001279432500001,2082,3cce7025a56c7c08679a02a0d23cf47f9e7b20da28a78d105cf03a69b89b8bcb
WOS:001433483000001,Low-Valence Mg2+ Doping Suppresses Irreversible Phase Transition of Sodium-Rich Fluorophosphate upon Additional Na+ Deintercalation,2025,10.1021/acsaem.4c03216,https://doi.org/10.1021/acsaem.4c03216,WOS:001433483000001,2083,025f37fbf440c80d8474a79954e7e11a45582dfe332d450026d3da5bff4bdb86
WOS:001633534900003,Cut-off-voltage-controlled phase transformations in hollow Cu2-xSe cube enables high-rate and long-life sodium-ion batteries,2025,10.1016/j.jallcom.2025.185333,https://doi.org/10.1016/j.jallcom.2025.185333,WOS:001633534900003,2084,f5b2334341b8b0a3b8d3ca2c13333ab993630069f92bddafe4b2b8a6db5e5f60
WOS:000689152400004,α-Fe2O3 conversion anodes with improved Na-Storage properties by Sb addition,2021,10.1016/j.matchemphys.2021.125023,https://doi.org/10.1016/j.matchemphys.2021.125023,WOS:000689152400004,2085,a0f60423b32e9d808cee239acb9bfdfafd37de8f108d44794605c03b7e974258
WOS:001409953400001,NaDFOB and FEC as Electrolyte Additives Enabling Improved Cyclability of Sodium Metal Batteries and Sodium Ion Batteries,2025,10.1002/celc.202400597,https://doi.org/10.1002/celc.202400597,WOS:001409953400001,2086,85fe672afd18cca9fca59ec14904b4ed657a0e3e580b673a383856987ba0bd59
WOS:000615756800002,Kinetic properties of sodium-ion transfer at the interface between graphitic materials and organic electrolyte solutions,2021,10.1007/s10800-020-01523-z,https://doi.org/10.1007/s10800-020-01523-z,WOS:000615756800002,2087,f79636818b340731e3360fdf8f39df535b49e0d98debcbd4367ea3811836dca3
WOS:000440287100030,Amorphous germanium as a promising anode materia for sodium ion batteries: a first principle study,2018,10.1007/s10853-018-2661-1,https://doi.org/10.1007/s10853-018-2661-1,WOS:000440287100030,2088,d011c8271c6e8aa043ea60918138d7a6b951456426808196237f6d06b70ed81b
WOS:000777171600056,Ice-Assisted Synthesis of Highly Crystallized Prussian Blue Analogues for All-Climate and Long-Calendar-Life Sodium Ion Batteries,2022,10.1021/acs.nanolett.1c04492,https://doi.org/10.1021/acs.nanolett.1c04492,WOS:000777171600056,2089,962c56db179c8f14b6c528caf22497598376635c7f1619b55d45beaae5d37d53
WOS:000532234900003,Effects of Mn-Doping on the Structural and Electrochemical Properties of Na3Ni2SbO6 for Sodium-Ion Battery.,2020,10.1002/batt.201900166,https://doi.org/10.1002/batt.201900166,WOS:000532234900003,2090,784a0f37841e6e97ebafcb5659de2b42673bf5a8e237bbf2cc25bc66273d8678
WOS:000352224200001,Synthesis and Electrochemical Performance of Fe2(MoO4)3/Carbon Nanotubes Nanocomposite Cathode Material for Sodium-Ion Battery,2015,10.1149/2.0011505jss,https://doi.org/10.1149/2.0011505jss,WOS:000352224200001,2091,02141638be3bd1cf16f79a92cd679d5901e8e325ca40130dfb959fdc0d919713
WOS:000444100500007,High-temperature treatment induced carbon anode with ultrahigh Na storage capacity at low-voltage plateau,2018,10.1016/j.scib.2018.07.018,https://doi.org/10.1016/j.scib.2018.07.018,WOS:000444100500007,2092,11c640857be255b490473ccd4a23f5c1e74b7ee3f9e2077ad3e6cc521081a716
WOS:000345637900052,Synthesis and electrochemical performance of rod-like CuFe2O4 as an anode material for Na-ion battery,2015,10.1016/j.matlet.2014.10.019,https://doi.org/10.1016/j.matlet.2014.10.019,WOS:000345637900052,2093,4b9819b4a073113d95a32509d8aaed1e4120b5a5a8edb873372d2dc02691fe0e
WOS:000393446500059,Amorphous TiO2 inverse opal anode for high-rate sodium ion batteries,2017,10.1016/j.nanoen.2016.12.005,https://doi.org/10.1016/j.nanoen.2016.12.005,WOS:000393446500059,2094,c790b0117a8c01512e5a847312732144e61f847d28ed91600cd659816238f852
WOS:000417484000075,Rice husk-derived hard carbons as high-performance anode materials for sodium-ion batteries,2018,10.1016/j.carbon.2017.11.054,https://doi.org/10.1016/j.carbon.2017.11.054,WOS:000417484000075,2095,bc96b8bf6edb9a87e8ef1f3632326e4a6a2028c900851de0453d0593340b7bf6
WOS:000581738300036,Electrodeposited binder-free Sb/NiSb anode of sodium-ion batteries with excellent cycle stability and rate capability and new insights into its reaction mechanism by operando XRD analysis,2020,10.1016/j.nanoen.2020.105123,https://doi.org/10.1016/j.nanoen.2020.105123,WOS:000581738300036,2096,b12821649a6839d72abbd3c0c96afaca6f7c066794e71e9bec4f6b230f60359f
WOS:001143046500001,Cobalt Oxide 2D Nanosheets Formed at a Polarized Liquid|Liquid Interface toward High-Performance Li-Ion and Na-Ion Battery Anodes,2023,10.1021/acsami.3c11795,https://doi.org/10.1021/acsami.3c11795,WOS:001143046500001,2097,3e95c163842ae04f8dc4ae8c8f31b2dd0304bc02157aa5756f8162d379e8683a
WOS:000387390600017,Reduced Graphene Oxide/Disodium Terephthalate Composites via Ultrasonic-assisted Co-Precipitation for Sodium Ion Battery Anodes,2016,10.1002/bkcs.10986,https://doi.org/10.1002/bkcs.10986,WOS:000387390600017,2098,50ff8fd5b265c52d6bee37fe5e4f5bbec00c3f21a6450674916b1f8d496900fb
WOS:000555420600027,Hetero tri metallic Precursor with 2:2:1 Metal Ratio Requiring at Least a Pentanuclear Molecular Assembly,2020,10.1021/jacs.0c05139,https://doi.org/10.1021/jacs.0c05139,WOS:000555420600027,2099,6f461d73fc2a40b43dccbfd42a801431a5c0b5624fae2ed33d032d83cb0a8e67
WOS:000415319700002,Nitrogen and sulfur dual-doped carbon films as flexible free-standing anodes for Li-ion and Na-ion batteries,2018,10.1016/j.carbon.2017.09.099,https://doi.org/10.1016/j.carbon.2017.09.099,WOS:000415319700002,2100,6a845fdb8403818f244a8801d907df3635246793672cf881bca0bbc49e2813c0
WOS:001509126000003,Boosting sodium-ion storage in hard carbon via polyethylene glycol cross-linked phenolic resin,2025,10.1016/j.electacta.2025.146572,https://doi.org/10.1016/j.electacta.2025.146572,WOS:001509126000003,2101,6a11e503cd4dca19d8276d648500ab9b032f3ebce4d80a136cd8282da71f0ee0
WOS:000462495700003,Mesoporous ZnCo2O4/rGO nanocomposites enhancing sodium storage,2019,10.1088/1361-6528/ab0504,https://doi.org/10.1088/1361-6528/ab0504,WOS:000462495700003,2102,a71ab34318119ebc1ae13a1bfdb8b61e3252631ed7f58cdf43a2f5dc21add3f7
WOS:001496207300002,Role of Oxygen Functional Groups in Electrochemical Sodium Ion Intercalation into Oxygen-Functionalized Graphitic Carbon Materials,2025,10.5796/electrochemistry.25-00050,https://doi.org/10.5796/electrochemistry.25-00050,WOS:001496207300002,2103,0fe70685bd175a7bd34403ec894e0aa12ecfa34acc5ee97cade1027253a62c6e
WOS:000599502600004,Recent progress of phosphorus composite anodes for sodium/potassium ion batteries,2021,10.1016/j.ensm.2020.10.003,https://doi.org/10.1016/j.ensm.2020.10.003,WOS:000599502600004,2104,727003ad7733fc5e9e4c7247c0c35d5a2423fdfe4cf59f2478b2282f617055f1
WOS:000454751600019,Electrospun Kraft Lignin/Cellulose Acetate-Derived Nanocarbon Network as an Anode for High-Performance Sodium-Ion Batteries,2018,10.1021/acsami.8b13033,https://doi.org/10.1021/acsami.8b13033,WOS:000454751600019,2105,6d70c78dafc16c3076e69e6c98c35208df83e40dd7085902203635aa3921e898
WOS:000493350600004,Degradation mechanism of tin phosphide as Na-ion battery negative electrode,2019,10.1016/j.gee.2019.01.001,https://doi.org/10.1016/j.gee.2019.01.001,WOS:000493350600004,2106,4e4ba1062cd3b9a1d2117101169654ece2f0b7bb05656276067d2fcf1bd92fe7
WOS:000701871500015,High-capacity Bi2O3 anode for 2.4 V neutral aqueous sodium-ion battery-supercapacitor hybrid device through phase conversion mechanism,2022,10.1016/j.jechem.2021.06.028,https://doi.org/10.1016/j.jechem.2021.06.028,WOS:000701871500015,2107,d4d0f89a8ece6cf41f907caa3642a1145a65b21486eaff7c2a45fe68c25688a5
WOS:001433389400001,DMSO delaminated titanium carbide MXene with exalted cyclability for sodium ion batteries,2025,10.1016/j.jallcom.2025.179301,https://doi.org/10.1016/j.jallcom.2025.179301,WOS:001433389400001,2108,292044c3499c624c340ccd522464d9b93a8e42a5480094ddab66dd67304a3f4a
WOS:000463032200023,Exceptionally highly stable cycling performance and facile oxygen-redox of manganese-based cathode materials for rechargeable sodium batteries,2019,10.1016/j.nanoen.2019.02.042,https://doi.org/10.1016/j.nanoen.2019.02.042,WOS:000463032200023,2109,701f4dd96e697d1bf05f544c434e263ada5c1943df4040298fb3d36367f1fd15
WOS:001026635300001,"Bi nanoparticles confined in N,S co-doped carbon nanoribbons with excellent rate performance for sodium-ion batteries",2023,10.1039/d3dt01015e,https://doi.org/10.1039/d3dt01015e,WOS:001026635300001,2110,753d618f9258ab8695902f36d63ddeb1c6a51ed7b6ef6d4b281366c99d7579f7
WOS:000400024500026,Confined Amorphous Red Phosphorus in MOF-Derived N-Doped Microporous Carbon as a Superior Anode for Sodium-Ion Battery,2017,10.1002/adma.201605820,https://doi.org/10.1002/adma.201605820,WOS:000400024500026,2111,a4a50e6564f364b20f486be153844987bbbee9b822547144ac3c5040d689c167
WOS:000473251100035,Growth of Bouquet-like Zn2GeO4 Crystal Clusters in Molten Salt and Understanding the Fast Na-Storage Properties,2019,10.1021/acsami.9b05003,https://doi.org/10.1021/acsami.9b05003,WOS:000473251100035,2112,d4e168cd72c45d7bd45d93238642ffe2682acf22be6aba2b8cea58bc9e8c068a
WOS:001533252700001,Engineered microstructure design of petroleum asphalt-derived hard carbon via dual chemical modification: process optimization for advanced sodium-ion battery anodes,2025,10.1016/j.ces.2025.122143,https://doi.org/10.1016/j.ces.2025.122143,WOS:001533252700001,2113,6b799b290fcca9b798034c1772b638dbd47f59c9a573b3564dcbc76dc4f73f19
WOS:001209817800001,Designing air-stable vanadium tetrasulfides anode materials via C-O-S bonding for potassium-ion and sodium-ion batteries,2024,10.1016/j.electacta.2024.144053,https://doi.org/10.1016/j.electacta.2024.144053,WOS:001209817800001,2114,50f2c982d2637d6da5363c6f3bb8f0c37d13fe56595d58933b3c2ce5b53f408d
WOS:000493660500028,Two-dimensional Ti3C2Tx@S as cathode for room temperature sodium-sulfur batteries,2019,10.1007/s11581-019-03074-6,https://doi.org/10.1007/s11581-019-03074-6,WOS:000493660500028,2115,5af9e5c50fb27dcae776e95b3385f4de772beb2f18762a6888966868b4e7665a
WOS:000366006400017,Two-Dimensional Transition Metal Dichalcogenide Mono layers as Promising Sodium Ion Battery Anodes,2015,10.1021/acs.jpcc.5b09935,https://doi.org/10.1021/acs.jpcc.5b09935,WOS:000366006400017,2116,b54c9d63aebf2d462f19d6153ebc485ffa72b16be494d82ed1ad8bd4f795ee87
WOS:001353844400001,Effect of concentration of dextrose-derived hard carbon anode on the electrochemical performance for sodium-ion batteries,2025,10.1007/s10008-024-06136-6,https://doi.org/10.1007/s10008-024-06136-6,WOS:001353844400001,2117,c68999136807bc0465cddacac56434ccf88f1f2b8413959d0ac8d6a6ed44df21
WOS:001387412700001,Unraveling the Function Mechanism of N-Doped Carbon-Encapsulated Na3V2(PO4)3 Cathode toward High-Performance Sodium-Ion Battery with Ultrahigh Cycling Stability,2024,10.1021/acsami.4c14656,https://doi.org/10.1021/acsami.4c14656,WOS:001387412700001,2118,3a27e05a8cd7dd056591b925161acc23928ae1b36549d8c91af0ef59954b0701
WOS:000440546600013,"Cu2S@ N, S Dual-Doped Carbon Matrix Hybrid as Superior Anode Materials for Lithium/Sodium ion Batteries",2018,10.1002/celc.201800401,https://doi.org/10.1002/celc.201800401,WOS:000440546600013,2119,55eb82964822cf3b48927b033d2424aa5978d92cd73f2c1363f82142e1ad2bd3
WOS:000380076700014,Effect of nickel and iron on structural and electrochemical properties of O3 type layer cathode materials for sodium-ion batteries,2016,10.1016/j.jpowsour.2016.05.064,https://doi.org/10.1016/j.jpowsour.2016.05.064,WOS:000380076700014,2120,e4614cedfc5ec4e121bae42523be2f0da11cefd94590684f5ac6d7a0fcd4a75e
WOS:001150204500007,Enhanced conductivity and stability of Prussian blue cathodes in sodium-ion batteries by surface vapor-phase molecular self-assembly,2024,10.1007/s12274-023-6394-3,https://doi.org/10.1007/s12274-023-6394-3,WOS:001150204500007,2121,c3c68e4cf32f35da1462090b0e26fd5dbab4fcb346efee1aeecf0432ba286c16
WOS:001521009700001,FeSe2/MoSe2 heterostructures: interface engineering for enhanced high-rate sodium-ion storage,2025,10.1039/d5tc00855g,https://doi.org/10.1039/d5tc00855g,WOS:001521009700001,2122,b1cb059ff10deed06969fc6f41b5e07a67429f3c5a7b7c648b155a3fc13309e3
WOS:000453826200103,Robustly immobilized Ni2P nanoparticles in porous carbon networks promotes high-performance sodium-ion storage,2019,10.1016/j.jallcom.2018.10.373,https://doi.org/10.1016/j.jallcom.2018.10.373,WOS:000453826200103,2123,c6023ce75d96dd0c6bbde65173c2c368c9af3526b5e12b8e64462a1517b8d1a4
WOS:001306585300001,"Self-supporting, low-tortuosity hard carbon for superior sodium-ion batteries",2024,10.1007/s12598-024-02763-0,https://doi.org/10.1007/s12598-024-02763-0,WOS:001306585300001,2124,4d7f0b314d2e71f26b61e0c3613fe551b443f357d52ccae207778efb6f755343
WOS:000922386800001,The synergistic effect of Ti and Nb in TiNbC leads to enhanced anode performance for Na-ion batteries-first-principles calculations,2023,10.1088/1402-4896/acb46a,https://doi.org/10.1088/1402-4896/acb46a,WOS:000922386800001,2125,181d641af595278ba433fbbf5557612004bd565872f47248d58992e1697b0467
WOS:001585398600001,Tuning electrochemical performance of Fe hyper-doped TiO2 anodes for Na-ion batteries,2025,10.1111/jace.70282,https://doi.org/10.1111/jace.70282,WOS:001585398600001,2126,7b90b0f113579ea569b4333f7c7c122475f8b69d4f7ece231132f37e3675b822
WOS:000354140800020,Na0.44MnO2 with very fast sodium diffusion and stable cycling synthesized via polyvinylpyrrolidone-combustion method,2015,10.1016/j.jpowsour.2015.03.087,https://doi.org/10.1016/j.jpowsour.2015.03.087,WOS:000354140800020,2127,af8c39a726570ba1494edd730e87721931fefbb88ae4d410fbb4bd4ec68ea61a
WOS:000474712700028,A nanoarchitectured Na6Fe5(SO4)8/CNTs cathode for building a low-cost 3.6V sodium-ion full battery with superior sodium storage,2019,10.1039/c9ta03089a,https://doi.org/10.1039/c9ta03089a,WOS:000474712700028,2128,18e6f14afffa54ee47fd78a2c94aeb077c6e84f1b1fe7e926e2615f19e1c895e
WOS:000891934200007,MXene conversion to V2S3 heterostructure in CS2 ambient: A novel approach for sodium-ion battery anodes,2022,10.1016/j.mtener.2022.101184,https://doi.org/10.1016/j.mtener.2022.101184,WOS:000891934200007,2129,8570b6b11d7324fd848c7068ba12998464a03a35186b7e9c28b3946ed96bedec
WOS:000359683600040,Carbon Encapsulated Tin Oxide Nanocomposites: An Efficient Anode for High Performance Sodium-Ion Batteries,2015,10.1021/acsami.5b04178,https://doi.org/10.1021/acsami.5b04178,WOS:000359683600040,2130,5386e9d7e91a4e260d02d5361b17a85f73b0e9101fde779dccc0c0a8e8500d53
WOS:000406646300023,Porous and Low-Crystalline Manganese Silicate Hollow Spheres Wired by Graphene Oxide for High-Performance Lithium and Sodium Storage,2017,10.1021/acsami.7b06088,https://doi.org/10.1021/acsami.7b06088,WOS:000406646300023,2131,6defa0e6f196cbc6bd340ac1440dfcf64d4f70eb61a75b199d0c130420474b9b
WOS:000365216000039,Three-dimensional hard carbon matrix for sodium-ion battery anode with superior-rate performance and ultralong cycle life,2015,10.1039/c5ta07223a,https://doi.org/10.1039/c5ta07223a,WOS:000365216000039,2132,46043a59293d3dfe71fe3a670b1c8b3d92b6a34fbb2672dcc62b8c07e7c2ea04
WOS:000790452500003,Superionic conductivity and large capacitance behaviors of two-metal MXenes WCrC in sodium ion battery,2022,10.1016/j.vacuum.2022.111054,https://doi.org/10.1016/j.vacuum.2022.111054,WOS:000790452500003,2133,69565ccd1743b43e885dc4771b0dbbeba08e814827df0042a741a8969d3645ed
WOS:000467535500052,Yolk-shell Prussian blue nanoparticles with fast ion diffusion for sodium-ion battery,2019,10.1016/j.matlet.2019.04.102,https://doi.org/10.1016/j.matlet.2019.04.102,WOS:000467535500052,2134,6a490c6ed1dc3d678398ac2d92947899bf6c98157500fb48360e42524a185c03
WOS:000370866700015,NaMn2-xNixO4 Derived from Mesoporous LiMn2-xNixO4 High-Voltage Spinel Cathode Materials for Na-Ion Batteries,2016,10.1149/2.0831605jes,https://doi.org/10.1149/2.0831605jes,WOS:000370866700015,2135,c5642f6041067058aa8e713136856b97900822d73aec665903653faa13062857
WOS:000696501800028,K2Ti4O9 Nanoribbon Arrays Functionalized with Graphene Quantum Dots for Superior Pseudocapacitive Sodium Storage,2021,10.1002/celc.202100856,https://doi.org/10.1002/celc.202100856,WOS:000696501800028,2136,39e7dccaad6eefb4b34cd12d3a452ee085a03e54779aeab1f79a895e219d53d6
WOS:000991455200001,Effect of Carbonization Behaviour of Cotton Biomass in Electrodes for Sodium-Ion Batteries,2023,10.1002/celc.202300127,https://doi.org/10.1002/celc.202300127,WOS:000991455200001,2137,2cc26b5c5814e6362828545f8a099097790aa1d661ee2efbc1b31bc769d9363b
WOS:001340109300001,"Oxide cathode materials NaxTMO2 (TM = Mn, Ni, Fe) for sodium-ion batteries: A review of factors influencing multiphase formation and mechanisms of multiphase interactions",2024,10.1016/j.est.2024.114279,https://doi.org/10.1016/j.est.2024.114279,WOS:001340109300001,2138,82f3633926a6eb8919c3b137bc25a175dc1c172f659bbf5c9a2c3be0fdf36fc8
WOS:001308188500001,Introducing nanodiamond-modified electrolyte to realize high capacity and rate performance of sodium ion batteries,2024,10.1016/j.jpowsour.2024.235358,https://doi.org/10.1016/j.jpowsour.2024.235358,WOS:001308188500001,2139,2d6348b7a05cc8c1fd1afb41f357bba0c5d8fb63b9dc5adeaa65440b56375765
WOS:001483976600001,Entropic design strategy to enhance cycling stability of layered iron-based fluorophosphates in sodium-ion batteries,2025,10.1016/j.est.2025.116578,https://doi.org/10.1016/j.est.2025.116578,WOS:001483976600001,2140,a32c9ab9a1be874cddc8fbef649656c6d205073684c5b789a6c8bab33a1d48e5
WOS:000956875100001,Bifunctional structure modulation of Sb-based sulfide for boosting fast and high-capacity sodium storage,2023,10.1039/d3qi00173c,https://doi.org/10.1039/d3qi00173c,WOS:000956875100001,2141,e20ff5ddcc5eef37d85183689a762b587c7e1aebe74fee37f592573080d4670c
WOS:000702538600002,A highly-stable layered Fe/Mn-based cathode with ultralow strain for advanced sodium-ion batteries,2021,10.1016/j.nanoen.2021.106206,https://doi.org/10.1016/j.nanoen.2021.106206,WOS:000702538600002,2142,0cc7afd7d10fe40913c1dfb7b44a06f8a41760af8dfad52863b8042e0c7da1c1
WOS:000483604500071,Enhancing the Electrochemical Performance of SbTe Bimetallic Anodes for High-Performance Sodium-Ion Batteries: Roles of the Binder and Carbon Support Matrix,2019,10.3390/nano9081134,https://doi.org/10.3390/nano9081134,WOS:000483604500071,2143,e46a418e7c855937bd48ada07d46e0728f81e215b9bb8038b5454ec46d74a098
WOS:000793467100003,Multi-heteroatom-doped hollow carbon nanocages from ZIF-8@CTP nanocomposites as high-performance anodes for sodium-ion batteries,2022,10.1016/j.coco.2022.101116,https://doi.org/10.1016/j.coco.2022.101116,WOS:000793467100003,2144,f50a6963c2fbad346cee6424acf69a6f27217bec54be7e47942e544660cc1e15
WOS:000512715400001,Dial the Mechanism Switch of VN from Conversion to Intercalation toward Long Cycling Sodium-Ion Battery,2020,10.1002/aenm.201903712,https://doi.org/10.1002/aenm.201903712,WOS:000512715400001,2145,c8d3fa9a40e6d95181e01b852eaf5273e8fbf4254ba0dc0c05636548a3ac75b5
WOS:001134465200001,N/S co-doped carbon electrode material made from saponin pod skin for sodium ion battery with high performance,2024,10.1016/j.est.2023.109872,https://doi.org/10.1016/j.est.2023.109872,WOS:001134465200001,2146,9cda7b175d5a6c74b7013e50c7be630bfae312830702ce13ab07f864c587e617
WOS:000683571900008,Facile synthesis of high capacity P2-type Na2/3Fe1/2Mn1/2O2 cathode material for sodium-ion batteries,2021,10.1016/s1003-6326(21)65639-x,https://doi.org/10.1016/s1003-6326(21)65639-x,WOS:000683571900008,2147,ed1ee06bc6d96b235f72dee60f0d21c39acaade4a77b4f9171016d245bc35ba2
WOS:001423055700001,Heterointerface magic: How FeS2/NiS2@NC nanoparticles transform sodium-ion battery anode performance,2025,10.1016/j.jcis.2025.01.274,https://doi.org/10.1016/j.jcis.2025.01.274,WOS:001423055700001,2148,48d83c8e7e2c8e97103b5a4d32045e14698e2362acaccf60592b3690a449e439
WOS:001475965400001,"Ti-Doped, Mn-Based Polyanionic Compounds of Na4Fe1.2Mn1.8(PO4)2</su b>P2O7 for Sodium-Ion Battery Cathode",2025,10.3390/nano15080581,https://doi.org/10.3390/nano15080581,WOS:001475965400001,2149,853556ff58feec6d7f91130c301fc3c55e9b4da2950dd1f1b1273b7d81226fa6
WOS:000719335600004,In situ polyaniline coating of Prussian blue as cathode material for sodium-ion battery,2021,10.1098/rsos.211092,https://doi.org/10.1098/rsos.211092,WOS:000719335600004,2150,e147fa1c543677def6b8bd95e1a0a9e0e3ca961b232cfcaea2e4ecff6be8a4c8
WOS:000917835000012,Hollow-structured CoSe2/C Anode Materials: Preparation and Sodium Storage Properties for Sodium-ion Batteries,2022,10.15541/jim20220224,https://doi.org/10.15541/jim20220224,WOS:000917835000012,2151,76d9c94ae79a9b376e441eb40082aec147a4f13dfa0ac990fd36943e2dbe7085
WOS:000861784200001,Synergistic Modification of Fe-Based Prussian Blue Cathode Material Based on Structural Regulation and Surface Engineering,2022,10.1021/acsami.2c11823,https://doi.org/10.1021/acsami.2c11823,WOS:000861784200001,2152,15b993e13546592fedd1483654c71eb163bf15b87ea644aec0f68b9acbbae3a9
WOS:000455264600053,Agglomeration-resistant 2D nanoflakes configured with super electronic networks for extraordinary fast and stable sodium-ion storage,2019,10.1016/j.nanoen.2018.11.091,https://doi.org/10.1016/j.nanoen.2018.11.091,WOS:000455264600053,2153,1d64b96bafa4d4a12118ae699cf288adbf492137cba565cd1e30b0a4515b1f55
WOS:000511931800016,Facile Synthesis of Bi2MoO6 Nanosheets@Nitrogen and Sulfur Codoped Graphene Composites for Sodium-ion Batteries,2020,10.1007/s40242-020-9069-6,https://doi.org/10.1007/s40242-020-9069-6,WOS:000511931800016,2154,ca7a3dc1795ff434fc5f6d5f9783f63f7906e94b7b67cdfc3ae047f6d66d943f
WOS:000526552100028,Electrode Design for High-Performance Sodium-Ion Batteries: Coupling Nanorod-Assembled Na3V2(PO4)3@C Microspheres with a 3D Conductive Charge Transport Network,2020,10.1021/acsami.9b22746,https://doi.org/10.1021/acsami.9b22746,WOS:000526552100028,2155,aa595892627b9e7111fb69f8f1763a748c474536f1d62869094c5de7ab88edd2
WOS:000378584800050,Double-Nanocarbon Synergistically Modified Na3V2(PO4)3: An Advanced Cathode for High-Rate and Long-Life Sodium-Ion Batteries,2016,10.1021/acsami.6b03410,https://doi.org/10.1021/acsami.6b03410,WOS:000378584800050,2156,276248caa92e0e457c328330b3774bef6ab7d7bbc3417580d5f9c4cd41037743
WOS:000406232900025,Electrochemical properties of BiFeO3 nanoparticles: Anode material for sodium-ion battery application,2017,10.1016/j.mssp.2017.06.003,https://doi.org/10.1016/j.mssp.2017.06.003,WOS:000406232900025,2157,b25134619a4a6093134e0096652183c7a8c9b7d99d8a83a36fcf10104db9c622
WOS:001414212800001,High-Performance P2-Na0.67MnO2 Cathode Enabled by the Synergistic Effect of Mg/Ti Co-doping Strategy,2025,10.1007/s11664-025-11775-0,https://doi.org/10.1007/s11664-025-11775-0,WOS:001414212800001,2158,57eb2f5b7f2d2446c59ff6777ce8545445e21f39f94e29ee891e47e2de774c2b
WOS:001582717200001,"Synergistic Li-Na co-alloying for high-capacity, long-life, dual-alkali ion batteries",2025,10.1016/j.nanoen.2025.111443,https://doi.org/10.1016/j.nanoen.2025.111443,WOS:001582717200001,2159,ecd668e83e75476fc3435659b86e09735ccff0557af1fbbfca2ad54ded68f5c7
WOS:001350172800001,Boron/phosphorus co-doped nitrogen-rich carbon nanofiber with flexible anode for robust sodium-ion battery,2025,10.1016/j.cclet.2024.110452,https://doi.org/10.1016/j.cclet.2024.110452,WOS:001350172800001,2160,d6066511d345e6abab55fbc338fc9f4c0d3773bf3c2439b31bfb518feb68a029
WOS:000558662500011,Operando Synchrotron-Based X-ray Study of Prussian Blue and Its Analogue as Cathode Materials for Sodium-Ion Batteries,2020,10.1021/acs.jpcc.0c05459,https://doi.org/10.1021/acs.jpcc.0c05459,WOS:000558662500011,2161,a37bb0af75c6c2e43720a59eaf14780a53f2c17114e10b7d4076d0bd0f97bb96
WOS:001254137200001,Multiphase riveting structure constructed by slight molybdenum for enhanced P3/O3 layer-structured oxide cathode material,2024,10.1016/j.cej.2024.152787,https://doi.org/10.1016/j.cej.2024.152787,WOS:001254137200001,2162,8f0152c8b0f46e003839fe28d709e534e90f1853a105d17c9f9173324e8da1bd
WOS:001488096300002,In situ synthesis of cellulose/carbon nanotubes/molybdenum disulfide composite with ultrahigh capacity and enhanced coulombic efficiency for sodium ion battery,2025,10.1016/j.jpowsour.2025.237262,https://doi.org/10.1016/j.jpowsour.2025.237262,WOS:001488096300002,2163,058ffd335f6ac17eebd31d531a5bb19deab0111f63ba06e004f682645a090148
WOS:001537092900001,Bismuth Embedded in Holey Expanded Graphite as a Sodium Ion Battery Anode with Superior Rate Capability,2025,10.1021/acsami.5c08727,https://doi.org/10.1021/acsami.5c08727,WOS:001537092900001,2164,8ed746409cf27bcafad79b7d825e0ca58f92b815ac574e805463ce196de37c70
WOS:000451271600010,"Layer-Structured Ti Doped O3-Na1-xCr1-xTixO< sub>2 (x=0, 0.03, 0.05) with Excellent Electrochemical Performance as Cathode Materials for Sodium Ion Batteries",2018,10.1063/1674-0068/31/cjcp1802013,https://doi.org/10.1063/1674-0068/31/cjcp1802013,WOS:000451271600010,2165,ae360b8029e2209befbcb6eeb5e0fefa78db7ec6a72096ee011126d07d55dfa2
WOS:001116904700009,Hierarchical Ti3C2/TiO2/MoS2 Composite as an Anode Material for Sodium-ion Batteries,2023,10.1007/s40242-023-3196-9,https://doi.org/10.1007/s40242-023-3196-9,WOS:001116904700009,2166,39d2f1f27e8dc6a15c0fdaafea33cad13a85afe25c2a3a61903008f71d8d2073
WOS:000492359300001,Layered Co/Ni-free Mn-rich oxide P2-Na2/3Mn0.8Fe0.1Mg0.1O<sub >2 as high-performance cathode material for sodium-ion batteries,2020,10.1007/s11581-019-03208-w,https://doi.org/10.1007/s11581-019-03208-w,WOS:000492359300001,2167,1529ae663135ee3ba7c37c3e05b87f06625aced35bbaa84827837e1f4bf9aa96
WOS:000535488900001,Interlayer Engineering of Molybdenum Trioxide toward High-Capacity and Stable Sodium Ion Half/Full Batteries,2020,10.1002/adfm.202001708,https://doi.org/10.1002/adfm.202001708,WOS:000535488900001,2168,79811ea4aa1fdfe271631f528b4fe8ae08d627a14305dcf105a89611a5db46b0
WOS:001153347400001,Regulating solid electrolyte interphase film on fluorine-doped hard carbon anode for sodium-ion battery,2024,10.1002/cey2.503,https://doi.org/10.1002/cey2.503,WOS:001153347400001,2169,2646172e27833282340811a614ed563de3c86a2b59f248c8c22497656896a489
WOS:000701235900002,A vacancy-free sodium manganese hexacyanoferrate as cathode for sodium-ion battery by high-salt-concentration preparation,2021,10.1016/j.jallcom.2021.161388,https://doi.org/10.1016/j.jallcom.2021.161388,WOS:000701235900002,2170,fdd1f65d32b02a1823017f1ab9ce57cd35f87632d6b895db02d196ac024ac42a
WOS:001149694200001,Synergetic anion-cation co-doping in Na0.44MnO2 boosting a high-stability and improved-kinetics cathode for sodium ion battery,2024,10.1016/j.ensm.2023.103161,https://doi.org/10.1016/j.ensm.2023.103161,WOS:001149694200001,2171,92b3f9cd7a480e8be90e51ff5c5a0a427fea6bf908543416b05a0b74e5c680bb
WOS:001461382600001,"N, S Co-doped carbon-enhanced FeS2 yolk-shell structure: Overcoming volume expansion and polysulfide shuttle issues in sodium-ion battery anodes",2025,10.1016/j.electacta.2025.146120,https://doi.org/10.1016/j.electacta.2025.146120,WOS:001461382600001,2172,2bee68e2fe41bdc8c62ca7730ebb8677c6f5e5e4f4bb62af6a2b6c2f10ef7dca
WOS:000963991400001,Coal tar pitch-based carbon composited Sb2Se3 microrod anode toward superior sodium storage performance,2023,10.1016/j.ceramint.2022.10.229,https://doi.org/10.1016/j.ceramint.2022.10.229,WOS:000963991400001,2173,bb15dafc3e8e590a6197188d0c1f03f54cd68a4888cf4e3d661dd452f373e415
WOS:001123848200001,"Organic Species-Intercalated Vanadium Oxide for Sodium-Ion Battery: Mixed-Anion Coordination Effect, Enhanced d-p Orbital Hybridization, and Topotactic Phase Conversion Induced by N-Substitution",2023,10.1021/acs.inorgchem.3c02974,https://doi.org/10.1021/acs.inorgchem.3c02974,WOS:001123848200001,2174,1cb7e1312201ed00b033f2cae569e911c8a87b76c7be87effe68102f0dd25511
WOS:000663710400002,Building superior layered oxide cathode via rational surface engineering for both liquid & solid-state sodium ion batteries,2021,10.1016/j.cej.2020.127788,https://doi.org/10.1016/j.cej.2020.127788,WOS:000663710400002,2175,7676ab8912c05a15e20787b1236a72fd357cdd1288c79649945f0e0c77df9d3f
WOS:001507280300006,Hierarchical Bi@SnSb nanofibers as high-rate and long-cycle sodium ions battery anodes,2025,10.1016/j.electacta.2025.146574,https://doi.org/10.1016/j.electacta.2025.146574,WOS:001507280300006,2176,87c46d7237916e9c1f33d8e8a5397a52a7ab14463f6f90718e83eb737c729ff2
WOS:000897045900001,Cyclability enhancement of CeO2/Sb2O3 composite electrode via ternary Na-storage reactions,2022,10.1016/j.ceramint.2022.08.268,https://doi.org/10.1016/j.ceramint.2022.08.268,WOS:000897045900001,2177,f6165dd5ca34449868d1453f696a2c25402e6cd5f6102f6caf4817f395a71de8
WOS:000774250800001,NiS1-xSex Nanoparticles Anchored on Nitrogen-Doped Reduced Graphene Oxide as Highly Stable Anode for Sodium-Ion Battery,2022,10.3390/pr10030566,https://doi.org/10.3390/pr10030566,WOS:000774250800001,2178,d6cbfc133584619631b160efd07e3007cab0745cc258e74670b2a29b3fc7fef0
WOS:000509377600001,Synthesis of Nitrogen-Doped Mesoporous Structures from Metal-Organic Frameworks and Their Utilization Enabling High Performances in Hybrid Sodium-Ion Energy Storages,2020,10.1002/advs.201902986,https://doi.org/10.1002/advs.201902986,WOS:000509377600001,2179,950b5275952d231102d4796dd565a120854c1ddc1ec73dcc1e6a1df5196bf453
WOS:001455668800001,Enhanced Stability of Sodium-Ion Batteries by Controlling the Synthesis Process of Binary Metal Sulfides,2025,10.1002/smll.202412776,https://doi.org/10.1002/smll.202412776,WOS:001455668800001,2180,cf080cd79a0106597ca813c146588c3aa75532b3945ecbcd01aeccc2b6d222ad
WOS:000779735200001,Copper nanowire-derived one-dimensional hollow copper sulfides as electrode materials for sodium-ion batteries,2022,10.1039/d2ce00245k,https://doi.org/10.1039/d2ce00245k,WOS:000779735200001,2181,97e3f4abb9e528db92458b7ee90a5604b64f078185eef3e6954f802f5ab31752
WOS:000536690000028,Rational design of high nitrogen-doped and core-shell/mesoporous carbon nanospheres with high rate capability and cycling longevity for pseudocapacitive sodium storage,2020,10.1039/d0ta03229h,https://doi.org/10.1039/d0ta03229h,WOS:000536690000028,2182,0d2a3fd1fdad3a2b1d2f188ddbdf54e9e966631f295dab4bc2f3040c8f7a4cb7
WOS:000402931200018,Fixed-bed assisted synthesis SnO2/SnS2/CNTs composite for enhanced sodium storage performance,2017,10.1016/j.jallcom.2017.05.055,https://doi.org/10.1016/j.jallcom.2017.05.055,WOS:000402931200018,2183,6147b9ab48cee7b14c98e7cb1f0b88756a8699d047b617ccbe2b40a8ccffdf41
WOS:000724484800008,High-rate capability of three-dimensional CNTs-decorated NaTi2(PO4)3@C microspheres for sodium energy storage,2022,10.1016/j.ceramint.2021.09.303,https://doi.org/10.1016/j.ceramint.2021.09.303,WOS:000724484800008,2184,8b8c262f14f15a13ee57d0e940222d6d4442f09a4f800b7159d5635b54ee6dd8
WOS:001371554900004,Effect of calcination temperature on the microstructure and electrochemical performance of NaFePO4/C cathode materials for sodium-ion battery,2024,10.1007/s10854-024-13986-3,https://doi.org/10.1007/s10854-024-13986-3,WOS:001371554900004,2185,74969fb8a905c8f562ac371c7b1b7056558d6d57f8f60a38b4ef8e87111f70d2
WOS:000493963500001,Improve electrochemical performances of SnS2/C by destroying the crystal structure,2020,10.1007/s11581-019-03268-y,https://doi.org/10.1007/s11581-019-03268-y,WOS:000493963500001,2186,7e0d863b62c34121c3dea7ed709025e5433e55221ddf907863151207c149b835
WOS:000946106600001,Petroleum-Pitch-Based Carbon Nanocages Encapsulated Few-Layer MoS2 with S Vacancies for a High-Performance Sodium-Ion Battery,2023,10.1021/acs.energyfuels.2c04104,https://doi.org/10.1021/acs.energyfuels.2c04104,WOS:000946106600001,2187,ee6db2af34566cf0574df808c96be5cf57e3cde2a261c995199ef2afb18cf928
WOS:001402299200001,Construction of porous-carbon supported core-shell SnO2@BaTiO3 nanosphere heterostructures as anode for high-performance sodium-ion battery,2025,10.1016/j.jpowsour.2024.236160,https://doi.org/10.1016/j.jpowsour.2024.236160,WOS:001402299200001,2188,dc08e39aaa2835eefc07867872dbe754e529e8343c303dc6496d92ccbe803ee9
WOS:000459580000011,Exploring the sodium ion storage mechanism of gallium sulfide (Ga2S3): a combined experimental and theoretical approach,2019,10.1039/c8nr09356c,https://doi.org/10.1039/c8nr09356c,WOS:000459580000011,2189,9437d72e4c26a74f183a41c3a5fb10d75acdee3b5aa34332cd75734c32237f91
WOS:000605328400015,Unraveling the stabilization mechanism of solid electrolyte interface on ZnSe by rGO in sodium ion battery,2021,10.1016/j.jechem.2020.05.046,https://doi.org/10.1016/j.jechem.2020.05.046,WOS:000605328400015,2190,f5bbea6b7bbfa2529bd78587e0762a28f7489cf82def1b64da006ee6c2f0717c
WOS:000385469000050,3D-0D Graphene-Fe3O4 Quantum Dot Hybrids as High-Performance Anode Materials for Sodium-Ion Batteries,2016,10.1021/acsami.6b09496,https://doi.org/10.1021/acsami.6b09496,WOS:000385469000050,2191,eebdf628f13da145559de0ceb8786865be86cb6089b79b13a663615351763ae5
WOS:001266424300001,Mo6+ bifunctional substitution of P2-type manganese oxide for high performance sodium-ion batteries,2024,10.1016/j.cej.2024.152405,https://doi.org/10.1016/j.cej.2024.152405,WOS:001266424300001,2192,ab6001ebacf0e9f8f2f3b7a9003ec80cc50e8271a4f3a641c63a7b42f8c92b0d
WOS:000458706900088,High-Capacity Hard Carbon Pyrolyzed from Subbituminous Coal as Anode for Sodium-Ion Batteries,2019,10.1021/acsaem.8b01784,https://doi.org/10.1021/acsaem.8b01784,WOS:000458706900088,2193,a41f44a56bcdce65a663bbada310df950258628faaf21073cb540abb69d39f68
WOS:000951943700001,K+-doped P2-Na0.67Fe0.5Mn0.5O2 cathode for highly enhanced rate performance sodium-ion battery,2023,10.1016/j.jallcom.2023.169482,https://doi.org/10.1016/j.jallcom.2023.169482,WOS:000951943700001,2194,07f37033b9436bc501527c867d4933d249168189d4467b82d12bcb8a8b9d2c16
WOS:000454836700031,CuO-Coated and Cu2+-doped Co-modified P2-type Na2/3[Ni1/3Mn2/3]O2 for sodium-ion batteries,2019,10.1039/c8cp06248j,https://doi.org/10.1039/c8cp06248j,WOS:000454836700031,2195,32c206bb7a40da2f014eed69ac5266b43eca384b039cea1a8554c39267002d74
WOS:000461537600076,Rayleigh-Instability-Induced Bismuth Nanorod@Nitrogen-Doped Carbon Nanotubes as A Long Cycling and High Rate Anode for Sodium-Ion Batteries,2019,10.1021/acs.nanolett.8b05189,https://doi.org/10.1021/acs.nanolett.8b05189,WOS:000461537600076,2196,a64f0e7ddb609dd057d7b8a27044100645bc520510dce9fde33f89f2dc559deb
WOS:001232519400001,Cobalt-catalyzed soft-hard carbon composite anodes for enhanced sodium-ion storage,2024,10.1016/j.ssi.2024.116555,https://doi.org/10.1016/j.ssi.2024.116555,WOS:001232519400001,2197,235b98cce075e8ef1505b40e1ca4487455089ffda58627c0f077258a3c5b6f46
WOS:000620814500002,Sulfur vacancies and morphology dependent sodium storage properties of MoS2-x and its sodiation/desodiation mechanism,2021,10.1016/j.jcis.2020.12.124,https://doi.org/10.1016/j.jcis.2020.12.124,WOS:000620814500002,2198,4bdcccbe8fc7536bc0a192b22faa7a66282b2f9e1bf1cf53d8350f9172fb61e0
WOS:001608057400010,Yolk-shell FeS2/CuS@NSC with synergistic effect of heterojunction and carbon confinement for advanced sodium-ion battery,2025,10.1016/j.cej.2025.169949,https://doi.org/10.1016/j.cej.2025.169949,WOS:001608057400010,2199,b4abff97a692b909dfe23ce4c5bae04725e6988bdb1d28862011dfbbfcf45341
WOS:000763523100001,Bismuth and its nanocomposite: Reaction mechanism and rational nanocomposite fabrication process for superior sodium-ion battery anodes,2022,10.1002/er.7819,https://doi.org/10.1002/er.7819,WOS:000763523100001,2200,d1db7b17550140d3606084b937c4a5e000bd862dc8a1d095883887d3041cb2bd
WOS:000825278300001,Biomass-Assisted Synthesis of Tiny Tin Nanoparticles Embedded in Nitrogen/Oxygen Self-Doped Carbon Nanosheets as High Performance Anode Materials for Sodium-Ion Batteries,2022,10.1002/slct.202200892,https://doi.org/10.1002/slct.202200892,WOS:000825278300001,2201,928b5ebeec256e0448d911fa21d06a6db5c667667c45e09670a345a80dc1da07
WOS:001247027500001,Amorphous Fe2O3 Anchored on N-Doped Graphene with Internal Micro-Channels as an Active and Durable Anode for Sodium-Ion Batteries,2024,10.3390/nano14110937,https://doi.org/10.3390/nano14110937,WOS:001247027500001,2202,511404c4e7a4f3fe65821cc9ac48078602865d239cf5844d89f5e0266d3a884d
WOS:000413390100013,"Improving the sodium storage capacity of tunnel structured NaxFexTi2-xO4 (x=1, 0.9 & 0.8) anode materials by tuning sodium deficiency",2017,10.1016/j.jpowsour.2017.08.112,https://doi.org/10.1016/j.jpowsour.2017.08.112,WOS:000413390100013,2203,83def0070815918f4c1b568e9a32a98c4fc61babe30cc50656656a07ebe3013f
WOS:000793567700004,Binary self-assembly of ordered Bi4Se3/Bi2O2Se lamellar architecture embedded into CNTs@Graphene as a binder-free electrode for superb Na-Ion storage,2022,10.1016/j.jcis.2022.03.129,https://doi.org/10.1016/j.jcis.2022.03.129,WOS:000793567700004,2204,5da5025b7c88fe9600643fca5c42251e70c5562270210a61ea39572cbb25a8d8
WOS:000722864700003,Few-layered MoS2 with S-vacancies anchored on N-doped carbon flower for high performance sodium storage,2022,10.1016/j.jallcom.2021.162514,https://doi.org/10.1016/j.jallcom.2021.162514,WOS:000722864700003,2205,dabe9ef279f82c5c4738a6625e212b66d074993bc38b94ec3f1e4967eb2977db
WOS:001318043500001,Enhancing electric field intensity of interfacial electric double layer to improve properties of solid electrolyte interface for sodium-ion batteries,2025,10.1016/j.apsusc.2024.161202,https://doi.org/10.1016/j.apsusc.2024.161202,WOS:001318043500001,2206,67baee98edfddebfacb66bd7217b91860e8c03a8818cd8c31da6bb2e7fa5347a
WOS:000571763400001,Se-C Bonding Promoting Fast and Durable Na+Storage in Yolk-Shell SnSe2@Se-C,2020,10.1002/smll.202002486,https://doi.org/10.1002/smll.202002486,WOS:000571763400001,2207,dd31cbca4de64fcd25b604e1beabf8f1e30342e366a992299601d748fab86eec
WOS:001422555800001,A Generic Si-Doped Strategy for Hard Carbon Derived from Wuliangye Distillers' Grains to Achieve High-Performance Sodium Ion Batteries,2025,10.1021/acsami.4c17922,https://doi.org/10.1021/acsami.4c17922,WOS:001422555800001,2208,5907bb5acefdd4184672ddf00a75352e19788dd40c694e180df3d5c166cb7d0d
WOS:000446234700015,NaTi2(PO4)3@C nanoparticles embedded in 2D sulfur-doped graphene sheets as high-performance anode materials for sodium energy storage,2018,10.1016/j.electacta.2018.08.061,https://doi.org/10.1016/j.electacta.2018.08.061,WOS:000446234700015,2209,7281d37e54bc90e45199a302258c8fea1447b34130377f5e812396e4377ca11f
WOS:001235365300001,Epitaxial growth of Cu2-x Se on Cu (220) crystal plane as high property anode for sodium storage,2024,10.1016/j.cclet.2023.108922,https://doi.org/10.1016/j.cclet.2023.108922,WOS:001235365300001,2210,a847e7cfff2bd1d1da7c327396223090581b76ddcbbd8568238e5687c9d78359
WOS:000879863700001,Electrochemical Sodiation Mechanism in Magnetite Nanoparticle-Based Anodes: Understanding of Nanoionics-Based Sodium Ion Storage Behavior of Fe3O4,2022,10.1021/acsami.2c13016,https://doi.org/10.1021/acsami.2c13016,WOS:000879863700001,2211,b6cae97503169a96239c39bd18e94e080e90c85bfb9d159c82d1acb2735fa693
WOS:000388913900022,Chemical Inhibition Method to Synthesize Highly Crystalline Prussian Blue Analogs for Sodium-Ion Battery Cathodes,2016,10.1021/acsami.6b10884,https://doi.org/10.1021/acsami.6b10884,WOS:000388913900022,2212,71795122fb065b9e158a39971437a0fff509a0c6c9cdefe4f3f9c21515b576d6
WOS:000371946300078,Amorphous Phosphorus/Nitrogen-Doped Graphene Paper for Ultrastable Sodium-Ion Batteries,2016,10.1021/acs.nanolett.6b00057,https://doi.org/10.1021/acs.nanolett.6b00057,WOS:000371946300078,2213,fdf9ff5528a9696090bcc35d42850e270bd1e6d972cce5a5ada64b5f0539b8cd
WOS:000555507000010,Operando Sodiation Mechanistic Study of a New Antimony-Based Intermetallic CoSb as a High-Performance Sodium-Ion Battery Anode,2020,10.1021/acs.jpcc.0c03556,https://doi.org/10.1021/acs.jpcc.0c03556,WOS:000555507000010,2214,78bbf458a4a8b7533f9bb0f2f354dce4149950f081e5fe1ac33b0a28c68c8639
WOS:000471976400015,Fiber-in-Tube Design of Co9S8-Carbon/Co9S8: Enabling Efficient Sodium Storage,2019,10.1002/anie.201900076,https://doi.org/10.1002/anie.201900076,WOS:000471976400015,2215,c507c50ef02d99ac0010410289d86aa7ba7d3455e82918ba8ee9b34e5375efac
WOS:001259853200001,Boosting pseudocapacitive sodium storage while restraining the shuttle effect of polysulfides in holey nickel disulfide nanoplatelets by a polypyrrole-coating strategy,2024,10.1016/j.apsusc.2024.160524,https://doi.org/10.1016/j.apsusc.2024.160524,WOS:001259853200001,2216,a5b9798e62ada8c5534b177303eef4721c761842dc18e2994722021fe45c706d
WOS:001485525800001,Enhanced electrochemical performance of Na2FeP2O7 cathode material for sodium-ion batteries through composite with Cu3(PO4)2,2025,10.1088/1361-6463/add307,https://doi.org/10.1088/1361-6463/add307,WOS:001485525800001,2217,b3abe14ac13e6e70afc1e18b88dc09e1beeb85fe8d316fb388af1e4dbb049a3a
WOS:000973859200001,The effect of the iron doping on anatase TiO2 anode for electrochemical performance of sodium-ion batteries,2023,10.1016/j.ssi.2023.116168,https://doi.org/10.1016/j.ssi.2023.116168,WOS:000973859200001,2218,d5deb9760a77aa0b7734af36d124a4ff650d0d86be442f99e5911c171be2c784
WOS:001126656100004,Ternary-phase layered cathodes toward ultra-stable and high-rate sodium ion storage,2024,10.1007/s12598-023-02523-6,https://doi.org/10.1007/s12598-023-02523-6,WOS:001126656100004,2219,d39218f3466c31c248c7e60e46a6dd12aa2cec9e5a9f94bb1046f3e2b81ca6af
WOS:000424643900049,Facile and fast Na-ion intercalation employing amorphous black TiO2-x/C composite nanofiber anodes,2018,10.1016/j.electacta.2018.01.085,https://doi.org/10.1016/j.electacta.2018.01.085,WOS:000424643900049,2220,41aad0affd7d670baa15593eeaea57a8d3288ef362eda8804be74e9140feb7b9
WOS:000412230200008,In-situ phase transition to form porous h-MoO3@C nanofibers with high stability for Li+/Na+ storage,2017,10.1007/s40843-017-9074-x,https://doi.org/10.1007/s40843-017-9074-x,WOS:000412230200008,2221,9cd395e50a90377ced131f1a21a211ad84ee4046dc5015f6d5d2daa45b6e8986
WOS:001300032500007,Regulating bond structure and local electronic state optimizes the cycling stability of layered sodium-ion cathode materials,2024,10.1007/s00339-024-07839-3,https://doi.org/10.1007/s00339-024-07839-3,WOS:001300032500007,2222,e53d15d235fc017a47c2f6c7eff62a733f0a518bedfc2a447e56185c48cbd54c
WOS:000819882500011,NiP2/C nanocomposite as a high performance anode for sodium ion batteries,2022,10.1016/j.electacta.2021.139686,https://doi.org/10.1016/j.electacta.2021.139686,WOS:000819882500011,2223,428066c6a1ff893d73e71bec02feaf8a10144f5ace5ff9000897d83633229962
WOS:000444924500012,Ultralong Life Organic Sodium Ion Batteries Using a Polyimide/Multiwalled Carbon Nanotubes Nanocomposite and Gel Polymer Electrolyte,2018,10.1021/acssuschemeng.7b04561,https://doi.org/10.1021/acssuschemeng.7b04561,WOS:000444924500012,2224,81735b1891be187431f13b9f3ea4338eebe2f7b80b273ca9dba026427b5efa55
WOS:000440505000065,Cross-Linking Hollow Carbon Sheet Encapsulated CuP2 Nanocomposites for High Energy Density Sodium-Ion Batteries,2018,10.1021/acsnano.8b02721,https://doi.org/10.1021/acsnano.8b02721,WOS:000440505000065,2225,9aa6a39e603f7d214507bb4f1a760e18f6a5a464cb33984327fc82c1e7024330
WOS:001610703500001,Accelerating cathode discovery for sodium-ion batteries via transfer learning and cross-ion voltage prediction,2025,10.1016/j.ensm.2025.104710,https://doi.org/10.1016/j.ensm.2025.104710,WOS:001610703500001,2226,7268cafca101e601f3b6b8c0d26db17b020f2b07b0af5a0459098a246dfc8d1e
WOS:000369200000001,Reinstating lead for high-loaded efficient negative electrode for rechargeable sodium-ion battery,2016,10.1016/j.jpowsour.2015.10.087,https://doi.org/10.1016/j.jpowsour.2015.10.087,WOS:000369200000001,2227,14fcdd366107cdb77072e6f89d8d9646f0abfaaf233e2dfcccb74ac1e8a2aa8c
WOS:001491839300001,Surface Air Stability of Layered Transition Metal Oxide NaMnO2 with Different Crystalline Phases,2025,10.1021/acs.jpcc.5c01680,https://doi.org/10.1021/acs.jpcc.5c01680,WOS:001491839300001,2228,fb8b5ff592d59259ec006a1f5f325e0bd5b143ed69949a21b946ee1e823f25b1
WOS:001496687600001,Enhanced Sodium Storage Performance of Few-Layer Graphene-Encapsulated Hard Carbon Fiber Composite Electrodes,2025,10.3390/batteries11050203,https://doi.org/10.3390/batteries11050203,WOS:001496687600001,2229,3eb927b5f04e4b67fe7ce4116b937e56dfaf4b9bd3956888d59ea5a04b783f4d
WOS:000372045400007,Biochemistry-derived porous carbon-encapsulated metal oxide nanocrystals for enhanced sodium storage,2016,10.1016/j.nanoen.2015.12.003,https://doi.org/10.1016/j.nanoen.2015.12.003,WOS:000372045400007,2230,95c5df5ef399285080faef5735e1ec4143293dcb21d083a43d0bd7d16e602ef6
WOS:000780566200004,Bipyridine carboxylic acid as a high-performance anode material for lithium- and sodium-ion batteries,2022,10.1016/j.electacta.2021.139628,https://doi.org/10.1016/j.electacta.2021.139628,WOS:000780566200004,2231,f7c4e299ae5f473926c781a067b5f67090ba0877eefdcdfe797ec90487fc3caa
WOS:000430700500033,Nanoflake- assembled three-dimensional Na3V2(PO4)3/C cathode for high performance sodium ion batteries,2018,10.1016/j.cej.2017.10.164,https://doi.org/10.1016/j.cej.2017.10.164,WOS:000430700500033,2232,b8b550fd13c5ba2e439cb7b97ffb6e3c7c6ae85eac3b3cace5b7d39b2861630b
WOS:001276391400001,Rare earth element La doping of Na2FePO4F to improve sodium ions storage electrochemical performance,2024,10.1016/j.ces.2024.120522,https://doi.org/10.1016/j.ces.2024.120522,WOS:001276391400001,2233,2aaa7f33b6879369de31142a4dd29e494652d97dcf542f9cd61d1ba62bff303b
WOS:000862898800001,Versatile Fe2GeS4 for Li/Na-Fe2GeS4 battery cathodes and Li/Na-ion battery anodes,2022,10.1039/d2ta06471e,https://doi.org/10.1039/d2ta06471e,WOS:000862898800001,2234,41fce5c89dbfe363fabfdfc02b2059ff4fa0a03e9edaf90f2322da3f2b490180
WOS:000442731100026,Lithium-Pretreated Hard Carbon as High-Performance Sodium-Ion Battery Anodes,2018,10.1002/aenm.201801441,https://doi.org/10.1002/aenm.201801441,WOS:000442731100026,2235,2bbd46c87d4717709f1ce6a50d49befa71d672f70ee0c04565262201497a73c3
WOS:000711318400011,Designing advanced sandwiched 2D NC/MoSe2 @N-doped carbon arrays as new anode materials for efficient sodium storage,2021,10.1016/j.electacta.2021.139369,https://doi.org/10.1016/j.electacta.2021.139369,WOS:000711318400011,2236,fc67b42ec98fcb8fefca5c8e22f186ac947a1e3d05caeb57693bec7978ca0e17
WOS:000718372500001,Versatile Preparation of Mesoporous Single-Layered Transition-Metal Sulfide/Carbon Composites for Enhanced Sodium Storage,2022,10.1002/adma.202104427,https://doi.org/10.1002/adma.202104427,WOS:000718372500001,2237,69111f01d3d65fad927ea30ce42fb19bd7eaf2f7ba9d317f89379e8ac666ab3e
WOS:000451004100016,Role of N-Propyl-N-Methyl Pyrrolidinium bis(trifluoromethanesulfonyl)imide as an Electrolyte Additive in Sodium Battery Electrochemistry,2018,10.1002/ente.201800123,https://doi.org/10.1002/ente.201800123,WOS:000451004100016,2238,30cd59f8266403a456b034fcfb54ca2904ebc780310d2f59b2a5985b6d9bb943
WOS:000817843100001,Cu-V bimetallic selenide with synergistic effect for high-rate and long-life sodium storage,2022,10.1557/s43578-022-00623-0,https://doi.org/10.1557/s43578-022-00623-0,WOS:000817843100001,2239,0407589a6837636aca4b9c3dfdfead1ce5763103bd8ed9a334ee6058e261f766
WOS:000885042600001,The recent advances of NASICON-Na3V2(PO4)3 cathode materials for sodium-ion batteries,2023,10.1016/j.jssc.2022.123669,https://doi.org/10.1016/j.jssc.2022.123669,WOS:000885042600001,2240,8812d592dbe546d7ef9c6594b421096948785f964bd2bb0d8dc6392851c71be5
WOS:001538640700002,"Improved graphene-based sodium-ion battery anodes using low surface area, low temperature reduced graphene oxide powders",2025,10.1016/j.carbon.2025.120608,https://doi.org/10.1016/j.carbon.2025.120608,WOS:001538640700002,2241,1cf40dfd67eb768ce4d6f9d915c6c2abbd398c1811b0165db7e8e08202ae1275
WOS:000496516600001,Construction of 1T-MoSe2/TiC@C Branch-Core Arrays as Advanced Anodes for Enhanced Sodium Ion Storage,2020,10.1002/cssc.201902565,https://doi.org/10.1002/cssc.201902565,WOS:000496516600001,2242,dd9334a2e330cc13ecb8a878c1a0f31c94834a2e5b9767c93f90f376a1639db6
WOS:001462248900001,Boosted electrochemical performance of sodium-ion batteries via Sn-Fe binary metal sulfides as anode materials,2025,10.1016/j.electacta.2025.146148,https://doi.org/10.1016/j.electacta.2025.146148,WOS:001462248900001,2243,578d1abd0a2194cb60e2c903211f1619d9c55f4deefe0dc9c4088d2c72f2d99c
WOS:001509950300001,Unlocking the High Rate Performance of Na0.44MnO2 with a Boron Doping Strategy,2025,10.1002/batt.202500029,https://doi.org/10.1002/batt.202500029,WOS:001509950300001,2244,aa7c040f06ab5d3fdde247bc9064de907aee74feaca2932e27ba383fdd2683f4
WOS:000410006200111,A Polymer-Infused Solid-State Synthesis of a Long Cycle-Life Na3V2\(PO4)3/C Composite,2017,10.1021/acssuschemeng.7b02355,https://doi.org/10.1021/acssuschemeng.7b02355,WOS:000410006200111,2245,1e432a497e3126874a379dc14e3a919abb43e368233e652cf8b7665fa1a7f258
WOS:001509211800001,Facile construction of high-performance sodium-ion battery anodes from sulfur-oxygen synergistically modified anthracite coal,2025,10.1016/j.jallcom.2025.180814,https://doi.org/10.1016/j.jallcom.2025.180814,WOS:001509211800001,2246,543e7311303b5575ef38ab870cf3823cb8cffdd7401d21fb0293cfe6108708f3
WOS:000917107700001,Biphenylene network as sodium ion battery anode material,2023,10.1039/d2cp04752g,https://doi.org/10.1039/d2cp04752g,WOS:000917107700001,2247,530b8089bf6cc6cf3292c71d111900a053e4e303f77a588c847af1221475143e
WOS:000618839200061,Improving the Electrochemical Performance of Na3V2(PO4)3 Cathode in Na-Ion Batteries by Si-Doping,2020,10.1021/acsaem.0c02188,https://doi.org/10.1021/acsaem.0c02188,WOS:000618839200061,2248,9885668e6b1edcaad1b986810f983e5abcd8c6c61943f63ad3d1c2cb9df7aa91
WOS:000376824700016,Graphene wrapped NASICON-type Fe2(MoO4)3 nanoparticles as a ultra-high rate cathode for sodium ion batteries,2016,10.1016/j.nanoen.2016.04.021,https://doi.org/10.1016/j.nanoen.2016.04.021,WOS:000376824700016,2249,730a48dcc5224861cf05c50708bd6bfeaa60ced18695deee6be1b578e641d27e
WOS:000389086900005,The electrochemical performance of aqueous rechargeable battery of Zn/Na0.44MnO2 based on hybrid electrolyte,2016,10.1016/j.jpowsour.2016.10.053,https://doi.org/10.1016/j.jpowsour.2016.10.053,WOS:000389086900005,2250,41ddec71b659bf310ab970ac6d84458e24cfc647910512a9e7bccb86f3c9fdd0
WOS:000397353700009,Mo2C/N-doped carbon nanowires as anode materials for sodium-ion batteries,2017,10.1016/j.matlet.2017.02.015,https://doi.org/10.1016/j.matlet.2017.02.015,WOS:000397353700009,2251,60dffb29153693dc004fed9e8eeb60cbf13d1ccdd0c4e0b0e6171f796c5e1742
WOS:000913568200001,Rechargeable sodium-ion battery based on a cathode of copper hexacyanoferrate,2023,10.1007/s10008-023-05388-y,https://doi.org/10.1007/s10008-023-05388-y,WOS:000913568200001,2252,23293573350937b635fa29812a3499c1bf712f6d8e7ffaafadbfcdc0bed03942
WOS:000634759500053,Autonomous Self-Healing Strategy for Stable Sodium-Ion Battery: A Case Study of Black Phosphorus Anodes,2021,10.1021/acsami.0c22464,https://doi.org/10.1021/acsami.0c22464,WOS:000634759500053,2253,0995cd67a8a241ad3081582a7d6c97d5859887ddf1d7bc8c01799d747546b2a3
WOS:000447555400032,"Sodium storage behavior of Na0.66Ni0.33-xZnxMn0.67O<sub >2 (x=0, 0.07 and 0.14) positive materials in diglyme-based electrolytes",2018,10.1016/j.jpowsour.2018.08.037,https://doi.org/10.1016/j.jpowsour.2018.08.037,WOS:000447555400032,2254,85f70737549c8a25d40cc29ccf3916468a883433d299cdc09df0ffb1ea9dc8ad
WOS:000387737200036,Size and Composition Effects in Sb-Carbon Nanocomposites for Sodium-Ion Batteries,2016,10.1021/acsami.6b09619,https://doi.org/10.1021/acsami.6b09619,WOS:000387737200036,2255,ad77693cbcd87b437088020c320f0b877079d8da01b03f4d23b8592de572f5ad
WOS:001158013600001,Design of slurries for 3D printing of sodium-ion battery electrodes,2024,10.1016/j.jmapro.2023.12.042,https://doi.org/10.1016/j.jmapro.2023.12.042,WOS:001158013600001,2256,afb312de6372511c113b27f8a02b9f454ff9645fa7c37b19462da2858b5985ca
WOS:000471201800043,1T MoS2 nanosheets with extraordinary sodium storage properties via thermal-driven ion intercalation assisted exfoliation of bulky MoS2,2019,10.1016/j.nanoen.2019.04.063,https://doi.org/10.1016/j.nanoen.2019.04.063,WOS:000471201800043,2257,6edab9785e11554def80ae9ea95849387b294f631ae2bd90c7dbe847d82ac540
WOS:000346212500022,TiO2-entrained tubular carbon nanofiber and its electrochemical properties in the rechargeable Na-ion battery system,2014,10.1016/j.applthermaleng.2014.06.066,https://doi.org/10.1016/j.applthermaleng.2014.06.066,WOS:000346212500022,2258,441ca6614a761a17ae62040b513a758cb9e981f1566d4fdd2d790b67c42ba4ec
WOS:000616169000001,An Attempt to Formulate Non-Carbonate Electrolytes for Sodium-Ion Batteries,2021,10.1002/batt.202000252,https://doi.org/10.1002/batt.202000252,WOS:000616169000001,2259,a730b04136c647316d26fea91ba0bea0760c46079287447a061b220862ca5594
WOS:001186382100001,Nb-Se-C Thin Films Deposited by a 1064 nm Laser as Model Electrodes for Li+ and Na+ Storage,2024,10.1021/acsaem.3c02751,https://doi.org/10.1021/acsaem.3c02751,WOS:001186382100001,2260,feb74ffb54d2ad6f935ecfa21641bbb3c8c0cbcb19fe3ee8f394933710c9f133
WOS:000511594800018,Cu3Ge coated by nitrogen-doped carbon nanorods as advanced sodium-ion battery anodes,2020,10.1007/s11581-019-03230-y,https://doi.org/10.1007/s11581-019-03230-y,WOS:000511594800018,2261,db94bbdcec3ec0415366889321bfb4b1a4fc2b6c0f72551e81ee39a7a5bfee7c
WOS:001176501600025,Addition of Na3PO4 for Enhanced Positive Electrode Performance in All-Solid-State Sodium Batteries,2024,10.5796/electrochemistry.23-00143,https://doi.org/10.5796/electrochemistry.23-00143,WOS:001176501600025,2262,2d0151aa8e5db5be3dd69482c318ce8affb6d20b0cae1c5bb15ed65b5b71600f
WOS:001011320200001,Dynamic Electrode-Electrolyte Intermixing in Solid-State Sodium Nano-Batteries,2023,10.1021/acsami.2c23256,https://doi.org/10.1021/acsami.2c23256,WOS:001011320200001,2263,4c469f811eed84f2d79dddd53a2d17fe2dd73f1a457fa78e6f4c2f5bfd97f2f6
WOS:000809899400003,"A green route N, S-doped hard carbon derived from fruit-peel biomass waste as an anode material for rechargeable sodium-ion storage applications",2022,10.1016/j.electacta.2022.140573,https://doi.org/10.1016/j.electacta.2022.140573,WOS:000809899400003,2264,744f51fb64ad51511c87e8ff5dd6c9f43dd21a64d66c2ac99193341b83d6987e
WOS:000529798100013,"Ultrafine SnO2 nanoparticles anchored on N, P-doped porous carbon as anodes for high performance lithium-ion and sodium-ion batteries",2020,10.1016/j.jcis.2020.03.063,https://doi.org/10.1016/j.jcis.2020.03.063,WOS:000529798100013,2265,b42791812e1f3c8d7339878f0008b46ada54972f41bfce2f93c6307dbf140a8a
WOS:000473962800001,A 3D Trilayered CNT/MoSe2/C Heterostructure with an Expanded MoSe2 Interlayer Spacing for an Efficient Sodium Storage,2019,10.1002/aenm.201900567,https://doi.org/10.1002/aenm.201900567,WOS:000473962800001,2266,8e4e13aa42c68596054b8f15231ba3214e3de50071050939df6d6c997cb4b741
WOS:001177676600001,Nanoconfinement of ultra-small Bi2Te3 nanocrystals on reduced graphene oxide: a pathway to high-performance sodium-ion battery anodes,2024,10.1039/d3nr06420d,https://doi.org/10.1039/d3nr06420d,WOS:001177676600001,2267,10f24b397e73032f81bf979d282d60676071d76098caa1bb00659ed42e512091
WOS:000895272200001,Tailored chemically bonded metal phosphide@carbon nanowire arrays on foam metal as an all-in-one anode for ultrahigh-area-capacity sodium-ion batteries,2023,10.1016/j.cej.2022.140402,https://doi.org/10.1016/j.cej.2022.140402,WOS:000895272200001,2268,85b86fd534be287285ac4a098e12be629d9e5f3337df63d635ab482d77cbc246
WOS:001199447500001,"Deciphering the Performance Enhancement, Cell Failure Mechanism, and Amelioration Strategy of Sodium Storage in Metal Chalcogenides-Based Andes",2024,10.1002/adma.202314271,https://doi.org/10.1002/adma.202314271,WOS:001199447500001,2269,b528df16c12fa8dc9c984cafd66aa6ee9af64c46bbf1bbf0b33ec275c366e9c7
WOS:000499187400001,Synthesis of V2O5/Fe2V4O13 Nanocomposite Materials using In situ Phase Separation and the Electrochemical Performance for Sodium Storage,2020,10.3866/pku.whxb201906046,https://doi.org/10.3866/pku.whxb201906046,WOS:000499187400001,2270,256dbb9442fed17d331f55c7d14e83f6dbbd4e0b1211be801d490f6a5988741a
WOS:001551985700001,High-Entropy Local Microenvironment-Catalyzed Tandem Reaction Achieves Superfast Sodium Storage Anode,2025,10.1021/acsnano.5c07940,https://doi.org/10.1021/acsnano.5c07940,WOS:001551985700001,2271,5c89035ba38f592bdf0116e4ef75f78ef8cff98bce14772aa18aac17d9ef6f50
WOS:000443117300034,Na-ion battery cathode materials prepared by electrochemical ion exchange from alumina-coated Li1+xMn0.54Co0.13Ni0.1+y O2,2018,10.1039/c8ta05068f,https://doi.org/10.1039/c8ta05068f,WOS:000443117300034,2272,d76cd229e61d73c653feb6b0957ecf0572ca2326e75a9c9ed65bef69a673cab6
WOS:001313050200001,Investigation of Solid Polymer Electrolytes for NASICON-Type Solid-State Symmetric Sodium-Ion Battery,2024,10.1021/acsami.4c10189,https://doi.org/10.1021/acsami.4c10189,WOS:001313050200001,2273,ca8d78a109acc5122f3aeafd93739c1e03caffa461da4955b781488492d9a582
WOS:001344649200001,X-Ray Absorption and X-Ray Emission Spectroscopy Study of a Molybdenum Disulfide Anode in a Sodium-Ion Half-Cell,2025,10.1002/pssb.202400272,https://doi.org/10.1002/pssb.202400272,WOS:001344649200001,2274,e31081f6635d2a5279a5c12345911f69bf721c5119bacef83d7547e2110dde2c
WOS:000581738300101,Unveiling the microscopic origin of asymmetric phase transformations in (de)sodiated Sb2Se3 with in situ transmission electron microscopy,2020,10.1016/j.nanoen.2020.105299,https://doi.org/10.1016/j.nanoen.2020.105299,WOS:000581738300101,2275,4701f66a2fef1b3904d9e8a4a8ca6d1e69f1ebf57aeb4d81f910c4366aa4d85b
WOS:000458504800022,Designed formation of nitrogen and sulfur dual-doped hierarchically porous carbon for long-life lithium and sodium ion batteries,2019,10.1016/j.cej.2019.01.158,https://doi.org/10.1016/j.cej.2019.01.158,WOS:000458504800022,2276,273be40996afffa0b48eb251a5b5e7a270af2ae9a52c4ba1469ba208acedcb37
WOS:000695393600001,Na2/3MnO2 nanoplates with exposed active planes as superior electrochemical performance sodium-ion batteries,2021,10.1007/s11581-021-04250-3,https://doi.org/10.1007/s11581-021-04250-3,WOS:000695393600001,2277,dd1318e57be5ca766f0f4b252c41add4010ae7b7789ec4b8fadc766056407b32
WOS:001050554700001,"Rational design of nitrogen (N), boron (B), and phosphorous (P) tri-doped carbon nano-spheres as advanced anode materials for sodium-ion batteries with an ultra-long lifespan",2023,10.1016/j.jcis.2023.07.082,https://doi.org/10.1016/j.jcis.2023.07.082,WOS:001050554700001,2278,764048c0c06050dd16329fb38426135de01af05d3c98bb93580200e2bbcc4cb9
WOS:000851538400001,New insights into the outstanding performances of nickeldoped manganese oxide nanoparticles embedded in a 3D carbon nanopipes framework as anode for lithium and sodium-ion batteries,2022,10.1002/er.8550,https://doi.org/10.1002/er.8550,WOS:000851538400001,2279,93da036153c2644ba9257a3d1bdd6da9eb94254ff4a081dc9e19467c0181566c
WOS:000560314800009,N-doped carbon confined Na3V2(PO4)3 derived from an organophosphonic acid as a high-performance cathode for sodium-ion batteries,2020,10.1016/j.jallcom.2020.156118,https://doi.org/10.1016/j.jallcom.2020.156118,WOS:000560314800009,2280,153aed8e64e461f36bbc84965ee5f267ca295015e3c2d9d8a914b56fffbcf9bd
WOS:001183381500001,Investigation of structural & interfacial properties of hard carbon electrodes from cotton snippets toward sustainable sodium-ion batteries,2024,10.1016/j.susmat.2024.e00846,https://doi.org/10.1016/j.susmat.2024.e00846,WOS:001183381500001,2281,90adad3df96cc147f3514395c1d92827d71d9aca33ae46e4fcb9c555209f1e15
WOS:000498052700030,Enhanced cyclability and dynamic properties of P2-type Na0.59Co0.20Mn0.80O2 cathode by B-doping for sodium storage,2020,10.1016/j.chemphys.2019.110582,https://doi.org/10.1016/j.chemphys.2019.110582,WOS:000498052700030,2282,04382188dee524c2e3e770dc32a6e48fec6ffd8366e07148ee79f9d2f0a6efee
WOS:001265708500001,"Facile fabrication of high-performance S, N-co-doped carbon-coated pyrrhotite for lithium and sodium storage",2024,10.1016/j.jallcom.2024.175341,https://doi.org/10.1016/j.jallcom.2024.175341,WOS:001265708500001,2283,2b06e2120a75dac997566ac406b31779e4cece228ef8934d5bbe25204a3aee65
WOS:000682145900001,Superior sodium storage of Na3V(PO3)3N nanofibers as a high voltage cathode for flexible sodium-ion battery devices,2021,10.1088/1361-6528/ac1718,https://doi.org/10.1088/1361-6528/ac1718,WOS:000682145900001,2284,dfe6ea27012c6f570ba51facb6c2608cdc3cc87088142a9d496092159593cc74
WOS:000749786600002,Graphene-like ultrathin bismuth selenide nanosheets as highly stable anode material for sodium-ion battery,2022,10.1016/j.jallcom.2021.163572,https://doi.org/10.1016/j.jallcom.2021.163572,WOS:000749786600002,2285,0fbc65279a345956ddc69eec22e7c093aa86bdf869ace5042543ae7b8dd5711e
WOS:000684526800017,Conversion of hydroxide into carbon-coated phosphide using plasma for sodium ion batteries,2022,10.1007/s12274-021-3738-8,https://doi.org/10.1007/s12274-021-3738-8,WOS:000684526800017,2286,865f0856353fd8bef207b929ca4fcb9350a5a33cc0a0996f8af963b2a1c6624c
WOS:000529939800026,One-step solid-state reaction synthesis of β-NaFeO2 nanopebble as high capacity cathode material for sodium ion batteries,2020,10.1016/j.matlet.2020.127739,https://doi.org/10.1016/j.matlet.2020.127739,WOS:000529939800026,2287,a7d851374fe15168536789b3f69ac90088829fa6a7da93fc9575627b9eb65752
WOS:001574176000001,Molecularly Engineered Porphyrin-Intercalated V2O5 for Advanced Sodium-Ion Battery Cathodes,2025,10.1002/smll.202508244,https://doi.org/10.1002/smll.202508244,WOS:001574176000001,2288,b89d828c098234800e1d475f4beb13bda7da392a079773ab9b88fedf4fe6e0ff
WOS:000613720100021,Monitoring the Sodiation Mechanism of Anatase TiO2 Nanoparticle-Based Electrodes for Sodium-Ion Batteries by Operando XANES Measurements,2021,10.1021/acsaem.0c02025,https://doi.org/10.1021/acsaem.0c02025,WOS:000613720100021,2289,74c8467f0540ec3b48aff4869bf8e05429a04767521240ab386b4a6e40048de1
WOS:000427511200047,In-situ transformation into MoSe2/MoO3 heterogeneous nanostructures with enhanced electrochemical performance as anode material for sodium ion battery,2018,10.1016/j.jallcom.2018.02.037,https://doi.org/10.1016/j.jallcom.2018.02.037,WOS:000427511200047,2290,a490af8b390de8d1ed4094ade3c8bee9f1d2af6a3d34ee7f06a28e3b7ab01af5
WOS:001243059000001,A NASICON-type Na3.67Cu0.17Fe0.5V1.33(PO<su b>4)3 cathode with multi-electron reaction for high-energy sodium-ion battery,2024,10.1039/d4qm00318g,https://doi.org/10.1039/d4qm00318g,WOS:001243059000001,2291,22f6abaa5c30fe37b88af7c34453201f1d69e9a2d07175d8730c85139b2552c6
WOS:001497480200001,Phase Transition during Sintering of Layered Transition Metal Oxide Sodium Cathodes,2025,10.1021/acs.nanolett.5c01518,https://doi.org/10.1021/acs.nanolett.5c01518,WOS:001497480200001,2292,3f291878d1d4fc4ac0980d13c9930171189f2b2762984c88ec26405ef6e4f7fb
WOS:000773228600001,MgO-Coated Layered Cathode Oxide With Enhanced Stability for Sodium-Ion Batteries,2022,10.3389/fenrg.2022.847818,https://doi.org/10.3389/fenrg.2022.847818,WOS:000773228600001,2293,516a9ebb9c9fd2236541b90d48f3efd0c052d8effc76f0f3208306ca2868e66b
WOS:000385901300052,Anatase TiO2-reduced graphene oxide nanostructures with high-rate sodium storage performance,2017,10.1016/j.jallcom.2016.08.140,https://doi.org/10.1016/j.jallcom.2016.08.140,WOS:000385901300052,2294,49da1bb0202c47ec32326455046d561c3619b7669254de473205b9b306c975c0
WOS:000910971200001,WSe2/CoSe2 nanocrystals in situ growth on three-dimensional carbon nanofibers as anode material for long-life and high-rate sodium-ion batteries,2023,10.1016/j.jallcom.2022.168417,https://doi.org/10.1016/j.jallcom.2022.168417,WOS:000910971200001,2295,e843b96a037a559d8388e5af586257e76c7a664bf361a526d7220d26a5a6dba0
WOS:001495317300004,Rational tailoring the hetero-architectures of Ni2P/CoP2 for stable and high-power sodium-ion batteries,2025,10.1016/j.est.2025.117026,https://doi.org/10.1016/j.est.2025.117026,WOS:001495317300004,2296,d188fe4623c264729be40807256ab69ca1e205d62434b200ac62c46f6e8169bd
WOS:000565900900002,"A 3D porous honeycomb carbon as Na-ion battery anode material with high capacity, excellent rate performance, and robust stability",2020,10.1016/j.carbon.2020.06.070,https://doi.org/10.1016/j.carbon.2020.06.070,WOS:000565900900002,2297,2458988ec51ec2c1ffb1247830e0fb737110433c61ee828dfabcfc82112267cf
WOS:001510202000001,Design of Manganese-Cobalt Layered Double Hydroxide Nanomaterials Coupled with Solution-Based Graphene as Anode Materials for Sodium-Ion Batteries,2025,10.1021/acsanm.5c02200,https://doi.org/10.1021/acsanm.5c02200,WOS:001510202000001,2298,29bd519adcdf098d6c38439295d8b482d29d01bd67623c76c629b8010ad9d7ca
WOS:001293688700001,Reconstructing Helmholtz Plane Enables Robust F-Rich Interface for Long-Life and High-Safe Sodium-Ion Batteries,2024,10.1002/anie.202407717,https://doi.org/10.1002/anie.202407717,WOS:001293688700001,2299,ff1bf2f6faf178d2cf7c693aca00930c89c5b5ef37b180548350790bfdcf6f66
WOS:001525575900001,FePS3-Ti3C2Tx (2D-2D) heterostructure anode for high interfacial and pseudocapacitive Na-ion storage,2025,10.1088/2053-1583/ade79c,https://doi.org/10.1088/2053-1583/ade79c,WOS:001525575900001,2300,caa8b8444a8024c73d945d978508afe3e5e612c0c765fe246e5ae476bcc84f12
WOS:000720141000001,CuFeS2 anchored in ethylenediamine-modified reduced graphene oxide as an anode material for sodium ion batteries,2022,10.1016/j.matlet.2021.131164,https://doi.org/10.1016/j.matlet.2021.131164,WOS:000720141000001,2301,24f20be7c8ef5ee1b1e44b3f688f1fa6bcce1c57ce1aaddbb0b22ed078c29676
WOS:001505658900001,Stable Cycling Performance of P2/O3-Type Layered Oxide Cathodes Through Li/Sn Co-Doping for Sodium-Ion Batteries,2025,10.1002/asia.202500461,https://doi.org/10.1002/asia.202500461,WOS:001505658900001,2302,37f8cc4d5d82df08d8cf62fa7d0a35c4adacfcc4710f2cf75b34adfe04606de4
WOS:000582384200029,"Two-dimensional 1T-PS2 as a promising anode material for sodium-ion batteries with ultra-high capacity, low average voltage and appropriate mobility",2020,10.1016/j.cclet.2020.04.045,https://doi.org/10.1016/j.cclet.2020.04.045,WOS:000582384200029,2303,76c58c2b39314dc761bb4ba5dee88dbe1ac508c521147e48db26f801be905212
WOS:001438514600001,MXene-based in situ etching growth of FeSe2 heterostructures for ultra-high cycle stable sodium storage,2025,10.1016/j.est.2025.115941,https://doi.org/10.1016/j.est.2025.115941,WOS:001438514600001,2304,7a286e0f22a29a155674b50e3dd9a0d089026357a7a0886352d2d79e22bda1e0
WOS:001188209200001,Carbon coated Sn/SnO2 nanoparticles filmed on multilayer graphene for high-performance sodium ion batteries,2024,10.1016/j.ica.2024.121970,https://doi.org/10.1016/j.ica.2024.121970,WOS:001188209200001,2305,3d2c3580c416b9d2198334a9194370e6490acab58750feb2a25da470162c782f
WOS:000920726100001,S-vacancies manipulating enhances Na+ insertion of MoS2 for efficient sodium-ion storage,2023,10.1016/j.cej.2022.141116,https://doi.org/10.1016/j.cej.2022.141116,WOS:000920726100001,2306,e8a04f80aea83df8b3cbb6a417209b6df52dbb925d342871cd034b6badfb2ebd
WOS:000557375200012,Revealing the Structural Evolution and Phase Transformation of O3-Type NaNi1/3Fe1/3Mn1/3O2 Cathode Material on Sintering and Cycling Processes,2020,10.1021/acsaem.0c00475,https://doi.org/10.1021/acsaem.0c00475,WOS:000557375200012,2307,b0810b763f062e86c23c7b04b0911e529845ecec17134dc548869d0e139a751f
WOS:001574477600001,Cobalt and zinc columbite compounds as new anode materials for Na-ion batteries,2025,10.1039/d5ra05710h,https://doi.org/10.1039/d5ra05710h,WOS:001574477600001,2308,e2281f77343bfdc727aa0ad107f128b558616d451078428eb1a58db972a9b477
WOS:000397314200005,Low temperature carbonization of cellulose nanocrystals for high performance carbon anode of sodium-ion batteries,2017,10.1016/j.nanoen.2017.01.021,https://doi.org/10.1016/j.nanoen.2017.01.021,WOS:000397314200005,2309,b84898f56a837a8ec4e72d8560c738aeac76f805ef89d882e2f1a0660548d91a
WOS:001134734300001,The Catalytic Effect of Graphene Oxide on Magnesium Hydride-Based Anode for Lithium/Sodium-Ion Battery,2024,10.1149/1945-7111/ad0c6a,https://doi.org/10.1149/1945-7111/ad0c6a,WOS:001134734300001,2310,8275f262a9d45cdca9bf816e61ed49f85e1dcbbdb86bf960f41072f6d5603392
WOS:000978066600001,Induced bimetallic sulfide growth with reduced graphene oxide for high-performance sodium storage,2023,10.1016/j.jcis.2023.03.207,https://doi.org/10.1016/j.jcis.2023.03.207,WOS:000978066600001,2311,861ba43bcbdac2e3838f239a1b6e16c9aa75dcd168a6510db3ab2b562c82852c
WOS:000452694100046,Marriage of an Ether-Based Electrolyte with Hard Carbon Anodes Creates Superior Sodium-Ion Batteries with High Mass Loading,2018,10.1021/acsami.8b15274,https://doi.org/10.1021/acsami.8b15274,WOS:000452694100046,2312,a9686232183f25238aa983c86d77f1117af2602d88762443acf6b6a25c49f458
WOS:000516714200067,"Microwave-assisted synthesis of platelet-like cobalt metal-organic framework, its transformation to porous layered cobalt-carbon nanocomposite discs and their utilization as anode materials in sodium-ion batteries",2020,10.1016/j.est.2019.101113,https://doi.org/10.1016/j.est.2019.101113,WOS:000516714200067,2313,c9631438efeb77fe4c549b43b7e4377778e60a5a39cbf9ecd5cff13936b32bb0
WOS:001383440500001,Development of Biomass-Derived Hard Carbon for Sodium-Ion Batteries: Optimizing Microstructure and Electrochemical Performance,2025,10.1002/elan.202400369,https://doi.org/10.1002/elan.202400369,WOS:001383440500001,2314,72981575df4cdd92c36dfbe98d7532a4b461786ef6b12d00334dd3a868c8045a
WOS:000369044100084,NASICON-Structured NaTi2(PO4)3@C Nanocomposite as the Low Operation-Voltage Anode Material for High-Performance Sodium Ion Batteries,2016,10.1021/acsami.5b11003,https://doi.org/10.1021/acsami.5b11003,WOS:000369044100084,2315,6c835793980a358c6d826eceb1fa12bd3a4683b68154fbaf1dd1398ce2e69785
WOS:000330158900090,One-Dimensional Carbon-Sulfur Composite Fibers for Na-S Rechargeable Batteries Operating at Room Temperature,2013,10.1021/nl402513x,https://doi.org/10.1021/nl402513x,WOS:000330158900090,2316,01dc8513c2c0d5d48561f065ae628f8c4a1d34f9e38bfdd8c52715a18f068136
WOS:000547341500005,Breaking the limitation of sodium-ion storage for nanostructured carbon anode by engineering desolvation barrier with neat electrolytes,2020,10.1016/j.nanoen.2020.104895,https://doi.org/10.1016/j.nanoen.2020.104895,WOS:000547341500005,2317,63d17bc21309a158b4535ec1fc15604c6b0d6611e27c1843f963466c6a5e85ab
WOS:001489769300001,Interlayer modulation of the lepidocrocite-type titanate via intercalation of the tetraalkylammonium ions for high-performance sodium-ion batteries,2025,10.1016/j.mseb.2025.118335,https://doi.org/10.1016/j.mseb.2025.118335,WOS:001489769300001,2318,7fb9dc60c715348b922ebb957a0400c2da1fcb6dd2e9d0c87738602d5645c511
WOS:001362493900001,Cu-Occupied Ni-Site O3-Type Layered NaNi0.5Mn0.5O2 with Enhanced Rate Performance for Sodium-ion Batteries,2025,10.1007/s11665-024-10290-3,https://doi.org/10.1007/s11665-024-10290-3,WOS:001362493900001,2319,41354a08241d2ed3980056d8d97d2cab1e1a6b1d7d1200800bb8b4cb4167bd46
WOS:001411693700024,Tailoring the microstructure of bamboo-derived hard carbon to realize high sodium storage,2024,10.1007/s11771-024-5833-y,https://doi.org/10.1007/s11771-024-5833-y,WOS:001411693700024,2320,d86595ef415d80db79be48bdb5e27f10fe2818c273ebcd4d6a9c33884b5be626
WOS:000545689000042,"Cationic Hexagonal Boron Nitride, Graphene, and MoS2 Nanosheets Heteroassembled with Their Anionic Counterparts for Photocatalysis and Sodium-Ion Battery Applications",2020,10.1021/acsanm.0c00700,https://doi.org/10.1021/acsanm.0c00700,WOS:000545689000042,2321,5a54f38a26ab258b3f4c7e441dc072e103faaac12586a12cd8d45d44331e443e
WOS:001506880200005,Real-time tracking of CoSe2@VSe2 anode evolution for stable sodium storage☆,2025,10.1016/j.cej.2025.164448,https://doi.org/10.1016/j.cej.2025.164448,WOS:001506880200005,2322,2e365272e699ba776eb475f1f2be88c27727a9466a70845c2d853b43ecfb2b59
WOS:001554968800003,Thermodynamic calculation-driven construction of long-life NiSb/NiS-G anode for sodium-ion battery,2025,10.1016/j.electacta.2025.146918,https://doi.org/10.1016/j.electacta.2025.146918,WOS:001554968800003,2323,edf0f236e4d3e463f2c2e1d8131d88ffc7ebe7475a56263fb869dfe1706f41ed
WOS:000579155500012,Second nearest-neighbor modified embedded atom method interatomic potentials for the Na unary and Na-Sn binary systems,2020,10.1016/j.commatsci.2020.109953,https://doi.org/10.1016/j.commatsci.2020.109953,WOS:000579155500012,2324,78c10a2e529ba3f5853476e4fe91579ca45d3d035bae99bf53030e6dcc232e0b
WOS:001217137400001,Ultrafine Mn-rich P2-type Na 0.67 Fe 0.1 Mn 0.9 O 2 particles via combustion synthesis as high-performance sodium-ion battery cathode,2024,10.1016/j.est.2024.111534,https://doi.org/10.1016/j.est.2024.111534,WOS:001217137400001,2325,c743e8e02017007d1d6d59b95b8a09cb5b58de64201a461c2ca89270f22d6cf9
WOS:001621949800001,Nitrogen-doped carbon nanobox@medium-entropy transition metal selenide nanoparticles as advanced anode material for sodium-ion batteries,2026,10.1016/j.est.2025.119440,https://doi.org/10.1016/j.est.2025.119440,WOS:001621949800001,2326,ac88e7526fb1df82746b2c12f8b79aa8d5f07b19798fd1409166a97c139b1e72
WOS:000319030000022,Reduced graphene oxide with superior cycling stability and rate capability for sodium storage,2013,10.1016/j.carbon.2013.01.064,https://doi.org/10.1016/j.carbon.2013.01.064,WOS:000319030000022,2327,22b1e9c22735991446a7e7d14688a10be74ff8d45a980b3237d2e0e9ffc471f1
WOS:000385495000007,P2-type Na0.67Mn0.72Ni0.14Co0.14O<su b>2 with K+ doping as new high rate performance cathode material for sodium-ion batteries,2016,10.1016/j.electacta.2016.09.003,https://doi.org/10.1016/j.electacta.2016.09.003,WOS:000385495000007,2328,41ec7fcdb9745fd19374931d4937821117a495b8b57f83612e2baa238692dcd4
WOS:000366307100029,Electrochemical Na-Insertion/Extraction Properties of Phosphorus Electrodes in Ionic Liquid Electrolytes,2015,,,WOS:000366307100029,2329,6cbff9509631b3c4e3962f8d965f7ab3e87206af1161fc5de7b4a2994b3e9f13
WOS:000468474000007,Effects of Different Atmosphere on Electrochemical Performance of Hard Carbon Electrode in Sodium Ion Battery,2019,10.1007/s13391-019-00143-w,https://doi.org/10.1007/s13391-019-00143-w,WOS:000468474000007,2330,f7d830d3eaddaf056a99813b49065dae77f2f76c7a651d2c77a62eb1e426a0c2
WOS:000458596500020,Construction of carbon-coated nickel phosphide nanoparticle assembled submicrospheres with enhanced electrochemical properties for lithium/sodium-ion batteries,2019,10.1016/j.jcis.2018.11.093,https://doi.org/10.1016/j.jcis.2018.11.093,WOS:000458596500020,2331,d23589319a818af7a352ff471e57fba25ac3cdfcf7f7628358a1652344920a42
WOS:001049772800001,Constructing atomically dispersed Snδ+ sites in porous carbon nanosheets to boost lithium-/sodium-storage capability,2023,10.1016/j.jallcom.2023.171218,https://doi.org/10.1016/j.jallcom.2023.171218,WOS:001049772800001,2332,092966d584ea331fade97d60789384f3e5b4eac3a399ac2a1d37204a9c169222
WOS:000560366800014,Tailoring the mesoporous ZnMn2O4 spheres as anode materials with excellent cycle stability for sodium-ion batteries,2020,10.1016/j.jallcom.2020.156018,https://doi.org/10.1016/j.jallcom.2020.156018,WOS:000560366800014,2333,36f2fdb9561adb09a5dfbf4214c987a030467b41813644e9d95d538b5aaabc79
WOS:000569785200007,Adsorption and diffusion of lithium and sodium on the silicon nanowire with substrate for energy storage application: A first principles study,2020,10.1016/j.matchemphys.2020.123243,https://doi.org/10.1016/j.matchemphys.2020.123243,WOS:000569785200007,2334,a267d868047db71bffc4b708442c3bae08075a78dc650ff85d684eb230d35905
WOS:000344218900001,Magnesium Terephthalate as an Organic Anode Material for Sodium Ion Batteries,2014,10.3866/pku.whxb201408052,https://doi.org/10.3866/pku.whxb201408052,WOS:000344218900001,2335,86c1201d5dbf64d0610099b8cf2b8f56b1d6484b7555d19e5885c17144b35be9
WOS:001522374900001,Fe-Fe3O4/Fe7S8@CNSs Heterostructure Boosts Fast Reaction Kinetics for Ultrahigh-Performance Sodium-Ion Battery Anodes,2025,10.1002/adfm.202512226,https://doi.org/10.1002/adfm.202512226,WOS:001522374900001,2336,08b662689aa5d3a61b1bc8d49559a710c8baee44c0dfed04e967df78c3dfe398
WOS:000591554900009,Highly compacted TiO2/C micospheres via in-situ surface-confined intergrowth with ultra-long life for reversible Na-ion storage,2021,10.1016/j.jcis.2020.08.060,https://doi.org/10.1016/j.jcis.2020.08.060,WOS:000591554900009,2337,140725c3e7de4dc2f44bedf160c5e7cd3a57aa808cc1a77a8f58157202c0c2cf
WOS:001312359700001,Simple synthesis of MoSSe heterojunction nanosphere for ultrafast kinetics and high-performance sodium-ion battery,2024,10.1016/j.jallcom.2024.176397,https://doi.org/10.1016/j.jallcom.2024.176397,WOS:001312359700001,2338,e22f4edae1fab619b86e645b517551c303dd2d7abc8ba36d29443103b12542c7
WOS:000477455800001,NaCrO2/Coffee Waste-derived Nitrogen-doped Carbon Composite as High-Performance Cathode Material for Sodium Ion Batteries,2019,10.1002/bkcs.11834,https://doi.org/10.1002/bkcs.11834,WOS:000477455800001,2339,1402b915036a3c1d407d2ff5b9e3a59ed63b815c92db45b1701d5917961913d2
WOS:000406777100003,"Atomic scale, amorphous FeOx/carbon nanofiber anodes for Li-ion and Naion batteries",2017,10.1016/j.ensm.2017.03.010,https://doi.org/10.1016/j.ensm.2017.03.010,WOS:000406777100003,2340,48c0c4b796b8362189506170353345929f23d84252e058640cd17810414fb8f1
WOS:000432672300036,High-performance SnSb@rGO@CMF composites as anode material for sodium-ion batteries through high-speed centrifugal spinning,2018,10.1016/j.jallcom.2018.04.141,https://doi.org/10.1016/j.jallcom.2018.04.141,WOS:000432672300036,2341,791ec998bff8a7e478d7f3442ed5f9e855e964752803c48d7bc00f44f0fa92e6
WOS:000372388400007,Density functional studies of olivine-type LiFePO4 and NaFePO4 as positive electrode materials for rechargeable lithium and sodium ion batteries,2016,10.1016/j.ssi.2015.12.019,https://doi.org/10.1016/j.ssi.2015.12.019,WOS:000372388400007,2342,f03de3097bf6b925fa2a2ae57004cf0dc015febc1854482bbed4e7a136a2d296
WOS:001615744800009,A dataset for the structure and electrochemical performance of hard carbon as anodes for sodium-ion batteries,2025,10.1016/s1872-5805(25)61004-3,https://doi.org/10.1016/s1872-5805(25)61004-3,WOS:001615744800009,2343,d0db7086667f499c6d3f746b7475179c8063b3d85feb4f2697f93cad2b84e9dd
WOS:000398246900035,Insights into the Dual-Electrode Characteristics of Layered Na0.5Ni0.25Mn0.75O2 Materials for Sodium-Ion Batteries,2017,10.1021/acsami.6b15355,https://doi.org/10.1021/acsami.6b15355,WOS:000398246900035,2344,8516e3dc40b00e472d37cdaa37265912bb19c758aedb93cedc8fba325570b396
WOS:001525801500001,"Eco-friendly, transparent, flexible and aqueous sodium-ion battery",2025,10.1039/d5se00665a,https://doi.org/10.1039/d5se00665a,WOS:001525801500001,2345,44879314c07cb81c2ce62dc30c29ad8b12be97d08003dfdd51f4901cbbfebf4a
WOS:000478568600001,High-energy-resolution XANES of layered oxides for sodium-ion battery,2019,10.7567/1882-0786/ab10cd,https://doi.org/10.7567/1882-0786/ab10cd,WOS:000478568600001,2346,e39d83f1d6337a14000886b43b4e831e87579b94092e04d0cc6aac6050314b6e
WOS:001237951600002,Operando nano-mapping of sodium-diglyme co-intercalation and SEI formation in sodium ion batteries' graphene anodes,2024,10.1063/5.0196568,https://doi.org/10.1063/5.0196568,WOS:001237951600002,2347,bdf22806eb41542dedfd5082024418c74f8f99345c7fde9fd95bf315ad5dd07e
WOS:000537656400028,Synthesis of Vanadium Nitride-Hard Carbon Composites from Cellulose and Their Performance for Sodium-Ion Batteries,2020,10.1021/acsaem.0c00003,https://doi.org/10.1021/acsaem.0c00003,WOS:000537656400028,2348,1798195e8dcaf7ff1b4f4f486dbc606ce5e5d97369b7964d251ba1eb33ec782d
WOS:000538155500005,Effect of Crystal Structure and Morphology on Na3V2(PO4)2F3 Performances for Na-Ion Batteries,2020,10.1002/batt.201900202,https://doi.org/10.1002/batt.201900202,WOS:000538155500005,2349,17ad45b0dcadf491bcc78639ec5baa798a565a45103ff9c46d37eb164f978b9c
WOS:000526703800029,Choosing the right carbon additive is of vital importance for high-performance Sb-based Na-ion batteries,2020,10.1039/d0ta00254b,https://doi.org/10.1039/d0ta00254b,WOS:000526703800029,2350,fdabee6052766c7ad3f74313e1968d60dafaf9cc177ebdcf6ff9d669e61c37c8
WOS:000498873300001,Electrochemical Performance Optimization of Layered P2-Type Na0.67MnO2 through Simultaneous Mn-Site Doping and Nanostructure Engineering,2020,10.1002/batt.201900126,https://doi.org/10.1002/batt.201900126,WOS:000498873300001,2351,24328986e551d593398c11dd1be4c8968c2570906343d722bb3cf91d93d9fbac
WOS:000473271000001,Performance Modulation through Synergetic Effect of Interstitial Water with Ti-substitution for Sodium Ion Battery Cathode,2019,10.1246/cl.190137,https://doi.org/10.1246/cl.190137,WOS:000473271000001,2352,170c3a7463345def10c3ca2755102537caa18b3b1ffe14d4d8a32263f7eaa73f
WOS:000449651100022,Interlayer-expanded VMo2S4 nanosheets on RGO for high and fast lithium and sodium storage,2019,10.1016/j.jallcom.2018.09.082,https://doi.org/10.1016/j.jallcom.2018.09.082,WOS:000449651100022,2353,a44de140b933738aa34a6ec82ef34aecc2c3c6e08d7369c57908c15bfa7187c5
WOS:001265688700001,Off-Stoichiometry of Sodium Iron Pyrophosphate as Cathode Materials for Sodium-Ion Batteries with Superior Cycling Stability,2024,10.1021/acsami.4c08208,https://doi.org/10.1021/acsami.4c08208,WOS:001265688700001,2354,d66926dd36f820f7737d4427eeac51b377df1945355b33883fa17aa8486a1d50
WOS:000607068000001,Optimization of prismatic type layered electrode materials for high performance sodium battery,2021,10.1002/er.6383,https://doi.org/10.1002/er.6383,WOS:000607068000001,2355,e060fcff522b4c7779b9c467063b1308825de84fcd9205c06f9ae310eb0f48a4
WOS:000459796400080,Artificially coated NaFePO4 for aqueous rechargeable sodium-ion batteries,2019,10.1016/j.jallcom.2019.01.046,https://doi.org/10.1016/j.jallcom.2019.01.046,WOS:000459796400080,2356,d8080904dde4856e3de2a29e1e82569c61a457e5ca101384bb47923aeeb19eba
WOS:000337336900013,Layered NaxMnO2+z in Sodium Ion Batteries-Influence of Morphology on Cycle Performance,2014,10.1021/am406009t,https://doi.org/10.1021/am406009t,WOS:000337336900013,2357,e4268765e1981056d499547c919417ed5ded881c9160ea0b140c7062a9357cac
WOS:000510855700019,Non-flammable organic electrolyte for sodium-ion batteries,2020,10.1016/j.elecom.2019.106635,https://doi.org/10.1016/j.elecom.2019.106635,WOS:000510855700019,2358,71263f5a2b366f3586ff3d8c8d3cf6f300cf8f2ca40755ae4cbbf5515d2695e3
WOS:000415931900011,Synthesis of NaxMn0.54Ni0.13Fe0.13 O2 with P2-type hexagonal phase as high-performance cathode materials for sodium-ion batteries,2018,10.1016/j.jallcom.2017.10.131,https://doi.org/10.1016/j.jallcom.2017.10.131,WOS:000415931900011,2359,194accdac9c5295402f9a01e4ed27433d3926c6b7df3a3c13f0d5a3b91c20e52
WOS:000750542800003,General metal-organic framework-derived strategy to synthesize yolk-shell carbon-encapsulated nickelic spheres for sodium-ion batteries,2022,10.1016/j.jcis.2021.12.157,https://doi.org/10.1016/j.jcis.2021.12.157,WOS:000750542800003,2360,d176a280d7362696b5a9c5d6031ca12558296867c8cdc91b4f1065e6c422563b
WOS:000382713900094,P2-Type Na0.67Ni0.23Mg0.1Mn0.67O<sub >2 as a High-Performance Cathode for a Sodium-Ion Battery,2016,10.1021/acs.inorgchem.6b01515,https://doi.org/10.1021/acs.inorgchem.6b01515,WOS:000382713900094,2361,98f7c32d034cb475314075aefb91f731d6374632baa33844d0c0cb7baabe4469
WOS:000466809000012,First-Principles Study of Na-Ion Battery Performance and Reaction Mechanism of Tin Sulfide as Negative Electrode,2019,10.1002/tcr.201800167,https://doi.org/10.1002/tcr.201800167,WOS:000466809000012,2362,864e1cb4921bc7d4a366919183a9d97ed320878868e29306dc8d6a8650f941ac
WOS:001345264500001,Ultrafast synthesis of hard carbon for high-rate and low-temperature sodium-ion storage through flash Joule heating,2024,10.1016/j.ssi.2024.116622,https://doi.org/10.1016/j.ssi.2024.116622,WOS:001345264500001,2363,d0d9a2e34ee3d224f8cafa841d7e0bcfd78645549132fdbc7b06784f4785eb90
WOS:001533531100001,"Cracking a tough nut: Challenges, strategies, and development of layered transition-metal oxide-based cathode materials for commercialization of sodium-ion batteries",2025,10.1016/j.mtener.2025.101969,https://doi.org/10.1016/j.mtener.2025.101969,WOS:001533531100001,2364,919f44b07b5a551701d98f7fd69edec7a7f5aca6347cd9f21075ba7c904ebdea
WOS:001620193400001,The change of Na storage mechanism from soft carbon to hard carbon,2025,10.1039/d5cp02538a,https://doi.org/10.1039/d5cp02538a,WOS:001620193400001,2365,eb5b9a82324f5d0b18fa1f75bd6fc49149abd08a372ea70a586c8ab4387467ea
WOS:001065974800001,"Sodium Layered/Tunnel Intergrowth Oxide Cathodes: Formation Process, Interlocking Chemistry, and Electrochemical Performance",2023,10.1021/acsami.3c07164,https://doi.org/10.1021/acsami.3c07164,WOS:001065974800001,2366,7fb27e7b0ebd24f14354116e1739717f3c82df7449c2501aed4bf77ea9b835e6
WOS:000396186300045,Ultrathin single-crystalline TiO2 nanosheets anchored on graphene to be hybrid network for high-rate and long cycle-life sodium battery electrode application,2017,10.1016/j.jpowsour.2016.12.077,https://doi.org/10.1016/j.jpowsour.2016.12.077,WOS:000396186300045,2367,d2daf7862a24612ba8e05fd3014c3a556de895b2f4520bbc4ddf15f83525678c
WOS:000462944700039,Investigation of NaTiOPO4 as Anode for Sodium-Ion Batteries: A Solid Electrolyte Interphase Free Material?,2019,10.1021/acsaem.8b02040,https://doi.org/10.1021/acsaem.8b02040,WOS:000462944700039,2368,5f216191b64a39c1dbc1bf8840239d17219490a8307b2a88c89032cf48d6086e
WOS:000462944700023,Conformal Hollow Carbon Sphere Coated on Sn4P3 Microspheres as High-Rate and Cycle-Stable Anode Materials with Superior Sodium Storage Capability,2019,10.1021/acsaem.8b01885,https://doi.org/10.1021/acsaem.8b01885,WOS:000462944700023,2369,6a3f1e52b4a426e78e4a4fc11156cb51c800f66071793450d91d9e44fa25d4e0
WOS:000658749000024,Amorphous Metal Oxide Nanosheets Featuring Reversible Structure Transformations as Sodium-Ion Battery Anodes,2020,10.1016/j.xcrp.2020.100118,https://doi.org/10.1016/j.xcrp.2020.100118,WOS:000658749000024,2370,b81b2b50b9e2682b5b1aeec0f5e717a62a474907fe2bcf0553ac66276f89483f
WOS:000512281100012,Hollow carbon sphere based WS2 anode for high performance lithium and sodium ion batteries,2020,10.1016/j.cplett.2019.137061,https://doi.org/10.1016/j.cplett.2019.137061,WOS:000512281100012,2371,812dd6aa04d3c1254ef300be2bbc797b42a9c79cb0d95408550d476fbf47d822
WOS:000722858300001,Synthesis of interlayer expanded MoS2 by sulfurization of MoO3 with enhanced sodium-ion storage,2022,10.1016/j.jallcom.2021.162691,https://doi.org/10.1016/j.jallcom.2021.162691,WOS:000722858300001,2372,9f9ba77765fe803b59684816577feb86ad7c1578251c818cbcd9485d1af33db8
WOS:000404807200027,CuV2S4: A High Rate Capacity and Stable Anode Material for Sodium Ion Batteries,2017,10.1021/acsami.7b04739,https://doi.org/10.1021/acsami.7b04739,WOS:000404807200027,2373,884278a008112e588cd174975afae408bf11725ba796576a16e1312ecb6c58ab
WOS:000749766800003,"Fabrication of N, S co-doped carbon nanofiber matrix with cobalt sulfide nanoparticles enhancing lithium/sodium storage performance",2022,10.1016/j.jallcom.2022.163812,https://doi.org/10.1016/j.jallcom.2022.163812,WOS:000749766800003,2374,80b7a24c934c5c075b0ebd1fbe3f80e633305e8ebf7b5ec4386ed473a2201096
WOS:001174240000001,Cobalt-vanadium sulfide yolk-shell nanocages from surface etching and ion-exchange of ZIF-67 for ultra-high rate-capability sodium ion battery,2024,10.1016/j.jcis.2024.01.138,https://doi.org/10.1016/j.jcis.2024.01.138,WOS:001174240000001,2375,bf00644fa47556012ac8b597d1f362453be06f97dccbb2c1023fb9e01250f75b
WOS:000649674700008,Electrochemical exfoliation of porous antimonene as anode materials for sodium-ion batteries,2021,10.1016/j.elecom.2021.107025,https://doi.org/10.1016/j.elecom.2021.107025,WOS:000649674700008,2376,d35d8fc820749a6d36ae70db2ad4b6e6f5fb2a1e8be9c171c2d6df3836de8412
WOS:000355386700014,Electrochemical Performances of Reduced Graphene Oxide/Titanium Dioxide Composites for Sodium-Ion Batteries,2015,10.3866/pku.whxb201503162,https://doi.org/10.3866/pku.whxb201503162,WOS:000355386700014,2377,435d353483800b0de641254610b8713e8e8d39b1a5a5b74a5f38d56f7729cab5
WOS:001356363200001,Nitrogen-doped carbon coated Na3V2O2(PO4)2F as a cathode for high-performance sodium-ion batteries,2024,10.1016/j.jelechem.2024.118763,https://doi.org/10.1016/j.jelechem.2024.118763,WOS:001356363200001,2378,150cd713f5803f254e940a41d44a1aa324246b9e0a9d52a2538809d442daa77d
WOS:001297054400001,Controlled Synthesis of Bismuth Atomic Clusters on Porous TiO2 Nanobiscuit with Ultrafast Sodium Storage,2025,10.1002/aenm.202402780,https://doi.org/10.1002/aenm.202402780,WOS:001297054400001,2379,15e106e7d11c10e2d4d0927cbe72c867f643ec70f825ca48b7b7ecb7dedd1480
WOS:001597427200001,Unlocking Exceptionally Fast and Large-Capacity Na plus Storage of Fe2SSe via Coupling Multicore-in-Multishell Design and Vacancy Engineering,2025,10.1002/adfm.202518989,https://doi.org/10.1002/adfm.202518989,WOS:001597427200001,2380,73ccf6982208e2b79e3eb1cd93f95d92073eb03da3a08f620d8b960e93b2978e
WOS:000854981300003,Co0.85Se-Fe7Se8 nanocuboids embedded in reduced graphene oxides as cycle-stable anodes for sodium-ion batteries,2022,10.1016/j.carbon.2022.07.022,https://doi.org/10.1016/j.carbon.2022.07.022,WOS:000854981300003,2381,cf029b384c5fe408405410414a6ecb16abb37726a35c11c659e8b6078c90208d
WOS:000374710100019,Amorphous iron phosphate/carbonized polyaniline nanorods composite as cathode material in sodium-ion batteries,2016,10.1007/s10008-015-3063-9,https://doi.org/10.1007/s10008-015-3063-9,WOS:000374710100019,2382,20a22e4753aa52e5405f2914d1fabb87a8bb8e08f9afe616e507d8a3a737d0b4
WOS:000784298000001,Ultrafast and ultrastable Na-ion storage in zero-strain sodium perylenetetracarboxylate anode enabled by ether electrolyte,2022,10.1016/j.ensm.2022.01.053,https://doi.org/10.1016/j.ensm.2022.01.053,WOS:000784298000001,2383,9d8a346e98e0eb5b2454b14d385bad2650e95b9cff3671c3c37a9e5ec41ed0f6
WOS:001450395300001,Glyme-based Localized High Concentration Electrolytes Improve the Stability of Na-ion Battery Materials in Half-cells,2025,10.1002/batt.202400744,https://doi.org/10.1002/batt.202400744,WOS:001450395300001,2384,d22ce55426d47392747eb10e526dfd9d2e4fedbe4c73fb052246d095c2fddb08
WOS:000431150900027,Investigation of the Na Storage Property of One-Dimensional Cu2-xSe Nanorods,2018,10.1021/acsami.8b00783,https://doi.org/10.1021/acsami.8b00783,WOS:000431150900027,2385,ffad300a1e42dd4226c288a31e8a32acef502a0711e99e055a5c8a482651fc2f
WOS:000447632000006,Conductivity and Pseudocapacitance Optimization of Bimetallic Antimony-Indium Sulfide Anodes for Sodium-Ion Batteries with Favorable Kinetics,2018,10.1002/advs.201800613,https://doi.org/10.1002/advs.201800613,WOS:000447632000006,2386,5c98019584fc76f0ace34558be4dc7369b837568f38b90ee993d0332bf06843e
WOS:001524644100001,High-Entropy Doped KTiOPO4-Type Vanadium-Based Fluorophosphate Cathodes for High-Energy Sodium-Ion Batteries,2025,10.1002/adfm.202512341,https://doi.org/10.1002/adfm.202512341,WOS:001524644100001,2387,80e390fc6a5ce75ba2c2a6a79d4feb464333e8f9427065c34f8ec5e9f2f1c989
WOS:001567311600001,Enhanced Sodium-Ion Battery Performance via Carbon Nanotube-Confined Prussian Blue Crystallites,2025,10.1021/acs.langmuir.5c03676,https://doi.org/10.1021/acs.langmuir.5c03676,WOS:001567311600001,2388,d49a5e258002b5695304b7e50a5359a3d685103e741b88da858afed7c6636ad6
WOS:000383445400003,Iron phosphide as negative electrode material for Na-ion batteries,2016,10.1016/j.elecom.2016.05.005,https://doi.org/10.1016/j.elecom.2016.05.005,WOS:000383445400003,2389,e8b63052b5a1321c87b809cf59d66bc8c99ad2a88a9c5473f7b53b55db7cb2c9
WOS:000391570700008,Na2.32Co1.84(SO4)3 as a new member of the alluaudite family of high-voltage sodium battery cathodes,2017,10.1039/c6dt03767d,https://doi.org/10.1039/c6dt03767d,WOS:000391570700008,2390,5b673dfffd17ab03679df16873c6e1d8c0f76409df808407894383c6aecc7569
WOS:000682991300087,Metal-Organic Framework-Derived ZnSe- and Co0.85Se-Filled Porous Nitrogen-Doped Carbon Nanocubes Interconnected by Reduced Graphene Oxide for Sodium-Ion Battery Anodes,2021,10.1021/acs.inorgchem.1c01807,https://doi.org/10.1021/acs.inorgchem.1c01807,WOS:000682991300087,2391,1619a64a9454bfcd32c7161f12b62e132edceeaa7b4d11e1a28e4a0d5ee2a2e1
WOS:000441077900093,"Revisiting the alluaudite NaMnFe2(PO4)3 sodium insertion material: Structural, diffusional and electrochemical insights",2018,10.1016/j.electacta.2018.06.178,https://doi.org/10.1016/j.electacta.2018.06.178,WOS:000441077900093,2392,5ce179e982ba06f3f683b18a9fe675a5e8a7ae5075e9b06bd20a9cd499c3d9c8
WOS:000617886300008,"Co2P/Sn4P3 particle encapsulated in N, P codoped carbon nanocubes for efficient sodium storage",2021,10.1016/j.mtchem.2020.100389,https://doi.org/10.1016/j.mtchem.2020.100389,WOS:000617886300008,2393,3832480334e68a551dd23b991cfeb7c73cd9e00c6c14ab83a5e6373a6daf5f3c
WOS:000403631600074,Pipe-Wire TiO2-Sn@Carbon Nanofibers Paper Anodes for Lithium and Sodium Ion Batteries,2017,10.1021/acs.nanolett.7b01152,https://doi.org/10.1021/acs.nanolett.7b01152,WOS:000403631600074,2394,65e5e6ac90ac49bff679397b4d5f1c9e6084f8fb4e4b161420913bf0369cb96b
WOS:001469948200001,"B, N Co-Doped Hard Carbon Nano-Sponge Enhancing Half and Full Cell Performance in Na-Ion Batteries",2025,10.1002/smll.202500120,https://doi.org/10.1002/smll.202500120,WOS:001469948200001,2395,be8410141132005e5d81755ac7025ff04cc59688c4ee246d583f4653e6fc9761
WOS:001562489000006,B-doped graphene/blue-phosphorus heterostructure as a potential anode material for sodium-ion battery: A first-principles study,2025,10.1016/j.electacta.2025.147202,https://doi.org/10.1016/j.electacta.2025.147202,WOS:001562489000006,2396,530111e4f8f81acb2f9fef24962c78dfca31921e299508c670bbbf4c36e10a12
WOS:000573004000001,Effect of K/Zr co-doping on the elevated electrochemical performance of Na3V2(PO4)3/C cathode material for sodium ion batteries,2021,10.1007/s11581-020-03791-3,https://doi.org/10.1007/s11581-020-03791-3,WOS:000573004000001,2397,b5c3da1390e0293db4551df8ac96a9fb9bc35570697dbd3ed6beab932d619462
WOS:000460453100092,High Capacity Na-Ion Battery Anodes by Coating Multi-walled Carbon Nanotubes on the Ni-Sn Foam Substrate,2019,10.1007/s11664-019-06981-6,https://doi.org/10.1007/s11664-019-06981-6,WOS:000460453100092,2398,bc31aa34ad2e31486bf501feb9015c4f2f3480c01cc6f833a0f7184d79777a85
WOS:001602017000001,Hard Carbon Derived from Waste Polyethylene for High-Performance Sodium-Ion Battery Anodes,2025,10.1002/slct.202501666,https://doi.org/10.1002/slct.202501666,WOS:001602017000001,2399,c2dc52e30b31c8ecb90bf90393a1bde2a792a6016e76b4ff09c97b243f4ff28e
WOS:001509146300021,Multiphase CoSbS/CoS-C nanoscale layered material for advanced sodium-ion battery anode,2025,10.1016/j.cej.2025.164577,https://doi.org/10.1016/j.cej.2025.164577,WOS:001509146300021,2400,d8b1c9b4e06272a74d428f2cc17d7c1764a789151352b9e042ba2ca2c27990e2
WOS:000623412300003,An insight into the effect of g-C3N4 support on the enhanced performance of ZnS nanoparticles as anode material for lithium-ion and sodium-ion batteries,2021,10.1016/j.electacta.2021.137715,https://doi.org/10.1016/j.electacta.2021.137715,WOS:000623412300003,2401,959cd889528e04c2e7a7291231f799b3f68fbc2e8bd5358e4b247cb3bc6cc49b
WOS:001598861900001,Stearic acid induced hydrophobic protection of NaTi2(PO4)3 for long-term operation in aqueous Na-ion systems,2025,10.1016/j.jelechem.2025.119550,https://doi.org/10.1016/j.jelechem.2025.119550,WOS:001598861900001,2402,d042b39763b98dbb1b9b9494a7e09708d85beb0a719b539c73e8d98339c9d487
WOS:000500529600042,A N/S-codoped disordered carbon with enlarged interlayer distance derived from cirsium setosum as high-performance anode for sodium ion batteries,2019,10.1007/s10854-019-02509-0,https://doi.org/10.1007/s10854-019-02509-0,WOS:000500529600042,2403,2a7ef6af07798e8b02df8e7e3af27853ddf35cea9581f1f0e0ed859e56d049c8
WOS:000374196000054,High-Temperature Neutron and X-ray Diffraction Study of Fast Sodium Transport in Alluaudite-type Sodium Iron Sulfate,2016,10.1021/acs.chemmater.6b00604,https://doi.org/10.1021/acs.chemmater.6b00604,WOS:000374196000054,2404,6470549d5f6a21de1e502217a9548d4013a47e171718ab1aeb35ec55e83051f5
WOS:000829140800001,NiS2 nanoparticles anchored on MXene conductive frameworks with enhanced lithium and sodium storage properties,2022,10.1007/s11581-022-04668-3,https://doi.org/10.1007/s11581-022-04668-3,WOS:000829140800001,2405,0f68e8bd815b9b7857c37ab61cc766472d5ccbcd6ad7296813f002807b6f91c2
WOS:001167194600001,Multiscale Interface Engineering of Sulfur-Doped TiO2 Anode for Ultrafast and Robust Sodium Storage,2024,10.1021/acsnano.3c11477,https://doi.org/10.1021/acsnano.3c11477,WOS:001167194600001,2406,e25fddb768e06d2068c6962ad887e17381f66f44b07974e5fe672e69ff6d6e66
WOS:000956939400001,CoSe2 nanoparticles anchored on dual 1D carbon nanotubes/N-doped carbon nanofibers as high-performance anodes for sodium-ion storage,2023,10.1039/d3dt00151b,https://doi.org/10.1039/d3dt00151b,WOS:000956939400001,2407,12e3801f7bf716eadee287a2d1a162d6dec1ee4944e3a7d965a2f050be873640
WOS:000383903500073,Cheese-like bulk carbon with nanoholes prepared from egg white as an anode material for lithium and sodium ion batteries,2016,10.1039/c6ra16905h,https://doi.org/10.1039/c6ra16905h,WOS:000383903500073,2408,915c7f13a587aaf0a3403eb59e986f62eb6b874a58d8fc136f807353212083a1
WOS:000777263000004,Heterointerface synergistic Na+ storage fundamental mechanism for CoSeO3 playing as anode for sodium ion batteries/capacitors,2022,10.1016/j.cej.2022.134567,https://doi.org/10.1016/j.cej.2022.134567,WOS:000777263000004,2409,aceb14b1142a8c80b94703cb60718bfde09d54d647d02d48dd162670f2f38072
WOS:000823352400001,"Ionic Conductivity, Na Plating-Stripping, and Battery Performance of Solid Polymer Na Ion Electrolyte Based on Poly(vinylidene fluoride) and Poly(vinyl pyrrolidone)",2022,10.1021/acsaem.2c01296,https://doi.org/10.1021/acsaem.2c01296,WOS:000823352400001,2410,c13e09d41771688a1b921daf2776bcf8346590f3074922e57ecb4c6026022a6e
WOS:001126141600001,One-step Surface-to-bulk Modification of NaCrO2 Cathode for Durable Sodium-ion Batteries,2024,10.1002/batt.202300498,https://doi.org/10.1002/batt.202300498,WOS:001126141600001,2411,5e59ab8813e63c9992c76ec1a63bc489cfaff13a7b53842e64340b8ff459cf62
WOS:001115646400001,Defect and interlayer spacing engineering of vanadium selenide for boosting sodium-ion storage,2024,10.1039/d3ta06115a,https://doi.org/10.1039/d3ta06115a,WOS:001115646400001,2412,a01e10b2b966f324b52f84066f679986b94a703e1704b2026c0845bcdfc05b91
WOS:000459481700003,High performance anode material for sodium-ion batteries derived from covalent-organic frameworks,2019,10.1016/j.electacta.2019.01.147,https://doi.org/10.1016/j.electacta.2019.01.147,WOS:000459481700003,2413,86d9359119af6fa3dbd70eba775ed85a4f1a41062f5b83d5174be38155dc87a1
WOS:000713627300006,Rod-like Ni0.5Co0.5C2O4•2H 2O in-situ formed on rGO by an interface induced engineering: Extraordinary rate and cycle performance as an anode in lithium-ion and sodium-ion half/full cells,2022,10.1016/j.jcis.2021.09.066,https://doi.org/10.1016/j.jcis.2021.09.066,WOS:000713627300006,2414,ac1dd62c31b6d33dce60ba0c1dbef8b249d16c7487e218982f7666fb24e88c38
WOS:000638274800055,Solid-state fabrication of CNT-threaded Fe1-xS@N-doped carbon composite as high-rate anodes for sodium-ion batteries and hybrid capacitors,2021,10.1016/j.jallcom.2021.159303,https://doi.org/10.1016/j.jallcom.2021.159303,WOS:000638274800055,2415,9bdfcaae937c6aec862076c1ac569349d0e20a10cf50883229b3577ee8f9f67f
WOS:000504404800136,Synthesis of Bi2S3/C yolk-shell composite based on sulfur impregnation for efficient sodium storage,2020,10.1016/j.cej.2019.123094,https://doi.org/10.1016/j.cej.2019.123094,WOS:000504404800136,2416,c695f1f3fcaca068aa5623649371c3a17733dc7849f58897c036f6b2349da72f
WOS:001175412200001,Fe doping mechanism of Na0.44MnO2 tunnel phase cathode electrode in sodium-ion batteries,2024,10.1016/j.jcis.2024.01.165,https://doi.org/10.1016/j.jcis.2024.01.165,WOS:001175412200001,2417,e29f1a13cde8daada26b7d2655db0ce6855d5dcd9a318f5671973e90c03ce271
WOS:000437667800003,Observation of Pseudocapacitive Effect and Fast Ion Diffusion in Bimetallic Sulfides as an Advanced Sodium-Ion Battery Anode,2018,10.1002/aenm.201703155,https://doi.org/10.1002/aenm.201703155,WOS:000437667800003,2418,2b287fa4fb489f02c48054f5072ab372a980c3a56076f5a545f1165f6c308584
WOS:001520499600009,First-principles study of MBene-based high-performance anode materials for ion batteries,2025,10.7498/aps.74.20250251,https://doi.org/10.7498/aps.74.20250251,WOS:001520499600009,2419,1d487ed8bc81d5c6c37ad2bf228d2a3b2b0f09ba588bac4587045423221a082f
WOS:000426501400005,One-Step In Situ Synthesis of Three-Dimensional NiSb Thin Films as Anode Electrode Material for the Advanced Sodium-Ion Battery,2018,10.1002/ejic.201701362,https://doi.org/10.1002/ejic.201701362,WOS:000426501400005,2420,a40e122e28b6972fe8cea53ba7850e9416553828579c530fe7c1874419dc1f3f
WOS:001415058000001,A hydro-stable and phase-transition-free P2-type cathode with superior cycling stability for high-voltage sodium-ion batteries,2025,10.1016/j.cej.2025.160010,https://doi.org/10.1016/j.cej.2025.160010,WOS:001415058000001,2421,945ff1d2c7b1d7409ea0fd0454d41f57cf6420fe38eb876f70421d01549a6538
WOS:001464900700001,Two-dimensional IV-V compound monolayers: First principles insights for sodium ion battery anode applications,2025,10.1016/j.ensm.2025.104224,https://doi.org/10.1016/j.ensm.2025.104224,WOS:001464900700001,2422,27046190844301e9fd4b4c7b6e1d26490e307db1cb2cc084c52836456d5f6e27
WOS:000906450600001,Solid-State NMR Study on the Structure and Dynamics of Graphite Electrodes in Sodium-Ion Batteries with Solvent Co-Intercalation,2023,10.1002/batt.202200421,https://doi.org/10.1002/batt.202200421,WOS:000906450600001,2423,591868ee296d1c8ec702787b5a0b09906069cd02d7abc9c15299eae02043eb14
WOS:000627222400004,Facile synthesis of hollow Cu3P for sodium-ion batteries anode,2021,10.1007/s12598-021-01718-z,https://doi.org/10.1007/s12598-021-01718-z,WOS:000627222400004,2424,1be1fe3f06d37a4673bfbbe7b685e6de5c9da4a89044276392b0575827fce715
WOS:001190389800001,Achieving High Rate and Long Cycle Performance of Na2FePO4F Cathode Through Co-Modification of Ti Doping and Carbon Coating,2024,10.1002/smll.202400149,https://doi.org/10.1002/smll.202400149,WOS:001190389800001,2425,969af48a270f47186e003e2f7c79a96a5c015d0305882bd05dfc271ca0eeef30
WOS:001026456300001,Layered hollow FeSe2 based on salt template as anode for sodium-ion batteries with advanced electrochemical performance,2023,10.1016/j.jelechem.2023.117432,https://doi.org/10.1016/j.jelechem.2023.117432,WOS:001026456300001,2426,47d87dc113d47e513b890f35591df97b3ab50f860baf020c74fbf43c5a0122d6
WOS:001044493200001,Silicone oil-based selective SiOC coating onto hydrophobic rGO-MoS2 composite materials to achieve ultra-stable composite anodes in sodium-ion batteries,2023,10.1016/j.jiec.2023.06.013,https://doi.org/10.1016/j.jiec.2023.06.013,WOS:001044493200001,2427,f58fa53bd4734f045c6400f04d71ea7a631bf867e8cbf763abcebcc8391585b6
WOS:000616463700001,Oxygen vacancy promising highly reversible phase transition in layered cathodes for sodium-ion batteries,2021,10.1007/s12274-021-3349-4,https://doi.org/10.1007/s12274-021-3349-4,WOS:000616463700001,2428,50b6b2cdf96941d28a4c685feb11c8e4890b5ac46ad87e22b217fa025d75ee24
WOS:000315309900013,"Cathode properties of Na3M2(PO4)2F3 [M = Ti, Fe, V] for sodium-ion batteries",2013,10.1016/j.jpowsour.2012.10.034,https://doi.org/10.1016/j.jpowsour.2012.10.034,WOS:000315309900013,2429,ab9db9a5d8b5f47733d6446c9b114fa0251364601a9406cd0c401d6e732705ea
WOS:000437354700008,Recent advances of bismuth based anode materials for sodium-ion batteries,2018,10.1080/10667857.2018.1474005,https://doi.org/10.1080/10667857.2018.1474005,WOS:000437354700008,2430,613bfc440e88557e5d51f39aa6f7e3a3a6be68b350b9da5edcb64e0e13c44e1e
WOS:001272796400001,Energy Band-Modulated SnO Anodes with Improved Rate Capacity and Initial Coulombic Efficiency for Sodium-Ion Batteries,2024,10.1021/acsami.4c03971,https://doi.org/10.1021/acsami.4c03971,WOS:001272796400001,2431,125cb3d7621bb6109d47e25c5493bf72e245e97cd17c3a5918566fa32063c069
WOS:001296700200001,Prilling and Coating Strategy to Synthesize High-Performance Spherical NaNi0.4Fe0.2Mn0.4O2 Cathode Materials for Sodium Ion Batteries,2024,10.1021/acs.langmuir.4c02065,https://doi.org/10.1021/acs.langmuir.4c02065,WOS:001296700200001,2432,5a798f54145a8f8b27fd43b6a40ac4b499ca6bde6250e02e5798b6191cc4533a
WOS:001468494400001,Simple synthesis of reduced graphene oxide (rGO) from lignite via controlled carbonization temperature for energy storage electrodes,2025,10.1016/j.kjs.2025.100417,https://doi.org/10.1016/j.kjs.2025.100417,WOS:001468494400001,2433,ea2af790f852979c5c0a36fd8ef6383bc894c0011f5c01c0e520f16cc6d7dc0c
WOS:001338673000001,A phase transition coordinated monoclinic Fe-based Prussian blue for high-performance sodium-ion battery cathode,2024,10.1016/j.jallcom.2024.177014,https://doi.org/10.1016/j.jallcom.2024.177014,WOS:001338673000001,2434,9fc23bc96bc8226d03c8acd05b43b5e1bd970007a8826d6fa57ed52f32939b5d
WOS:001161814400001,CoS2@C nanospheres encapsulated in N-doped graphene oxide as high-performance anode for sodium-ion battery,2024,10.1007/s11581-024-05429-0,https://doi.org/10.1007/s11581-024-05429-0,WOS:001161814400001,2435,8f1e797125bf77186f6e5346e75ddb6342125ccfdaf0a9e3173ce4ad6e2bed1d
WOS:000520405900011,Carbon-coated tungsten diselenide nanosheets uniformly assembled on porous carbon cloth as flexible binder-free anodes for sodium-ion batteries with improved electrochemical performance,2020,10.1016/j.jallcom.2020.154348,https://doi.org/10.1016/j.jallcom.2020.154348,WOS:000520405900011,2436,dc10f39a96a5ac6b1b53892a0a0e4bf0712106b1705c7143aa96fe714c09fadb
WOS:001006015100001,Scalable single-step synthesis of α-Nb2O5@C@Ti3C2 composite as high power and long life anode material for sodium-ion batteries,2025,10.1007/s10008-023-05557-z,https://doi.org/10.1007/s10008-023-05557-z,WOS:001006015100001,2437,35845963d803d89ed21608fb9e3bd0ce06b3c75075c63e61596c2cba3d1e6b6c
WOS:000983272900001,Continuous Production of High-Capacity Iron-Based Prussian Blue Sodium-Ion Cathode Materials Using a Rotor-Stator Spinning Disk Reactor,2023,10.1021/acsaem.3c00679,https://doi.org/10.1021/acsaem.3c00679,WOS:000983272900001,2438,81b229cc3f7ecdaf41687a5b968932af5f79ce73638c93f9b0c1be18d9ef2980
WOS:000428806700078,Fabricating 3D ordered marcoporous Na2MnSiO4/C with hierarchical pores for fast sodium storage,2018,10.1016/j.electacta.2018.03.045,https://doi.org/10.1016/j.electacta.2018.03.045,WOS:000428806700078,2439,a574cb0c911043d64e70dca839740763b4aa73a2d4c511045ea0f011ae66f57c
WOS:001551575600001,Prussian blue analogues-derived transition metal phosphide nanorods for sodium-ion battery anodes,2025,10.1007/s11581-025-06635-0,https://doi.org/10.1007/s11581-025-06635-0,WOS:001551575600001,2440,721ccc0a231de5e1943863dc3cb5a70b171a2edf1a8cb957740c7004fae47340
WOS:000863333400004,Construction of Co/Ni-Free P2-layered metal oxide cathode with high reversible oxygen redox for sodium ion batteries,2023,10.1016/j.cej.2022.138912,https://doi.org/10.1016/j.cej.2022.138912,WOS:000863333400004,2441,253794dc34d66f696b5a3012c163af3514510496718c2f7824f5eff619306209
WOS:001570926500001,Oxygen Vacancy Engineering Induced by Binary Metal Ions Pre-Intercalation to Realize Stable Na plus Storage at High Voltage,2025,10.1002/smll.202509279,https://doi.org/10.1002/smll.202509279,WOS:001570926500001,2442,18d1210f54f11e31668c46a28c71c7f7dff8ec055b71ac68209ebe7c9d7ad222
WOS:001114970100001,Urchin-like alkaline nickel-cobalt carbonate derived Ni3S4/Co3S4 nanoparticles anchored on rGO for lithium/sodium-ion batteries with enhanced capacity,2023,10.1016/j.jiec.2023.07.065,https://doi.org/10.1016/j.jiec.2023.07.065,WOS:001114970100001,2443,e449430935cc4f5aff22b6e12a18a6ba7ad3acd82536039e4373b17429f364a3
WOS:001625820500001,Acid-mediated compositional regulation in biomass-derived hard carbon: Engineering precursor microstructure toward enhanced sodium storage performance,2026,10.1016/j.est.2025.119442,https://doi.org/10.1016/j.est.2025.119442,WOS:001625820500001,2444,c46fce6227aba08d10bf679e1ed6caf5870d3e48cbd175eb79fb0e2acbcac8e8
WOS:000868934200003,Co-Co LDH-derived CoSe2 anchored on N-doped carbon nanospheres as high-performance anodes for sodium-ion batteries,2022,10.1016/j.electacta.2022.141012,https://doi.org/10.1016/j.electacta.2022.141012,WOS:000868934200003,2445,6a3b1c7cdee01c5c74d2ea903e3197bba5f9f6a28871500c1c1230e5045b49b0
WOS:000812631800001,Bacterial cellulose network based gel polymer electrolyte for quasi-solid-state sodium-ion battery,2022,10.1007/s10854-022-08395-3,https://doi.org/10.1007/s10854-022-08395-3,WOS:000812631800001,2446,063008562974811253edee74191cf83db30763fcf6146d833ff436cdcae3c1dc
WOS:001428774200001,Electrochemical dynamic regulation of in-situ copper ion doped CoV2S4 nanohollow cubic boxes for fast electrochemical activation and high efficient sodium ion storage,2025,10.1016/j.jallcom.2025.179087,https://doi.org/10.1016/j.jallcom.2025.179087,WOS:001428774200001,2447,017b22b278a9af33a59d23182d2cd7d347b7a1de885eac167eab5870887dd1f7
WOS:000518197900051,Rapid deposition of WS2 platelet thin films as additive-free anode for sodium ion batteries with superior volumetric capacity,2020,10.1016/j.ensm.2019.11.026,https://doi.org/10.1016/j.ensm.2019.11.026,WOS:000518197900051,2448,7756823056aea35650dc8668ae08c6d6dad2837784bd23380e86647d7087b955
WOS:001579301300004,All-climate carbonate electrolyte with 2-sulfobenzoic anhydride additive leads the way to high-performance commercial pouch sodium-ion batteries,2025,10.1016/j.cej.2025.168558,https://doi.org/10.1016/j.cej.2025.168558,WOS:001579301300004,2449,6976dfb3b7cd9be5f8a9edc5994cbec02f1785f6f3f117395abbcb6020091dfe
WOS:000479020300067,Sulfur-Doped Mesoporous Carbon Nitride with an Ordered Porous Structure for Sodium-Ion Batteries,2019,10.1021/acsami.9b07657,https://doi.org/10.1021/acsami.9b07657,WOS:000479020300067,2450,4df0216cf582b1d007c40920978219129427aec50e5441586c36c3978b2447c5
WOS:001253551700001,Exploration of electrochemical behavior of Sb-based porous carbon composites anode for sodium-ion batteries,2024,10.1016/j.jcis.2024.06.080,https://doi.org/10.1016/j.jcis.2024.06.080,WOS:001253551700001,2451,da0e36caa9f9b3ec1717bca783111db262bec67a8787c4458663b5a56249fb77
WOS:000643934100007,Fluorine-substituted O3-type NaNi0.4Mn0.25Ti0.3Co0.05O<su b>2-xFx cathode with improved rate capability and cyclic stability for sodium-ion storage at high voltage,2021,10.1016/j.jechem.2021.01.038,https://doi.org/10.1016/j.jechem.2021.01.038,WOS:000643934100007,2452,80429f8ff1717d698bbbbe088d7b18761fcef7d20fbe9d826130cedf4e017e99
WOS:000458596500028,Tailored N-doped porous carbon nanocomposites through MOF self-assembling for Li/Na ion batteries,2019,10.1016/j.jcis.2018.11.101,https://doi.org/10.1016/j.jcis.2018.11.101,WOS:000458596500028,2453,1666771ccd3cc50b2034e76148cf76762bfdb868405f804a727e85a41418d675
WOS:000373519500021,In Situ Binding Sb Nanospheres on Graphene via Oxygen Bonds as Superior Anode for Ultrafast Sodium-Ion Batteries,2016,10.1021/acsami.5b12242,https://doi.org/10.1021/acsami.5b12242,WOS:000373519500021,2454,bc5e6c93cf2fb4e652fc40fed5f16041ee163235e29fc484cdb08ae4fb0b29d7
WOS:000447950800022,Enhanced storage capability by biomass-derived porous carbon for lithium-ion and sodium-ion battery anodes,2018,10.1039/c8se00353j,https://doi.org/10.1039/c8se00353j,WOS:000447950800022,2455,71c87108ffed75b74218102985a8cbcbd6ef4109e48585a11df0b044380f22d8
WOS:000337861800030,Electrochemical and thermal properties of P2-type Na2/3Fe1/3Mn2/3O2 for Na-ion batteries,2014,10.1016/j.jpowsour.2014.04.048,https://doi.org/10.1016/j.jpowsour.2014.04.048,WOS:000337861800030,2456,ada64060caa31f612b1f9874577523780ab751e738abaf63e8aa0f1eb00acac5
WOS:000813081400001,Sodium-Storage Performance of K+-Intercalated NaxCu0.2Mn0.8O2,2022,10.1021/acsaem.1c03324,https://doi.org/10.1021/acsaem.1c03324,WOS:000813081400001,2457,33efc21dcf4ab39d393ae01a307dd9b46bbe2c6521707a4403f927d1ab75a255
WOS:001016035400001,Alleviating the Jahn-Teller Distortion of P3-Type Manganese-Based Cathodes by Compositionally Graded Structure for Sodium-Ion Batteries,2023,10.1021/acssuschemeng.3c01854,https://doi.org/10.1021/acssuschemeng.3c01854,WOS:001016035400001,2458,0b9d3d11b868ffed047bc98dc6f0f49057b489b818332176d5077cdd2677123a
WOS:000888495500001,Cation doping constructed vacancy engineering for designing Sn3Se5@PPy heterostructures toward lithium/sodium-ion batteries,2022,10.1016/j.jpowsour.2022.232210,https://doi.org/10.1016/j.jpowsour.2022.232210,WOS:000888495500001,2459,4356621e6be6621617d05f4da16a56f4b7f865ce929b8d2f62ac2a093ff9463b
WOS:001468963500001,Na-site and Mn-site synergistic element doping to construct Na0.62K0.05Mn0.7Fe0.2Co0.1O2 cathode material and its electrochemical energy storage performance,2025,10.1016/j.jpowsour.2025.237007,https://doi.org/10.1016/j.jpowsour.2025.237007,WOS:001468963500001,2460,519dce29982c3a109be6888731d2b25b46211b39e0b8777d927a36ca95bea272
WOS:001282035200001,Understanding the Sodium Storage Behavior of Closed Pores/Carbonyl Groups in Hard Carbon,2024,10.1021/acsnano.4c06281,https://doi.org/10.1021/acsnano.4c06281,WOS:001282035200001,2461,d3fee2a79f39b375caf7f3e0d658988a29439f0345fc0dcbfcedfc21e1a82ae8
WOS:001141684900001,Regulation of Coordination Chemistry for Ultrastable Layered Oxide Cathode Materials of Sodium-Ion Batteries,2024,10.1002/adma.202311523,https://doi.org/10.1002/adma.202311523,WOS:001141684900001,2462,1fb07c2b6eb1afd68695af0579d8159eb256db1784b930f19d420d16546ebbb2
WOS:000480670200028,Hexagonal and monoclinic NaNi0.8Co0.15Al0.05O2 (Na-NCA) for sodium ion batteries,2019,10.1016/j.jpowsour.2019.226698,https://doi.org/10.1016/j.jpowsour.2019.226698,WOS:000480670200028,2463,c3c050481554f252a857b456ed47c2fce841698c9ee54a986a45907e1b6f4dda
WOS:000862791500001,CO2 Etching Modulates Lithium and Sodium Storage Performance of Hard-Soft Carbon Composite-Based Freestanding Thick Electrodes,2022,10.1021/acsami.2c14686,https://doi.org/10.1021/acsami.2c14686,WOS:000862791500001,2464,fa5025e42f72041ee66803385a0ae0b556319b4a352f6d81b0d168a05d262632
WOS:001477828600001,Introducing symmetry breaking to regulate the band structure for achieving superior rate performance in iron-based phosphate cathode for sodium-ion batteries,2025,10.1016/j.cej.2025.162831,https://doi.org/10.1016/j.cej.2025.162831,WOS:001477828600001,2465,8ffc922673573dd8b18afa959ac60cc23ffdb03f8820788a13b22b8c6fd42fc3
WOS:001385563800001,S-vacancy-rich iron sulfide derived from high-entropy Prussian blue for enhanced sodium-ion storage,2025,10.1016/j.jpowsour.2024.236021,https://doi.org/10.1016/j.jpowsour.2024.236021,WOS:001385563800001,2466,19e8ec76cc7004ee3b1198b27583c2aaefb8de3f70f42beb57a69ebc4fa9c28f
WOS:001167802600001,Self-generated rich phase boundaries of heterostructured Ni0.85Se/ (1T-2H)-MoSe2@N-C hierarchical nanospheres for reversible high-rate sodium-ion storage,2024,10.1016/j.cej.2024.148738,https://doi.org/10.1016/j.cej.2024.148738,WOS:001167802600001,2467,4c67b2812891925aaadef06ae1e7d44c50adbd8ede88239112cddfc73e07ac84
WOS:000641317200001,Electrochemical properties of mixed-phosphates Nax+2Fex+1(PO4)x(P2</su b>O7) with different ratios of PO43-/P2O74-,2021,10.1016/j.jallcom.2021.159382,https://doi.org/10.1016/j.jallcom.2021.159382,WOS:000641317200001,2468,d001b33c78c4437452496ff8b8b822d418b8c0ed3c6a72cb5b54ef12bad72867
WOS:000593849600005,A novel hollow porous structure designed for Na0.44Mn2/3Co1/6Ni1/6O2 cathode material of sodium-ion batteries,2020,10.1016/j.jpowsour.2020.228788,https://doi.org/10.1016/j.jpowsour.2020.228788,WOS:000593849600005,2469,d64d29508980622c4c1fc5110fe093d0298c529bf06e47b5148cbea35141200f
WOS:001400294400001,A new soft-hard carbon composite derived from petroleum coke and glucose for high-performance sodium storage,2025,10.1016/j.diamond.2024.111894,https://doi.org/10.1016/j.diamond.2024.111894,WOS:001400294400001,2470,7ccbbbfd306e09e973f53b976ac39bccd4162da5fbec0dac416c6f3ebd876f89
WOS:001275099600001,Exploring the Impact of Lanthanum on Sodium Manganese Oxide Cathodes: Insight into Electrochemical Performance,2024,10.1002/ente.202400824,https://doi.org/10.1002/ente.202400824,WOS:001275099600001,2471,404439a961c8eda8ea8e468cc3d8d1d7295d33bf18f7dd26ca5cbe609116e074
WOS:000967587100001,Facile and High-Efficiency Chemical Presodiation Strategy on the SnS2/rGO Composite Anode for Stable Sodium-Ion Batteries,2023,10.1021/acsami.3c00472,https://doi.org/10.1021/acsami.3c00472,WOS:000967587100001,2472,32755e22e63362b0a100ce2b081d0d5b10c68340f7b97d993e46da0366c36040
WOS:000459719800021,Electrochemical Mechanism Investigation of Cu2MoS4 Hollow Nanospheres for Fast and Stable Sodium Ion Storage,2019,10.1002/adfm.201807753,https://doi.org/10.1002/adfm.201807753,WOS:000459719800021,2473,d4d1687dd74e1f369229f7cff3e0a3023cb50d426320babd83bc48b55a91794f
WOS:001359832200001,Pre-carbonization for regulating sucrose-based hard carbon pore structure as high plateau capacity sodium-ion battery anode,2024,10.1016/j.est.2024.114590,https://doi.org/10.1016/j.est.2024.114590,WOS:001359832200001,2474,a225b0ce7abe71f117e8c4c749e3b06705e0157336efd25a5627c47b863ebb54
WOS:000529190300073,Enhanced Ionic Transport and Structural Stability of Nb-Doped O3-NaFe0.55Mn0.45-xNbxO<s ub>2 Cathode Material for Long-Lasting Sodium-Ion Batteries,2020,10.1021/acsaem.0c00238,https://doi.org/10.1021/acsaem.0c00238,WOS:000529190300073,2475,c822ef09a4838ae325de111adccdec929431155026d9cb832abdb31a34097c56
WOS:000543866400015,Optimization of the compositions of polyanionic sodium-ion battery cathode NaFe2-xVx(PO4)(SO4)2</s ub>,2020,10.1016/j.jpowsour.2020.228417,https://doi.org/10.1016/j.jpowsour.2020.228417,WOS:000543866400015,2476,a24ddc1c92dea81ba1b0b7f63a6cefdb0c9bfb15173320f2637453522a7f35a3
WOS:000785150100001,Heterostructured Bi2O3@rGO Anode for Electrochemical Sodium Storage,2022,10.3390/ma15082787,https://doi.org/10.3390/ma15082787,WOS:000785150100001,2477,27fac4e41d63b46996454ee7a28f02b4516d0bbdd961bcc2559e5e95430a9f43
WOS:001240940600001,Fe2O3 nanoparticles anchored on N-doped pinecone-based porous carbon as potential anode for potassium-ion battery,2024,10.1016/j.jpcs.2024.112091,https://doi.org/10.1016/j.jpcs.2024.112091,WOS:001240940600001,2478,8df3616adf5ab55ab34b56f5bb295fabc2f7a1145fc3572ee3bb57dc2014ec0f
WOS:001114476500001,Achieving high-rate capacity FeSe2@N-Doped carbon decorated with Ti3C2Tx MXenes for sodium ion batteries,2023,10.1016/j.mtchem.2023.101796,https://doi.org/10.1016/j.mtchem.2023.101796,WOS:001114476500001,2479,e1bc62cda40443e4a75b20da5f4d0d2cfbbf666c2091a07aa0088bd7351daac3
WOS:001532135200001,Conductive NaTi2(PO4)3/C nanocomposite by spray drying for enhanced sodium energy storage,2025,10.1007/s11581-025-06541-5,https://doi.org/10.1007/s11581-025-06541-5,WOS:001532135200001,2480,d8be974091f372cea0499649a2f4f59325ea262fc86d78569587a9faa3150f18
WOS:001338403200001,Maximizing the Structural Stability of the Na-Rich Prussian Blue Analogue Electrode through Charge Cutoff Voltage Regulation,2024,10.1021/acsami.4c14973,https://doi.org/10.1021/acsami.4c14973,WOS:001338403200001,2481,960571945c0b923d62cd523da110f9ab288d8ab7d8e0af19ef8fba25a313143d
WOS:000485054200027,Room-temperature carbon coating on MoS2/Graphene hybrids with carbon dioxide for enhanced sodium storage,2019,10.1016/j.carbon.2019.07.021,https://doi.org/10.1016/j.carbon.2019.07.021,WOS:000485054200027,2482,8573a40c72a8006676630797de1429f794c883179f45890243691f8abd1ecbe3
WOS:000449554900002,In Situ Constructing MoS2-C Nanospheres as Advanced Anode for Sodium-Ion Battery,2018,10.1002/slct.201802331,https://doi.org/10.1002/slct.201802331,WOS:000449554900002,2483,21a364e313e4b9dab45abaae3c278dc388a3a2ec8bb3b6718fc3ff0032c06db1
WOS:000391081700043,Exploration of Ca0.5Ti2(PO4)3@carbon Nanocomposite as the High-Rate Negative Electrode for Na-Ion Batteries,2016,10.1021/acsami.6b12650,https://doi.org/10.1021/acsami.6b12650,WOS:000391081700043,2484,1a01b872127bea48912b3178ccf078d8c84a8fdb88275eece7e2dad280e0ac06
WOS:001136638300001,3D Printed Sodium-Ion Batteries via Ternary Anode Design Affording Hybrid Ion Storage Mechanism,2024,10.1002/aenm.202303296,https://doi.org/10.1002/aenm.202303296,WOS:001136638300001,2485,e93b8dc23799f46a728e5a3565512b488fa672361931cc31729df7afb52f7896
WOS:001427259900001,Manganese vacancy motivated structural disorder-to-order transformation to boost fast-charging and long-lasting sodium-ion battery P2-type layered cathode,2025,10.1016/j.ensm.2025.104114,https://doi.org/10.1016/j.ensm.2025.104114,WOS:001427259900001,2486,9a7ae83dbdf4fab8a087241ec2acb1c1a8fe40aa893de7ff100c6a94eaccf419
WOS:001487038600001,Modifying anionic sites for Fe spin activation to enhance performance in NASICON cathodes,2025,10.1016/j.cej.2025.163122,https://doi.org/10.1016/j.cej.2025.163122,WOS:001487038600001,2487,dcba021e79ab6be6baa5ddf2845422243ac64613bed0ed44e9509b0e85d4680f
WOS:000345962800031,One-dimensional nanostructured design of Li1+x(Mn1/3Ni1/3Fe1/3 )O2 as a dual cathode for lithium-ion and sodium-ion batteries,2015,10.1039/c4ta04271a,https://doi.org/10.1039/c4ta04271a,WOS:000345962800031,2488,d2aae8cc789e43fd0c899c2964e2e43ff3175621a42245767804c481dd80de76
WOS:001487814500001,Effect of manganese source on the performance of P2-phase manganese-based cathode materials for sodium-ion batteries,2025,10.1016/j.materresbull.2025.113531,https://doi.org/10.1016/j.materresbull.2025.113531,WOS:001487814500001,2489,d68c095051c43261fbd94908710fbb7dcaa60e2709495cc3f6b87a7dd947c0c6
WOS:000404571500046,Smart hybridization of Sn2Nb2O7/SnO2@3D carbon nanocomposites with enhanced sodium storage performance through self-buffering effects,2017,10.1039/c7ta03021e,https://doi.org/10.1039/c7ta03021e,WOS:000404571500046,2490,32ab588c8e038429514eb632afe77c730da27e5893ffa8f148169fe279d77c22
WOS:001614794200001,Covalency cross-linked water-based binder with superior self-repairing ability and mechanical stability boosting advanced sodium storage for universal polyanion cathodes,2025,10.1016/j.ensm.2025.104715,https://doi.org/10.1016/j.ensm.2025.104715,WOS:001614794200001,2491,e5f1df70d5445adeb8da896e4c3238dae54015eb2c8101592a92510abf79fd44
WOS:001315773400002,Zinc selenide/cobalt selenide in nitrogen-doped carbon frameworks as anode materials for high-performance sodium-ion hybrid capacitors,2024,10.1007/s42114-024-00956-w,https://doi.org/10.1007/s42114-024-00956-w,WOS:001315773400002,2492,a98a73c37e37061762a7fc260d266359fd3af6260a012912c8904c448b8ae725
WOS:000859246600001,Influence of the Cation on the Reaction Mechanism of Sodium Uptake and Release in Bivalent Transition Metal Thiophosphate Anodes: A Case Study of Fe2P2S6,2022,10.1002/zaac.202200227,https://doi.org/10.1002/zaac.202200227,WOS:000859246600001,2493,20329ac6dfe9209b36505f9b52eb4289fd08d75544f28c413487f4404a8bee9a
WOS:000637755000005,Oxygen-vacancy-rich TiO2-coated carbon nanofibers for fast sodium storage in high-performance sodium-ion hybrid capacitors,2021,10.1016/j.jpowsour.2021.229678,https://doi.org/10.1016/j.jpowsour.2021.229678,WOS:000637755000005,2494,6374f5f6edc5f3e72e5ab39654a9aafa1755a817f5262f02786e9e9e0b476d99
WOS:001378241300001,Method-Deconvoluting Losses in Lithium-Ion Batteries via a Versatile Reference Electrode,2024,10.1149/1945-7111/ad9a03,https://doi.org/10.1149/1945-7111/ad9a03,WOS:001378241300001,2495,19077b44c0920adee18f785c0280cbac28ff517af9d7edb662beb560022f46d5
WOS:001523201000009,Advanced nanoarchitectural superstructure hybridized with covalent organic nanosheets and 2H-MoS2 to boost the performance of sodium-ion batteries,2025,10.1016/j.cej.2025.164931,https://doi.org/10.1016/j.cej.2025.164931,WOS:001523201000009,2496,340ee1ae83903e099f473abccd1d8ad82eca9d6a26123820ec48a8e05b081e36
WOS:001461571200001,Fe2O3 Nanoparticles on Hard Carbon as Anode of Sodium-Ion Batteries,2025,10.1142/s1793292025500444,https://doi.org/10.1142/s1793292025500444,WOS:001461571200001,2497,05f05397cc6423f4e8e81de748e3d1bc99f309bea3760410aceedfbbdf3898fb
WOS:001023846800001,CoSe2 nanodots embedded in N-doped dual-carbon nanospheres for boosting sodium-ion storage,2023,10.1016/j.jallcom.2023.170852,https://doi.org/10.1016/j.jallcom.2023.170852,WOS:001023846800001,2498,6321864bcea33098fc5a7e3a8873b820ecddc5218048fca06acc9f76ef31f260
WOS:001305339600001,Fe-Doped NaVPO4F/C Compounds for Sodium-Ion Battery Cathodes: Electrochemical Performance and Analysis of Kinetic Properties,2024,10.1021/acs.energyfuels.4c02693,https://doi.org/10.1021/acs.energyfuels.4c02693,WOS:001305339600001,2499,ec9f9bebc24377f2d9e2be7a19905a9450efbdc747d99b4d660094d18af32bcf
WOS:001513372300002,CoO nanoparticles anchored on porous pinecone-derived activated carbon as anodes for high-performance lithium and sodium-ion batteries,2025,10.1016/j.ceramint.2024.08.369,https://doi.org/10.1016/j.ceramint.2024.08.369,WOS:001513372300002,2500,ebb56a79145548576b4f8aca6b2fc07003218e72c0b706d7a9140b79556f6773
WOS:001519913700001,CoPS hollow spheres with decorated carbon nanoparticles for enhanced sodium storage,2025,10.1016/j.est.2025.117509,https://doi.org/10.1016/j.est.2025.117509,WOS:001519913700001,2501,7ad14e3bc6a79983613ebd24a59fa4bfd8692284cba6af408bd7c4ea23cddb5a
WOS:000546695700006,Enhanced cycling stability of antimony anode by downsizing particle and combining carbon nanotube for high-performance sodium-ion batteries,2020,10.1016/j.jmst.2019.05.031,https://doi.org/10.1016/j.jmst.2019.05.031,WOS:000546695700006,2502,dfea74973e844574f21e15375d52e7557c033c3a8d877299bc6966a554a363bd
WOS:000776960300001,Bimetallic sulfide FeS2@SnS2 as high-performance anodes for sodium-ion batteries,2022,10.1007/s11706-022-0593-9,https://doi.org/10.1007/s11706-022-0593-9,WOS:000776960300001,2503,5a3cb46354984d3581f2174292b7ac1b088d2de085d26bfef383ad6e5d595171
WOS:001394527700001,Ingenious use of lattice thermal expansion for enlarged Na+ layer spacing actualizing high voltage-tolerable sodium layered oxides cathodes,2025,10.1016/j.jpowsour.2024.236069,https://doi.org/10.1016/j.jpowsour.2024.236069,WOS:001394527700001,2504,f8fa2e56b8abfc8b131f36bb4fa365e03e7e23418faf57637ed1c03c7f97fe30
WOS:000986047900001,Trash to treasure: Sulfonation-assisted transformation of waste masks into high-performance carbon anode for sodium-ion batteries,2023,10.1016/j.carbon.2023.118034,https://doi.org/10.1016/j.carbon.2023.118034,WOS:000986047900001,2505,73aae486ac82ef80190f89cd69c5f09075506455614ef48e9c5097219bdeb893
WOS:001452563800001,Abundant Cu3P/Co2P/CoP@NC Heterostructures Boost Charge Transfer Toward Fast and Durable Sodium Storage,2025,10.1002/cey2.721,https://doi.org/10.1002/cey2.721,WOS:001452563800001,2506,d2681c2f60cf76e0071a568010b4d2b10531458220fac0ed1cbbfcaa98a7bcfe
WOS:000810408500003,Integrating antimony/amorphous vanadium oxide composite structure into electrospun carbon nanofibers for synergistically enhanced lithium/sodium-ion storage,2022,10.1016/j.jcis.2022.05.074,https://doi.org/10.1016/j.jcis.2022.05.074,WOS:000810408500003,2507,ac17b4de2990b949b4edd1b729f9091749b84b06b7da6f8d8e72d15192faab16
WOS:000956630000001,"Structure, Electrochemical, and Transport Properties of Li- and F-Modified P2-Na2/3Ni1/3Mn2/3O2 Cathode Materials for Na-Ion Batteries",2023,10.3390/coatings13030626,https://doi.org/10.3390/coatings13030626,WOS:000956630000001,2508,18ff964da761aea9a7ad671ad23a7abe19e3a3e360a4346111ab539e3d9a6e7f
WOS:000430774300046,Two-dimensional coupling: Sb nanoplates embedded in MoS2 nanosheets as efficient anode for advanced sodium ion batteries,2018,10.1016/j.matchemphys.2018.03.010,https://doi.org/10.1016/j.matchemphys.2018.03.010,WOS:000430774300046,2509,098e7306c4d2b7012c9765362f8167026d14e76a795378c10c3738f9433c25c7
WOS:000354767500026,Surface capacitive contributions: Towards high rate anode materials for sodium ion batteries,2015,10.1016/j.nanoen.2014.12.032,https://doi.org/10.1016/j.nanoen.2014.12.032,WOS:000354767500026,2510,f1dc17c82accdef0c732553127870c65d8cffc482a25df63a34936e21fa2612a
WOS:001154857700001,Highly Stable ZnS Anodes for Sodium-Ion Batteries Enabled by Structure and Electrolyte Engineering,2024,10.1021/acsnano.3c11785,https://doi.org/10.1021/acsnano.3c11785,WOS:001154857700001,2511,4e51d804ca0ae7c5b797774fa803294f78f2e174c873e11c84cba826f88d2c22
WOS:000504690500004,Bio-oil derived hierarchical porous hard carbon from rubber wood sawdust via a template fabrication process as highly stable anode for sodium-ion batteries,2019,10.1016/j.mtener.2019.100346,https://doi.org/10.1016/j.mtener.2019.100346,WOS:000504690500004,2512,9e881e142c2106c2b927581e13577eb0ed63e11d13993694c49b2b32526b0c4b
WOS:000439099400006,A renewable natural cotton derived and nitrogen/sulfur co-doped carbon as a high-performance sodium ion battery anode,2018,10.1016/j.mtener.2018.02.001,https://doi.org/10.1016/j.mtener.2018.02.001,WOS:000439099400006,2513,117bddf37c42190ebd44b29cf06d7a1cf6e67252dac39ac00846593362987b4f
WOS:000472193400039,Carbon coated amorphous bimetallic sulfide hollow nanocubes towards advanced sodium ion battery anode,2019,10.1016/j.carbon.2019.05.048,https://doi.org/10.1016/j.carbon.2019.05.048,WOS:000472193400039,2514,9b18cbeb2b9155717d7b946236f0c77e14d0eb4fc309c7aaa7bf1179c929bfeb
WOS:000933355800001,Nanometer-thin ZrO2 Coating for NiO on MWCNTs as Anode for Improved Performance of Sodium-Ion Batteries,2023,10.1021/acsanm.2c04860,https://doi.org/10.1021/acsanm.2c04860,WOS:000933355800001,2515,69858b0af9cf60ce2bf002227a84cfd01b893d2eb3e3e7d0e3c02659f0f1a4c5
WOS:000443664700010,Mesoporous MoSe2/C composite as anode material for sodium/lithium ion batteries,2018,10.1016/j.jelechem.2018.05.023,https://doi.org/10.1016/j.jelechem.2018.05.023,WOS:000443664700010,2516,f07665fd16e2ac843b37221b945257f15b53ef314c7193360daf97dcd8f45ab0
WOS:001069373800001,Interlayer expanded SnS/N-doped carbon/SnS ultra-thin composite driven from layered tin chalcogenides as advanced anode for lithium and sodium ion battery,2023,10.1016/j.jallcom.2023.171809,https://doi.org/10.1016/j.jallcom.2023.171809,WOS:001069373800001,2517,c225c71f7724b416c07b46ff56516716733b9b1c53c25adf9315812b19f9c640
WOS:001470818100001,Multi-scale nanostructures synergistically modify carbon-cubes anode for sodium-ions storage,2025,10.1016/j.cej.2025.162394,https://doi.org/10.1016/j.cej.2025.162394,WOS:001470818100001,2518,bbc0989f4b3947b3d2f27cce34684ee8ceb81a6af09545f11191c1619b387d85
WOS:000385900100082,One-step ammonia activation of Zhundong coal generating nitrogen-doped microporous carbon for gas adsorption and energy storage,2016,10.1016/j.carbon.2016.08.076,https://doi.org/10.1016/j.carbon.2016.08.076,WOS:000385900100082,2519,09c8c0d7a450497b2b982b11c7fc6b16407f98624f15bc3cba27c041274a7041
WOS:000855723900003,Highly stable Ti3C2Tx MXene-based sandwich-like structure via interfacial self-assembly of nitrogen-rich polymer network for superior sodium-ion storage performance,2023,10.1016/j.cej.2022.138763,https://doi.org/10.1016/j.cej.2022.138763,WOS:000855723900003,2520,ba89fc5de101a51fa982a26c676b9e2957c262ef0492a94a78f400dd76911499
WOS:000691739200008,Electrophoretically deposited bismuth iron oxide as dual role anode material for both lithium and sodium-ion batteries,2021,10.1016/j.mtcomm.2021.102358,https://doi.org/10.1016/j.mtcomm.2021.102358,WOS:000691739200008,2521,51744e7e65e809d534bf854be90c026b11239c72c830ac2ea7582b9bf372752c
WOS:000457067300058,Understanding the Behavior and Mechanism of Oxygen-Deficient Anatase TiO2 toward Sodium Storage,2019,10.1021/acsami.8b19288,https://doi.org/10.1021/acsami.8b19288,WOS:000457067300058,2522,d2a8e87f8c5b83c78e00e55ac3ea2fd66b90658c05d6f0a9a568447a2316648b
WOS:001103544900001,Flexible Ti3C2Tx MXene Bonded Bio-Derived Carbon Fibers Support Tin Disulfide for Fast and Stable Sodium Storage,2024,10.1002/smll.202305530,https://doi.org/10.1002/smll.202305530,WOS:001103544900001,2523,3d824d82d82854eb7e6ec08ad7ee3cf5e7a04d3e07010ce10cbbacc068841512
WOS:001153052700001,Preparation and Electrochemical Performance of Na2-xLixFePO4F/C Composite Cathode Materials with Different Lithium/Sodium Ratios,2024,10.3390/mi15010015,https://doi.org/10.3390/mi15010015,WOS:001153052700001,2524,8752a36aad7bdb180e77858a80dbec7c3da4bc4f0fa89cfc2a9194e7edfef0a5
WOS:000989634700001,Fe-N Coordination Induced Ultralong Lifetime of Sodium-Ion Battery with the Cycle Number Exceeding 65 000,2023,10.1002/smll.202302029,https://doi.org/10.1002/smll.202302029,WOS:000989634700001,2525,6402f8e3e356e8089a1b391fdcde00386743173beada76f72a437de101127af5
WOS:000571498800003,"Encapsulation of Na4MnV(PO4)3 in robust dual-carbon framework rendering high-energy, durable sodium storage",2020,10.1088/2515-7655/ab71ed,https://doi.org/10.1088/2515-7655/ab71ed,WOS:000571498800003,2526,301144058558df973b35f3ccec95b4e3ae1892979c80bc779effee21b52e2d52
WOS:000488256300007,Plastic crystal polymer electrolytes containing boron based anion acceptors for room temperature all-solid-state sodium-ion batteries,2019,10.1016/j.ensm.2018.12.023,https://doi.org/10.1016/j.ensm.2018.12.023,WOS:000488256300007,2527,370bc743dcccd7d03ab167f9e6cff2f6d1b275f31b2e7d4089fd1efc1e66c819
WOS:000859116600001,Electric Field-Induced Self-Assembly of Ultrafine Co/Ce Nanoparticles: Preparation of 3D Porous Composite Nanomaterials as Cathodes for Sodium-Ion Batteries,2022,10.1002/crat.202200084,https://doi.org/10.1002/crat.202200084,WOS:000859116600001,2528,577ffb9c9e8498f5b9f1250fa18d0de4d9e17c98ae4c6d7cfe4de75ca0a715da
WOS:001626050600001,Optimizing Vanadium Redox Reaction in Na3V2(PO4)3 Cathodes for Sodium-Ion Batteries by the Synergistic Effect of Additional Electrons from Heteroatoms,2023,10.1021/acsami.2c22038,https://doi.org/10.1021/acsami.2c22038,WOS:001626050600001,2529,23995bd1f641a239c34e5c6b430de29a4dcab553f34a0ad8dbff1acae4e568e4
WOS:000355636100021,Enhanced electrochemical performance of Ti substituted P2-Na2/3Ni1/4Mn3/4O2 cathode material for sodium ion batteries,2015,10.1016/j.electacta.2015.04.125,https://doi.org/10.1016/j.electacta.2015.04.125,WOS:000355636100021,2530,888d75cd84cec6edfd05afa7567d1ee30e0af80491ef6f07f8b48f2f8bae395c
WOS:000483949700001,High-Performance Sodium-Ion Battery Anode via Rapid Microwave Carbonization of Natural Cellulose Nanofibers with Graphene Initiator,2019,10.1002/smll.201901724,https://doi.org/10.1002/smll.201901724,WOS:000483949700001,2531,2f438cdc1c30ebd59ea46551ed0e50af5c3f71d9053c928a08d5db80de61972d
WOS:000384908700042,Biomass derived carbon nanoparticle as anodes for high performance sodium and lithium ion batteries,2016,10.1016/j.nanoen.2016.05.047,https://doi.org/10.1016/j.nanoen.2016.05.047,WOS:000384908700042,2532,65029ce901c114a521c28a4439c321e8f81243d6b2fd1aff6a8efebfcb9dc289
WOS:001489184800001,From Waste to Power: Transforming Coal Gasification Slag into High-Performance Sodium-Ion Battery Anodes via Nanofiber Engineering and Presodiation,2025,10.1021/acsaem.5c00973,https://doi.org/10.1021/acsaem.5c00973,WOS:001489184800001,2533,dd3fd6a3caf40c79a41e22d04adaaf67a58398e6c507fad89af2ab619e6f86b1
WOS:000469369800008,Preparation of Nano-Materials for Lithium/Nano-Ion Battery Anode and Their Energy Storage Performance in the Field of Transportation,2019,10.1166/jno.2019.2597,https://doi.org/10.1166/jno.2019.2597,WOS:000469369800008,2534,8d5cc2a4708da5840c8b3dcb95c706854792acc60b8bb1ba0a2ca3fc7bf5c60f
WOS:000432586100005,Self-polymerized hollow Mo-dopamine complex-induced functional MoSe2/N-doped carbon electrodes with enhanced lithium/sodium storage properties,2018,10.1039/c8qi00101d,https://doi.org/10.1039/c8qi00101d,WOS:000432586100005,2535,a074b631c5912f16e34e895ab0ca895917cead17c62504472f6702395c297e6d
WOS:000521531700040,"High crystallinity, preferred orientation and superior reversible capacity P2-Na0.67Ni0.25Mn0.75O2 thin film as cathode material for wide voltage sodium-ion battery",2020,10.1016/j.electacta.2020.135761,https://doi.org/10.1016/j.electacta.2020.135761,WOS:000521531700040,2536,9309b72e156b02d74bd139fc24845ffcc4f9e19dfabcfa0bf1c48f38b461e454
WOS:000582488600021,Enhanced low-temperature sodium storage kinetics in a NaTi2(PO4)3@C nanocomposite,2020,10.1016/j.jpowsour.2020.228735,https://doi.org/10.1016/j.jpowsour.2020.228735,WOS:000582488600021,2537,1e838e2d1c9514b30561eb28bd602cf79ba6247a8a9f5744a1064fa51dd89ef3
WOS:001489460300001,Cobalt-doped iron-based selenide for sodium-ion battery anode: Insight into the doping and sodium storage mechanism,2025,10.1016/j.cej.2025.161949,https://doi.org/10.1016/j.cej.2025.161949,WOS:001489460300001,2538,880644327ddef3b332826dbb54a7a99ac062148d71d46bebd0abb23b0ea63442
WOS:001115548200002,Recent Progress of Hard Carbon Anode Materials for Sodium Ion Batteries,2023,10.7503/cjcu20220728,https://doi.org/10.7503/cjcu20220728,WOS:001115548200002,2539,b589d6d15b1c3e2a67d11a936c5b54f66d7b35b93b442edf2b9974ffe87f56f0
WOS:000589448100002,Mesocarbon microbeads with superior anode performance for sodium-ion batteries,2021,10.1007/s11581-020-03835-8,https://doi.org/10.1007/s11581-020-03835-8,WOS:000589448100002,2540,ecb32a1a1558cc56e276f86e6ebe1aeb69fe4670bb9bd8785f2072de7b675ebc
WOS:000749549900005,In-situ N-doped ultrathin MoS2 anchored on N-doped carbon nanotubes skeleton by Mo-N bonds for fast pseudocapacitive sodium storage,2022,10.1016/j.jallcom.2021.163170,https://doi.org/10.1016/j.jallcom.2021.163170,WOS:000749549900005,2541,ddc4f17e066f8a8977d492a78477b3739f4663d0aff995ceef982ea98146276b
WOS:001581872600001,Unlocking High-Rate Sodium Storage in NaFePO4 via Graphene-Driven Cross-Scale Structural Regulation,2025,10.1002/smll.202509063,https://doi.org/10.1002/smll.202509063,WOS:001581872600001,2542,0c4bf654c55a56aa69faed8bd72e62b937ad38aaa59a9065f9670f0a59f8cc79
WOS:001333355000001,Carbon nanotube interweaved Fe7Se8 nanosheet/nanorod hybrids on expanded graphite for high-performance sodium storage,2024,10.1016/j.est.2024.112593,https://doi.org/10.1016/j.est.2024.112593,WOS:001333355000001,2543,437ca34205b3efa4d717b4ab3fd496b0c51c266421aa30e6f3d2303d4582c581
WOS:001051512900001,Significantly Improving the Initial Coulombic Efficiency of TiO2 Anode for Sodium-Ion Batteries,2023,10.1021/acsami.3c07402,https://doi.org/10.1021/acsami.3c07402,WOS:001051512900001,2544,bb31a8d63d5742e312dbf40ad344493e0e611b7cf0bfca7f7d32eeb8c0977099
WOS:000643568200001,A New Porous Metallic Carbon Allotrope with Interlocking Pentagons for Sodium-Ion Battery Anode Material,2021,10.1002/adts.202100025,https://doi.org/10.1002/adts.202100025,WOS:000643568200001,2545,fa5a2f8634fbc9752d86aa2052ce2e798c67f2ad26fdc6bfe45a51b6eef8cf59
WOS:000802149900001,Carbon-coated sodium vanadium phosphate for high-performance sodium-ion batteries,2022,10.1080/1536383x.2022.2080664,https://doi.org/10.1080/1536383x.2022.2080664,WOS:000802149900001,2546,0852c67ca029002309390625a20eb0ee2924e09620d6438088c39b4e5c352454
WOS:000506936800001,A 1D Honeycomb-Like Amorphous Zincic Vanadate for Stable and Fast Sodium-Ion Storage,2020,10.1002/smll.201906214,https://doi.org/10.1002/smll.201906214,WOS:000506936800001,2547,736f933dfbb9296a0b92d20208c2a1e2cdfe6a8988ef4f13b3d6b4bb507dce38
WOS:001461775500001,Exploration into the Synthesis and Sodium Storage Characteristics of Hard Carbon Derived from Plastics,2025,10.1002/asia.202401804,https://doi.org/10.1002/asia.202401804,WOS:001461775500001,2548,cf7d2428276e907bed32ac8640fa2b3a39f241f4301926cb6f3a03cf7a790d97
WOS:001412265100001,Ultrafast thermal shock synthesis of nitrogen-doped expanded graphite for high-performance sodium-ion battery anodes,2025,10.1016/j.cej.2025.159326,https://doi.org/10.1016/j.cej.2025.159326,WOS:001412265100001,2549,8761a3da98d50532c994da9c242d3013aff39071ef30fb92daf2183eb2d2440d
WOS:001362875800001,CO2-converted carbon nanotubes produced from molten salt electrolytes process for application of eco-friendly sustainable anode for sodium ion batteries,2025,10.1016/j.diamond.2024.111790,https://doi.org/10.1016/j.diamond.2024.111790,WOS:001362875800001,2550,90e3e3ee1068990e2c975b2a2835802e134f80669ed1db61157069a8eabf50e1
WOS:001456316700001,QPHO-graphene: a two-dimensional hexagon-free carbon allotrope as a high-performance anode material for sodium-ion batteries,2025,10.1039/d4nr05087h,https://doi.org/10.1039/d4nr05087h,WOS:001456316700001,2551,680320ab2fd5b8d3ba8840d1b8b8ed33116a5f8f58083688e0da8bcb631baa15
WOS:000709521800001,Synergetic enhancement of sodium storage in gallium-based heterostructures,2021,10.1016/j.nanoen.2021.106395,https://doi.org/10.1016/j.nanoen.2021.106395,WOS:000709521800001,2552,cd413de65d1f10b6ae8312e54deba302ed24aedc1cd73287a755f89a0b7184a0
WOS:000477074700063,Understanding the Mechanism of Enhanced Cycling Stability in Sn-Sb Composite Na-Ion Battery Anodes: Operando Alloying and Diffusion Barriers,2019,10.1021/acsaem.9b00819,https://doi.org/10.1021/acsaem.9b00819,WOS:000477074700063,2553,69be73b46e5d27490363f80e20e578744e5fe5e2689d577ab85bad03c628421b
WOS:000514289900014,Dual-Role Surface Modification of Layered Oxide Cathodes for High-Power Sodium-Ion Batteries,2020,10.1002/celc.202000002,https://doi.org/10.1002/celc.202000002,WOS:000514289900014,2554,7e3fd24671f8eadf74d36adbbac460170c0fd8d675ee7a09e5bc6e6a8e4230dd
WOS:001309330900001,Discarded sulfuric acid paper-derived hard carbon as high-performance anode material for sodium-ion batteries,2024,10.1016/j.est.2024.113563,https://doi.org/10.1016/j.est.2024.113563,WOS:001309330900001,2555,519d350e66317e4c1a04e1c584c3d2db0f3bc0a7ba53732aa39c7a0c443d5407
WOS:001013076900002,Comparative Study on Sodium Storage Properties of Two CNTs and a Novel CNT Design,2023,10.52568/001243/jcsp/45.03.2023,https://doi.org/10.52568/001243/jcsp/45.03.2023,WOS:001013076900002,2556,a78869ae96b2c0041fd98ff93f969908e02670b7c6677428e6c61b799a8b946b
WOS:000708107900001,A Coral-Like FeP@NC Anode with Increasing Cycle Capacity for Sodium-Ion and Lithium-Ion Batteries Induced by Particle Refinement,2021,10.1002/anie.202110177,https://doi.org/10.1002/anie.202110177,WOS:000708107900001,2557,43631cdc363e46eef5db9a3523c283ec61a26e95e692605603a1d335bddecf00
WOS:000364579300050,Self-wrapped Sb/C nanocomposite as anode material for High-performance sodium-ion batteries,2015,10.1016/j.nanoen.2015.07.021,https://doi.org/10.1016/j.nanoen.2015.07.021,WOS:000364579300050,2558,055758d04d642a7dac75b60dc6bd8d045163d3ada3180d72bf03f83aeac7e45f
WOS:000512377800006,A novel spitball-like Co3(NO3)2(OH)4@Zr-MOF@RGO anode material for sodium-ion storage,2020,10.1016/j.jallcom.2019.153624,https://doi.org/10.1016/j.jallcom.2019.153624,WOS:000512377800006,2559,a04f237261ffd293f12f58ec7a0a72e2b50731f333bbc396911dff4a96fb9c3c
WOS:001254825900004,Theoretical Research of Two- dimensional Semiconductor R57-BN as Anode Material of Sodium- ion Battery,2024,10.7503/cjcu20240043,https://doi.org/10.7503/cjcu20240043,WOS:001254825900004,2560,9a8d462597f296ef1029b5c92482687266b63454b42cc66682a631aecfaab3b2
WOS:000791321500002,An efficient Se-doping strategy to boost sodium storage capacity of anatase TiO2 nanospheres,2022,10.1016/j.scriptamat.2022.114705,https://doi.org/10.1016/j.scriptamat.2022.114705,WOS:000791321500002,2561,7f662915c6c520ea0e721490bd91e43c216fff993942a087f4c4d363d2392fee
WOS:000927436400001,Wood-derived carbon anode for sodium-ion batteries,2023,10.1016/j.elecom.2023.107439,https://doi.org/10.1016/j.elecom.2023.107439,WOS:000927436400001,2562,65b9e3ae653d26175716d0fc55b2cb0fd92385afd76f1a15522f13c7040898a3
WOS:000518874300028,Assembled NiS nanoneedles anode for Na-ion batteries: Enhanced the performance by organic hyperbranched polymer electrode additives,2020,10.1016/j.jpowsour.2020.227796,https://doi.org/10.1016/j.jpowsour.2020.227796,WOS:000518874300028,2563,998071eb965a057689fc2f940bb9f509c5dbde379499e5e21622c0bbda29cfde
WOS:001235072500001,Free-standing hard carbon anode based on cellulose nanocrystal-reinforced chitosan substrate for eco-friendly sodium-ion batteries,2024,10.1016/j.est.2024.111491,https://doi.org/10.1016/j.est.2024.111491,WOS:001235072500001,2564,bc24287191f2d8f8592d77ce33229fccf6f2a9141604a336cf345e00edaeae56
WOS:001397976800006,Recent Advances in Iron-based Heterostructure Anode Materials for Sodium Ion Batteries,2025,10.3866/pku.whxb202311015,https://doi.org/10.3866/pku.whxb202311015,WOS:001397976800006,2565,72bb3ed3748557886ba6e9c375af67c5bda9f04d6aba7c57593834920b241daf
WOS:001252643800001,Enhancing the sodium-ion storage performance of two-dimensional layered Ti 3 CN with a molecular riveting strategy,2024,10.1016/j.cej.2024.152905,https://doi.org/10.1016/j.cej.2024.152905,WOS:001252643800001,2566,2b1c6641c081c9fb832b91aed2240617c2041112da4966e8d9c12ccfefd1a5d3
WOS:000641850800005,Tuning local chemistry of P2 layered-oxide cathode for high energy and long cycles of sodium-ion battery,2021,10.1038/s41467-021-22523-3,https://doi.org/10.1038/s41467-021-22523-3,WOS:000641850800005,2567,63c76ea658badcca730b35f3a5581fccd49a56e40fb4626268bddeb44afc12bb
WOS:000500484000018,Improving compactness and reaction kinetics of MoS2@C anodes by introducing Fe9S10 core for superior volumetric sodium/potassium storage,2020,10.1016/j.ensm.2019.08.018,https://doi.org/10.1016/j.ensm.2019.08.018,WOS:000500484000018,2568,5d2b6f346151277a66ee62353940c4bef122a917c4f75091db9f220f6c9f8c78
WOS:001145144700001,P2/O3 biphase integration promoting the enhancement of structural stability for sodium layered oxide cathode,2024,10.1016/j.cej.2023.147964,https://doi.org/10.1016/j.cej.2023.147964,WOS:001145144700001,2569,3ec71699f29b34342596c7d5b597fae7d1f00822ea9dae174040df46b830a07c
WOS:000471339300009,A Stable Layered Oxide Cathode Material for High-Performance Sodium-Ion Battery,2019,10.1002/aenm.201803978,https://doi.org/10.1002/aenm.201803978,WOS:000471339300009,2570,9a7347ceee031c61c0f31cca925ca90a6d9be6186b5462af4b005f9208d9af03
WOS:000411471700018,A vanadium oxy-phosphate Na4VO(PO4)2 as cathode material for Na ion batteries,2017,10.1016/j.solidstatesciences.2017.08.017,https://doi.org/10.1016/j.solidstatesciences.2017.08.017,WOS:000411471700018,2571,4cdce3fda91bd1f9bcb47cccf7f6df2e5b6a366d434882d2e381597dcfb88a1d
WOS:000367281100002,Electrode Engineering of Conversion-based Negative Electrodes for Na-ion Batteries,2015,10.2533/chimia.2015.729,https://doi.org/10.2533/chimia.2015.729,WOS:000367281100002,2572,d73a3a73cb845743c524b5d37918be2655ad68c7e5b9cafc6d348a032c148219
WOS:000452344900026,Na-Rich Prussian White Cathodes for Long-Life Sodium-Ion Batteries,2018,10.1021/acssuschemeng.8b02758,https://doi.org/10.1021/acssuschemeng.8b02758,WOS:000452344900026,2573,40ace962dcac0cc34caae77e80110ff796e527cc394fbc534a05ab03f3c61fae
WOS:001051083900001,Tailored voltage plateau enabling superior sodium storage for Fe-based fluorophosphate cathode,2023,10.1016/j.ensm.2023.102905,https://doi.org/10.1016/j.ensm.2023.102905,WOS:001051083900001,2574,9f68478df1b1b77a858d284897e6bb93474273f0427b1c6b5bd9bdc2e1f7bd63
WOS:000797726100001,Reversible multielectron redox in NASICON cathode with high energy density for low-temperature sodium-ion batteries,2022,10.1016/j.ensm.2022.04.025,https://doi.org/10.1016/j.ensm.2022.04.025,WOS:000797726100001,2575,2c4422bbb1e9506fd9ba58377761f0005a1148bdf0c21be050d0e4e195a4d087
WOS:000827932600002,High stability of Mo-F dual-doped O3-type NaNi1/3Fe1/3Mn1/3O2 cathode material for sodium-ion battery,2022,10.1016/j.mtcomm.2022.103839,https://doi.org/10.1016/j.mtcomm.2022.103839,WOS:000827932600002,2576,45aefc9552075f95b53539f4089f221a44a840bd0facf60f3aa707676b88ff24
WOS:001589421200007,Soft carbon coating mitigates initial coulombic efficiency loss and low Na+ storage of bamboo-derived hard carbon,2025,10.1016/j.est.2025.118709,https://doi.org/10.1016/j.est.2025.118709,WOS:001589421200007,2577,1f36cd1c2dbf03d62ab094dca193087515165a92c07042146efb0b1a342abb1b
WOS:001060865200001,Y Carbon-coated iron selenide derived from double-framework as an advance anode for Na-ion battery,2023,10.1016/j.jcis.2023.07.126,https://doi.org/10.1016/j.jcis.2023.07.126,WOS:001060865200001,2578,bcdef44931a575893b5afce639a8ed36b56975658c5e771ea05ebd3e7523ee8c
WOS:000370987300009,Redox Potential Paradox in NaxMO2 for Sodium-Ion Battery Cathodes,2016,10.1021/acs.chemmater.5b04289,https://doi.org/10.1021/acs.chemmater.5b04289,WOS:000370987300009,2579,381f38daa62f6b404a61802e31a267a578665e1615293e9b030129740c88dc48
WOS:000514848600028,Enhancing the reversibility of SnCoS4 microflower for sodium-ion battery anode material,2020,10.1016/j.jallcom.2020.154104,https://doi.org/10.1016/j.jallcom.2020.154104,WOS:000514848600028,2580,b0139d26ae5798be9a022cff4a5cbc6c4367f4f60678255a68c0df257f4b1bac
