document_id,title,year,doi,journal,wos_accession,subset,unlabeled_pool_index
WOS:001551575800001,Nanoscale CoSbS-G composite for advanced sodium-ion battery anodes,2025,10.1007/s11581-025-06622-5,IONICS,WOS:001551575800001,train,
WOS:000405643300020,Improved Sodium-Ion Storage Performance of Ultrasmall Iron Selenide Nanoparticles,2017,10.1021/acs.nanolett.7b00915,NANO LETTERS,WOS:000405643300020,train,
WOS:000863947400001,Synthesis of Mn(OH)(OCH3) as a Novel Precursor for 2D MnS-Based Lithium- and Sodium-Ion Battery Anode Materials,2022,10.1002/celc.202200738,CHEMELECTROCHEM,WOS:000863947400001,train,
WOS:001086508400001,Carbon encapsulated FeS nanosheet-nanoribbon interwoven sandwich structure as efficient sodium-ion battery anodes,2023,10.1016/j.carbon.2023.118469,CARBON,WOS:001086508400001,train,
WOS:001492418000001,Constructing Low-Strain Cation Storage via High-Entropy Doping to Stabilize Layered Oxide Cathodes for Advanced Sodium-Ion Batteries,2025,10.1002/smll.202502861,SMALL,WOS:001492418000001,train,
WOS:000519268900001,Facile Synthesis of FePS3 Nanosheets@MXene Composite as a High-Performance Anode Material for Sodium Storage,2020,10.1007/s40820-020-0381-y,NANO-MICRO LETTERS,WOS:000519268900001,train,
WOS:001296014700001,P2-Type Na0.67Ni0.23Fe0.1Mn0.67O<sub >2 Cathode Material with Suppressed P2-O2 Phase Transition for Sodium-Ion Batteries,2024,10.1002/slct.202304590,CHEMISTRYSELECT,WOS:001296014700001,train,
WOS:000334392800007,1D nanostructured sodium vanadium oxide as a novel anode material for aqueous sodium ion batteries,2014,10.1016/j.nanoen.2013.12.014,NANO ENERGY,WOS:000334392800007,train,
WOS:000456750900001,Excellent cycle stability of P2-Na0.67Co0.25Mn0.705V0.045 O2@ NaV6O15 composite cathode for sodium ion battery,2019,10.1016/j.matchemphys.2018.11.078,MATERIALS CHEMISTRY AND PHYSICS,WOS:000456750900001,train,
WOS:000460758200053,Synthesis of Na3V2(PO4)3/C Composites as High-Performance Cathode Materials for Sodium Ion Batteries,2019,10.20964/2019.03.36,INTERNATIONAL JOURNAL OF ELECTROCHEMICAL SCIENCE,WOS:000460758200053,train,
WOS:000317151200020,Na4Co3(PO4)2P2O<s ub>7: A novel storage material for sodium-ion batteries,2013,10.1016/j.jpowsour.2013.01.162,JOURNAL OF POWER SOURCES,WOS:000317151200020,train,
WOS:000532610900001,Swallow-Nest Architectures with Cobalt Molybdate Particulates Fixed Constructed Carbon Nanotube Supports for Stable Sodium-Ion Battery Anode,2020,10.1149/1945-7111/ab8fd8,JOURNAL OF THE ELECTROCHEMICAL SOCIETY,WOS:000532610900001,train,
WOS:000964978200001,One stone two birds: Pitch assisted microcrystalline regulation and defect engineering in coal-based carbon anodes for sodium-ion batteries,2023,10.1016/j.ensm.2023.01.042,ENERGY STORAGE MATERIALS,WOS:000964978200001,train,
WOS:000400983400026,Cu-doped P2-Na0.5Ni0.33Mn0.67O2 encapsulated with MgO as a novel high voltage cathode with enhanced Na-storage properties,2017,10.1039/c6ta10334k,JOURNAL OF MATERIALS CHEMISTRY A,WOS:000400983400026,train,
WOS:000718154300002,A symmetric sodium-ion battery based on P2-Na0.67[ZnxMn1-x</i >]O2 as both positive and negative electrode materials,2021,10.1016/j.electacta.2021.139421,ELECTROCHIMICA ACTA,WOS:000718154300002,train,
WOS:000534863100004,Stable prismatic layer structured cathode material via Cation mixing for sodium ion battery,2020,10.1007/s11581-020-03592-8,IONICS,WOS:000534863100004,train,
WOS:001470254700001,Core-shell Ni/Fe/Mn@Cu micron particles with high tap density serving as an effective precursor for preparing high-performance cathode materials for sodium-ion battery,2025,10.1007/s10853-025-10862-1,JOURNAL OF MATERIALS SCIENCE,WOS:001470254700001,train,
WOS:000452937800068,Carbon-enhanced centrifugally-spun SnSb/carbon microfiber composite as advanced anode material for sodium-ion battery,2019,10.1016/j.jcis.2018.10.101,JOURNAL OF COLLOID AND INTERFACE SCIENCE,WOS:000452937800068,train,
WOS:000437106300044,Sulfur nanodots as MoS2 antiblocking agent for stable sodium ion battery anodes,2018,10.1039/c8ta02339e,JOURNAL OF MATERIALS CHEMISTRY A,WOS:000437106300044,train,
WOS:000546639500002,"In situ nitrogen-doped, defect-induced carbon nanotubes as an efficient anode for sodium-ion batteries",2020,10.1088/1361-6528/ab7592,NANOTECHNOLOGY,WOS:000546639500002,train,
WOS:001425605600001,Bamboo- A potential lignocellulosic biomass for preparation of hard carbon anode used in sodium ion battery,2025,10.1016/j.biombioe.2025.107673,BIOMASS & BIOENERGY,WOS:001425605600001,train,
WOS:000488148100027,Dual carbon-confined Na2MnPO4F nanoparticles as a superior cathode for rechargeable sodium-ion battery,2019,10.1016/j.ceramint.2019.06.235,CERAMICS INTERNATIONAL,WOS:000488148100027,train,
WOS:001100719200001,Three-dimensional nanostructured Co2VO4-decorated carbon nanotubes for sodium-ion battery anode materials,2023,10.1007/s12598-023-02490-y,RARE METALS,WOS:001100719200001,train,
WOS:001517963900001,T-Nb2O5 (Orthorhombic)/C: An Efficient Electrode Material for Na-Ion Battery Application,2025,10.1002/batt.202500134,BATTERIES & SUPERCAPS,WOS:001517963900001,train,
WOS:001460006800001,Regulation of P2/O3 layered-oxide cathode by cation potential and dual-site doping provides excellent electrochemical performance,2025,10.1016/j.jcis.2025.137437,JOURNAL OF COLLOID AND INTERFACE SCIENCE,WOS:001460006800001,train,
WOS:000451840000003,Will Sodium Layered Oxides Ever Be Competitive for Sodium Ion Battery Applications?,2018,10.1149/2.0201816jes,JOURNAL OF THE ELECTROCHEMICAL SOCIETY,WOS:000451840000003,train,
WOS:000674266000006,Structural Origins of Voltage Hysteresis in the Na-Ion Cathode P2Na0.67[Mg0.28Mn0.72]O2: A Combined Spectroscopic and Density Functional Theory Study,2021,10.1021/acs.chemmater.1c00248,CHEMISTRY OF MATERIALS,WOS:000674266000006,train,
WOS:001407714400001,Innovative three-layered FeHCF@MnHCF@FeHCF core-shell design for enhanced sodium-ion battery cathode performance,2025,10.1016/j.est.2025.115307,JOURNAL OF ENERGY STORAGE,WOS:001407714400001,train,
WOS:001443704700001,Revealing the role of dopants to suppress phase transition in biphasic layered transition metal oxide cathodes for sodium-ion batteries,2025,10.1016/j.jpowsour.2025.236718,JOURNAL OF POWER SOURCES,WOS:001443704700001,train,
WOS:000447355300055,Advanced P2-Na2/3Ni1/3Mn7/12Fe1/12O<s ub>2 Cathode Material with Suppressed P2-O2 Phase Transition toward High-Performance Sodium-Ion Battery,2018,10.1021/acsami.8b12204,ACS APPLIED MATERIALS & INTERFACES,WOS:000447355300055,train,
WOS:000629492100003,One-step large-scale fabrication of Bi@N-doped carbon for ultrahigh-rate and long-life sodium-ion battery anodes,2021,10.1007/s10853-021-05978-z,JOURNAL OF MATERIALS SCIENCE,WOS:000629492100003,validation,
WOS:000530838000011,Scalable synthesizing nanospherical Na4Fe3(PO4)2(P2O7 ) growing on MCNTs as a high-performance cathode material for sodium-ion batteries,2020,10.1016/j.jpowsour.2020.228130,JOURNAL OF POWER SOURCES,WOS:000530838000011,validation,
WOS:001308712800001,Co and F co-doping to augmenting the electrochemical performance of P2-type sodium lithium manganese oxide for sodium ion battery,2024,10.1016/j.jelechem.2024.118590,JOURNAL OF ELECTROANALYTICAL CHEMISTRY,WOS:001308712800001,validation,
WOS:001480587800001,Research on the construction of high-stability O3-type sodium-ion battery cathode materials via B-Co doping based on solid solutions,2025,10.1016/j.cej.2025.161943,CHEMICAL ENGINEERING JOURNAL,WOS:001480587800001,validation,
WOS:001166717400001,Multi-element doped hexagonal sheet Ni/Mn-based layered oxide with ZrO2 surface modification for sodium ion batteries cathode with high capacity and good cycle/air stability,2024,10.1016/j.apsusc.2024.159395,APPLIED SURFACE SCIENCE,WOS:001166717400001,validation,
WOS:001238006500001,Stimulating the redox capacity by multi-ion substitution for P2-type sodium-ion battery cathodes,2024,10.1016/j.mtener.2024.101584,MATERIALS TODAY ENERGY,WOS:001238006500001,validation,
WOS:000790305900006,Nickel-cobalt selenide@N-doped carbon towards high-performance anode materials for sodium-ion batteries,2022,10.1016/j.est.2022.104522,JOURNAL OF ENERGY STORAGE,WOS:000790305900006,validation,
WOS:000367625000017,Na-birnessite with high capacity and long cycle life for rechargeable aqueous sodium-ion battery cathode electrodes,2016,10.1039/c5ta08857g,JOURNAL OF MATERIALS CHEMISTRY A,WOS:000367625000017,validation,
WOS:000842352200001,A Novel Pentanary Metal Oxide Cathode with P2/O3 Biphasic Structure for High-Performance Sodium-Ion Batteries,2022,10.1002/adfm.202206154,ADVANCED FUNCTIONAL MATERIALS,WOS:000842352200001,validation,
WOS:000388608100012,Synthesis of Nitrogen-Doped Electrospun Carbon Nanofibers as Anode Material for High-Performance Sodium-Ion Batteries,2016,10.1002/ente.201600205,ENERGY TECHNOLOGY,WOS:000388608100012,validation,
WOS:001257607400001,"Dual carbon skeleton supported NVPFO sodium-ion battery cathode with high rate capability, superior cycling performance, and wide temperature adaptability",2024,10.1016/j.cej.2024.152792,CHEMICAL ENGINEERING JOURNAL,WOS:001257607400001,validation,
WOS:000355738300092,A rechargeable sodium-ion battery using a nanostructured Sb-C anode and P2-type layered Na0.6Ni0.22Fe0.11Mn0.66O<sub >2 cathode,2015,10.1039/c5ra06336a,RSC ADVANCES,WOS:000355738300092,validation,
WOS:000684950400003,Foldable and scrollable graphene paper with tuned interlayer spacing as high areal capacity anodes for sodium-ion batteries,2021,10.1016/j.ensm.2021.06.020,ENERGY STORAGE MATERIALS,WOS:000684950400003,validation,
WOS:000907315500004,Promoting the performances of NaTi2(PO4)3@C porous composite as novel anode materials for application in sodium ion battery,2022,10.1016/j.ceramint.2022.07.114,CERAMICS INTERNATIONAL,WOS:000907315500004,validation,
WOS:001131895400001,Ca-doped Na-site NaNi1/3Fe1/3Mn1/3O2 as a high-performance cathode material for sodium ion batteries,2024,10.1016/j.jallcom.2023.172977,JOURNAL OF ALLOYS AND COMPOUNDS,WOS:001131895400001,validation,
WOS:001570950300006,Structure regulation of O3-type layered cathode materials enables high-capacity and long-cycling sodium-ion batteries,2026,10.1016/j.jcis.2025.138779,JOURNAL OF COLLOID AND INTERFACE SCIENCE,WOS:001570950300006,validation,
WOS:000840671600001,P2-type NaxTmO2 oxides as cathodes for non-aqueous sodium-ion batteries-Structural evolution and commercial prospects,2022,10.1002/er.8543,INTERNATIONAL JOURNAL OF ENERGY RESEARCH,WOS:000840671600001,validation,
WOS:000539265800002,Al-doped walnut-shell-like P2-type Na2/3Ni1/3Co(1/3-x)Mn1/3Al<s ub>xO2 as advanced sodium ion battery cathode materials with enhanced rate and cycling performance,2020,10.1016/j.electacta.2020.136347,ELECTROCHIMICA ACTA,WOS:000539265800002,validation,
WOS:000607620700007,Investigation of sodium storage in manganese vanadate MnV2O6 nanobelt and nanoparticle as an anode for sodium-ion batteries,2021,10.1016/j.electacta.2020.137520,ELECTROCHIMICA ACTA,WOS:000607620700007,validation,
WOS:000811242400001,NASICON-structured Na3Mn0.5V0.5Ti(PO4)3 cathode with high capacity for sodium-ion batteries,2022,10.1016/j.ceramint.2022.04.085,CERAMICS INTERNATIONAL,WOS:000811242400001,validation,
WOS:001198438900001,Ammonium polyphosphate assisted thermal polymerization of pre-oxidized asphalt to prepare N/P double-doped hard carbon for improved sodium ion storage,2024,10.1016/j.est.2024.111045,JOURNAL OF ENERGY STORAGE,WOS:001198438900001,test,
WOS:000439097100010,Improved Na-storage cycling of amorphous-carbon-sheathed Ni3S2 arrays and investigation by in situ TEM characterization,2017,10.1016/j.mtener.2017.05.003,MATERIALS TODAY ENERGY,WOS:000439097100010,test,
WOS:000608846800001,Heterostructure Engineering of Core-Shelled Sb@Sb2O3 Encapsulated in 3D N-Doped Carbon Hollow-Spheres for Superior Sodium/Potassium Storage,2021,10.1002/smll.202006824,SMALL,WOS:000608846800001,test,
WOS:000880759600001,Defect-type AlOx nanointerface boosting layered Mn-based oxide cathode for wide-temperature sodium-ion battery,2022,10.1039/d2ta06951b,JOURNAL OF MATERIALS CHEMISTRY A,WOS:000880759600001,test,
WOS:000329085700016,An approach to overcome first cycle irreversible capacity in P2-Na2/3[Fe1/2Mn1/2]O2,2013,10.1016/j.elecom.2013.10.008,ELECTROCHEMISTRY COMMUNICATIONS,WOS:000329085700016,test,
WOS:001138352600001,Nanohybrids of BCN-Fe1-xS for Sodium and Lithium Hybrid Ion Capacitors,2024,10.1002/smll.202311945,SMALL,WOS:001138352600001,test,
WOS:000331494400042,P2-type Na0.67Mn0.65Fe0.2Ni0.15O<sub >2 Cathode Material with High-capacity for Sodium-ion Battery,2014,10.1016/j.electacta.2013.10.211,ELECTROCHIMICA ACTA,WOS:000331494400042,test,
WOS:000345226100020,High-voltage NASICON Sodium Ion Batteries: Merits of Fluorine Insertion,2014,10.1016/j.electacta.2014.09.068,ELECTROCHIMICA ACTA,WOS:000345226100020,test,
WOS:000370997400032,In-situ Preparation of Na2Ti3O7 Nanosheets as High-Performance Anodes for Sodium Ion Batteries,2016,10.3866/pku.whxb201512073,ACTA PHYSICO-CHIMICA SINICA,WOS:000370997400032,test,
WOS:000443217900008,NiMn layered double hydroxides derived multiphase Mn-doped Ni sulfides with reduced graphene oxide composites as anode materials with superior cycling stability for sodium ion batteries,2018,10.1016/j.mtener.2018.02.008,MATERIALS TODAY ENERGY,WOS:000443217900008,test,
WOS:000859469400009,Simultaneously tailoring material structure and surface for robust sodium storage: A case study of TiO2,2023,10.1016/j.jmst.2022.07.026,JOURNAL OF MATERIALS SCIENCE & TECHNOLOGY,WOS:000859469400009,test,
WOS:000406762700046,"Cathode Properties of Perovskite-type NaMF3 (M = Fe, Mn, and Co) Prepared by Mechanical Ball Milling for Sodium-ion Battery",2017,10.1016/j.electacta.2017.05.153,ELECTROCHIMICA ACTA,WOS:000406762700046,test,
WOS:000752945600001,Necklace-Like Sn@C Fiber Self-Supporting Electrode for High-Performance Sodium-Ion Battery,2022,10.1002/ente.202101024,ENERGY TECHNOLOGY,WOS:000752945600001,test,
WOS:000432326800045,"3D nanocomposite archiecture constructed by reduced graphene oxide, thermally-treated protein and mesoporous NaTi2(PO4)3 nanocrystals as free-standing electrodes for advanced sodium ion battery",2018,10.1007/s10854-018-8955-x,JOURNAL OF MATERIALS SCIENCE-MATERIALS IN ELECTRONICS,WOS:000432326800045,test,
WOS:000820799000001,Stable Sodium-Based Batteries with Advanced Electrolytes and Layered-Oxide Cathodes,2022,10.1021/acsami.2c05402,ACS APPLIED MATERIALS & INTERFACES,WOS:000820799000001,test,
WOS:000519466600001,SnSe2 nanocrystals coupled with hierarchical porous carbon microspheres for long-life sodium ion battery anode,2020,10.1007/s40843-019-1229-0,SCIENCE CHINA-MATERIALS,WOS:000519466600001,test,
WOS:000350614600021,A Comparative Study of Layered Transition Metal Oxide Cathodes for Application in Sodium-Ion Battery,2015,10.1021/am5080437,ACS APPLIED MATERIALS & INTERFACES,WOS:000350614600021,test,
WOS:000392566200097,Effect of Li1/3Mn2/3-Substitution on Electrochemical Performance of P2-Na0.74CoO2 Cathode for Sodium-ion Batteries,2016,10.1016/j.electacta.2016.11.050,ELECTROCHIMICA ACTA,WOS:000392566200097,test,
WOS:000929127500001,Preparation of Na3V2(PO4)3 sodium-ion battery cathode material,2023,10.1002/apj.2882,ASIA-PACIFIC JOURNAL OF CHEMICAL ENGINEERING,WOS:000929127500001,test,
WOS:000464556200015,Investigation on bare and hydrogenated Sb-nanosheets as an electrode material for Na-ion battery - A DFT study,2019,10.1016/j.physb.2019.03.022,PHYSICA B-CONDENSED MATTER,WOS:000464556200015,test,
WOS:000359873400123,Effects of binders on electrochemical performance of nitrogen-doped carbon nanotube anode in sodium-ion battery,2015,10.1016/j.electacta.2015.06.039,ELECTROCHIMICA ACTA,WOS:000359873400123,test,
WOS:001604413900005,N/S co-doped sheet-like structure graphitic carbon quantum dots sodium ion battery anode enabling excellent kinetic response and long-term cyclability,2025,10.1016/j.est.2025.118876,JOURNAL OF ENERGY STORAGE,WOS:001604413900005,test,
WOS:000428972700030,"Cu2+ Dual-Doped Layer-Tunnel Hybrid Na0.6Mn1-xCuxO2</sub > as a Cathode of Sodium-Ion Battery with Enhanced Structure Stability, Electrochemical Property, and Air Stability",2018,10.1021/acsami.8b00614,ACS APPLIED MATERIALS & INTERFACES,WOS:000428972700030,test,
WOS:000436600000059,Facile synthetic strategy to uniform Cu9S5 embedded into carbon: A novel anode for sodium-ion batteries,2018,10.1016/j.jallcom.2018.05.224,JOURNAL OF ALLOYS AND COMPOUNDS,WOS:000436600000059,test,
WOS:000350930600004,P2-type Na0.66Ni0.33-xZnxMn0 .67O2 as new high-voltage cathode materials for sodium-ion batteries,2015,10.1016/j.jpowsour.2014.12.083,JOURNAL OF POWER SOURCES,WOS:000350930600004,test,
WOS:000386377100029,Investigation of Al-doping effects on the NaFe0.5Mn0.5O2 cathode for Na-ion batteries,2016,10.1007/s11581-016-1839-2,IONICS,WOS:000386377100029,test,
WOS:000397850800120,Electrochemical In Situ Synthesis: A New Synthesis Route for Redox Active Manganese Oxides for Rechargeable Sodium Ion Battery through Initial Charge Process,2017,10.1149/2.0851702jes,JOURNAL OF THE ELECTROCHEMICAL SOCIETY,WOS:000397850800120,test,
WOS:000885814600001,Carbon-Modified NASICON Na4FeV(PO4)3 Cathode with Enhanced Kinetics for High-Performance Sodium-Ion Batteries,2022,10.1021/acsaem.2c01278,ACS APPLIED ENERGY MATERIALS,WOS:000885814600001,test,
WOS:000406573200026,Dual Stabilization and Sacrificial Effect of Na2CO3 for Increasing Capacities of Na-Ion Cells Based on P2-NaxMO2 Electrodes,2017,10.1021/acs.chemmater.7b01542,CHEMISTRY OF MATERIALS,WOS:000406573200026,test,
WOS:000500484000076,Constructing micro-nano Na3V2(PO4)3/C architecture for practical high-loading electrode fabrication as superior-rate and ultralong-life sodium ion battery cathode,2020,10.1016/j.ensm.2019.07.002,ENERGY STORAGE MATERIALS,WOS:000500484000076,test,
WOS:001251823200001,Novel multiphase nano Ni3Bi2S2/NiS anchored on graphite nanosheet for high-capacity sodium-ion battery anodes,2024,10.1016/j.cej.2024.152853,CHEMICAL ENGINEERING JOURNAL,WOS:001251823200001,test,
WOS:000806494800004,Enhanced electrochemical properties of W-doped Na3V2(PO4)2F3@C as cathode material in sodium ion batteries,2022,10.1016/j.electacta.2022.140256,ELECTROCHIMICA ACTA,WOS:000806494800004,test,
WOS:001537478200001,High performance h-BN-rGO-Se anode for fast-charging and high current density sodium-ion batteries,2025,10.1016/j.jpowsour.2025.237839,JOURNAL OF POWER SOURCES,WOS:001537478200001,test,
WOS:000404807200025,Mn-Based Cathode with Synergetic Layered-Tunnel Hybrid Structures and Their Enhanced Electrochemical Performance in Sodium Ion Batteries,2017,10.1021/acsami.7b04338,ACS APPLIED MATERIALS & INTERFACES,WOS:000404807200025,test,
WOS:000897653500002,Effects of nitrogen and sulfur atom regulation on electrochemical properties of Na3V2(PO4)2F3 cathode material for Na-ion batteries,2022,10.1016/j.ceramint.2022.08.167,CERAMICS INTERNATIONAL,WOS:000897653500002,test,
WOS:000377545300023,In-situ hydrothermal synthesis of Na3MnCO3PO4/rGO hybrid as a cathode for Na-ion battery,2016,10.1016/j.electacta.2016.05.028,ELECTROCHIMICA ACTA,WOS:000377545300023,test,
WOS:001385543300001,Na-rich additive converting residual alkali into sodium compensation and stabilizing lattice of O3-type layered oxides cathode for sodium-ion full cells,2025,10.1016/j.jpowsour.2024.236017,JOURNAL OF POWER SOURCES,WOS:001385543300001,test,
WOS:001405485000001,Structural and electrochemical investigation of P2-Na0.67Fe0.5Mn0.5O2 high-performance sodium ion cathode materials,2025,10.1016/j.jcis.2025.01.121,JOURNAL OF COLLOID AND INTERFACE SCIENCE,WOS:001405485000001,test,
WOS:000738425200001,Construction of Na3V2(PO4)3/C nanoplate as cathode for stable sodium ion storage,2022,10.1007/s11581-021-04370-w,IONICS,WOS:000738425200001,test,
WOS:001137802600001,Two-dimensional layered In2P3S9: A novel superior anode material for sodium-ion batteries,2024,10.1016/j.jechem.2023.11.003,JOURNAL OF ENERGY CHEMISTRY,WOS:001137802600001,test,
WOS:001289123100001,Electrochemical Improvement of Na0.62K0.05Mg2/9Cu1/9Mn 2/3O2 P2-Type Layer-Oxide Anionic Redox Cathodes of Sodium-Ion Batteries via Incorporating K-Doping,2024,10.1021/acssuschemeng.4c03148,ACS SUSTAINABLE CHEMISTRY & ENGINEERING,WOS:001289123100001,test,
WOS:000406697300006,Nanoporous carbon leading to the high performance of a Na3V2O2(PO4)2F@ca rbon/graphene cathode in a sodium ion battery,2017,10.1039/c7ce00726d,CRYSTENGCOMM,WOS:000406697300006,test,
WOS:000317430700007,The First Report on Excellent Cycling Stability and Superior Rate Capability of Na3V2(PO4)3 for Sodium Ion Batteries,2013,10.1002/aenm.201200803,ADVANCED ENERGY MATERIALS,WOS:000317430700007,test,
WOS:000343016400062,Activation with Li Enables Facile Sodium Storage in Germanium,2014,10.1021/nl502812x,NANO LETTERS,WOS:000343016400062,test,
WOS:000431833500055,Different Effects of Al Substitution for Mn or Fe on the Structure and Electrochemical Properties of Na0.67Mn0.5Fe0.5O2 as a Sodium Ion Battery Cathode Material,2018,10.1021/acs.inorgchem.8b00284,INORGANIC CHEMISTRY,WOS:000431833500055,test,
WOS:000704768400006,Nano-size NiS particles anchored on nitrogen-doped reduced graphene oxide for superior sodium storage,2021,10.1016/j.jallcom.2021.161316,JOURNAL OF ALLOYS AND COMPOUNDS,WOS:000704768400006,test,
WOS:000915607500001,An ultrastable sodium-ion battery anode enabled by carbon-coated porous NaTi2(PO4)3 olive-like nanospheres,2023,10.1016/j.jcis.2022.12.155,JOURNAL OF COLLOID AND INTERFACE SCIENCE,WOS:000915607500001,test,
WOS:000756422800002,Synthesis of NiSe2 Nanoparticles Embedded into Carbon Nanoplate as Lithium/Sodium Ion Battery Anodes,2021,10.20964/2021.12.17,INTERNATIONAL JOURNAL OF ELECTROCHEMICAL SCIENCE,WOS:000756422800002,test,
WOS:001521808600001,Stabilization of Phase Transition Process and Lattice Oxygen of O3-Layered Oxide Cathode for Sodium-Ion Battery via Dual-Doping Strategy,2025,10.1002/aenm.202502592,ADVANCED ENERGY MATERIALS,WOS:001521808600001,test,
WOS:000436402100044,An Abnormal 3.7Volt O3-Type Sodium-Ion Battery Cathode,2018,10.1002/anie.201804130,ANGEWANDTE CHEMIE-INTERNATIONAL EDITION,WOS:000436402100044,test,
WOS:000566337800007,Design Principles for Aqueous Na-Ion Battery Cathodes,2020,10.1021/acs.chemmater.0c01582,CHEMISTRY OF MATERIALS,WOS:000566337800007,unlabeled_pool,0
WOS:000356674900077,Transition metal oxide-carbon composites as conversion anodes for sodium-ion battery,2015,10.1016/j.electacta.2015.05.107,ELECTROCHIMICA ACTA,WOS:000356674900077,unlabeled_pool,1
WOS:000963580100001,Natural Lignin: A Sustainable and Cost-Effective Electrode Material for High-Temperature Na-Ion Battery,2024,10.1002/eem2.12538,ENERGY & ENVIRONMENTAL MATERIALS,WOS:000963580100001,unlabeled_pool,2
WOS:001076288400001,Hard carbons from automotive shredder residue (ASR) as potential anode active material for sodium ion battery,2023,10.1016/j.jpowsour.2023.233577,JOURNAL OF POWER SOURCES,WOS:001076288400001,unlabeled_pool,3
WOS:000385713200033,An Aqueous Symmetric Sodium-Ion Battery with NASICON-Structured Na3MnTi(PO4)3,2016,10.1002/anie.201606508,ANGEWANDTE CHEMIE-INTERNATIONAL EDITION,WOS:000385713200033,unlabeled_pool,4
WOS:000369461800057,Synthesis of three dimensional extended conjugated polyimide and application as sodium-ion battery anode,2016,10.1016/j.cej.2015.11.063,CHEMICAL ENGINEERING JOURNAL,WOS:000369461800057,unlabeled_pool,5
WOS:000807773500001,Explorations Into the Viability of High Voltage Bipolar Na-Ion Cells Using Liquid Electrolytes,2022,10.3389/fenrg.2022.852630,FRONTIERS IN ENERGY RESEARCH,WOS:000807773500001,unlabeled_pool,6
WOS:001629677000001,One vanadium-based terpyridine complex as an anode for sodium-ion batteries,2026,10.1016/j.matlet.2025.139831,MATERIALS LETTERS,WOS:001629677000001,unlabeled_pool,7
WOS:000480515400008,MnSe2 nanocubes as an anode material for sodium-ion batteries,2018,10.1016/j.mtener.2018.08.009,MATERIALS TODAY ENERGY,WOS:000480515400008,unlabeled_pool,8
WOS:000315165100016,An advanced sodium-ion rechargeable battery based on a tin-carbon anode and a layered oxide framework cathode,2013,10.1039/c3cp00070b,PHYSICAL CHEMISTRY CHEMICAL PHYSICS,WOS:000315165100016,unlabeled_pool,9
WOS:000670395200003,Palmyra Palm tree biomass-derived carbon low-voltage plateau region capacity on Na-ion battery and its full cell performance,2021,10.1016/j.jece.2021.105698,JOURNAL OF ENVIRONMENTAL CHEMICAL ENGINEERING,WOS:000670395200003,unlabeled_pool,10
WOS:000369044100080,Carbonized-leaf Membrane with Anisotropic Surfaces for Sodium-ion Battery,2016,10.1021/acsami.5b10875,ACS APPLIED MATERIALS & INTERFACES,WOS:000369044100080,unlabeled_pool,11
WOS:000335620500001,Facile synthesis of V6O13 micro-flowers for Li-ion and Na-ion battery cathodes with good cycling performance,2014,10.1016/j.jcis.2014.03.028,JOURNAL OF COLLOID AND INTERFACE SCIENCE,WOS:000335620500001,unlabeled_pool,12
WOS:000457551900098,"Nanostructured vanadium tri-oxides, as a long life and high performance anode for sodium-ion battery",2019,10.1016/j.electacta.2019.01.076,ELECTROCHIMICA ACTA,WOS:000457551900098,unlabeled_pool,13
WOS:000428083400006,Sulfur doped ultra-thin anatase TiO2 nanosheets/graphene nanocomposite for high-performance pseudocapacitive sodium storage,2018,10.1016/j.ensm.2017.11.008,ENERGY STORAGE MATERIALS,WOS:000428083400006,unlabeled_pool,14
WOS:000591982200001,Unraveling the role of LiODFB salt as a SEI-forming additive for sodium-ion battery,2021,10.1007/s11581-020-03845-6,IONICS,WOS:000591982200001,unlabeled_pool,15
WOS:000795722200001,Na-Ion Battery with Graphite Anode and Na3V2(PO4)3 Cathode via Solvent-Co-Intercalation Process,2022,10.1002/admt.202200399,ADVANCED MATERIALS TECHNOLOGIES,WOS:000795722200001,unlabeled_pool,16
WOS:000377642100025,Antimony/Graphitic Carbon Composite Anode for High-Performance Sodium-Ion Batteries,2016,10.1021/acsami.6b01761,ACS APPLIED MATERIALS & INTERFACES,WOS:000377642100025,unlabeled_pool,17
WOS:000316369000004,Sodium ion battery anode properties of empty and C60-inserted single-walled carbon nanotubes,2013,10.1166/mex.2013.1095,MATERIALS EXPRESS,WOS:000316369000004,unlabeled_pool,18
WOS:000637698200002,Insight into pre-sodiation in Na3V2(PO4)2F3/C @ hard carbon full cells for promoting the development of sodium-ion battery,2021,10.1016/j.cej.2020.127565,CHEMICAL ENGINEERING JOURNAL,WOS:000637698200002,unlabeled_pool,19
WOS:000442349900047,Facile synthesis of NaTi2(PO4)3-carbon composite through solid state method and its application in aqueous sodium ion battery,2018,10.1016/j.matlet.2018.08.020,MATERIALS LETTERS,WOS:000442349900047,unlabeled_pool,20
WOS:000371535200086,Sodium ion battery anode properties of designed graphene-layers synthesized from polycyclic aromatic hydrocarbons,2016,10.1039/c6ra00955g,RSC ADVANCES,WOS:000371535200086,unlabeled_pool,21
WOS:000387132200004,A Sodium-Ion Battery with a Low-Cost Cross-Linked Gel-Polymer Electrolyte,2016,10.1002/aenm.201600467,ADVANCED ENERGY MATERIALS,WOS:000387132200004,unlabeled_pool,22
WOS:000600198700001,Biomimetic composite architecture achieves ultrahigh rate capability and cycling life of sodium ion battery cathodes,2020,10.1063/5.0020805,APPLIED PHYSICS REVIEWS,WOS:000600198700001,unlabeled_pool,23
WOS:000348086100089,Graphene Quantum Dots Coated VO2 Arrays for Highly Durable Electrodes for Li and Na Ion Batteries,2015,10.1021/nl504038s,NANO LETTERS,WOS:000348086100089,unlabeled_pool,24
WOS:000413124300054,Mwcnts wrapped flower-like SnS composite as anode material for sodium-ion battery,2017,10.1016/j.matlet.2017.07.108,MATERIALS LETTERS,WOS:000413124300054,unlabeled_pool,25
WOS:001428449600001,Cell design and chemistry of commercial sodium-ion battery cells,2025,10.1016/j.jpowsour.2025.236496,JOURNAL OF POWER SOURCES,WOS:001428449600001,unlabeled_pool,26
WOS:000519116800023,Narrow band-gap cathode Fe3(PO4)2 for sodium-ion battery with enhanced sodium storage,2020,10.1016/j.colsurfa.2020.124561,COLLOIDS AND SURFACES A-PHYSICOCHEMICAL AND ENGINEERING ASPECTS,WOS:000519116800023,unlabeled_pool,27
WOS:000372877400051,A High Rate 1.2V Aqueous Sodium-ion Battery Based on All NASICON Structured NaTi2(PO4)3 and Na3V2(PO4)3,2016,10.1016/j.electacta.2016.03.007,ELECTROCHIMICA ACTA,WOS:000372877400051,unlabeled_pool,28
WOS:000403381500036,Composite sodium p-toluenesulfonate/polypyrrole/TiO2 nanotubes/Ti anode for sodium ion battery,2017,10.1016/j.ijhydene.2017.03.116,INTERNATIONAL JOURNAL OF HYDROGEN ENERGY,WOS:000403381500036,unlabeled_pool,29
WOS:001276199700001,Ultra-Stable Sodium-Ion Battery Enabled by All-Solid-State Ferroelectric-Engineered Composite Electrolytes,2024,10.1007/s40820-024-01474-6,NANO-MICRO LETTERS,WOS:001276199700001,unlabeled_pool,30
WOS:000318917900011,Exploration of NaVOPO4 as a cathode for a Na-ion battery,2013,10.1039/c3cc42172d,CHEMICAL COMMUNICATIONS,WOS:000318917900011,unlabeled_pool,31
WOS:000333551500061,Free-Standing Na2/3Fe1/2Mn1/2O2@Graphene Film for a Sodium-Ion Battery Cathode,2014,10.1021/am405970s,ACS APPLIED MATERIALS & INTERFACES,WOS:000333551500061,unlabeled_pool,32
WOS:000384852800050,Niobium-doped titanium oxide anode and ionic liquid electrolyte for a safe sodium-ion battery,2016,10.1016/j.jpowsour.2016.08.049,JOURNAL OF POWER SOURCES,WOS:000384852800050,unlabeled_pool,33
WOS:000411522600022,Electrochemical Properties of an Na4Mn9O18-Reduced Graphene Oxide Composite Synthesized via Spray Drying for an Aqueous Sodium-Ion Battery,2017,10.3390/nano7090253,NANOMATERIALS,WOS:000411522600022,unlabeled_pool,34
WOS:001279419000001,Research progress of co-intercalation mechanism electrolytes in sodium-ion batteries,2024,10.1016/j.ensm.2024.103627,ENERGY STORAGE MATERIALS,WOS:001279419000001,unlabeled_pool,35
WOS:000482057500028,Solvent-controlled solid-electrolyte interphase layer composition of a high performance Li4Ti5O12 anode for Na-ion battery applications,2019,10.1039/c9se00349e,SUSTAINABLE ENERGY & FUELS,WOS:000482057500028,unlabeled_pool,36
WOS:000469885300012,Tantalum-Doped Titanium Oxide with Rutile Structure as a Novel Anode Material for Sodium-Ion Battery,2019,10.1021/acsaem.9b00585,ACS APPLIED ENERGY MATERIALS,WOS:000469885300012,unlabeled_pool,37
WOS:000329530300033,Cathode properties of Na2C6O6 for sodium-ion batteries,2013,10.1016/j.electacta.2013.04.100,ELECTROCHIMICA ACTA,WOS:000329530300033,unlabeled_pool,38
WOS:001398027100001,Photo-Rechargeable Sodium-Ion Batteries with a Two-Dimensional MoSe2 Crystal Cathode,2025,10.1021/acs.nanolett.4c03471,NANO LETTERS,WOS:001398027100001,unlabeled_pool,39
WOS:001383020900001,High-Voltage Fe-Based Tunnel-Type Na0.66[Mn0.33Fe0.33Ti0.3Sn<s ub>0.04]O2 Cathode for Aqueous Rechargeable Sodium-Ion Battery,2024,10.1021/acsami.4c18772,ACS APPLIED MATERIALS & INTERFACES,WOS:001383020900001,unlabeled_pool,40
WOS:000417063200045,Exceptionally high sodium-ion battery cathode capacity based on doped ammonium vanadium oxide and a full cell SIB prototype study,2017,10.1039/c7ta08104a,JOURNAL OF MATERIALS CHEMISTRY A,WOS:000417063200045,unlabeled_pool,41
WOS:000413211100003,Na4Mn9O18/Carbon Nanotube Composite as a High Electrochemical Performance Material for Aqueous Sodium-Ion Batteries,2017,10.1186/s11671-017-2340-1,NANOSCALE RESEARCH LETTERS,WOS:000413211100003,unlabeled_pool,42
WOS:000432281000002,Bi2Se3/C Nanocomposite as a New Sodium-Ion Battery Anode Material,2018,10.1007/s40820-018-0201-9,NANO-MICRO LETTERS,WOS:000432281000002,unlabeled_pool,43
WOS:001028753400001,Growth of TiS2 nanoflakes using CVD approach for sodium-ion battery application,2023,10.1007/s11051-023-05791-6,JOURNAL OF NANOPARTICLE RESEARCH,WOS:001028753400001,unlabeled_pool,44
WOS:000512369200064,Facile synthesis of FeS2/MoS2 composite intertwined on rGO nanosheets as a high-performance anode material for sodium-ion battery,2020,10.1016/j.jallcom.2019.153222,JOURNAL OF ALLOYS AND COMPOUNDS,WOS:000512369200064,unlabeled_pool,45
WOS:000356724600020,Novel sodium bismuth sulfide nanostructures: a promising anode materials for sodium-ion batteries with high capacity,2015,10.1007/s11581-014-1356-0,IONICS,WOS:000356724600020,unlabeled_pool,46
WOS:000416126600024,Organic Thiocarboxylate Electrodes for a Room-Temperature Sodium-Ion Battery Delivering an Ultrahigh Capacity,2017,10.1002/anie.201708960,ANGEWANDTE CHEMIE-INTERNATIONAL EDITION,WOS:000416126600024,unlabeled_pool,47
WOS:000376828900003,Rapid synthesis of three-dimensional network structure CuO as binder-free anode for high-rate sodium ion battery,2016,10.1016/j.jpowsour.2016.04.063,JOURNAL OF POWER SOURCES,WOS:000376828900003,unlabeled_pool,48
WOS:000954749100001,A new high-performance O3-NaNi0.3Fe0.2Mn0.5O2 cathode material for sodium-ion batteries,2023,10.1007/s11581-023-04963-7,IONICS,WOS:000954749100001,unlabeled_pool,49
WOS:000364578900073,Sulfur covalently bonded graphene with large capacity and high rate for high-performance sodium-ion batteries anodes,2015,10.1016/j.nanoen.2015.05.038,NANO ENERGY,WOS:000364578900073,unlabeled_pool,50
WOS:001528353400001,"Feasibility of NaMNbO4 and NaMSbO4 (M = Ni, Co, Mn, Fe) for their use as high voltage cathode materials in sodium ion battery-a DFT study",2025,10.1007/s11581-025-06510-y,IONICS,WOS:001528353400001,unlabeled_pool,51
WOS:000537451900032,Interaction between Sodium and Dimethylacetamide As the Cause of Instability in the Operation of a Sodium-Ion Battery,2020,10.1134/s0036024420060308,RUSSIAN JOURNAL OF PHYSICAL CHEMISTRY A,WOS:000537451900032,unlabeled_pool,52
WOS:001533234200001,CuTi2(PO4)3 with a rewarding transformation to NaTi2(PO4)3 by in-situ electrochemical self-coating for anodes in aqueous sodium-ion battery,2025,10.1016/j.jallcom.2025.182139,JOURNAL OF ALLOYS AND COMPOUNDS,WOS:001533234200001,unlabeled_pool,53
WOS:000419942800008,Observation on sodium &ITp&IT-toluenesulfonate-doped polypyrrole cathode for sodium ion battery,2018,10.1680/jsuin.17.00036,SURFACE INNOVATIONS,WOS:000419942800008,unlabeled_pool,54
WOS:000409187400003,High-capacity sodium ion battery anodes based on CuO nanosheets and carboxymethyl cellulose binder,2017,10.1080/10667857.2017.1295628,MATERIALS TECHNOLOGY,WOS:000409187400003,unlabeled_pool,55
WOS:000374840400033,Disodium dimolybdate: a potential high-performance anode material for rechargeable sodium ion battery applications,2016,10.1007/s10008-016-3153-3,JOURNAL OF SOLID STATE ELECTROCHEMISTRY,WOS:000374840400033,unlabeled_pool,56
WOS:000526114400024,One step synthesis of vesicular Na3V2(PO4)2F3 and network of Na3V2(PO4)2F3@gra phene nanosheets with improved electrochemical performance as cathode material for sodium ion battery,2020,10.1016/j.inoche.2020.107884,INORGANIC CHEMISTRY COMMUNICATIONS,WOS:000526114400024,unlabeled_pool,57
WOS:000872451500001,One-Pot Spray Engineering to Design Na0.44MnO2 Cathode Electrodes for High-Rate and Cycle-Stable Na-Ion Batteries,2022,10.3390/batteries8100181,BATTERIES-BASEL,WOS:000872451500001,unlabeled_pool,58
WOS:000372691900004,"A sodium-ion battery exploiting layered oxide cathode, graphite anode and glyme-based electrolyte",2016,10.1016/j.jpowsour.2016.01.082,JOURNAL OF POWER SOURCES,WOS:000372691900004,unlabeled_pool,59
WOS:000424338500084,Exploration of Mn0.5Ti2(PO4)3@rgo composite as anode electrode for Na-ion battery,2018,10.1007/s10854-017-8370-8,JOURNAL OF MATERIALS SCIENCE-MATERIALS IN ELECTRONICS,WOS:000424338500084,unlabeled_pool,60
WOS:000487858400015,An All-Prussian-Blue-Based Aqueous Sodium-Ion Battery,2019,10.1002/celc.201901223,CHEMELECTROCHEM,WOS:000487858400015,unlabeled_pool,61
WOS:000442056800018,Low temperature synthesis of polyhedral hollow porous carbon with high rate capability and long-term cycling stability as Li-ion and Na-ion battery anode material,2018,10.1016/j.jpowsour.2018.07.038,JOURNAL OF POWER SOURCES,WOS:000442056800018,unlabeled_pool,62
WOS:000691185500006,Enhanced enactment of graphene amalgamated sodium cobalt phosphate composite electrode material in sodium-ion battery,2021,10.1016/j.jtice.2021.07.021,JOURNAL OF THE TAIWAN INSTITUTE OF CHEMICAL ENGINEERS,WOS:000691185500006,unlabeled_pool,63
WOS:000704085000002,Conductive halloysite clay nanotubes for high performance sodium ion battery cathode,2021,10.1016/j.clay.2021.106265,APPLIED CLAY SCIENCE,WOS:000704085000002,unlabeled_pool,64
WOS:000990615400001,Clarifying effects of in-plane cationic-ordering degree on anionic redox chemistry in Na-ion battery layered oxide cathodes,2023,10.1016/j.mtchem.2023.101532,MATERIALS TODAY CHEMISTRY,WOS:000990615400001,unlabeled_pool,65
WOS:000579878700030,Carbon-encapsulated Sb6O13 nanoparticles for an efficient and durable sodium-ion battery anode,2021,10.1016/j.jallcom.2020.156939,JOURNAL OF ALLOYS AND COMPOUNDS,WOS:000579878700030,unlabeled_pool,66
WOS:000382483800027,Subzero-Temperature Cathode for a Sodium-Ion Battery,2016,10.1002/adma.201600846,ADVANCED MATERIALS,WOS:000382483800027,unlabeled_pool,67
WOS:000539008000001,Overcoming the Unfavorable Kinetics of Na3V2(PO4)2F3//Sn Px Full-Cell Sodium-Ion Batteries for High Specific Energy and Energy Efficiency,2020,10.1002/adfm.202003086,ADVANCED FUNCTIONAL MATERIALS,WOS:000539008000001,unlabeled_pool,68
WOS:000343985600040,Three-dimensional spider-web architecture assembled from Na2Ti3O7 nanotubes as a high performance anode for a sodium-ion battery,2014,10.1039/c4cc06451h,CHEMICAL COMMUNICATIONS,WOS:000343985600040,unlabeled_pool,69
WOS:000344525500053,Excellent electrochemical performance of tin monosulphide (SnS) as a sodium-ion battery anode,2014,10.1039/c4ra05851h,RSC ADVANCES,WOS:000344525500053,unlabeled_pool,70
WOS:001564262000002,Palm oil shell-derived SiO2/hard-carbon-like nanocomposites for a potential application as dual carbon battery electrode,2025,10.1016/j.biombioe.2025.108332,BIOMASS & BIOENERGY,WOS:001564262000002,unlabeled_pool,71
WOS:000525952000161,High Capacity Prismatic Type Layered Electrode with Anionic Redox Activity as an Efficient Cathode Material and PVdF/SiO2 Composite Membrane for a Sodium Ion Battery,2020,10.3390/polym12030662,POLYMERS,WOS:000525952000161,unlabeled_pool,72
WOS:000514749800114,Na-Ge glass anode network mixed with bismuth oxide nanocrystallites: A high capacity anode material for use in advanced sodium-ion battery design,2020,10.1016/j.matchemphys.2019.122568,MATERIALS CHEMISTRY AND PHYSICS,WOS:000514749800114,unlabeled_pool,73
WOS:000432339300002,Mesoporous MXene powders synthesized by acid induced crumpling and their use as Na-ion battery anodes,2018,10.1080/21663831.2018.1434249,MATERIALS RESEARCH LETTERS,WOS:000432339300002,unlabeled_pool,74
WOS:000460756500027,Study of Sodium-ion Battery Based on Sodium Vanadium Phosphate and Sodium Titanate at Low Temperatures,2019,10.20964/2019.02.10,INTERNATIONAL JOURNAL OF ELECTROCHEMICAL SCIENCE,WOS:000460756500027,unlabeled_pool,75
WOS:000588305500018,Mo-modified P/C composite as anode for high-performance sodium ion batteries,2020,10.1016/j.jelechem.2020.114536,JOURNAL OF ELECTROANALYTICAL CHEMISTRY,WOS:000588305500018,unlabeled_pool,76
WOS:000383003600035,Electrolyte dependence of the performance of a Na2FeP2O7//NaTi2(PO4</s ub>)3 rechargeable aqueous sodium-ion battery,2016,10.1016/j.jpowsour.2016.07.052,JOURNAL OF POWER SOURCES,WOS:000383003600035,unlabeled_pool,77
WOS:000480579700030,Development of covalent-bonded organic/carbon anode for sodium-ion battery,2019,10.1007/s12206-019-0730-2,JOURNAL OF MECHANICAL SCIENCE AND TECHNOLOGY,WOS:000480579700030,unlabeled_pool,78
WOS:001146743200005,Exploration of Gel-electrolyte Soft Package Sodium-ion Battery,2023,10.7503/cjcu20230340,CHEMICAL JOURNAL OF CHINESE UNIVERSITIES-CHINESE,WOS:001146743200005,unlabeled_pool,79
WOS:000419002100041,High-performance aqueous symmetric sodium-ion battery using NASICON-structured Na2VTi(PO4)3,2018,10.1007/s12274-017-1657-5,NANO RESEARCH,WOS:000419002100041,unlabeled_pool,80
WOS:000982112900001,Electrochemical exfoliation and deposition of sodium-graphene oxide composite for high specific capacity cathode/anode for dual-carbon sodium ion battery application,2023,10.1016/j.cplett.2023.140499,CHEMICAL PHYSICS LETTERS,WOS:000982112900001,unlabeled_pool,81
WOS:000447555400039,Activating abnormal capacity in stoichiometric NaVO3 as cathode material for sodium-ion battery,2018,10.1016/j.jpowsour.2018.08.042,JOURNAL OF POWER SOURCES,WOS:000447555400039,unlabeled_pool,82
WOS:000433042500022,An acid-pasting strategy towards PTCDA based high performance lithium/sodium ion battery cathodes,2018,10.1016/j.electacta.2018.04.155,ELECTROCHIMICA ACTA,WOS:000433042500022,unlabeled_pool,83
WOS:000452679100012,Enhanced Cycling Stability of Macroporous Bulk Antimony-Based Sodium-Ion Battery Anodes Enabled through Active/Inactive Composites,2018,10.1002/aenm.201801781,ADVANCED ENERGY MATERIALS,WOS:000452679100012,unlabeled_pool,84
WOS:000387100600108,Electrochemical Performance of Sn/SnO Nanoparticles with Core-Shell Structure as Anode Materials for Sodium-Ion and Lithium-Ion Batteries,2016,10.1166/jnn.2016.13229,JOURNAL OF NANOSCIENCE AND NANOTECHNOLOGY,WOS:000387100600108,unlabeled_pool,85
WOS:001438246700001,Transforming spent lithium iron phosphate cathodes and waste plastics into high-performance sodium-ion battery anodes via co-pyrolysis,2025,10.1016/j.coco.2025.102306,COMPOSITES COMMUNICATIONS,WOS:001438246700001,unlabeled_pool,86
WOS:000823557900001,Facile Synthesis of Necessary Amorphous Structure FePO4 Nanospheres as Superior Sodium-Ion Battery Cathodes,2022,10.1021/acsaem.2c00336,ACS APPLIED ENERGY MATERIALS,WOS:000823557900001,unlabeled_pool,87
WOS:000434776600045,Electrochemical properties of novel FeV2O4 as an anode for Na-ion batteries,2018,10.1038/s41598-018-27083-z,SCIENTIFIC REPORTS,WOS:000434776600045,unlabeled_pool,88
WOS:000620785300004,3D nitrogen and sulfur equilibrium co-doping hollow carbon nanosheets as Na-ion battery anode with ultralong cycle life and superior rate capability,2021,10.1016/j.apsusc.2021.149168,APPLIED SURFACE SCIENCE,WOS:000620785300004,unlabeled_pool,89
WOS:000515668100002,Crystal doping of K ion on Na site raises the electrochemical performance of NaTi2(PO4)3/C anode for sodium-ion battery,2020,10.1007/s11581-020-03468-x,IONICS,WOS:000515668100002,unlabeled_pool,90
WOS:001533155400001,Na-Ion Battery Anodes Based on Biphenyl Carboxylate Derivatives,2025,10.1021/acsaem.5c01307,ACS APPLIED ENERGY MATERIALS,WOS:001533155400001,unlabeled_pool,91
WOS:000475532200040,High-Voltage All-Solid-State Na-Ion-Based Full Cells Enabled by All NASICON-Structured Materials,2019,10.1021/acsami.9b07647,ACS APPLIED MATERIALS & INTERFACES,WOS:000475532200040,unlabeled_pool,92
WOS:000526375000009,Green Synthesis of a Nanocrystalline Tin Disulfide-Reduced Graphene Oxide Anode from Ammonium Peroxostannate: a Highly Stable Sodium-Ion Battery Anode,2020,10.1021/acssuschemeng.9b06676,ACS SUSTAINABLE CHEMISTRY & ENGINEERING,WOS:000526375000009,unlabeled_pool,93
WOS:001182727800001,Pristine and engineered biochar as Na-ion batteries anode material: A comprehensive overview,2024,10.1016/j.rser.2024.114304,RENEWABLE & SUSTAINABLE ENERGY REVIEWS,WOS:001182727800001,unlabeled_pool,94
WOS:001175628700001,Red phosphorus encapsulated in 3D N-doped porous carbon nanofibers: an enhanced sodium-ion battery anode material,2024,10.1039/d3cc06080b,CHEMICAL COMMUNICATIONS,WOS:001175628700001,unlabeled_pool,95
WOS:000599988300001,Na2TiV(PO4)3@C composite with excellent Na-storage performance based on a solid-state polymer electrolyte membrane,2021,10.1002/er.6303,INTERNATIONAL JOURNAL OF ENERGY RESEARCH,WOS:000599988300001,unlabeled_pool,96
WOS:000408582300088,Facile synthesis of FeSi4P4 and its Sodium Ion Storage Performance,2017,10.1016/j.electacta.2017.07.012,ELECTROCHIMICA ACTA,WOS:000408582300088,unlabeled_pool,97
WOS:000436218300018,ZnV2O4: A potential anode material for sodium-ion batteries,2018,10.1016/j.jtice.2018.03.052,JOURNAL OF THE TAIWAN INSTITUTE OF CHEMICAL ENGINEERS,WOS:000436218300018,unlabeled_pool,98
WOS:000412507400015,Hydrothermally hollow SnO2 microspheres as sodium ion battery anode with high capacity and superior stability,2017,10.1049/mnl.2017.0304,MICRO & NANO LETTERS,WOS:000412507400015,unlabeled_pool,99
WOS:000338810500043,Microspherical Na2Ti3O7 prepared by spray-drying method as anode material for sodium-ion battery,2014,10.1016/j.ssi.2013.11.005,SOLID STATE IONICS,WOS:000338810500043,unlabeled_pool,100
WOS:000354204500041,A polyimide based all-organic sodium ion battery,2015,10.1039/c5ta02043c,JOURNAL OF MATERIALS CHEMISTRY A,WOS:000354204500041,unlabeled_pool,101
WOS:000345979700026,NaV6O15 Nanoflakes with Good Cycling Stability as a Cathode for Sodium Ion Battery,2015,10.1149/2.0151501jes,JOURNAL OF THE ELECTROCHEMICAL SOCIETY,WOS:000345979700026,unlabeled_pool,102
WOS:000314643100039,Na2Ti3O7: an intercalation based anode for sodium-ion battery applications,2013,10.1039/c2ta01057g,JOURNAL OF MATERIALS CHEMISTRY A,WOS:000314643100039,unlabeled_pool,103
WOS:000384732300011,A Safer Sodium-Ion Battery Based on Nonflammable Organic Phosphate Electrolyte,2016,10.1002/advs.201600066,ADVANCED SCIENCE,WOS:000384732300011,unlabeled_pool,104
WOS:000663750900002,Dispersion-corrected DFT design of nitrogen doped- or TMN4 embedded buckybowl-like porous carbon derived from zeolitic imidazolate frameworks as anode material of sodium-ion battery,2021,10.1016/j.apsusc.2021.150156,APPLIED SURFACE SCIENCE,WOS:000663750900002,unlabeled_pool,105
WOS:000444182900139,Synergistic Role of Electrolyte and Binder for Enhanced Electrochemical Storage for Sodium-Ion Battery,2018,10.1021/acsomega.8b01407,ACS OMEGA,WOS:000444182900139,unlabeled_pool,106
WOS:000782545800005,Exploration of a Na3V2(PO4)3/C -Pb full cell Na-ion prototype,2022,10.1016/j.nanoen.2022.107010,NANO ENERGY,WOS:000782545800005,unlabeled_pool,107
WOS:000430883400015,High-performance aqueous rechargeable sulfate- and sodium-ion battery based on polypyrrole-MWCNT core-shell nanowires and Na0.44MnO2 nanorods,2018,10.1016/j.apsusc.2018.02.021,APPLIED SURFACE SCIENCE,WOS:000430883400015,unlabeled_pool,108
WOS:000593969600004,Bio-synthesized P2-Na0.57CoO2 nanoparticles as cathode for aqueous sodium ion battery,2020,10.1016/j.jelechem.2020.114600,JOURNAL OF ELECTROANALYTICAL CHEMISTRY,WOS:000593969600004,unlabeled_pool,109
WOS:000397256700021,TiO2/Sunflower Seed Shell-derived Carbon Micro Fiber Hybrids as Promising Anode Materials for Sodium-ion Batteries,2017,10.20964/2017.03.33,INTERNATIONAL JOURNAL OF ELECTROCHEMICAL SCIENCE,WOS:000397256700021,unlabeled_pool,110
WOS:000530838000007,Sn4P3@Porous carbon nanofiber as a self-supported anode for sodium-ion batteries,2020,10.1016/j.jpowsour.2020.228116,JOURNAL OF POWER SOURCES,WOS:000530838000007,unlabeled_pool,111
WOS:000658385000007,A conjugated plier-linked nano-spacing graphite network for sodium-ion battery,2021,10.1016/j.ensm.2021.04.008,ENERGY STORAGE MATERIALS,WOS:000658385000007,unlabeled_pool,112
WOS:001364662800001,Microporous Organic Ladder Polymer with Vertically Aligned Quinones for Sodium-Ion Battery,2025,10.1002/smll.202407756,SMALL,WOS:001364662800001,unlabeled_pool,113
WOS:000575865300005,Cu2S hollow spheres as an anode for high-rate sodium storage performance,2020,10.1016/j.jelechem.2020.114523,JOURNAL OF ELECTROANALYTICAL CHEMISTRY,WOS:000575865300005,unlabeled_pool,114
WOS:000468258200003,MoS2 hollow spheres in ether-based electrolyte for high performance sodium ion battery,2019,10.1016/j.jcis.2019.04.025,JOURNAL OF COLLOID AND INTERFACE SCIENCE,WOS:000468258200003,unlabeled_pool,115
WOS:000724035400001,Nanosheets Derived through Dissolution-Recrystallization of TiB2 as Efficient Anode for Sodium-Ion Batteries,2022,10.1002/batt.202100243,BATTERIES & SUPERCAPS,WOS:000724035400001,unlabeled_pool,116
WOS:000419831600084,Pyrite FeS2@C nanorods as smart cathode for sodium ion battery with ultra-long lifespan and notable rate performance from tunable pseudocapacitance,2018,10.1016/j.electacta.2017.12.031,ELECTROCHIMICA ACTA,WOS:000419831600084,unlabeled_pool,117
WOS:000328177000101,Preparation and characterization of carbon-coated NaVPO4F as cathode material for rechargeable sodium-ion batteries,2014,10.1016/j.jpowsour.2013.09.018,JOURNAL OF POWER SOURCES,WOS:000328177000101,unlabeled_pool,118
WOS:000428972700016,3.0 V High Energy Density Symmetric Sodium-Ion Battery: Na4V2(PO4)3||Na3V 2(PO4)3,2018,10.1021/acsami.7b16901,ACS APPLIED MATERIALS & INTERFACES,WOS:000428972700016,unlabeled_pool,119
WOS:000387100400149,A Facile Synthesis of Flower-Like CuO as Anode Materials for Lithium (Sodium) Ion Battery Applications,2016,10.1166/jnn.2016.11593,JOURNAL OF NANOSCIENCE AND NANOTECHNOLOGY,WOS:000387100400149,unlabeled_pool,120
WOS:000659315800065,Carbon-Decorated Na3V2(PO4)3 as Ultralong Lifespan Cathodes for High-Energy-Density Symmetric Sodium-Ion Batteries,2021,10.1021/acsami.1c06160,ACS APPLIED MATERIALS & INTERFACES,WOS:000659315800065,unlabeled_pool,121
WOS:000600489500001,"N, S self-doped porous carbon with enlarged interlayer distance as anode for high performance sodium ion batteries",2021,10.1002/er.6294,INTERNATIONAL JOURNAL OF ENERGY RESEARCH,WOS:000600489500001,unlabeled_pool,122
WOS:000687334600008,Bimetallic alloy SbSn nanodots filled in electrospun N-doped carbon fibers for high performance Na-ion battery anode,2021,10.1016/j.electacta.2021.138246,ELECTROCHIMICA ACTA,WOS:000687334600008,unlabeled_pool,123
WOS:000340403800002,Sb2O3 Nanowires as Anode Material for Sodium-Ion Battery,2014,10.1007/s13369-014-1194-4,ARABIAN JOURNAL FOR SCIENCE AND ENGINEERING,WOS:000340403800002,unlabeled_pool,124
WOS:000365554400100,Carbon-Coated Li4Ti5O12 as Anode Material for Sodium-Ion Batteries,2015,10.1166/jnn.2015.10523,JOURNAL OF NANOSCIENCE AND NANOTECHNOLOGY,WOS:000365554400100,unlabeled_pool,125
WOS:000367124900020,Flexible graphite film with laser drilling pores as novel integrated anode free of metal current collector for sodium ion battery,2015,10.1016/j.elecom.2015.10.009,ELECTROCHEMISTRY COMMUNICATIONS,WOS:000367124900020,unlabeled_pool,126
WOS:000506162500034,STRUCTURAL AND ELECTROCHEMICAL PROPERTIES OF P3-Na0.67Mn0.3Co0.7O2 NANOSTRUCTURES PREPARED BY CITRIC-UREA SELF-COMBUSTION ROUTE AS CATHODE FOR SODIUM ION BATTERY,2019,,DIGEST JOURNAL OF NANOMATERIALS AND BIOSTRUCTURES,WOS:000506162500034,unlabeled_pool,127
WOS:000823229500003,Watermelon-like multicore-shell Fe(PO3)2@carbon nanocapsule anode to construct an all iron phosphate-based sodium ion battery,2022,10.1007/s12274-022-4678-7,NANO RESEARCH,WOS:000823229500003,unlabeled_pool,128
WOS:000376532200033,Development of fiber-type potassium-based cathode for sodium ion battery,2016,10.1016/j.matlet.2016.04.160,MATERIALS LETTERS,WOS:000376532200033,unlabeled_pool,129
WOS:000393077700001,Synthesis of Na2MnFe(CN)6 and its Application as Cathode Material for Aqueous Rechargeable Sodium-ion Battery,2016,10.14447/jnmes.v19i3.306,JOURNAL OF NEW MATERIALS FOR ELECTROCHEMICAL SYSTEMS,WOS:000393077700001,unlabeled_pool,130
WOS:000443381900022,Reaction Mechanisms of Sodium-Ion Batteries under Various Charge and Discharge Conditions in a Three-Electrode Setup,2018,10.1002/celc.201800387,CHEMELECTROCHEM,WOS:000443381900022,unlabeled_pool,131
WOS:000514749500058,Modelling of antimonene as an anode material in sodium-ion battery: A first-principles study,2020,10.1016/j.matchemphys.2019.122381,MATERIALS CHEMISTRY AND PHYSICS,WOS:000514749500058,unlabeled_pool,132
WOS:000397473700037,Flexible Graphene Stacks for Sodium-Ion Storage,2017,10.1002/celc.201600620,CHEMELECTROCHEM,WOS:000397473700037,unlabeled_pool,133
WOS:000454773300002,Exploring the possibility of the zigzag WS2 nanoribbons as anode materials for sodium-ion batteries,2019,10.1007/s00339-018-2336-4,APPLIED PHYSICS A-MATERIALS SCIENCE & PROCESSING,WOS:000454773300002,unlabeled_pool,134
WOS:000424900000030,Thioindigo: A novel cathode material of sodium ion battery predicted through dispersion-corrected density functional theory,2018,10.1016/j.commatsci.2017.11.022,COMPUTATIONAL MATERIALS SCIENCE,WOS:000424900000030,unlabeled_pool,135
WOS:000414083300074,Self-supported mesoporous FeCo2O4 nanosheets as high capacity anode material for sodium-ion battery,2017,10.1016/j.cej.2017.08.014,CHEMICAL ENGINEERING JOURNAL,WOS:000414083300074,unlabeled_pool,136
WOS:000458596500062,An acid-pasting approach towards perylenetetracarboxylic diimide based lithium/sodium ion battery cathodes with high rate performances,2019,10.1016/j.jcis.2018.11.085,JOURNAL OF COLLOID AND INTERFACE SCIENCE,WOS:000458596500062,unlabeled_pool,137
WOS:001496522700001,Study on Thermal Behavior and Safety Properties of Na4Fe3(PO4)2(P2O< sub>7) and NaNi1/3Fe1/3Mn1/3O2 Cathode-Based Sodium Ion Battery,2025,10.3390/batteries11050184,BATTERIES-BASEL,WOS:001496522700001,unlabeled_pool,138
WOS:000860680400001,Microwave-initiated MAX Ti3AlC2-catalyzed upcycling of polyolefin plastic wastes: Selective conversion to hydrogen and carbon nanofibers for sodium-ion battery,2022,10.1016/j.apcatb.2022.121828,APPLIED CATALYSIS B-ENVIRONMENT AND ENERGY,WOS:000860680400001,unlabeled_pool,139
WOS:000370866700014,Na-Doped Li4Ti5O12 as an Anode Material for Sodium-Ion Battery with Superior Rate and Cycling Performance,2016,10.1149/2.0781605jes,JOURNAL OF THE ELECTROCHEMICAL SOCIETY,WOS:000370866700014,unlabeled_pool,140
WOS:000458347900052,Carbon Nanofiber Elastically Confined Nanoflowers: A Highly Efficient Design for Molybdenum Disulfide-Based Flexible Anodes Toward Fast Sodium Storage,2019,10.1021/acsami.8b21729,ACS APPLIED MATERIALS & INTERFACES,WOS:000458347900052,unlabeled_pool,141
WOS:000510313600025,Hierarchical hollow-structured anode for high-rate sodium-ion battery,2020,10.1016/j.jssc.2019.121159,JOURNAL OF SOLID STATE CHEMISTRY,WOS:000510313600025,unlabeled_pool,142
WOS:000753296500028,Short Communication Causes of Germanium Phosphide Degradation under Prolonged Cycling. EIS Study,2022,10.20964/2022.02.40,INTERNATIONAL JOURNAL OF ELECTROCHEMICAL SCIENCE,WOS:000753296500028,unlabeled_pool,143
WOS:000455264600017,3D graphene decorated Na4Fe3(PO4)2(P2O< sub>7) microspheres as low-cost and high-performance cathode materials for sodium-ion batteries,2019,10.1016/j.nanoen.2018.11.011,NANO ENERGY,WOS:000455264600017,unlabeled_pool,144
WOS:001185068500002,Flexible Tin-Based Carbon Nanofiber as Binder-Free Electrodes for Sodium-Ion Battery,2024,10.1007/s12221-024-00522-7,FIBERS AND POLYMERS,WOS:001185068500002,unlabeled_pool,145
WOS:001332620500001,Pomegranate Peel-Derived Hard Carbons as Anode Materials for Sodium-Ion Batteries,2024,10.3390/molecules29194639,MOLECULES,WOS:001332620500001,unlabeled_pool,146
WOS:000422673500025,Enhanced Electrochemical Performance of a Tin-antimony Alloy/N-Doped Carbon Nanocomposite as a Sodium-Ion Battery Anode,2018,10.1002/celc.201700828,CHEMELECTROCHEM,WOS:000422673500025,unlabeled_pool,147
WOS:000930671300001,Ball mill-assisted synthesis of carbon-free SnSe nanoparticles for sodium-ion battery anodes,2023,10.1007/s10008-023-05416-x,JOURNAL OF SOLID STATE ELECTROCHEMISTRY,WOS:000930671300001,unlabeled_pool,148
WOS:000380803600012,Interconnected foams of helical carbon nanofibers grown with ultrahigh yield for high capacity sodium ion battery anodes,2016,10.1016/j.carbon.2016.05.051,CARBON,WOS:000380803600012,unlabeled_pool,149
WOS:000474327300006,Hydrophilic binder interface interactions inducing inadhesion and capacity collapse in sodium-ion battery,2019,10.1016/j.jpowsour.2019.04.063,JOURNAL OF POWER SOURCES,WOS:000474327300006,unlabeled_pool,150
WOS:000478969600029,New family of organic anode without aromatics for energy storage,2019,10.1016/j.electacta.2019.06.051,ELECTROCHIMICA ACTA,WOS:000478969600029,unlabeled_pool,151
WOS:001127490800001,Layered Oxide Material as a Highly Stable Na-ion Source and Sink for Investigation of Sodium-ion Battery Materials,2024,10.1002/celc.202300529,CHEMELECTROCHEM,WOS:001127490800001,unlabeled_pool,152
WOS:000425113600007,High Energy Density Sodium-Ion Battery with Industrially Feasible and Air-Stable O3-Type Layered Oxide Cathode,2018,10.1002/aenm.201701610,ADVANCED ENERGY MATERIALS,WOS:000425113600007,unlabeled_pool,153
WOS:000754675400001,Amorphous TiO2-x modified Sb nanowires as a high-performance sodium-ion battery anode,2022,10.1016/j.jnoncrysol.2022.121396,JOURNAL OF NON-CRYSTALLINE SOLIDS,WOS:000754675400001,unlabeled_pool,154
WOS:000609080200015,High performance sodium-ion battery anode using biomass derived hard carbon with engineered defective sites,2021,10.1016/j.electacta.2020.137574,ELECTROCHIMICA ACTA,WOS:000609080200015,unlabeled_pool,155
WOS:000978053600001,New insights on the reaction mechanism and charge contribution of NaNiF3 perovskite as an anode for sodium-ion batteries,2023,10.1016/j.electacta.2023.142341,ELECTROCHIMICA ACTA,WOS:000978053600001,unlabeled_pool,156
WOS:001425053500001,Deciphering thermal failure mechanism of Sodium-Ion battery with O3-phase layered cathode,2025,10.1016/j.cej.2025.160202,CHEMICAL ENGINEERING JOURNAL,WOS:001425053500001,unlabeled_pool,157
WOS:000322417400086,Electrospun Sb/C Fibers for a Stable and Fast Sodium-Ion Battery Anode,2013,10.1021/nn4025674,ACS NANO,WOS:000322417400086,unlabeled_pool,158
WOS:000832654700001,Expeditious Electrochemical Synthesis of Mesoporous Chalcogenide Flakes: Mesoporous Cu2Se as a Potential High-Rate Anode for Sodium-Ion Battery,2022,10.1002/smll.202106629,SMALL,WOS:000832654700001,unlabeled_pool,159
WOS:000427513400003,GeP5/C composite as anode material for high power sodium-ion batteries with exceptional capacity,2018,10.1016/j.jallcom.2018.01.358,JOURNAL OF ALLOYS AND COMPOUNDS,WOS:000427513400003,unlabeled_pool,160
WOS:001162964900001,"Novel Alkaline Sodium-Ion Battery Capacitor Based on Active Carbon∥Na0.44MnO2 towards Low Cost, High-Rate Capability and Long-Term Lifespan",2024,10.3866/pku.whxb202303041,ACTA PHYSICO-CHIMICA SINICA,WOS:001162964900001,unlabeled_pool,161
WOS:000470237300017,High-rate and stable iron phosphide nanorods anode for sodium-ion battery,2019,10.1016/j.electacta.2019.05.071,ELECTROCHIMICA ACTA,WOS:000470237300017,unlabeled_pool,162
WOS:000512377800110,Superior Na-storage performance of Na3V2(PO4)3/C-Ag composites as cathode material for Na-ion battery,2020,10.1016/j.jallcom.2019.153587,JOURNAL OF ALLOYS AND COMPOUNDS,WOS:000512377800110,unlabeled_pool,163
WOS:000398246900033,Metal Organic Framework Derived Porous Hollow Co3O4/N-C Polyhedron Composite with Excellent Energy Storage Capability,2017,10.1021/acsami.6b15000,ACS APPLIED MATERIALS & INTERFACES,WOS:000398246900033,unlabeled_pool,164
WOS:000382514100044,Ultrafine Nb2O5 Nanocrystal Coating on Reduced Graphene Oxide as Anode Material for High Performance Sodium Ion Battery,2016,10.1021/acsami.6b06516,ACS APPLIED MATERIALS & INTERFACES,WOS:000382514100044,unlabeled_pool,165
WOS:001523726800001,WS2 Composites with Chitosan Derived Hard Carbon as High-Performance Negative Electrode Material for Sodium-Ion Batteries,2025,10.1002/adsu.202500469,ADVANCED SUSTAINABLE SYSTEMS,WOS:001523726800001,unlabeled_pool,166
WOS:000373519500024,Nickel Disulfide-Graphene Nanosheets Composites with Improved Electrochemical Performance for Sodium Ion Battery,2016,10.1021/acsami.6b00179,ACS APPLIED MATERIALS & INTERFACES,WOS:000373519500024,unlabeled_pool,167
WOS:000337860800011,Facile synthesis of ammonium vanadium oxide nanorods for Na-ion battery cathodes,2014,10.1016/j.jcis.2014.04.029,JOURNAL OF COLLOID AND INTERFACE SCIENCE,WOS:000337860800011,unlabeled_pool,168
WOS:000361560300007,An All-solid-state and All-organic Sodium-ion Battery based on Redox-active Polymers and Plastic Crystal Electrolyte,2015,10.1016/j.electacta.2015.07.163,ELECTROCHIMICA ACTA,WOS:000361560300007,unlabeled_pool,169
WOS:001281358200001,Colloidally synthesized Cu3VS4 nanocrystals as a long cycling anode material for sodium-ion batteries,2024,10.1016/j.elecom.2024.107783,ELECTROCHEMISTRY COMMUNICATIONS,WOS:001281358200001,unlabeled_pool,170
WOS:000461978200036,Rational Combination of an Alabandite MnS Laminated Pyrrhotite Fe1-xS Nanocomposite as a Superior Anode Material for High Performance Sodium-Ion Battery,2019,10.1021/acssuschemeng.8b05904,ACS SUSTAINABLE CHEMISTRY & ENGINEERING,WOS:000461978200036,unlabeled_pool,171
WOS:000506201800063,A low-defect and Na-enriched Prussian blue lattice with ultralong cycle life for sodium-ion battery cathode,2020,10.1016/j.electacta.2019.135533,ELECTROCHIMICA ACTA,WOS:000506201800063,unlabeled_pool,172
WOS:000512219600061,MOF-derived hollow Co(Ni)Se2/N-doped carbon composite material for preparation of sodium ion battery anode,2020,10.1016/j.ceramint.2019.10.181,CERAMICS INTERNATIONAL,WOS:000512219600061,unlabeled_pool,173
WOS:001149109600001,Pseudocapacitive vs diffusion controlled charge storage in Fe2O3 nanosheet Na-ion battery,2023,10.1016/j.electacta.2023.143161,ELECTROCHIMICA ACTA,WOS:001149109600001,unlabeled_pool,174
WOS:000455642500016,Metal organic framework-derived carbon structures for sodium-ion battery anodes,2019,10.1016/j.electacta.2018.11.140,ELECTROCHIMICA ACTA,WOS:000455642500016,unlabeled_pool,175
WOS:000369200000036,Antimony nanoparticles anchored in three-dimensional carbon network as promising sodium-ion battery anode,2016,10.1016/j.jpowsour.2015.11.047,JOURNAL OF POWER SOURCES,WOS:000369200000036,unlabeled_pool,176
WOS:000706842900005,Sodium hypophosphite-assist pyrolysis of coal pitch to synthesis P-doped carbon nanosheet anode for ultrafast and long-term cycling sodium-ion batteries,2021,10.1016/j.jallcom.2021.161678,JOURNAL OF ALLOYS AND COMPOUNDS,WOS:000706842900005,unlabeled_pool,177
WOS:000530249300001,Meliorating the sodium storage properties of NaTi2(PO4)3/C by rational structural design,2020,10.1007/s11581-019-03313-w,IONICS,WOS:000530249300001,unlabeled_pool,178
WOS:000389292600016,Sodium vanadate nanowires @ polypyrrole with synergetic core-shell structure for enhanced reversible sodium-ion storage,2016,10.1016/j.compscitech.2016.10.032,COMPOSITES SCIENCE AND TECHNOLOGY,WOS:000389292600016,unlabeled_pool,179
WOS:000437982400010,Fe1-xC decorated porous nitrogen doped carbon matrix as anode for sodium ion battery,2018,10.1080/00150193.2018.1453108,FERROELECTRICS,WOS:000437982400010,unlabeled_pool,180
WOS:001027441700001,Amidation structure design of carbon materials enables high energy and power density symmetric Sodium-ion battery,2023,10.1016/j.cej.2023.144043,CHEMICAL ENGINEERING JOURNAL,WOS:001027441700001,unlabeled_pool,181
WOS:000392771900003,The mechanism of the sodiation and desodiation in Super P carbon electrode for sodium-ion battery,2017,10.1016/j.jpowsour.2016.11.048,JOURNAL OF POWER SOURCES,WOS:000392771900003,unlabeled_pool,182
WOS:001344187700001,Biomass-derived hard carbon material for high-capacity sodium-ion battery anode through structure regulation,2025,10.1016/j.carbon.2024.119733,CARBON,WOS:001344187700001,unlabeled_pool,183
WOS:000349959500024,Electrochemical and Structural Study of Layered P2-Type Na2/3Ni1/3Mn2/3O2 as Cathode Material for Sodium-Ion Battery,2015,10.1002/asia.201403134,CHEMISTRY-AN ASIAN JOURNAL,WOS:000349959500024,unlabeled_pool,184
WOS:000513811800067,Self-assembled NaV6O15 flower-like microstructures for high-capacity and long-life sodium-ion battery cathode,2020,10.1016/j.nanoen.2019.104357,NANO ENERGY,WOS:000513811800067,unlabeled_pool,185
WOS:001450231900001,A facile method for preparing non-expanded reduced graphite oxide and its performance for sodium-ion battery anodes,2025,10.1016/j.jallcom.2025.179777,JOURNAL OF ALLOYS AND COMPOUNDS,WOS:001450231900001,unlabeled_pool,186
WOS:000418783700037,"An All-Phosphate and Zero-Strain Sodium-Ion Battery Based on Na3V2(PO4)3 Cathode, NaTi2(PO4)3 Anode, and Trimethyl Phosphate Electrolyte with Intrinsic Safety and Long Lifespan",2017,10.1021/acsami.7b14946,ACS APPLIED MATERIALS & INTERFACES,WOS:000418783700037,unlabeled_pool,187
WOS:000976631800001,Polycrystalline Fe- and Sn-based sulfides for high-capacity sodium-ion battery anodes,2023,10.1039/d2cc06928h,CHEMICAL COMMUNICATIONS,WOS:000976631800001,unlabeled_pool,188
WOS:000704066000001,Synchronous electrochemical evolution of electrode and performance enhancement of sodium ion battery anode,2021,10.1016/j.xcrp.2021.100553,CELL REPORTS PHYSICAL SCIENCE,WOS:000704066000001,unlabeled_pool,189
WOS:001458978500001,Formation of SnO-based glassy anode for all-solid-state battery prepared by laser-based powder bed fusion technique,2025,10.1111/jace.20543,JOURNAL OF THE AMERICAN CERAMIC SOCIETY,WOS:001458978500001,unlabeled_pool,190
WOS:000734281100001,Mesoporous Mulberry-like CoMoO4: A Highly Suitable Anode Material for Sodium Ion Batteries over Lithium Ion Batteries,2022,10.1021/acsaem.1c02616,ACS APPLIED ENERGY MATERIALS,WOS:000734281100001,unlabeled_pool,191
WOS:001080931700001,Precipitate-stabilized surface enabling high-performance Na0.67Ni0.33-xMn0.67ZnxO2 for sodium-ion battery,2022,10.1016/j.esci.2022.08.003,ESCIENCE,WOS:001080931700001,unlabeled_pool,192
WOS:000439099400017,Graphene layer reinforcing mesoporous molybdenum disulfide foam as high-performance anode for sodium-ion battery,2018,10.1016/j.mtener.2018.04.001,MATERIALS TODAY ENERGY,WOS:000439099400017,unlabeled_pool,193
WOS:000337997400004,Na3Ti2(PO4)3 as a sodium-bearing anode for rechargeable aqueous sodium-ion batteries,2014,10.1016/j.elecom.2014.04.003,ELECTROCHEMISTRY COMMUNICATIONS,WOS:000337997400004,unlabeled_pool,194
WOS:001080738200001,Confining ultrafine tin monophosphide in Ti3C2Tx interlayers for rapid and stable sodium ion storage,2021,10.1016/j.esci.2021.12.004,ESCIENCE,WOS:001080738200001,unlabeled_pool,195
WOS:000403797000032,Three-dimensional N-doped graphene as anode material with superior cycle stability for sodium ion batteries,2017,10.1016/j.matlet.2017.05.046,MATERIALS LETTERS,WOS:000403797000032,unlabeled_pool,196
WOS:000353177000001,Electrochemical Performance of Electrodeposited Zn4Sb3 Films for Sodium-Ion Secondary Battery Anodes,2015,10.1021/am507436u,ACS APPLIED MATERIALS & INTERFACES,WOS:000353177000001,unlabeled_pool,197
WOS:001215892000001,Performance of CuP2 Negative Electrode for Na-Ion Batteries with CNTs As Stabilizer,2024,10.1002/slct.202400231,CHEMISTRYSELECT,WOS:001215892000001,unlabeled_pool,198
WOS:001466844600001,Finding Suitable Discharge Potential and Effect of Succinic Anhydride as Electrolyte Additive on MoS2/Carbon Composites for Efficient and Stable Sodium Ion Battery Anode,2025,10.1002/cssc.202402462,CHEMSUSCHEM,WOS:001466844600001,unlabeled_pool,199
WOS:001374886200001,Core-shell structured carbon@tin sulfide@hard carbon spheres as high-performance anode for low voltage sodium-ion battery,2025,10.1039/d4nj04756g,NEW JOURNAL OF CHEMISTRY,WOS:001374886200001,unlabeled_pool,200
WOS:001616647800001,"Bagasse-derived hard carbon with N, S co-regulation for high-performance anode materials for sodium-ion battery",2026,10.1016/j.jelechem.2025.119611,JOURNAL OF ELECTROANALYTICAL CHEMISTRY,WOS:001616647800001,unlabeled_pool,201
WOS:000347139700020,"Synthetic, Structural, and Electrochemical Study of Monoclinic Na4Ti5O12 as a Sodium-Ion Battery Anode Material",2014,10.1021/cm5035358,CHEMISTRY OF MATERIALS,WOS:000347139700020,unlabeled_pool,202
WOS:000729309800001,VS4/multi-walled carbon nanotubes shell-core nanoarchitectures with interfacial V-C bonds for high-rate sodium-ion battery anode,2022,10.1016/j.matlet.2021.131282,MATERIALS LETTERS,WOS:000729309800001,unlabeled_pool,203
WOS:000920321500001,High stability Na0.7MnO2.05 cathode for sodium ion batteries,2023,10.1016/j.matchemphys.2023.127307,MATERIALS CHEMISTRY AND PHYSICS,WOS:000920321500001,unlabeled_pool,204
WOS:000408174300004,Characteristic of novel composition Nax[Ni0.6Co0.2Mn0.2]O2< /sub> as Cathode Materials for Sodium Ion-Batteries,2017,10.14447/jnmes.v20i1.290,JOURNAL OF NEW MATERIALS FOR ELECTROCHEMICAL SYSTEMS,WOS:000408174300004,unlabeled_pool,205
WOS:000380904100031,Experimental Study on Sodiation of Amorphous Silicon for Use as Sodium-Ion Battery Anode,2016,10.1016/j.electacta.2016.06.031,ELECTROCHIMICA ACTA,WOS:000380904100031,unlabeled_pool,206
WOS:000504953500029,Nature-Derived Sodium-Ion Battery: Mechanistic Insights into Na-Ion Coordination within Sustainable Molecular Cathode Materials,2019,10.1021/acsaem.9b01526,ACS APPLIED ENERGY MATERIALS,WOS:000504953500029,unlabeled_pool,207
WOS:000355706900034,Vanadium-based polyoxometalate as new material for sodium-ion battery anodes,2015,10.1016/j.jpowsour.2015.04.009,JOURNAL OF POWER SOURCES,WOS:000355706900034,unlabeled_pool,208
WOS:000396564600002,In Situ Formation of Polysulfonamide Supported Poly(ethylene glycol) Divinyl Ether Based Polymer Electrolyte toward Monolithic Sodium Ion Batteries,2017,10.1002/smll.201601530,SMALL,WOS:000396564600002,unlabeled_pool,209
WOS:000600666100008,Facile construction of uniform ultramicropores in porous carbon for advanced sodium-ion battery,2021,10.1016/j.jcis.2020.08.063,JOURNAL OF COLLOID AND INTERFACE SCIENCE,WOS:000600666100008,unlabeled_pool,210
WOS:000521052900018,A simple approach to minimize the first cycle irreversible loss of sodium titanate anode towards the development of sodium-ion battery,2020,10.1016/j.nanoen.2020.104520,NANO ENERGY,WOS:000521052900018,unlabeled_pool,211
WOS:001494086100001,Synergistic impact of a low band gap polyanionic-cluster (NaCuPO4) and super-high surface area activated carbon on rechargeable Na-ion battery performance,2025,10.1016/j.jpowsour.2025.237191,JOURNAL OF POWER SOURCES,WOS:001494086100001,unlabeled_pool,212
WOS:001362010300001,Ultra-long cycle sodium ion batteries enabled by the glutaric anhydride additive,2024,10.1039/d4sc06492e,CHEMICAL SCIENCE,WOS:001362010300001,unlabeled_pool,213
WOS:000329856800033,Facile fabrication of CuO nanosheets on Cu substrate as anode materials for electrochemical energy storage,2014,10.1016/j.jallcom.2013.10.024,JOURNAL OF ALLOYS AND COMPOUNDS,WOS:000329856800033,unlabeled_pool,214
WOS:000819873700011,Sodium birnessite@graphene hierarchical structures for ultrafast sodium ion storage,2022,10.1016/j.jelechem.2021.116007,JOURNAL OF ELECTROANALYTICAL CHEMISTRY,WOS:000819873700011,unlabeled_pool,215
WOS:000533998000033,Bottom-Up Synthesis of Advanced Carbonaceous Anode Materials Containing Sulfur for Na-Ion Batteries,2020,10.1002/adfm.202000592,ADVANCED FUNCTIONAL MATERIALS,WOS:000533998000033,unlabeled_pool,216
WOS:000636272800007,"Restacked nanohybrid graphene layers with expanded interlayer distance enabled by inorganic spacer for highly efficient, flexible Na-ion battery anodes",2021,10.1016/j.jelechem.2021.115137,JOURNAL OF ELECTROANALYTICAL CHEMISTRY,WOS:000636272800007,unlabeled_pool,217
WOS:000583984200001,Sodium Quasi-Intercalation in Black P for Superior Sodium-Ion Battery Anodes,2021,10.1002/batt.202000188,BATTERIES & SUPERCAPS,WOS:000583984200001,unlabeled_pool,218
WOS:001388502600001,Effective protection for cobalt sulfide constructed using a three-layer core-shell structure in biomass carbon for sodium ion batteries,2025,10.1016/j.jpowsour.2024.236056,JOURNAL OF POWER SOURCES,WOS:001388502600001,unlabeled_pool,219
WOS:000520186300001,SiOC functionalization of MoS2 as a means to improve stability as sodium-ion battery anode,2020,10.1088/1361-6528/ab6480,NANOTECHNOLOGY,WOS:000520186300001,unlabeled_pool,220
WOS:000351980700070,Micro-nano structure Na2MnPO4F/C as cathode material with excellent sodium storage properties,2015,10.1016/j.matlet.2015.01.110,MATERIALS LETTERS,WOS:000351980700070,unlabeled_pool,221
WOS:000703938300001,Synthesis and characteristic of the ternary composite electrode material PTCDA/CNT@MPC and its electrochemical performance in sodium ion battery,2021,10.1016/j.compositesb.2021.109329,COMPOSITES PART B-ENGINEERING,WOS:000703938300001,unlabeled_pool,222
WOS:000418391900027,Ultra-low cost and highly stable hydrated FePO4 anodes for aqueous sodium-ion battery,2018,10.1016/j.jpowsour.2017.10.088,JOURNAL OF POWER SOURCES,WOS:000418391900027,unlabeled_pool,223
WOS:000890473900002,Research Article Manganese-based NASICON structured Na1+2xMnxTi2-x(PO4)3 as promising cathode in aqueous sodium ion battery,2023,10.1016/j.jallcom.2022.167872,JOURNAL OF ALLOYS AND COMPOUNDS,WOS:000890473900002,unlabeled_pool,224
WOS:000428310500015,Self-Assembled Biomolecular 1D Nanostructures for Aqueous Sodium-Ion Battery,2018,10.1002/advs.201700634,ADVANCED SCIENCE,WOS:000428310500015,unlabeled_pool,225
WOS:001564939500001,Two-step synthesis of large-π conjugated polyimides for the anode of sodium ion battery,2025,10.1139/cjc-2025-0080,CANADIAN JOURNAL OF CHEMISTRY,WOS:001564939500001,unlabeled_pool,226
WOS:000571135500005,Tin asymmetric membranes for high capacity sodium ion battery anodes,2020,10.1016/j.mtcomm.2020.100998,MATERIALS TODAY COMMUNICATIONS,WOS:000571135500005,unlabeled_pool,227
WOS:000819482200001,Supercritical CO2-Built 2D FexN@FeOOH Heterostructures for Sustainable Sodium Ion Battery,2022,10.1021/acs.energyfuels.2c01445,ENERGY & FUELS,WOS:000819482200001,unlabeled_pool,228
WOS:000429503500015,N-doped carbon coated anatase TiO2 nanoparticles as superior Na-ion battery anodes,2018,10.1016/j.jcis.2018.02.001,JOURNAL OF COLLOID AND INTERFACE SCIENCE,WOS:000429503500015,unlabeled_pool,229
WOS:001502120000001,A Disordered Rock Salt Anode for Long-Lived All-Vanadium Sodium-Ion Battery,2025,10.1002/adma.202503143,ADVANCED MATERIALS,WOS:001502120000001,unlabeled_pool,230
WOS:000346906100005,An aqueous rechargeable sodium ion battery based on a NaMnO2-NaTi2(PO4)3 hybrid system for stationary energy storage,2015,10.1039/c4ta06018k,JOURNAL OF MATERIALS CHEMISTRY A,WOS:000346906100005,unlabeled_pool,231
WOS:000316531700003,SnO2@MWCNT nanocomposite as a high capacity anode material for sodium-ion batteries,2013,10.1016/j.elecom.2013.01.001,ELECTROCHEMISTRY COMMUNICATIONS,WOS:000316531700003,unlabeled_pool,232
WOS:001622858000001,Bi-material cathodes based on O3-type NaNi1/3Fe1/3Mn1/3O2 and activated carbon for high-energy hybrid sodium ion battery capacitors,2025,10.1016/j.ssi.2025.117071,SOLID STATE IONICS,WOS:001622858000001,unlabeled_pool,233
WOS:000710751900001,Rechargeable Sodium-Ion Battery Based on Polyazaacene Analogue Anode,2021,10.1002/chem.202103088,CHEMISTRY-A EUROPEAN JOURNAL,WOS:000710751900001,unlabeled_pool,234
WOS:000444058300060,Carbon encapsulated cobalt sulfide nano-particles anchored on reduced graphene oxide as high capacity anodes for sodium-ion batteries and glucose sensor,2018,10.1016/j.jallcom.2018.06.098,JOURNAL OF ALLOYS AND COMPOUNDS,WOS:000444058300060,unlabeled_pool,235
WOS:000405139100020,"Synthesis, Crystal Structure, and Electrochemical Properties of Alluaudite Na1.702Fe3(PO4)3 as a Sodium-Ion Battery Cathode",2017,10.1021/acssuschemeng.7b00371,ACS SUSTAINABLE CHEMISTRY & ENGINEERING,WOS:000405139100020,unlabeled_pool,236
WOS:000572497300001,Sb2S3@SnO2hetero-nanocomposite as high-performance anode material for sodium-ion battery,2020,10.1080/15435075.2020.1821692,INTERNATIONAL JOURNAL OF GREEN ENERGY,WOS:000572497300001,unlabeled_pool,237
WOS:000776645100001,Carbon Encapsulated and rGO Wrapped Mo2C: an Anode Material with Enhanced Sodium Storage Capacity,2022,10.1002/celc.202101506,CHEMELECTROCHEM,WOS:000776645100001,unlabeled_pool,238
WOS:000661931500001,Investigation of the high-rate Na ion storage property in bulk Cu2-xSe plates,2021,10.1016/j.jallcom.2021.160485,JOURNAL OF ALLOYS AND COMPOUNDS,WOS:000661931500001,unlabeled_pool,239
WOS:000521107900010,One-step synthesis of Co9S8@Ni3S2 heterostructure for enhanced electrochemical performance as sodium ion battery anode material and hydrogen evolution electrocatalyst,2020,10.1016/j.jssc.2020.121230,JOURNAL OF SOLID STATE CHEMISTRY,WOS:000521107900010,unlabeled_pool,240
WOS:000657745900003,VS4/carbon nanotube hybrid: A high-rate anode for sodium-ion battery,2021,10.1016/j.jpowsour.2021.230021,JOURNAL OF POWER SOURCES,WOS:000657745900003,unlabeled_pool,241
WOS:000366307100061,Synthesis and Electrochemical Performance of Fe2(MoO4)3/RGO Nanocomposite Cathode Material for Sodium-ion Batteries,2015,,INTERNATIONAL JOURNAL OF ELECTROCHEMICAL SCIENCE,WOS:000366307100061,unlabeled_pool,242
WOS:000375823400018,Long-term cycling stability of porous Sn anode for sodium-ion batteries,2016,10.1016/j.jpowsour.2016.03.060,JOURNAL OF POWER SOURCES,WOS:000375823400018,unlabeled_pool,243
WOS:000648508900045,Novel Solid-State Sodium-Ion Battery with Wide Band Gap NaTi2(PO4)3E Nanocrystal Electrolyte,2021,10.1021/acsomega.1c00664,ACS OMEGA,WOS:000648508900045,unlabeled_pool,244
WOS:000391081700032,An Enhanced High-Rate Na3V2(PO4)3-Ni2P Nanocomposite Cathode with Stable Lifetime for Sodium-Ion Batteries,2016,10.1021/acsami.6b11629,ACS APPLIED MATERIALS & INTERFACES,WOS:000391081700032,unlabeled_pool,245
WOS:000398330200012,Large-scale synthesis of ternary Sn5SbP3/C composite by ball milling for superior stable sodium-ion battery anode,2017,10.1016/j.electacta.2017.03.093,ELECTROCHIMICA ACTA,WOS:000398330200012,unlabeled_pool,246
WOS:000390494500014,Three-dimensional SnS2 flowers/carbon nanotubes network: Extraordinary rate capacity for sodium-ion battery,2017,10.1016/j.matlet.2016.09.089,MATERIALS LETTERS,WOS:000390494500014,unlabeled_pool,247
WOS:000387083900082,Structural and Electrochemical Performance of Nax[Ni0.6Co0.2Mn0.2]O 2 as Cathode Materials for Sodium Ion Battery,2016,10.1166/jnn.2016.12524,JOURNAL OF NANOSCIENCE AND NANOTECHNOLOGY,WOS:000387083900082,unlabeled_pool,248
WOS:000576973200011,High-performance CoSbS-based Na-ion battery anodes,2020,10.1016/j.mtener.2020.100470,MATERIALS TODAY ENERGY,WOS:000576973200011,unlabeled_pool,249
WOS:000875627800020,PxSy nanoparticles encapsulated in graphene as highly reversible cathode for sodium ion batteries,2023,10.1016/j.cclet.2022.02.021,CHINESE CHEMICAL LETTERS,WOS:000875627800020,unlabeled_pool,250
WOS:000382110200003,A waste biomass derived hard carbon as a high-performance anode material for sodium-ion batteries,2016,10.1039/c6ta04877c,JOURNAL OF MATERIALS CHEMISTRY A,WOS:000382110200003,unlabeled_pool,251
WOS:000346832700002,Ultrafine tin oxide on reduced graphene oxide as high-performance anode for sodium-ion batteries,2015,10.1016/j.electacta.2014.11.009,ELECTROCHIMICA ACTA,WOS:000346832700002,unlabeled_pool,252
WOS:001068934000001,Capturing Nano-Scale Inhomogeneity of the Electrode Electrolyte Interface in Sodium-Ion Batteries Through Tip-Enhanced Raman Spectroscopy,2023,10.1002/aenm.202302176,ADVANCED ENERGY MATERIALS,WOS:001068934000001,unlabeled_pool,253
WOS:000348450000008,MoS2-reduced graphene oxide composites via microwave assisted synthesis for sodium ion battery anode with improved capacity and cycling performance,2015,10.1016/j.electacta.2014.11.034,ELECTROCHIMICA ACTA,WOS:000348450000008,unlabeled_pool,254
WOS:000595587800024,FeS2@TiO2 nanorods as high-performance anode for sodium ion battery,2020,10.1016/j.cjche.2020.07.011,CHINESE JOURNAL OF CHEMICAL ENGINEERING,WOS:000595587800024,unlabeled_pool,255
WOS:000403548200034,Na2MnSiO4 as an attractive high capacity cathode material for sodium-ion battery,2017,10.1016/j.jpowsour.2017.05.069,JOURNAL OF POWER SOURCES,WOS:000403548200034,unlabeled_pool,256
WOS:001001986400001,Investigating the role of interstitial water molecules in copper hexacyanoferrate for sodium-ion battery cathodes,2023,10.1039/d3ta02417b,JOURNAL OF MATERIALS CHEMISTRY A,WOS:001001986400001,unlabeled_pool,257
WOS:000409458000014,Alkaline earth metal vanadates as sodium-ion battery anodes,2017,10.1038/s41467-017-00211-5,NATURE COMMUNICATIONS,WOS:000409458000014,unlabeled_pool,258
WOS:001115545500008,Recent Advances in Amorphous FePO4 for Sodium-Ion Battery Cathodes,2023,10.7503/cjcu20220724,CHEMICAL JOURNAL OF CHINESE UNIVERSITIES-CHINESE,WOS:001115545500008,unlabeled_pool,259
WOS:000408044100041,Nanotubular Hard Carbon Derived from Renewable Natural Seed Gel for High Performance Sodium-Ion Battery Anode,2017,10.1002/slct.201701123,CHEMISTRYSELECT,WOS:000408044100041,unlabeled_pool,260
WOS:000330160800045,Graphene oxide wrapped croconic acid disodium salt for sodium ion battery electrodes,2014,10.1016/j.jpowsour.2013.10.131,JOURNAL OF POWER SOURCES,WOS:000330160800045,unlabeled_pool,261
WOS:000982750800001,Nanoengineering of N-doped carbon-coated anatase TiO2 nanoparticles for high-performance sodium ion battery,2023,10.1007/s11581-023-05020-z,IONICS,WOS:000982750800001,unlabeled_pool,262
WOS:000493823600013,Synthesis of Na3V2(PO4)2F3@V<s ub>2O5-x as Cathode Material for Sodium-ion Battery,2019,10.15541/jim20190058,JOURNAL OF INORGANIC MATERIALS,WOS:000493823600013,unlabeled_pool,263
WOS:000582503700164,Outstanding electrochemical performance of N/S co-doped carbon/Na3V2(PO4)3 hybrid as the cathode of a sodium-ion battery,2020,10.1016/j.ceramint.2020.07.303,CERAMICS INTERNATIONAL,WOS:000582503700164,unlabeled_pool,264
WOS:000438076200037,Sequentially-processed Na3V2(PO4)3 for cathode material of aprotic sodium ion battery,2018,10.1016/j.nanoen.2018.05.015,NANO ENERGY,WOS:000438076200037,unlabeled_pool,265
WOS:001442844600001,Exploring calcium pillaring of O3-type NaNi0.9Ti0.1O2 cathodes to advance Na-ion battery technology,2025,10.1016/j.cej.2025.160939,CHEMICAL ENGINEERING JOURNAL,WOS:001442844600001,unlabeled_pool,266
WOS:000823160400004,The universality applications of MoS2@MnS heterojunction hollow microspheres for univalence organic or multivalence aqueous electrolyte energy storage device,2022,10.1016/j.jpowsour.2021.230747,JOURNAL OF POWER SOURCES,WOS:000823160400004,unlabeled_pool,267
WOS:000377733500132,Synthesis and evaluation of NaNi0.5Co0.2Mn0.3O2 as a cathode material for Na-ion battery,2016,10.1016/j.ceramint.2016.04.141,CERAMICS INTERNATIONAL,WOS:000377733500132,unlabeled_pool,268
WOS:000340019600002,Preparation of Fiber-Type Cathode and Its Electrode Characteristics for Sodium Ion Battery,2014,10.1149/2.0071409jes,JOURNAL OF THE ELECTROCHEMICAL SOCIETY,WOS:000340019600002,unlabeled_pool,269
WOS:001600867900002,Sodium Ferrate Synthesized in a Solar Furnace: a Cathode Material for a Sodium-Ion Battery,2025,10.1134/s1063785025600061,TECHNICAL PHYSICS LETTERS,WOS:001600867900002,unlabeled_pool,270
WOS:000785184300001,Acid-Assisted Ball Mill Synthesis of Carboxyl-Functional-Group-Modified Prussian Blue as Sodium-Ion Battery Cathode,2022,10.3390/nano12081290,NANOMATERIALS,WOS:000785184300001,unlabeled_pool,271
WOS:000862694900002,Fabrication of Bi2Se3/Mo3Se4 composite for efficient sodium storage,2022,10.1016/j.jallcom.2022.166462,JOURNAL OF ALLOYS AND COMPOUNDS,WOS:000862694900002,unlabeled_pool,272
WOS:000882530500005,A superior sodium-ion battery based on tubular Prussian blue cathode and its derived phosphide anode,2023,10.1016/j.jpowsour.2022.232334,JOURNAL OF POWER SOURCES,WOS:000882530500005,unlabeled_pool,273
WOS:000697652600001,Ship in bottle synthesis of yolk-shell MnS@hollow carbon spheres for sodium storage,2021,10.1088/1361-6528/ac1ebc,NANOTECHNOLOGY,WOS:000697652600001,unlabeled_pool,274
WOS:000456225900085,Hierarchical microstructure of CNTs interwoven ultrathin Co3S4 nanosheets as a high performance anode for sodium-ion battery,2019,10.1016/j.ceramint.2018.11.019,CERAMICS INTERNATIONAL,WOS:000456225900085,unlabeled_pool,275
WOS:000340992300081,Enhanced Sodium-Ion Battery Performance by Structural Phase Transition from Two-Dimensional Hexagonal-SnS2 to Orthorhombic-SnS,2014,10.1021/nn503582c,ACS NANO,WOS:000340992300081,unlabeled_pool,276
WOS:000577307800051,Nitrogen-doped carbon flakes inlaid with bimetallic selenide for high-performance sodium ion storage,2020,10.1016/j.ceramint.2020.07.056,CERAMICS INTERNATIONAL,WOS:000577307800051,unlabeled_pool,277
WOS:000330256300047,Aqueous rechargeable alkali-ion batteries with polyimide anode,2014,10.1016/j.jpowsour.2013.10.091,JOURNAL OF POWER SOURCES,WOS:000330256300047,unlabeled_pool,278
WOS:000667982100058,Self-Standing Film Assembled using SnS-Sn/Multiwalled Carbon Nanotubes Encapsulated Carbon Fibers: A Potential Large-Scale Production Material for Ultra-stable Sodium-Ion Battery Anodes,2021,10.1021/acsami.1c07152,ACS APPLIED MATERIALS & INTERFACES,WOS:000667982100058,unlabeled_pool,279
WOS:000468282200024,TiNb2O7/carbon nanotube composites as long cycle life anode for sodium-ion batteries,2019,10.1007/s11581-018-2784-z,IONICS,WOS:000468282200024,unlabeled_pool,280
WOS:000363270500051,SnS2@Graphene nanosheet arrays grown on carbon cloth as freestanding binder-free flexible anodes for advanced sodium batteries,2016,10.1016/j.jallcom.2015.09.050,JOURNAL OF ALLOYS AND COMPOUNDS,WOS:000363270500051,unlabeled_pool,281
WOS:000367280100042,"Advanced Sodium Ion Battery Anode Constructed via Chemical Bonding between Phosphorus, Carbon Nanotube, and Cross-Linked Polymer Binder",2015,10.1021/acsnano.5b04474,ACS NANO,WOS:000367280100042,unlabeled_pool,282
WOS:000815692100001,Dual Carbon Design Strategy for Anodes of Sodium-Ion Battery: Mesoporous CoS2/CoO on Open Framework Carbon-Spheres with rGO Encapsulating,2022,10.1021/acsami.2c06551,ACS APPLIED MATERIALS & INTERFACES,WOS:000815692100001,unlabeled_pool,283
WOS:001521540100001,Based on first principles: in-depth analysis of negative electrode performance of SiC/Nb2CO2 heterojunction sodium ion battery,2025,10.1007/s10008-025-06375-1,JOURNAL OF SOLID STATE ELECTROCHEMISTRY,WOS:001521540100001,unlabeled_pool,284
WOS:000330748700035,Enhanced electrochemical performance of ammonium vanadium bronze through sodium intercalation and optimization of electrolyte,2014,10.1016/j.jcis.2013.12.022,JOURNAL OF COLLOID AND INTERFACE SCIENCE,WOS:000330748700035,unlabeled_pool,285
WOS:001096098100011,Preparation of Disodium Hydroquinone as Cathode Material for Sodium-ion Batteries,2023,10.7503/cjcu20230158,CHEMICAL JOURNAL OF CHINESE UNIVERSITIES-CHINESE,WOS:001096098100011,unlabeled_pool,286
WOS:001282268200001,Ultrathin (15 nm) Carbon Sheets with Surface Oxygen Functionalization for Efficient Pseudocapacitive Na-ion Storage,2024,10.1002/celc.202400255,CHEMELECTROCHEM,WOS:001282268200001,unlabeled_pool,287
WOS:000783663600001,Experimentally Validated Three-Dimensional Modeling of Organic-Based Sodium-Ion Battery Electrode Manufacturing,2022,10.1002/batt.202200116,BATTERIES & SUPERCAPS,WOS:000783663600001,unlabeled_pool,288
WOS:001555614100001,Electrodeposition of NiCo2O4 nanoparticles on MXene-carbon nanofiber binary composite for high-performance supercapacitor and sodium-ion battery applications,2025,10.1007/s10853-025-11329-z,JOURNAL OF MATERIALS SCIENCE,WOS:001555614100001,unlabeled_pool,289
WOS:000336804000007,Energetic Aqueous Rechargeable Sodium-Ion Battery Based on Na2CuFe(CN)6-NaTi2(PO4) 3 Intercalation Chemistry,2014,10.1002/cssc.201301036,CHEMSUSCHEM,WOS:000336804000007,unlabeled_pool,290
WOS:000615280600011,Electrophoretically deposited NiSb2O6-carbon black composite film as a potential anode for sodium-ion battery,2021,10.1016/j.surfcoat.2020.126787,SURFACE & COATINGS TECHNOLOGY,WOS:000615280600011,unlabeled_pool,291
WOS:000928382000001,Antimony nanobelt asymmetric membranes for sodium ion battery,2023,10.1088/1361-6528/acb15c,NANOTECHNOLOGY,WOS:000928382000001,unlabeled_pool,292
WOS:000432437500014,Enhanced electrochemical stability of carbon-coated antimony nanoparticles with sodium alginate binder for sodium-ion batteries,2018,10.1016/j.pnsc.2018.01.018,PROGRESS IN NATURAL SCIENCE-MATERIALS INTERNATIONAL,WOS:000432437500014,unlabeled_pool,293
WOS:000509632300011,A facile and cost effective synthesis of nitrogen and fluorine Co-doped porous carbon for high performance Sodium ion battery anode material,2020,10.1016/j.jpowsour.2019.227568,JOURNAL OF POWER SOURCES,WOS:000509632300011,unlabeled_pool,294
WOS:000731048700005,Graphene-coated micro/nanostructure hard carbon with improved electrochemical performance for sodium-ion battery,2021,10.1007/s00339-021-04668-6,APPLIED PHYSICS A-MATERIALS SCIENCE & PROCESSING,WOS:000731048700005,unlabeled_pool,295
WOS:001258167900001,Understanding and Mitigating Lattice Collapse Degradation in Layered Oxide Materials for Sodium-Ion Battery Anode,2024,10.1021/acsami.4c05433,ACS APPLIED MATERIALS & INTERFACES,WOS:001258167900001,unlabeled_pool,296
WOS:001604045200001,From waste to power: transforming waste tires into high-performance sodium-ion battery anodes via carbon/MoS2 composites,2025,10.1039/d5dt02286j,DALTON TRANSACTIONS,WOS:001604045200001,unlabeled_pool,297
WOS:001639806300001,Hydrothermal-Assisted Preparation of Nitrogen and Phosphorus Co-doped Sugarcane Bagasse-Derived Hard Carbon for Sodium-Ion Battery Anode,2025,10.1007/s11665-025-12978-6,JOURNAL OF MATERIALS ENGINEERING AND PERFORMANCE,WOS:001639806300001,unlabeled_pool,298
WOS:000623043400003,Study on Efficient Electrode from Electronic waste renewed carbon material for sodium battery applications,2021,10.1016/j.jece.2021.105024,JOURNAL OF ENVIRONMENTAL CHEMICAL ENGINEERING,WOS:000623043400003,unlabeled_pool,299
WOS:000337618600007,"Layered SnS2-Reduced Graphene Oxide Composite - A High-Capacity, High-Rate, and Long-Cycle Life Sodium-Ion Battery Anode Material",2014,10.1002/adma.201306314,ADVANCED MATERIALS,WOS:000337618600007,unlabeled_pool,300
WOS:000374810700025,Study of tin-sulphur-carbon nanocomposites based on electrically exploded tin as anode for sodium battery,2016,10.1016/j.jpowsour.2016.03.047,JOURNAL OF POWER SOURCES,WOS:000374810700025,unlabeled_pool,301
WOS:000534411100016,The insight into promoting sodium storage mechanism of α-CrPO4-type NaV3(PO4)3 anode material for sodium-ion batteries,2020,10.1016/j.jpowsour.2020.228194,JOURNAL OF POWER SOURCES,WOS:000534411100016,unlabeled_pool,302
WOS:000427408200005,Mo-doped Na3V2(PO4)3@C composites for high stable sodium ion battery cathode,2018,10.1007/s11706-018-0414-3,FRONTIERS OF MATERIALS SCIENCE,WOS:000427408200005,unlabeled_pool,303
WOS:000336639200015,Effective Liquid-Phase Exfoliation and Sodium Ion Battery Application of MoS2 Nanosheets,2014,10.1021/am4060222,ACS APPLIED MATERIALS & INTERFACES,WOS:000336639200015,unlabeled_pool,304
WOS:000929679400014,Effect of Ti doping on the structure and electrochemical properties of Na3V2(PO4)2F3 as anode material for sodium ion batteries,2023,10.1080/00150193.2022.2149309,FERROELECTRICS,WOS:000929679400014,unlabeled_pool,305
WOS:000431905900004,Based on Cu as framework constructed nanoporous CuO/Cu composites by a dealloy method for sodium-ion battery anode,2018,10.1007/s11051-018-4245-z,JOURNAL OF NANOPARTICLE RESEARCH,WOS:000431905900004,unlabeled_pool,306
WOS:000986387600002,Insights into the charge storage mechanism of Na3V2(PO4)3 cathode in sodium-ion batteries,2023,10.1007/s12034-023-02937-z,BULLETIN OF MATERIALS SCIENCE,WOS:000986387600002,unlabeled_pool,307
WOS:000503381200016,AlPO4-coated P2-type hexagonal Na0.7MnO2.05 as high stability cathode for sodium ion battery,2020,10.1016/j.cej.2019.122697,CHEMICAL ENGINEERING JOURNAL,WOS:000503381200016,unlabeled_pool,308
WOS:000408878200052,A high-performance sodium-ion battery enhanced by macadamia shell derived hard carbon anode,2017,10.1016/j.nanoen.2017.07.018,NANO ENERGY,WOS:000408878200052,unlabeled_pool,309
WOS:000411687800061,Advanced anode for sodium-ion battery with promising long cycling stability achieved by tuning phosphorus-carbon nanostructures,2017,10.1016/j.nanoen.2017.08.019,NANO ENERGY,WOS:000411687800061,unlabeled_pool,310
WOS:000336941700007,Transition metal oxides for high performance sodium ion battery anodes,2014,10.1016/j.nanoen.2014.02.002,NANO ENERGY,WOS:000336941700007,unlabeled_pool,311
WOS:000793369800009,Three-dimensional 1T-SnS2 wrapped with graphene for sodium-ion battery anodes with highly reversible sodiation/desodiation,2022,10.1016/j.scriptamat.2022.114500,SCRIPTA MATERIALIA,WOS:000793369800009,unlabeled_pool,312
WOS:001433707300001,Towards a widely operate temperature sodium-ion battery via a new zinc phosphate anode material,2025,10.1016/j.cej.2025.160014,CHEMICAL ENGINEERING JOURNAL,WOS:001433707300001,unlabeled_pool,313
WOS:000521052900030,Dual carbon decorated Na3MnTi(PO4)3: A high-energy-density cathode material for sodium-ion batteries,2020,10.1016/j.nanoen.2020.104548,NANO ENERGY,WOS:000521052900030,unlabeled_pool,314
WOS:000412250800046,Improving the cycling stability of Sn4P3 anode for sodium-ion battery,2017,10.1016/j.jpowsour.2017.08.060,JOURNAL OF POWER SOURCES,WOS:000412250800046,unlabeled_pool,315
WOS:000343391600064,Carbon coated Na7Fe7(PO4)6F3: A novel intercalation cathode for sodium-ion batteries,2014,10.1016/j.jpowsour.2014.08.039,JOURNAL OF POWER SOURCES,WOS:000343391600064,unlabeled_pool,316
WOS:000436924800020,Pilotaxitic Na1.1V3O7.9 nanoribbons/graphene as high-performance sodium ion battery and aqueous zinc ion battery cathode,2018,10.1016/j.ensm.2018.01.009,ENERGY STORAGE MATERIALS,WOS:000436924800020,unlabeled_pool,317
WOS:000408622000018,Nitrogen-Doped Carbon for Sodium-Ion Battery Anode by Self-Etching and Graphitization of Bimetallic MOF-Based Composite,2017,10.1016/j.chempr.2017.05.021,CHEM,WOS:000408622000018,unlabeled_pool,318
WOS:000449577200124,Network Carbon with Macropores from Apple Pomace for Stable and High Areal Capacity of Sodium Storage,2018,10.1021/acssuschemeng.8b03297,ACS SUSTAINABLE CHEMISTRY & ENGINEERING,WOS:000449577200124,unlabeled_pool,319
WOS:000923171800002,Effect of Sn Addition on Anode Properties of SiOx in Sodium-Ion Batteries,2023,10.5796/electrochemistry.22-00123,ELECTROCHEMISTRY,WOS:000923171800002,unlabeled_pool,320
WOS:000472973600004,3D CoMoSe4 Nanosheet Arrays Converted Directly from Hydrothermally Processed CoMoO4 Nanosheet Arrays by Plasma-Assisted Selenization Process Toward Excellent Anode Material in Sodium-Ion Battery,2019,10.1186/s11671-019-3035-6,NANOSCALE RESEARCH LETTERS,WOS:000472973600004,unlabeled_pool,321
WOS:000910752000002,Two-dimensional silicether: A promising anode material for sodium-ion battery,2023,10.1016/j.commatsci.2022.111920,COMPUTATIONAL MATERIALS SCIENCE,WOS:000910752000002,unlabeled_pool,322
WOS:001160205300001,Eucommia Ulmoides Barks-derived Anodes for Sodium ion Battery and Method to Improve Electrochemical Performances by Modifying Defects,2024,10.1007/s13391-024-00486-z,ELECTRONIC MATERIALS LETTERS,WOS:001160205300001,unlabeled_pool,323
WOS:000936437800001,Electrochemically exfoliated WS2 in molten salt for sodium-ion battery anode,2023,10.1007/s12598-022-02209-5,RARE METALS,WOS:000936437800001,unlabeled_pool,324
WOS:000460155300009,Preparation of MoP2 nanoparticles as a novel anode material for sodium ion batteries,2018,10.1080/10584587.2018.1521672,INTEGRATED FERROELECTRICS,WOS:000460155300009,unlabeled_pool,325
WOS:000722894100006,Rich-oxygen-doped FeSe2 nanosheets with high pseudocapacitance capacity as a highly stable anode for sodium ion battery,2022,10.1016/j.cej.2021.132637,CHEMICAL ENGINEERING JOURNAL,WOS:000722894100006,unlabeled_pool,326
WOS:000833423900001,"Designing and preparing a 3D ""overpass"" hierarchical porous carbon membranes free-standing anode for sodium ion battery",2022,10.1016/j.cej.2022.137628,CHEMICAL ENGINEERING JOURNAL,WOS:000833423900001,unlabeled_pool,327
WOS:001567002000007,Enhanced electrochemical performances of 2D flaky Bi2MoO6 with amorphous carbon for lithium/sodium-ion battery anode,2025,10.1016/j.inoche.2025.115439,INORGANIC CHEMISTRY COMMUNICATIONS,WOS:001567002000007,unlabeled_pool,328
WOS:000340321300135,Synthesis and electrochemical performance of Na0.7Fe0.7Mn0.3O2 as a cathode material for Na-ion battery,2014,10.1016/j.ceramint.2014.04.126,CERAMICS INTERNATIONAL,WOS:000340321300135,unlabeled_pool,329
WOS:000454609700031,Nanostructured sodium vanadate arrays as an advanced cathode material in high-performance sodium-ion batteries,2019,10.1016/j.matlet.2018.10.075,MATERIALS LETTERS,WOS:000454609700031,unlabeled_pool,330
WOS:000389086900023,Alternating voltage induced ordered anatase TiO2 nanopores: An electrochemical investigation of sodium storage,2016,10.1016/j.jpowsour.2016.10.072,JOURNAL OF POWER SOURCES,WOS:000389086900023,unlabeled_pool,331
WOS:000370463400026,Characteristics of an ionic liquid electrolyte for sodium-ion batteries,2016,10.1016/j.jpowsour.2015.10.100,JOURNAL OF POWER SOURCES,WOS:000370463400026,unlabeled_pool,332
WOS:001474935700001,Revealing the Hazard of Mild Electrical Abuse on the Safety Characteristics of NaNi1/3Fe1/3Mn1/3O2 Cathode Sodium-Ion Battery,2025,10.1002/advs.202501649,ADVANCED SCIENCE,WOS:001474935700001,unlabeled_pool,333
WOS:000661483700009,Preparation of thin-walled Na2Ti3O7 nanotube and its electrochemical properties,2021,10.20964/2021.05.40,INTERNATIONAL JOURNAL OF ELECTROCHEMICAL SCIENCE,WOS:000661483700009,unlabeled_pool,334
WOS:000336848000036,Nanocrystalline tin disulfide coating of reduced graphene oxide produced by the peroxostannate deposition route for sodium ion battery anodes,2014,10.1039/c3ta15248k,JOURNAL OF MATERIALS CHEMISTRY A,WOS:000336848000036,unlabeled_pool,335
WOS:000422797500009,Multi-shell tin phosphide nanospheres as high performance anode material for a sodium ion battery,2017,10.1039/c7se00355b,SUSTAINABLE ENERGY & FUELS,WOS:000422797500009,unlabeled_pool,336
WOS:000472714900016,Fluoroethylene Carbonate as an Additive for Sodium-Ion Batteries: Effect on the Sodium Cathode,2019,10.3866/pku.whxb201811033,ACTA PHYSICO-CHIMICA SINICA,WOS:000472714900016,unlabeled_pool,337
WOS:000411349500005,Rubidium and cesium ions as electrolyte additive for improving performance of hard carbon anode in sodium-ion battery,2017,10.1016/j.elecom.2017.08.012,ELECTROCHEMISTRY COMMUNICATIONS,WOS:000411349500005,unlabeled_pool,338
WOS:000623412300014,Three dimensional carbon coated In2S3 nanowires assembled graphene composites as high performance sodium ion battery anode,2021,10.1016/j.electacta.2021.137722,ELECTROCHIMICA ACTA,WOS:000623412300014,unlabeled_pool,339
WOS:000604447800009,Understanding the interaction between heteroatom-doped carbon matrix and Sb2S3 for efficient sodium-ion battery anodes,2021,10.1016/j.jcis.2020.10.044,JOURNAL OF COLLOID AND INTERFACE SCIENCE,WOS:000604447800009,unlabeled_pool,340
WOS:000810772600001,A new tellurium-based Ni3TeO6-carbon nanotubes composite anode for Na-ion battery,2022,10.1002/er.8221,INTERNATIONAL JOURNAL OF ENERGY RESEARCH,WOS:000810772600001,unlabeled_pool,341
WOS:000500556300009,High-quality Fe4[Fe(CN)6]3 Nanocubes: Synthesis and Electrochemical Performance as Cathode Material for Aqueous Sodium-ion Battery,2019,10.15541/jim20190076,JOURNAL OF INORGANIC MATERIALS,WOS:000500556300009,unlabeled_pool,342
WOS:001006785300001,Heteroatoms tri-doped carbon hollow spheres as the anode material of sodium ion battery,2023,10.1016/j.jelechem.2023.117553,JOURNAL OF ELECTROANALYTICAL CHEMISTRY,WOS:001006785300001,unlabeled_pool,343
WOS:000897003900002,Fluorine substitution enabled superior performance of NaxMn2-xO1.5F0.5 (x=1.05-1.3) type Na-rich cathode,2023,10.1016/j.cej.2022.139876,CHEMICAL ENGINEERING JOURNAL,WOS:000897003900002,unlabeled_pool,344
WOS:000480706000081,Understanding sodium-ion battery anodes through operando spectroscopic techniques,2019,10.1016/j.electacta.2019.07.030,ELECTROCHIMICA ACTA,WOS:000480706000081,unlabeled_pool,345
WOS:000356316700007,Structural Effect on Electrochemical Performance of Ordered Porous Carbon Electrodes for Na-Ion Batteries,2015,10.1021/acsami.5b03186,ACS APPLIED MATERIALS & INTERFACES,WOS:000356316700007,unlabeled_pool,346
WOS:000382190200003,Mental-organic framework derived CuO hollow spheres as high performance anodes for sodium ion battery,2016,10.1080/10667857.2016.1189024,MATERIALS TECHNOLOGY,WOS:000382190200003,unlabeled_pool,347
WOS:000510104700064,Combustion Synthesized Porous Bismuth/N-Doped Carbon Nanocomposite for Reversible Sodiation in a Sodium-Ion Battery,2020,10.1021/acsaem.9b01799,ACS APPLIED ENERGY MATERIALS,WOS:000510104700064,unlabeled_pool,348
WOS:000924905000001,Polyphenylene sulfite based solid-state separator for blocking polysulfide in sodium-ion battery with cheap FeS anode,2023,10.1016/j.jallcom.2023.168886,JOURNAL OF ALLOYS AND COMPOUNDS,WOS:000924905000001,unlabeled_pool,349
WOS:000340781400007,High stable post-spinel NaMn2O4 cathode of sodium ion battery,2014,10.1039/c4ta03349c,JOURNAL OF MATERIALS CHEMISTRY A,WOS:000340781400007,unlabeled_pool,350
WOS:000446316500017,An efficient sodium-ion battery consisting of reduced graphene oxide bonded Na3V2(PO4)3 in a composite carbon network,2018,10.1016/j.jallcom.2018.07.082,JOURNAL OF ALLOYS AND COMPOUNDS,WOS:000446316500017,unlabeled_pool,351
WOS:001366421000001,Excellent Performance of Sodium Ion Battery Cathode Materials Benefiting from the Inorganic Acid Regulating Strategy,2024,10.1021/acssuschemeng.4c08326,ACS SUSTAINABLE CHEMISTRY & ENGINEERING,WOS:001366421000001,unlabeled_pool,352
WOS:000407691000038,Highly ordered three-dimensional TiO2@C nanotube arrays as freestanding electrode for sodium-ion battery,2017,10.1016/j.matlet.2017.07.066,MATERIALS LETTERS,WOS:000407691000038,unlabeled_pool,353
WOS:000399242100073,Custom designed ZnMn2O4/nitrogen doped graphene composite anode validated for sodium ion battery application,2017,10.1039/c7ra02289a,RSC ADVANCES,WOS:000399242100073,unlabeled_pool,354
WOS:000908937900001,Sodium storage behavior and long cycle stability of boron-doped carbon nanofibers for sodium-ion battery anodes,2023,10.1016/j.electacta.2022.141730,ELECTROCHIMICA ACTA,WOS:000908937900001,unlabeled_pool,355
WOS:000863309800002,Multi-wall carbon nanotube-induced nanobelt potassium vanadate composite as cathode for sodium-ion batteries,2022,10.1016/j.electacta.2022.141128,ELECTROCHIMICA ACTA,WOS:000863309800002,unlabeled_pool,356
WOS:000392037400047,High Temperature Carbonized Grass as a High Performance Sodium Ion Battery Anode,2017,10.1021/acsami.6b12542,ACS APPLIED MATERIALS & INTERFACES,WOS:000392037400047,unlabeled_pool,357
WOS:000637295600009,Enhanced 1T phase promotes sodium storage performances of MoS2 flower-like spheres with embedded reduced graphene oxides,2021,10.1016/j.jssc.2021.122027,JOURNAL OF SOLID STATE CHEMISTRY,WOS:000637295600009,unlabeled_pool,358
WOS:001343636200001,A novel layered Na0.44VOPO4⋅1.6H2O cathode materials for sodium-ion batteries synthesized by one-step oxidation,2024,10.1016/j.est.2024.114257,JOURNAL OF ENERGY STORAGE,WOS:001343636200001,unlabeled_pool,359
WOS:001215451900001,In situ confined growth of Cu2-xSe nanoparticles in highly defective nitrogen-doped carbon for high-rate sodium-ion battery anodes,2024,10.1016/j.cej.2024.150701,CHEMICAL ENGINEERING JOURNAL,WOS:001215451900001,unlabeled_pool,360
WOS:000489224100004,Nanorod Cuprous Oxide as Anode for Sodium Ion Battery,2019,10.20964/2019.10.46,INTERNATIONAL JOURNAL OF ELECTROCHEMICAL SCIENCE,WOS:000489224100004,unlabeled_pool,361
WOS:000814469900003,Synthesis of NaNiF3 and its composite with multi-walled carbon nanotubes as cathode materials for aqueous sodium-ion battery,2022,10.1007/s10854-022-08577-z,JOURNAL OF MATERIALS SCIENCE-MATERIALS IN ELECTRONICS,WOS:000814469900003,unlabeled_pool,362
WOS:000444359600016,SnO2\ nanoparticles confined by N-doped and CNTs-modified carbon fibers as superior anode material for sodium-ion battery,2018,10.1016/j.ssi.2018.05.022,SOLID STATE IONICS,WOS:000444359600016,unlabeled_pool,363
WOS:000388610400019,Porous graphene anchored with Sb/SbOx as sodium-ion battery anode with enhanced reversible capacity and cycle performance,2017,10.1016/j.jallcom.2016.09.150,JOURNAL OF ALLOYS AND COMPOUNDS,WOS:000388610400019,unlabeled_pool,364
WOS:000669533800041,Hydrogenated Anatase and Rutile TiO2 for Sodium-Ion Battery Anodes,2021,10.1021/acsaem.1c00571,ACS APPLIED ENERGY MATERIALS,WOS:000669533800041,unlabeled_pool,365
WOS:000605594000009,NaFeSnO4: Tunnel structured anode material for rechargeable sodium-ion batteries,2020,10.1016/j.elecom.2020.106873,ELECTROCHEMISTRY COMMUNICATIONS,WOS:000605594000009,unlabeled_pool,366
WOS:000501286600022,Red Phosphorus/Onion-like Mesoporous Carbon Composite as High-Performance Anode for Sodium-Ion Battery,2019,10.1002/celc.201901696,CHEMELECTROCHEM,WOS:000501286600022,unlabeled_pool,367
WOS:000436257800052,One-step Convenient Hydrothermal Synthesis of MoS2/RGO as a High-performance Anode for Sodium-ion Batteries,2018,10.20964/2018.05.29,INTERNATIONAL JOURNAL OF ELECTROCHEMICAL SCIENCE,WOS:000436257800052,unlabeled_pool,368
WOS:000470179400031,Role of Nickel Nanoparticles in High-Performance TiO2/Ni/Carbon Nanohybrid Lithium/Sodium-Ion Battery Anodes,2019,10.1002/asia.201900231,CHEMISTRY-AN ASIAN JOURNAL,WOS:000470179400031,unlabeled_pool,369
WOS:001204238100001,Enhancing reversible Na-ion intercalation by introducing K-ions into layered vanadyl phosphate for sodium-ion battery cathodes,2024,10.1088/2515-7655/ad3c27,JOURNAL OF PHYSICS-ENERGY,WOS:001204238100001,unlabeled_pool,370
WOS:000471042200026,Electrodeposition of pure phase SnSb exhibiting high stability as a sodium-ion battery anode,2019,10.1039/c9cc00001a,CHEMICAL COMMUNICATIONS,WOS:000471042200026,unlabeled_pool,371
WOS:000393848800100,Two-Dimensional SnO Anodes with a Tunable Number of Atomic Layers for Sodium Ion Batteries,2017,10.1021/acs.nanolett.6b05280,NANO LETTERS,WOS:000393848800100,unlabeled_pool,372
WOS:000414115700039,Bridging Covalently Functionalized Black Phosphorus on Graphene for High-Performance Sodium-Ion Battery,2017,10.1021/acsami.7b11599,ACS APPLIED MATERIALS & INTERFACES,WOS:000414115700039,unlabeled_pool,373
WOS:000354906000022,Improving the Capacity of Sodium Ion Battery Using a Virus-Templated Nanostructured Composite Cathode,2015,10.1021/nl504676v,NANO LETTERS,WOS:000354906000022,unlabeled_pool,374
WOS:000441061800032,Coal-Based Amorphous Carbon as Economical Anode Material for Sodium-Ion Battery,2018,10.1149/2.0981810jes,JOURNAL OF THE ELECTROCHEMICAL SOCIETY,WOS:000441061800032,unlabeled_pool,375
WOS:001536688600003,Dissecting the chemical strain in inactive components of sodium-ion battery cathodes,2025,10.1016/j.scriptamat.2025.116880,SCRIPTA MATERIALIA,WOS:001536688600003,unlabeled_pool,376
WOS:001615013000002,Hard carbon-encapsulated cobalt chalcogenides derived from waste apricot seed testa biomass: High performance anode electrode materials for Na-ion storage,2025,10.1016/j.est.2025.119017,JOURNAL OF ENERGY STORAGE,WOS:001615013000002,unlabeled_pool,377
WOS:000695245400001,Vitrification of maricite NaFePO4 crystal by laser irradiation and enhanced sodium ion battery performance,2021,10.1016/j.jallcom.2021.160928,JOURNAL OF ALLOYS AND COMPOUNDS,WOS:000695245400001,unlabeled_pool,378
WOS:000521938400027,Manganese hexacyanoferrate reinforced by PEDOT coating towards high-rate and long-life sodium-ion battery cathode,2020,10.1039/c9ta12376h,JOURNAL OF MATERIALS CHEMISTRY A,WOS:000521938400027,unlabeled_pool,379
WOS:000382921600021,Lithium-Rich Layered Oxide Li1.18Ni0.15Co0.15Mn0.52O<su b>2 as the Cathode Material for Hybrid Sodium-Ion Batteries,2016,10.1002/chem.201600757,CHEMISTRY-A EUROPEAN JOURNAL,WOS:000382921600021,unlabeled_pool,380
WOS:000828193400001,Effect of vanadium doping on the electrochemical performances of sodium titanate anode for sodium ion battery application,2022,10.1039/d2dt01626e,DALTON TRANSACTIONS,WOS:000828193400001,unlabeled_pool,381
WOS:001263984800001,Realizing Three-Electron Redox Reactions in NASICON-Type NaCrNb(PO4)3 for Sodium Ion Battery Applications,2024,10.1021/acs.chemmater.4c00933,CHEMISTRY OF MATERIALS,WOS:001263984800001,unlabeled_pool,382
WOS:000653229500126,Engineering sodium-rich manganese oxide with robust tunnel structure for high-performance sodium-ion battery cathode application,2021,10.1016/j.cej.2020.128097,CHEMICAL ENGINEERING JOURNAL,WOS:000653229500126,unlabeled_pool,383
WOS:000344208700107,Uniform and continuous carbon coated sodium vanadium phosphate cathode materials for sodium-ion battery,2014,10.1016/j.jpowsour.2014.09.046,JOURNAL OF POWER SOURCES,WOS:000344208700107,unlabeled_pool,384
WOS:000400560400059,Electrochemical Performance of a V2O5 Cathode for a Sodium Ion Battery,2017,10.1007/s11664-017-5298-y,JOURNAL OF ELECTRONIC MATERIALS,WOS:000400560400059,unlabeled_pool,385
WOS:000336941700012,High-performance aqueous sodium-ion batteries with K0.27MnO2 cathode and their sodium storage mechanism,2014,10.1016/j.nanoen.2014.02.010,NANO ENERGY,WOS:000336941700012,unlabeled_pool,386
WOS:001330851600001,Optimizing O3-type cathode materials with modified collector for sodium-ion batteries: Insights of interfacial reaction between collector and electrolyte,2024,10.1016/j.jpowsour.2024.235558,JOURNAL OF POWER SOURCES,WOS:001330851600001,unlabeled_pool,387
WOS:000619199300131,Polyaniline-coated nanoporous antimony with improved performance for sodium-ion battery anodes,2021,10.1016/j.jallcom.2021.158647,JOURNAL OF ALLOYS AND COMPOUNDS,WOS:000619199300131,unlabeled_pool,388
WOS:000401686100022,Defect-rich TiO2-δ nanocrystals confined in a mooncake-shaped porous carbon matrix as an advanced Na ion battery anode,2017,10.1016/j.jpowsour.2017.04.035,JOURNAL OF POWER SOURCES,WOS:000401686100022,unlabeled_pool,389
WOS:000427380600020,Significantly improved performance of red phosphorus sodium-ion anodes with the addition of iron,2018,10.1016/j.electacta.2017.12.105,ELECTROCHIMICA ACTA,WOS:000427380600020,unlabeled_pool,390
WOS:000488957400073,Pomegranate-inspired SnS/ZnS@C heterostructural nanocubes towards high-performance sodium ion battery,2019,10.1016/j.apsusc.2019.143631,APPLIED SURFACE SCIENCE,WOS:000488957400073,unlabeled_pool,391
WOS:000316951400005,RECENT ADVANCES IN SODIUM INTERCALATION POSITIVE ELECTRODE MATERIALS FOR SODIUM ION BATTERIES,2013,10.1142/s1793604713300016,FUNCTIONAL MATERIALS LETTERS,WOS:000316951400005,unlabeled_pool,392
WOS:000814492200002,Enhanced interphasial stability of hard carbon for sodium-ion battery via film-forming electrolyte additive,2023,10.1007/s12274-022-4583-0,NANO RESEARCH,WOS:000814492200002,unlabeled_pool,393
WOS:001092160100001,Insights into the electrochemical properties of bagasse-derived hard carbon anode materials for sodium-ion battery,2023,10.1007/s11581-023-05240-3,IONICS,WOS:001092160100001,unlabeled_pool,394
WOS:001127299600001,Flash-pyrolyzed coal char as a high-performance anode for sodium-ion batteries,2023,10.1016/j.fuproc.2023.107998,FUEL PROCESSING TECHNOLOGY,WOS:001127299600001,unlabeled_pool,395
WOS:000390598200005,Arginine-Assisted Formation of Hierarchical TiO2 Microspheres for Lithium-Ion and Sodium-Ion Battery Applications,2016,10.1002/cnma.201600231,CHEMNANOMAT,WOS:000390598200005,unlabeled_pool,396
WOS:000374361400005,A new gridding cyanoferrate anode material for lithium and sodium ion batteries: Ti0.75Fe0.25[Fe(CN)6]0.96•1. 9H2O with excellent electrochemical properties,2016,10.1016/j.jpowsour.2016.03.011,JOURNAL OF POWER SOURCES,WOS:000374361400005,unlabeled_pool,397
WOS:000574904900105,Highly Stable Basswood Porous Carbon Anode Activated by Phosphoric Acid for a Sodium Ion Battery,2020,10.1021/acs.energyfuels.0c02286,ENERGY & FUELS,WOS:000574904900105,unlabeled_pool,398
WOS:000408287900103,Design of NaTi2(PO4)3 nanocrystals embedded in N-doped graphene sheets for sodium-ion battery anode with superior electrochemical performance,2017,10.1016/j.ceramint.2017.06.098,CERAMICS INTERNATIONAL,WOS:000408287900103,unlabeled_pool,399
WOS:000701684600002,Formation of highly dispersed tin nanoparticles in amorphous silicates for sodium ion battery anode,2022,10.1016/j.jpcs.2021.110377,JOURNAL OF PHYSICS AND CHEMISTRY OF SOLIDS,WOS:000701684600002,unlabeled_pool,400
WOS:000627041500001,Sodium-Ion Battery Full-Cell Study with a Pseudocapacitive MoSe2-Porous N-Doped Carbon Composite Anode and Intercalated Sodium Vanadium Fluorophosphate Cathode,2021,10.1002/batt.202100026,BATTERIES & SUPERCAPS,WOS:000627041500001,unlabeled_pool,401
WOS:000361931600048,Vanadium Sulfide on Reduced Graphene Oxide Layer as a Promising Anode for Sodium Ion Battery,2015,10.1021/acsami.5b06385,ACS APPLIED MATERIALS & INTERFACES,WOS:000361931600048,unlabeled_pool,402
WOS:001474958800001,Highly Crystalline and Robust Donor-Acceptor Type Covalent Organic Frameworks for Long-life Sodium-Ion Battery Cathodes,2025,10.1002/smll.202412698,SMALL,WOS:001474958800001,unlabeled_pool,403
WOS:000444413700022,Flexible MnS-Carbon Fiber Hybrids for Lithium-Ion and Sodium-Ion Energy Storage,2018,10.1002/chem.201801979,CHEMISTRY-A EUROPEAN JOURNAL,WOS:000444413700022,unlabeled_pool,404
WOS:000437090400007,A hit-and-run strategy towards perylene diimide/reduced graphene oxide as high performance sodium ion battery cathode,2018,10.1016/j.cej.2018.05.078,CHEMICAL ENGINEERING JOURNAL,WOS:000437090400007,unlabeled_pool,405
WOS:000910974300001,Carbon confined GeS2 particles and its three-dimensional flexible electrode toward sodium ion battery anode,2023,10.1016/j.jallcom.2022.168505,JOURNAL OF ALLOYS AND COMPOUNDS,WOS:000910974300001,unlabeled_pool,406
WOS:000502548500049,"Rational design of a PC3 monolayer: A high-capacity, rapidly charging anode material for sodium-ion batteries",2020,10.1016/j.carbon.2019.10.086,CARBON,WOS:000502548500049,unlabeled_pool,407
WOS:001297122200001,A high-entropy cathode for sodium-ion batteries: Cu/Zn-doping O3-Type Ni/Fe/Mn layer oxides,2024,10.1016/j.jpcs.2024.112241,JOURNAL OF PHYSICS AND CHEMISTRY OF SOLIDS,WOS:001297122200001,unlabeled_pool,408
WOS:000437819600033,Pitch-derived N-doped porous carbon nanosheets with expanded interlayer distance as high-performance sodium-ion battery anodes,2018,10.1016/j.fuproc.2018.05.007,FUEL PROCESSING TECHNOLOGY,WOS:000437819600033,unlabeled_pool,409
WOS:000430706900109,Synthesis and Electrochemical Properties of Amorphous Carbon Coated Sn Anode Material for Lithium Ion Batteries and Sodium Ion Batteries,2018,10.1166/jnn.2018.15684,JOURNAL OF NANOSCIENCE AND NANOTECHNOLOGY,WOS:000430706900109,unlabeled_pool,410
WOS:000479082900023,Metallic 1T MoS2 overlapped nitrogen-doped carbon superstructures for enhanced sodium-ion storage,2019,10.1016/j.apsusc.2019.06.115,APPLIED SURFACE SCIENCE,WOS:000479082900023,unlabeled_pool,411
WOS:000851702600001,Excimer Laser-Deposited Na2/3Ni1/4Mn3/4O2 Film Cathode for Stable Sodium-Ion Battery,2022,10.3390/nano12173018,NANOMATERIALS,WOS:000851702600001,unlabeled_pool,412
WOS:001090978200005,Promising cathode material MnO2/CoO2 heterostructure for the Li and Na ion battery: A computational study,2023,10.1063/5.0166023,JOURNAL OF APPLIED PHYSICS,WOS:001090978200005,unlabeled_pool,413
WOS:000457816900031,Interpreting Abnormal Charge-Discharge Plateau Migration in CuxS during Long-Term Cycling,2019,10.1021/acsami.8b18864,ACS APPLIED MATERIALS & INTERFACES,WOS:000457816900031,unlabeled_pool,414
WOS:001513015000001,High Voltage Flexible Sodium-Ion Battery Cathode Materials Based on 1D Covalent Organic Framework,2025,10.1002/advs.202505311,ADVANCED SCIENCE,WOS:001513015000001,unlabeled_pool,415
WOS:000397003700015,Metal-organic frameworks derived porous core/shellCoP@C polyhedrons anchored on 3D reduced graphene oxide networks as anode for sodium- ion battery,2017,10.1016/j.nanoen.2016.11.055,NANO ENERGY,WOS:000397003700015,unlabeled_pool,416
WOS:000432686100002,WS2 nanoplates embedded in graphitic carbon nanotubes with excellent electrochemical performance for lithium and sodium storage,2018,10.1007/s40843-017-9185-3,SCIENCE CHINA-MATERIALS,WOS:000432686100002,unlabeled_pool,417
WOS:001019685800001,Disodium naphthalene dicarboxylate based negative electrode engineering for organic-inorganic hybrid sodium batteries,2023,10.1016/j.susmat.2023.e00639,SUSTAINABLE MATERIALS AND TECHNOLOGIES,WOS:001019685800001,unlabeled_pool,418
WOS:001066654500004,Synthesis and properties of P2-Na2/3Mn1/3Bi1/3Ni1/3O<sub >2 as long-life and high voltage sodium-ion battery cathode,2023,10.11862/cjic.2023.077,CHINESE JOURNAL OF INORGANIC CHEMISTRY,WOS:001066654500004,unlabeled_pool,419
WOS:001509324700001,In-situ produced three-dimensional hierarchical porous Cu@Bi enables ultra-long sodium storage,2025,10.1016/j.jcis.2025.137790,JOURNAL OF COLLOID AND INTERFACE SCIENCE,WOS:001509324700001,unlabeled_pool,420
WOS:001072703400001,Modified Recovered Carbon from Aluminum Electrolysis by Expansion Treatment as an Anode for Sodium-Ion Batteries,2023,10.1021/acs.energyfuels.3c02537,ENERGY & FUELS,WOS:001072703400001,unlabeled_pool,421
WOS:001080638100001,Co3O4/nitrogen-doped graphene promise high-performance sodium-ion battery anode,2023,10.1016/j.jelechem.2023.117801,JOURNAL OF ELECTROANALYTICAL CHEMISTRY,WOS:001080638100001,unlabeled_pool,422
WOS:000550633400030,Symmetric Sodium-Ion Battery Based on Dual-Electron Reactions of NASICON-Structured Na3MnTi(PO4)3 Material,2020,10.1021/acsami.0c05784,ACS APPLIED MATERIALS & INTERFACES,WOS:000550633400030,unlabeled_pool,423
WOS:001145169000001,N-doped Sb2SnO5@C as advanced anode material for sodium-ion batteries,2024,10.1007/s11581-024-05383-x,IONICS,WOS:001145169000001,unlabeled_pool,424
WOS:000936220900001,Seamless Stitching of Redox Windows to Enable High-Voltage Resilient Solid Sodium Ion Batteries,2023,10.1002/eem2.12477,ENERGY & ENVIRONMENTAL MATERIALS,WOS:000936220900001,unlabeled_pool,425
WOS:000509223000009,MoS2/SnS2 nanocomposite as stable sodium-ion battery anode,2020,10.1142/s1793604719500954,FUNCTIONAL MATERIALS LETTERS,WOS:000509223000009,unlabeled_pool,426
WOS:000380076700049,Na3V2O2(PO4)2F-MW CNT nanocomposites as a stable and high rate cathode for aqueous and non-aqueous sodium-ion batteries,2016,10.1016/j.jpowsour.2016.05.096,JOURNAL OF POWER SOURCES,WOS:000380076700049,unlabeled_pool,427
WOS:000437403200004,Electrochemical construction and sodium storage performance of three-dimensional porous self-supported MoS2 electrodes,2018,10.1142/s1793604718500509,FUNCTIONAL MATERIALS LETTERS,WOS:000437403200004,unlabeled_pool,428
WOS:000348772600014,Unfolding the Mechanism of Sodium Insertion in Anatase TiO2 Nanoparticles,2015,10.1002/aenm.201401142,ADVANCED ENERGY MATERIALS,WOS:000348772600014,unlabeled_pool,429
WOS:000893160800001,Spatially Guided Assembly of Polyoxometalate Superlattices and Their Derivatives as High-Power Sodium-Ion Battery Anodes,2022,10.1021/acsnano.2c09796,ACS NANO,WOS:000893160800001,unlabeled_pool,430
WOS:000535906300001,Switching between Local and Global Aromaticity in a Conjugated Macrocycle for High-Performance Organic Sodium-Ion Battery Anodes,2020,10.1002/anie.202003386,ANGEWANDTE CHEMIE-INTERNATIONAL EDITION,WOS:000535906300001,unlabeled_pool,431
WOS:000358809700073,Highly stable and ultrafast electrode reaction of graphite for sodium ion batteries,2015,10.1016/j.jpowsour.2015.05.116,JOURNAL OF POWER SOURCES,WOS:000358809700073,unlabeled_pool,432
WOS:001304244900001,Bi-Doped P2 layered Sodium-Ion Battery Cathode with Improved Cycling Stability,2024,10.1149/1945-7111/ad7291,JOURNAL OF THE ELECTROCHEMICAL SOCIETY,WOS:001304244900001,unlabeled_pool,433
WOS:000383827900035,Sodium ion storage in reduced graphene oxide,2016,10.1016/j.electacta.2016.08.058,ELECTROCHIMICA ACTA,WOS:000383827900035,unlabeled_pool,434
WOS:000345975500018,Electrode Performance and Structural Characterization of Fiber-Type Cathode for Sodium Ion Battery,2014,10.1149/2.0141414jes,JOURNAL OF THE ELECTROCHEMICAL SOCIETY,WOS:000345975500018,unlabeled_pool,435
WOS:000364325800005,"Tailoring MoO2/Graphene Oxide Nanostructures for Stable, High-Density Sodium-Ion Battery Anodes",2015,10.1002/ente.201500160,ENERGY TECHNOLOGY,WOS:000364325800005,unlabeled_pool,436
WOS:000734186000002,High-Performance PDB Organic Cathodes Reinforced by 3D Flower- like Carbon for Lithium-/Sodium-Ion Batteries,2021,10.1021/acsaem.1c02393,ACS APPLIED ENERGY MATERIALS,WOS:000734186000002,unlabeled_pool,437
WOS:000504646200014,The effect of S-functionalized and vacancies on V2C MXenes as anode materials for Na-ion and Li-ion batteries,2020,10.1016/j.cap.2019.11.025,CURRENT APPLIED PHYSICS,WOS:000504646200014,unlabeled_pool,438
WOS:000375635200014,"Neutron diffraction studies of the Na-ion battery electrode materials NaCoCr2(PO4)3, NaNiCr2(PO4)3, and Na2Ni2Cr(PO4)3",2016,10.1016/j.jssc.2016.03.011,JOURNAL OF SOLID STATE CHEMISTRY,WOS:000375635200014,unlabeled_pool,439
WOS:000407540300024,Activation of Sodium Storage Sites in Prussian Blue Analogues via Surface Etching,2017,10.1021/acs.nanolett.7b01366,NANO LETTERS,WOS:000407540300024,unlabeled_pool,440
WOS:000673459900001,Facile preparation of MoP/TiO2 composite by electrospinning method for sodium ion battery anode,2021,10.1080/21663831.2021.1949401,MATERIALS RESEARCH LETTERS,WOS:000673459900001,unlabeled_pool,441
WOS:000447646800021,Facile hydrothermal treatment route of reed straw-derived hard carbon for high performance sodium ion battery,2018,10.1016/j.electacta.2018.08.136,ELECTROCHIMICA ACTA,WOS:000447646800021,unlabeled_pool,442
WOS:000436552700292,SnSb Alloy Blended with Hard Carbon as Anode for Na-Ion Batteries,2018,10.3390/en11061614,ENERGIES,WOS:000436552700292,unlabeled_pool,443
WOS:000370468300018,TiS2 nanoplates: A high-rate and stable electrode material for sodium ion batteries,2016,10.1016/j.nanoen.2015.12.028,NANO ENERGY,WOS:000370468300018,unlabeled_pool,444
WOS:000496593500010,Bimetallic phosphides embedded in hierarchical P-doped carbon for sodium ion battery and hydrogen evolution reaction applications,2019,10.1007/s40843-019-9474-0,SCIENCE CHINA-MATERIALS,WOS:000496593500010,unlabeled_pool,445
WOS:000487931500021,Engineering the trap effect of residual oxygen atoms and defects in hard carbon anode towards high initial Coulombic efficiency,2019,10.1016/j.nanoen.2019.103937,NANO ENERGY,WOS:000487931500021,unlabeled_pool,446
WOS:001347239900001,Nano-crystalline Fe3V3O8 material as an efficient advanced anode for energy storage applications,2024,10.1016/j.jpowsour.2024.234947,JOURNAL OF POWER SOURCES,WOS:001347239900001,unlabeled_pool,447
WOS:000461864600007,Mechanism of the Na-substituted Spinel Phase Generation in a Li4Ti5O12 Electrode via Sodium-ion Battery Cycling,2018,10.5796/electrochemistry.18-00029,ELECTROCHEMISTRY,WOS:000461864600007,unlabeled_pool,448
WOS:001542755600001,"Advancing Sodium-Ion Battery Cathodes: A Low-Cost, Eco-Friendly Mechanofusion Route from TiO2 Coating to Ti4+ Doping",2025,10.1021/acs.chemmater.5c01485,CHEMISTRY OF MATERIALS,WOS:001542755600001,unlabeled_pool,449
WOS:000454251000017,Na3V2(PO4)2F3-SWC NT: a high voltage cathode for non-aqueous and aqueous sodium-ion batteries,2019,10.1039/c8ta09194c,JOURNAL OF MATERIALS CHEMISTRY A,WOS:000454251000017,unlabeled_pool,450
WOS:000473271000023,Enhancement of First Cycle Coulombic Efficiency of Hard Carbon Derived from Eucalyptus in a Sodium Ion Battery,2019,10.1246/cl.190230,CHEMISTRY LETTERS,WOS:000473271000023,unlabeled_pool,451
WOS:000316520100055,Discharge mechanism of MoS2 for sodium ion battery: Electrochemical measurements and characterization,2013,10.1016/j.electacta.2013.01.057,ELECTROCHIMICA ACTA,WOS:000316520100055,unlabeled_pool,452
WOS:000380968300032,Scalable Synthesis of Few-Layer MoS2 Incorporated into Hierarchical Porous Carbon Nanosheets for High-Performance Li- and Na-Ion Battery Anodes,2016,10.1021/acsami.6b05010,ACS APPLIED MATERIALS & INTERFACES,WOS:000380968300032,unlabeled_pool,453
WOS:000581339400001,One-Pot Synthesized Biomass C-Si Nanocomposites as an Anodic Material for High-Performance Sodium-Ion Battery,2020,10.3390/nano10091728,NANOMATERIALS,WOS:000581339400001,unlabeled_pool,454
WOS:000522731700068,Highly dispersed ultra-small nano Sn-SnSb nanoparticles anchored on N-doped graphene sheets as high performance anode for sodium ion batteries,2020,10.1016/j.apsusc.2020.145686,APPLIED SURFACE SCIENCE,WOS:000522731700068,unlabeled_pool,455
WOS:001395956300001,Boosting the rate capability of heteroatom co-doped graphene-supported Na3V2(PO4)3 as cathode material for sodium-ion battery full cell,2025,10.1016/j.jtice.2024.105917,JOURNAL OF THE TAIWAN INSTITUTE OF CHEMICAL ENGINEERS,WOS:001395956300001,unlabeled_pool,456
WOS:000374349600007,Layered SnS2 cross-linked by carbon nanotubes as a high performance anode for sodium ion batteries,2016,10.1039/c6ra04941a,RSC ADVANCES,WOS:000374349600007,unlabeled_pool,457
WOS:000427316300043,"First-principles study of mixed eldfellite compounds Nax(Fe1/2M1/2)(SO4)2</s ub> (x=0-2, M = Mn, Co, Ni): A new family of high electrode potential cathodes for the sodium-ion battery",2018,10.1016/j.jpowsour.2017.12.051,JOURNAL OF POWER SOURCES,WOS:000427316300043,unlabeled_pool,458
WOS:000409410700012,Chemical Structures of Specific Sodium Ion Battery Components Determined by Operando Pair Distribution Function and X-ray Diffraction Computed Tomography,2017,10.1002/anie.201704271,ANGEWANDTE CHEMIE-INTERNATIONAL EDITION,WOS:000409410700012,unlabeled_pool,459
WOS:000476718000019,Understanding the improved electrochemical performance of nitrogen-doped hard carbons as an anode for sodium ion battery,2019,10.1016/j.electacta.2019.05.158,ELECTROCHIMICA ACTA,WOS:000476718000019,unlabeled_pool,460
WOS:000458706900080,Manipulating Local Chemistry of Phosphorus for High-Performance Sodium Ion Battery Anode Applications,2019,10.1021/acsaem.8b01666,ACS APPLIED ENERGY MATERIALS,WOS:000458706900080,unlabeled_pool,461
WOS:000453745000010,Three-Dimensional Graphene-based N-doped Carbon Composites as High-Performance Anode Materials for Sodium-ion Batteries,2018,10.1002/asia.201801484,CHEMISTRY-AN ASIAN JOURNAL,WOS:000453745000010,unlabeled_pool,462
WOS:000458992000030,Spindle-like Fe7S8/N-doped carbon nanohybrids for high-performance sodium ion battery anodes,2019,10.1007/s12274-019-2278-y,NANO RESEARCH,WOS:000458992000030,unlabeled_pool,463
WOS:000657202500072,Controllable Insertion Mechanism of Expanded Graphite Anodes Employing Conversion Reaction Pillars for Sodium-Ion Batteries,2021,10.1021/acsami.1c05928,ACS APPLIED MATERIALS & INTERFACES,WOS:000657202500072,unlabeled_pool,464
WOS:000443670200014,"Two-dimensional MTe2 (M = Co, Fe, Mn, Sc, Ti) transition metal tellurides as sodium ion battery anode materials: Density functional theory calculations",2018,10.1016/j.physleta.2018.06.009,PHYSICS LETTERS A,WOS:000443670200014,unlabeled_pool,465
WOS:000489727600009,Highly crystalline sodium manganese ferrocyanide microcubes for advanced sodium ion battery cathodes,2019,10.1039/c9ta08603j,JOURNAL OF MATERIALS CHEMISTRY A,WOS:000489727600009,unlabeled_pool,466
WOS:000703180200001,Ti and V co-doped P2-Na0.59Co0.10Mn0.90O2 cathode with excellent sodium storage performance,2021,10.1016/j.cplett.2021.139050,CHEMICAL PHYSICS LETTERS,WOS:000703180200001,unlabeled_pool,467
WOS:000519848100021,N-Doped Carbon Nanonecklaces with Encapsulated Sb as a Sodium-Ion Battery Anode,2019,10.1016/j.matt.2019.03.010,MATTER,WOS:000519848100021,unlabeled_pool,468
WOS:000350682100035,Direct growth of FePO4/reduced graphene oxide nanosheet composites for the sodium-ion battery,2015,10.1039/c5ta00199d,JOURNAL OF MATERIALS CHEMISTRY A,WOS:000350682100035,unlabeled_pool,469
WOS:000327752500013,Phase Diagram of Olivine NaxFePO4 (0 &lt; x &lt; 1),2013,10.1021/cm402617b,CHEMISTRY OF MATERIALS,WOS:000327752500013,unlabeled_pool,470
WOS:000503919500019,A New Metallic In3O4 Sheet as an Anode Material for Sodium-Ion Batteries,2019,10.1021/acs.jpcc.9b09998,JOURNAL OF PHYSICAL CHEMISTRY C,WOS:000503919500019,unlabeled_pool,471
WOS:000532715600005,High electrochemical sodium storage performance of ZnSe/CoSe@N-doped porous carbon synthesized by the in-situselenization of ZIF-8/67 polyhedron,2020,10.1016/j.apsusc.2020.146259,APPLIED SURFACE SCIENCE,WOS:000532715600005,unlabeled_pool,472
WOS:001140607700001,In-Situ Construction of Anti-Aggregation Tellurium Nanorods/Reduced Graphene Oxide Composite to Enable Fast Sodium Storage,2024,10.3390/nano14010118,NANOMATERIALS,WOS:001140607700001,unlabeled_pool,473
WOS:001133865000001,Controllable hierarchical porous FeSe2 with excellent long cycle lifespan as anode materials for sodium-ion battery,2024,10.1016/j.jpowsour.2023.233913,JOURNAL OF POWER SOURCES,WOS:001133865000001,unlabeled_pool,474
WOS:000395956300025,Li4Ti5O12-TiO2 nanowire arrays constructed with stacked nanocrystals for high-rate lithium and sodium ion batteries,2017,10.1016/j.jpowsour.2017.01.033,JOURNAL OF POWER SOURCES,WOS:000395956300025,unlabeled_pool,475
WOS:000351963900043,Cathodically induced antimony for rechargeable Li-ion and Na-ion batteries: The influences of hexagonal and amorphous phase,2015,10.1016/j.jpowsour.2015.02.071,JOURNAL OF POWER SOURCES,WOS:000351963900043,unlabeled_pool,476
WOS:000659414300006,Engineering optimization approach of nonaqueous electrolyte for sodium ion battery with long cycle life and safety,2021,10.1016/j.gee.2020.04.007,GREEN ENERGY & ENVIRONMENT,WOS:000659414300006,unlabeled_pool,477
WOS:001220239600001,Micropore self-repairing/blocking by the rapid carbonization of MOFs/ graphene for various sodium storage,2024,10.1016/j.ces.2024.120063,CHEMICAL ENGINEERING SCIENCE,WOS:001220239600001,unlabeled_pool,478
WOS:000750204700002,Ni3Se4@CoSe2 hetero-nanocrystals encapsulated into CNT-porous carbon interpenetrating frameworks for high-performance sodium ion battery,2022,10.1016/j.jcis.2021.11.175,JOURNAL OF COLLOID AND INTERFACE SCIENCE,WOS:000750204700002,unlabeled_pool,479
WOS:001355925900001,From Powder to Pouch Cell: Setting up a Sodium-Ion Battery Reference System Based on Na3V2(PO4)3/C and Hard Carbon,2024,10.1002/batt.202400406,BATTERIES & SUPERCAPS,WOS:001355925900001,unlabeled_pool,480
WOS:000596039300004,ZnSe with nanostructure embedded in graphene nanosheets with elevated electrochemical performance for anode material of sodium ion battery,2021,10.1016/j.jallcom.2020.157318,JOURNAL OF ALLOYS AND COMPOUNDS,WOS:000596039300004,unlabeled_pool,481
WOS:000438001800034,Surface engineering induced core-shell Prussian blue@polyaniline nanocubes as a high-rate and long-life sodium-ion battery cathode,2018,10.1016/j.jpowsour.2018.05.085,JOURNAL OF POWER SOURCES,WOS:000438001800034,unlabeled_pool,482
WOS:000485816500001,Boosting High-Rate Sodium Storage Performance of N-Doped Carbon-Encapsulated Na3V2(PO4)3 Nanoparticles Anchoring on Carbon Cloth,2019,10.1002/smll.201902432,SMALL,WOS:000485816500001,unlabeled_pool,483
WOS:001320790100001,Boosting performances of sodium-ion battery by employment of nanodiamond modified separator,2024,10.1016/j.est.2024.113745,JOURNAL OF ENERGY STORAGE,WOS:001320790100001,unlabeled_pool,484
WOS:000428806700028,Ni-polymer gels-derived hollow NiSb alloy confined in 3D interconnected carbon as superior sodium-ion battery anode,2018,10.1016/j.electacta.2018.03.010,ELECTROCHIMICA ACTA,WOS:000428806700028,unlabeled_pool,485
WOS:000488702000001,Rambutan peel based hard carbons as anode materials for sodium ion battery,2019,10.1080/1536383x.2019.1671372,FULLERENES NANOTUBES AND CARBON NANOSTRUCTURES,WOS:000488702000001,unlabeled_pool,486
WOS:000806391400004,Triglyme-based solvate ionic liquid gelled in a polymer: A novel electrolyte composition for sodium ion battery,2022,10.1016/j.mtcomm.2022.103392,MATERIALS TODAY COMMUNICATIONS,WOS:000806391400004,unlabeled_pool,487
WOS:000985200600001,CuMn2O4 anchored on graphene sheets as a high-performance electrodes for sodium-ion batteries,2023,10.1016/j.est.2023.107346,JOURNAL OF ENERGY STORAGE,WOS:000985200600001,unlabeled_pool,488
WOS:000952086400001,Coexistence of Sn and FeSn2 nanoparticles dispersed in glass-ceramics and their electrochemical performance as sodium-ion battery anode,2023,10.1016/j.jallcom.2023.169576,JOURNAL OF ALLOYS AND COMPOUNDS,WOS:000952086400001,unlabeled_pool,489
WOS:001204683800001,Toward Ultrahigh Rate and Cycling Performance of Cathode Materials of Sodium Ion Battery by Introducing a Bicontinuous Porous Structure,2024,10.1002/adma.202402005,ADVANCED MATERIALS,WOS:001204683800001,unlabeled_pool,490
WOS:000387100600100,"The Study on the Structural Change of Li Substitution in Na0.5[LixNi1/3Co1/3Mn 1/3]O2(x=0.05, 0.25, and 0.5) Cathode Materials for High-Capacity Sodium Ion Batteries",2016,10.1166/jnn.2016.13221,JOURNAL OF NANOSCIENCE AND NANOTECHNOLOGY,WOS:000387100600100,unlabeled_pool,491
WOS:000691785200040,"Stable Interfaces in a Sodium Metal-Free, Solid-State Sodium-Ion Battery with Gradient Composite Electrolyte",2021,10.1021/acsami.1c09792,ACS APPLIED MATERIALS & INTERFACES,WOS:000691785200040,unlabeled_pool,492
WOS:000890505500001,Rational construction of 3D porous Fe3N@C frameworks for high- performance sodium-ion half/full batteries,2023,10.1016/j.jallcom.2022.167934,JOURNAL OF ALLOYS AND COMPOUNDS,WOS:000890505500001,unlabeled_pool,493
WOS:000429024000018,Ionic liquid electrolytes supporting high energy density in sodium-ion batteries based on sodium vanadium phosphate composites,2018,10.1039/c8cc00365c,CHEMICAL COMMUNICATIONS,WOS:000429024000018,unlabeled_pool,494
WOS:000589847300010,Approaching the theoretical capacity limit of Na2FeSiO4-based cathodes with fully reversible two-electron redox reaction for sodium-ion battery,2020,10.1016/j.mtnano.2020.100098,MATERIALS TODAY NANO,WOS:000589847300010,unlabeled_pool,495
WOS:001467311300001,Green synthesis of high-quality V2O5/single-walled carbon nanotube composites via Trachyspermum Ammi leaf extract: A sustainable approach to sodium-ion battery anodes,2025,10.1016/j.est.2025.116505,JOURNAL OF ENERGY STORAGE,WOS:001467311300001,unlabeled_pool,496
WOS:000413009800002,γ′-V2O5: A new high voltage cathode material for sodium-ion battery,2017,10.1016/j.electacta.2017.08.175,ELECTROCHIMICA ACTA,WOS:000413009800002,unlabeled_pool,497
WOS:000965583500001,The CrBr3 monolayer: Two dimension sodium ion battery anode material to characterize state-of-charge by magnetism,2023,10.1016/j.apsusc.2023.157074,APPLIED SURFACE SCIENCE,WOS:000965583500001,unlabeled_pool,498
WOS:000418324800025,Self-assembled nickel-cobalt oxide microspheres from rods with enhanced electrochemical performance for sodium ion battery,2017,10.1016/j.electacta.2017.10.114,ELECTROCHIMICA ACTA,WOS:000418324800025,unlabeled_pool,499
WOS:001371367900001,A multichambered carbon based electrode materials to realize efficient sodium-ion batteries,2025,10.1016/j.est.2024.114804,JOURNAL OF ENERGY STORAGE,WOS:001371367900001,unlabeled_pool,500
WOS:001632164500004,Hard carbon with closed pores via co-hydrothermal carbonization of PVC and pomelo peel as sodium-ion battery anode with improved capacity,2026,10.1016/j.ces.2025.123057,CHEMICAL ENGINEERING SCIENCE,WOS:001632164500004,unlabeled_pool,501
WOS:000528218100007,Carbon encapsulation and chlorine doping enable Na3V2(PO4)3 superior sodium ion storage properties as cathodematerial for sodium ion battery,2020,10.1016/j.powtec.2020.01.055,POWDER TECHNOLOGY,WOS:000528218100007,unlabeled_pool,502
WOS:000499186800001,Preparation of Carbon Coated Ti2Nb2O9 Nanosheets and Its Sodium Ion Storage Properties,2020,10.3866/pku.whxb201906024,ACTA PHYSICO-CHIMICA SINICA,WOS:000499186800001,unlabeled_pool,503
WOS:000363151000005,Honeycomb in honeycomb carbon bubbles: excellent Li- and Na-storage performances,2015,10.1039/c5ta04561d,JOURNAL OF MATERIALS CHEMISTRY A,WOS:000363151000005,unlabeled_pool,504
WOS:001348408400001,Structure-directing agent mediated synthesis of SnS2 coupled with UltrapheneTM as highly stable anode material for sodium-ion battery,2025,10.1016/j.jcis.2024.10.143,JOURNAL OF COLLOID AND INTERFACE SCIENCE,WOS:001348408400001,unlabeled_pool,505
WOS:001285984400001,Large ligand metal-organic framework derived CoSe2 to improve sodium storage performance,2024,10.1016/j.matlet.2024.137094,MATERIALS LETTERS,WOS:001285984400001,unlabeled_pool,506
WOS:000389090800080,Ball mill assisted synthesis of Na3MnCO3PO4 nanoparticles anchored on reduced graphene oxide for sodium ion battery cathodes,2016,10.1016/j.electacta.2016.10.160,ELECTROCHIMICA ACTA,WOS:000389090800080,unlabeled_pool,507
WOS:000456710500046,Bio-derived mesoporous disordered carbon: An excellent anode in sodium-ion battery and full-cell lab prototype,2019,10.1016/j.carbon.2018.11.038,CARBON,WOS:000456710500046,unlabeled_pool,508
WOS:000728153700020,Improved sodium storage properties of co-doped Na3V2(PO4)2F3@gra phene as anode material for sodium ion batteries,2021,10.1080/00150193.2021.1984770,FERROELECTRICS,WOS:000728153700020,unlabeled_pool,509
WOS:000861314700003,3D substrate self-sacrifice Ni2P integrated anode for high-performance sodium-ion battery,2022,10.1016/j.jallcom.2022.167108,JOURNAL OF ALLOYS AND COMPOUNDS,WOS:000861314700003,unlabeled_pool,510
WOS:000595488500093,Impact of Hierarchical Nanoporous Architectures on Sodium Storage in Antimony-Based Sodium-Ion Battery Anodes,2020,10.1021/acsaem.0c02161,ACS APPLIED ENERGY MATERIALS,WOS:000595488500093,unlabeled_pool,511
WOS:000441363100017,Pyrrolic nitrogen-doped carbon sandwiched monolayer MoS2 vertically anchored on graphene oxide for high-performance sodium-ion battery anodes,2018,10.1007/s10008-018-3994-z,JOURNAL OF SOLID STATE ELECTROCHEMISTRY,WOS:000441363100017,unlabeled_pool,512
WOS:000458706700076,High-Efficiency Sodium-Ion Battery Based on NASICON Electrodes with High Power and Long Lifespan,2018,10.1021/acsaem.8b01390,ACS APPLIED ENERGY MATERIALS,WOS:000458706700076,unlabeled_pool,513
WOS:000531056900036,MnS hollow microspheres combined with carbon nanotubes for enhanced performance sodium-ion battery anode,2020,10.1016/j.cclet.2019.09.050,CHINESE CHEMICAL LETTERS,WOS:000531056900036,unlabeled_pool,514
WOS:000424663900025,Synthesis of alluaudite-type Na2VFe2(PO4)3/C and its electrochemical performance as cathode material for sodium-ion battery,2018,10.1007/s10008-017-3826-6,JOURNAL OF SOLID STATE ELECTROCHEMISTRY,WOS:000424663900025,unlabeled_pool,515
WOS:000315309900005,Triclinic Na2-xFe1+x/2P2O7</su b>/C glass-ceramics with high current density performance for sodium ion battery,2013,10.1016/j.jpowsour.2012.11.030,JOURNAL OF POWER SOURCES,WOS:000315309900005,unlabeled_pool,516
WOS:001012401800001,Ion transport through carbon nanotubes enable highly crystalline Na3V2(PO4)2F3 cathode for ultra-stable sodium-ion storage,2023,10.1016/j.jpowsour.2023.233226,JOURNAL OF POWER SOURCES,WOS:001012401800001,unlabeled_pool,517
WOS:000382250200052,Spinel manganese oxide: A high capacity positive electrode material for the sodium ion battery,2016,10.1016/j.electacta.2016.07.038,ELECTROCHIMICA ACTA,WOS:000382250200052,unlabeled_pool,518
WOS:001594540200001,β-Ketoenamine-Linked Benzobisthiazole-Based COF Nanocomposite Anode for High-Performance Sodium-Ion Battery,2025,10.1002/adfm.202513018,ADVANCED FUNCTIONAL MATERIALS,WOS:001594540200001,unlabeled_pool,519
WOS:000630241800037,Carbon coated NaLi0.2Mn0.8O2 as a superb cathode material for sodium ion batteries,2021,10.1016/j.jallcom.2021.158950,JOURNAL OF ALLOYS AND COMPOUNDS,WOS:000630241800037,unlabeled_pool,520
WOS:000445322600042,Metal organic frameworks derived cobalt sulfide/reduced graphene oxide composites with fast reaction kinetic and excellent structural stability for sodium storage,2018,10.1016/j.jcis.2018.08.002,JOURNAL OF COLLOID AND INTERFACE SCIENCE,WOS:000445322600042,unlabeled_pool,521
WOS:000343965700028,The binder effect on an oxide-based anode in lithium and sodium-ion battery applications: the fastest way to ultrahigh performance,2014,10.1039/c4cc02657h,CHEMICAL COMMUNICATIONS,WOS:000343965700028,unlabeled_pool,522
WOS:000427204100053,Controllable Electrochemical Synthesis of Copper Sulfides as Sodium-Ion Battery Anodes with Superior Rate Capability and Ultralong Cycle Life,2018,10.1021/acsami.7b19138,ACS APPLIED MATERIALS & INTERFACES,WOS:000427204100053,unlabeled_pool,523
WOS:000588305500060,Hierarchically nanorod structured Na2Ti6O13/Na2Ti3O 7 nanocomposite as a superior anode for high-performance sodium ion battery,2020,10.1016/j.jelechem.2020.114747,JOURNAL OF ELECTROANALYTICAL CHEMISTRY,WOS:000588305500060,unlabeled_pool,524
WOS:000452473200020,In Situ Growth of a Feather-like MnO2 Nanostructure on Carbon Paper for High-Performance Rechargeable Sodium-Ion Batteries,2018,10.1002/celc.201800830,CHEMELECTROCHEM,WOS:000452473200020,unlabeled_pool,525
WOS:001494076200002,Structural Evolution and Electrochemical Performance of Na4FexP4O12+x/C Cathode Materials for Sodium-ion Batteries,2025,10.15541/jim20240490,JOURNAL OF INORGANIC MATERIALS,WOS:001494076200002,unlabeled_pool,526
WOS:001064214300001,P2/O3 Biphasic Layered Oxide Heterojunction: A Cathode for High-Capacity Sodium-Ion Batteries,2023,10.1021/acsaem.3c01246,ACS APPLIED ENERGY MATERIALS,WOS:001064214300001,unlabeled_pool,527
WOS:000500415700036,Sulfur-Doped TiO2 Anchored on a Large-Area Carbon Sheet as a High-Performance Anode for Sodium-Ion Battery,2019,10.1021/acsami.9b14597,ACS APPLIED MATERIALS & INTERFACES,WOS:000500415700036,unlabeled_pool,528
WOS:000773071500002,Polyrrole-encapsulated Cu2Se nanosheets in situ grown on Cu mesh for high stability sodium-ion battery anode,2022,10.1016/j.cej.2021.134477,CHEMICAL ENGINEERING JOURNAL,WOS:000773071500002,unlabeled_pool,529
WOS:000338296500006,Aqueous Sodium-Ion Battery using a Na3V2(PO4)3 Electrode,2014,10.1002/celc.201300248,CHEMELECTROCHEM,WOS:000338296500006,unlabeled_pool,530
WOS:001355369600001,Hierarchical Co3O4 anode for high-performance Na-ion battery,2025,10.1016/j.electacta.2024.145309,ELECTROCHIMICA ACTA,WOS:001355369600001,unlabeled_pool,531
WOS:001415036000001,Strong interfacial interaction assisted by open architecture structure for efficient energy conversion,2025,10.1016/j.mtchem.2025.102543,MATERIALS TODAY CHEMISTRY,WOS:001415036000001,unlabeled_pool,532
WOS:000645271500001,Ag-Coated Cu/Polylactic Acid Composite Filament for Lithium and Sodium-Ion Battery Current Collector Three-Dimensional Printing via Thermoplastic Material Extrusion,2021,10.3389/fenrg.2021.651041,FRONTIERS IN ENERGY RESEARCH,WOS:000645271500001,unlabeled_pool,533
WOS:000445180000006,Cu2GeS3 derived ultrafine nanoparticles as high-performance anode for sodium ion battery,2018,10.1007/s40843-018-9236-9,SCIENCE CHINA-MATERIALS,WOS:000445180000006,unlabeled_pool,534
WOS:000438548800040,Dual carbon-protected metal sulfides and their application to sodium-ion battery anodes,2018,10.1039/c8ta03444c,JOURNAL OF MATERIALS CHEMISTRY A,WOS:000438548800040,unlabeled_pool,535
WOS:001574158300001,Towards Accurate Sodium-Ion Cell Modelling: Parametrization and Validation of a Commercial Sodium-Ion Cell Incorporating Temperature-Dependent Kinetic,2025,10.1149/1945-7111/adfd16,JOURNAL OF THE ELECTROCHEMICAL SOCIETY,WOS:001574158300001,unlabeled_pool,536
WOS:001556176400001,An Integrated Grid Interface of Electrode for Sodium-Ion Battery,2025,10.1002/smll.202508131,SMALL,WOS:001556176400001,unlabeled_pool,537
WOS:000414918700004,Carbon Coated Bimetallic Sulfide Hollow Nanocubes as Advanced Sodium Ion Battery Anode,2017,10.1002/aenm.201700180,ADVANCED ENERGY MATERIALS,WOS:000414918700004,unlabeled_pool,538
WOS:001242571700001,"Carbon Atom Modulation of 2H-MoS2 Promotes Sodium Storage Kinetics by a Unique ""Intercalation-Conversion"" Mechanism",2024,10.1002/aenm.202400470,ADVANCED ENERGY MATERIALS,WOS:001242571700001,unlabeled_pool,539
WOS:000683653100001,One-pot fabrication of pitch-derived soft carbon with hierarchical porous structure and rich sp2 carbon for sodium-ion battery,2021,10.1007/s10854-021-06601-2,JOURNAL OF MATERIALS SCIENCE-MATERIALS IN ELECTRONICS,WOS:000683653100001,unlabeled_pool,540
WOS:001327607200001,Polydopamine derived carbon coated cobalt molybdenum layered double hydroxide as highly stable anode materials of sodium-ion battery,2024,10.1016/j.est.2024.113961,JOURNAL OF ENERGY STORAGE,WOS:001327607200001,unlabeled_pool,541
WOS:000370468300002,Controllable construction of 3D-skeleton-carbon coated Na3V2(PO4)3 for high-performance sodium ion battery cathode,2016,10.1016/j.nanoen.2015.12.005,NANO ENERGY,WOS:000370468300002,unlabeled_pool,542
WOS:000454822400116,Enhanced sodium-ion storage capability of P2/O3 biphase by Li-ion substitution into P2-type Na0.5Fe0.5Mn0.5O2 layered cathode,2019,10.1016/j.electacta.2018.11.160,ELECTROCHIMICA ACTA,WOS:000454822400116,unlabeled_pool,543
WOS:000557375200028,Facile Synthesis of High Electrochemical Performance Na2FePO4F@CNT&GN Cathode Material as Sodium Ion Batteries,2020,10.1021/acsaem.0c00323,ACS APPLIED ENERGY MATERIALS,WOS:000557375200028,unlabeled_pool,544
WOS:000364700200016,An Advanced Sodium-Ion Battery Composed of Carbon Coated Na3V2(PO4)3 in a Porous Graphene Network,2015,10.1002/adma.201502864,ADVANCED MATERIALS,WOS:000364700200016,unlabeled_pool,545
WOS:000582033300012,Boron and phosphorous co-doped porous carbon as high-performance anode for sodium-ion battery,2020,10.1016/j.ssi.2020.115455,SOLID STATE IONICS,WOS:000582033300012,unlabeled_pool,546
WOS:000636130900001,Cycling properties of Na3V2(PO4)2F3 as positive material for sodium-ion batteries,2021,10.1007/s11581-021-04015-y,IONICS,WOS:000636130900001,unlabeled_pool,547
WOS:000442676600002,Scalable Synthesis of Hierarchical Antimony/Carbon Micro-/Nanohybrid Lithium/Sodium-Ion Battery Anodes Based on Dimethacrylate Monomer,2018,10.1007/s40195-018-0733-5,ACTA METALLURGICA SINICA-ENGLISH LETTERS,WOS:000442676600002,unlabeled_pool,548
WOS:000804621100007,Flexible 3D porous boron nitride interconnected network as a high-performance Li-and Na-ion battery electrodes,2022,10.1016/j.electacta.2022.140491,ELECTROCHIMICA ACTA,WOS:000804621100007,unlabeled_pool,549
WOS:000633032600005,"Tailoring superficial morphology, defect and functional group of commercial carbon cloth for a flexible, stable and high-capacity anode in sodium ion battery",2021,10.1016/j.electacta.2021.137934,ELECTROCHIMICA ACTA,WOS:000633032600005,unlabeled_pool,550
WOS:001037180400001,Progress of Hollow Carbon Materials as Anode for Sodium-ion Battery,2023,10.7503/cjcu20220620,CHEMICAL JOURNAL OF CHINESE UNIVERSITIES-CHINESE,WOS:001037180400001,unlabeled_pool,551
WOS:000885567400001,Implementation of structural and surface engineering strategies to copper sulfide for enhanced sodium-ion storage,2022,10.1016/j.jallcom.2022.166308,JOURNAL OF ALLOYS AND COMPOUNDS,WOS:000885567400001,unlabeled_pool,552
WOS:001025968000001,Understanding dehydration of Prussian white: from material to aqueous processed composite electrodes for sodium-ion battery application,2023,10.1039/d3ta02570e,JOURNAL OF MATERIALS CHEMISTRY A,WOS:001025968000001,unlabeled_pool,553
WOS:000711895200001,"Scalable, colloidal synthesis of SnSb nanoalloy-decorated mesoporous 3D NiO microspheres as a sodium-ion battery anode",2022,10.1002/er.7424,INTERNATIONAL JOURNAL OF ENERGY RESEARCH,WOS:000711895200001,unlabeled_pool,554
WOS:001418973000001,Influence of Hard/Soft Carbon Ratio in Composite Anodes for Enhanced Performance in Sodium-Ion Battery,2025,10.1002/celc.202400586,CHEMELECTROCHEM,WOS:001418973000001,unlabeled_pool,555
WOS:000395839100110,Activated hard carbon from orange peel for lithium/sodium ion battery anode with long cycle life,2017,10.1016/j.jallcom.2017.01.206,JOURNAL OF ALLOYS AND COMPOUNDS,WOS:000395839100110,unlabeled_pool,556
WOS:000795051800001,A novel reed-leaves like aluminum-doped manganese oxide presetting sodium-ion constructed by coprecipitation method for high electrochemical performance sodium-ion battery,2022,10.1002/er.8090,INTERNATIONAL JOURNAL OF ENERGY RESEARCH,WOS:000795051800001,unlabeled_pool,557
WOS:000458706600007,Na1.68H0.32Ti2O3SiO4</s ub>•1.76H2O as a Low-Potential Anode Material for Sodium-Ion Battery,2018,10.1021/acsaem.8b01412,ACS APPLIED ENERGY MATERIALS,WOS:000458706600007,unlabeled_pool,558
WOS:000963296700001,Anion exchanged NiP2-xSx solid solution as an anode for sodium ion battery,2023,10.1016/j.cej.2022.140798,CHEMICAL ENGINEERING JOURNAL,WOS:000963296700001,unlabeled_pool,559
WOS:000451023500118,Flexible sodium-ion battery anodes using indium sulfide-based nanohybrid paper electrodes,2019,10.1016/j.apsusc.2018.10.219,APPLIED SURFACE SCIENCE,WOS:000451023500118,unlabeled_pool,560
WOS:000472243800004,Enhanced electrochemical properties of single-layer MoS2 embedded in carbon nanofibers by electrospinning as anode materials for sodium-ion batteries,2019,10.1016/j.jelechem.2019.04.059,JOURNAL OF ELECTROANALYTICAL CHEMISTRY,WOS:000472243800004,unlabeled_pool,561
WOS:000718650800001,Carbon microsphere encapsulated SnS for use as an anode material in full-cell sodium-ion battery,2022,10.1002/er.7468,INTERNATIONAL JOURNAL OF ENERGY RESEARCH,WOS:000718650800001,unlabeled_pool,562
WOS:000551023700009,Electrospun N-doped carbon nanofibers confined Fe1-xS composite as superior anode material for sodium-ion battery,2020,10.1016/j.jallcom.2020.155642,JOURNAL OF ALLOYS AND COMPOUNDS,WOS:000551023700009,unlabeled_pool,563
WOS:000493320400011,A green route to synthesize low-cost and high-performance hard carbon as promising sodium-ion battery anodes from sorghum stalk waste,2017,10.1016/j.gee.2017.05.004,GREEN ENERGY & ENVIRONMENT,WOS:000493320400011,unlabeled_pool,564
WOS:000534192700003,Amino-terminated hyperbranched polyamide regulating Cu2S twin-daffodil with enhanced sodium-storage performance,2020,10.1016/j.matchemphys.2020.122934,MATERIALS CHEMISTRY AND PHYSICS,WOS:000534192700003,unlabeled_pool,565
WOS:000355891700024,Ultrasmall TiO2 Nanoparticles in Situ Growth on Graphene Hybrid as Superior Anode Material for Sodium/Lithium Ion Batteries,2015,10.1021/acsami.5b02724,ACS APPLIED MATERIALS & INTERFACES,WOS:000355891700024,unlabeled_pool,566
WOS:000649694200003,One-dimensional channel to trigger high-performance sodium-ion battery via doping engineering,2021,10.1016/j.nanoen.2021.105875,NANO ENERGY,WOS:000649694200003,unlabeled_pool,567
WOS:000502548500028,Zeolitic imidazolate frameworks derived ZnS/Co3S4 composite nanoparticles doping on polyhedral carbon framework for efficient lithium/sodium storage anode materials,2020,10.1016/j.carbon.2019.10.052,CARBON,WOS:000502548500028,unlabeled_pool,568
WOS:000425896100033,Spherical FeF3•0.33H2O/MWCNTs nanocomposite with mesoporous structure as cathode material of sodium ion battery,2018,10.1016/j.jechem.2017.10.032,JOURNAL OF ENERGY CHEMISTRY,WOS:000425896100033,unlabeled_pool,569
WOS:000355063800019,Electrochemical reactions of layered niobate material as novel anode for sodium ion batteries,2015,10.1016/j.jpowsour.2015.04.048,JOURNAL OF POWER SOURCES,WOS:000355063800019,unlabeled_pool,570
WOS:000432754700071,Semimetallic 1T′ WTe2 Nanorods as Anode Material for the Sodium Ion Battery,2018,10.1021/acs.energyfuels.8b00454,ENERGY & FUELS,WOS:000432754700071,unlabeled_pool,571
WOS:000435697700009,P2-type Na0.67Mn0.6Fe0.4-x-yZnxNi<su b>yO2 cathode material with high-capacity for sodium-ion battery,2018,10.1007/s11581-018-2442-5,IONICS,WOS:000435697700009,unlabeled_pool,572
WOS:001283011400001,Polyaniline-Coated Na3V2(PO4)2F3 Cathode Enables Fast Sodium Ion Diffusion and Structural Stability in Rechargeable Batteries,2024,10.1021/acsami.4c05832,ACS APPLIED MATERIALS & INTERFACES,WOS:001283011400001,unlabeled_pool,573
WOS:000444331000008,Flexible and binder-free electrospun Co3O4 nanoparticles/carbon composite nanofiber mats as negative electrodes for sodium-ion batteries,2018,10.1142/s1793604718500728,FUNCTIONAL MATERIALS LETTERS,WOS:000444331000008,unlabeled_pool,574
WOS:000781487800006,"Tailoring interphase structure to enable high-rate, durable sodium-ion battery cathode",2022,10.1016/j.jechem.2021.12.018,JOURNAL OF ENERGY CHEMISTRY,WOS:000781487800006,unlabeled_pool,575
WOS:001023422600001,All-Climate Long-Life and Fast-Charging Sodium-Ion Battery using Co3S4@NiS2 Heterostructures Encapsulated in Carbon Matrix as Anode,2023,10.1002/smll.202304165,SMALL,WOS:001023422600001,unlabeled_pool,576
WOS:000776668900001,Electrochemical Study of Prussian White Cathodes with Glymes - Pathway to Graphite-Based Sodium-Ion Battery Full Cells,2022,10.1002/batt.202200043,BATTERIES & SUPERCAPS,WOS:000776668900001,unlabeled_pool,577
WOS:000543866400012,Amorphous SnSe quantum dots anchoring on graphene as high performance anodes for battery/capacitor sodium ion storage,2020,10.1016/j.jpowsour.2020.228414,JOURNAL OF POWER SOURCES,WOS:000543866400012,unlabeled_pool,578
WOS:000502588700014,Recrystallization synthesis of disodium rhodizonate-conductive polyaniline composite with high cyclic performance as cathode material of sodium-ion battery,2020,10.1016/j.apsusc.2019.143849,APPLIED SURFACE SCIENCE,WOS:000502588700014,unlabeled_pool,579
WOS:000508172800011,HPO32- as a building unit for sodium-ion battery cathodes: 3.1 V operation of Na2-xFe(HPO3)2 (0 &lt; x &lt; 1),2019,10.1039/c9cc07516j,CHEMICAL COMMUNICATIONS,WOS:000508172800011,unlabeled_pool,580
WOS:000385840100035,Rod-like Ordered Mesoporous Carbons with Various Lengths as Anode Materials for Sodium Ion Battery,2016,10.1016/j.electacta.2016.09.124,ELECTROCHIMICA ACTA,WOS:000385840100035,unlabeled_pool,581
WOS:000368651100032,Antimony Nanocrystals Encapsulated in Carbon Microspheres Synthesized by a Facile Self-Catalyzing Solvothermal Method for High-Performance Sodium-Ion Battery Anodes,2016,10.1021/acsami.5b10182,ACS APPLIED MATERIALS & INTERFACES,WOS:000368651100032,unlabeled_pool,582
WOS:001635993100001,Optimization of electrochemical performance in P2-type sodium-ion battery cathode materials via sodium stoichiometry adjustment and MgO coating,2025,10.1007/s11581-025-06895-w,IONICS,WOS:001635993100001,unlabeled_pool,583
WOS:000940735700001,Enabling High-Performance Sodium Battery Anodes by Complete Reduction of Graphene Oxide and Cooperative In-Situ Crystallization of Ultrafine SnO2 Nanocrystals,2023,10.1002/eem2.12431,ENERGY & ENVIRONMENTAL MATERIALS,WOS:000940735700001,unlabeled_pool,584
WOS:000577010100001,High performance sodium-ion full battery based on one-dimensional nanostructures: the case of Na0.44MnO2cathode and MoS2anode,2021,10.1088/1361-6463/abb8aa,JOURNAL OF PHYSICS D-APPLIED PHYSICS,WOS:000577010100001,unlabeled_pool,585
WOS:000384906500067,Ultra-long Nanorods of Single-crystalline Na0.44MnO2 as Cathode Materials for Sodium-ion Batteries,2016,10.20964/2016.08.68,INTERNATIONAL JOURNAL OF ELECTROCHEMICAL SCIENCE,WOS:000384906500067,unlabeled_pool,586
WOS:000429262900041,Layered P2-type novel Na0.7Ni0.3Mn0.59Co0.1Cu 0.01O2 cathode material for high-capacity & stable rechargeable sodium ion battery,2018,10.1016/j.electacta.2018.03.058,ELECTROCHIMICA ACTA,WOS:000429262900041,unlabeled_pool,587
WOS:001315937800001,Comprehensive Analysis of Commercial Sodium-Ion Batteries: Structural and Electrochemical Insights,2024,10.1149/1945-7111/ad7765,JOURNAL OF THE ELECTROCHEMICAL SOCIETY,WOS:001315937800001,unlabeled_pool,588
WOS:000430961600001,Adsorption contributions of graphene to sodium ion storage performance,2018,10.1088/1361-6463/aabc4b,JOURNAL OF PHYSICS D-APPLIED PHYSICS,WOS:000430961600001,unlabeled_pool,589
WOS:000607845700017,CuCo2S4: Versatile anode for high capacity and high rate for lithium and sodium ion battery application,2021,10.1016/j.jpcs.2020.109902,JOURNAL OF PHYSICS AND CHEMISTRY OF SOLIDS,WOS:000607845700017,unlabeled_pool,590
WOS:001051605700001,Preparation of disodium terephthalate/multi-walled carbon nanotube composite as an anode material for sodium-ion batteries: Performance and mechanism,2023,10.1016/j.matchemphys.2023.128272,MATERIALS CHEMISTRY AND PHYSICS,WOS:001051605700001,unlabeled_pool,591
WOS:000431622800014,Effect of Long-Range and Local Order of Exfoliated and Proton-Beam-irradiated WSe2 Nanosheets for Sodium Ion Battery Application,2018,10.1002/bkcs.11456,BULLETIN OF THE KOREAN CHEMICAL SOCIETY,WOS:000431622800014,unlabeled_pool,592
WOS:000794091900004,Hierarchical MoS2/carbon composites as superior anode for advanced sodium-ion battery,2022,10.1007/s11581-022-04605-4,IONICS,WOS:000794091900004,unlabeled_pool,593
WOS:000645611200001,Free-Standing N-Doped Porous Carbon Fiber Membrane Derived From Zn-MOF-74: Synthesis and Application as Anode for Sodium-Ion Battery With an Excellent Performance,2021,10.3389/fchem.2021.647545,FRONTIERS IN CHEMISTRY,WOS:000645611200001,unlabeled_pool,594
WOS:001502133400001,Inhibiting Mn Dissolution of Mn-Based Prussian Blue Analogue Through Cross-Linking Network for Sustainable Sodium-Ion Battery,2025,10.1002/aenm.202500544,ADVANCED ENERGY MATERIALS,WOS:001502133400001,unlabeled_pool,595
WOS:000669519900004,Electrochemical Characteristics of Micrometer-sized Sn and Acetylene Black Composites Prepared by Mechanical Milling for Sodium-ion Battery Anodes,2021,10.5796/electrochemistry.21-00035,ELECTROCHEMISTRY,WOS:000669519900004,unlabeled_pool,596
WOS:001338655300001,CVD-Synthesized Titanium Carbide Nanoflowers as High-Performance Anodes for Sodium-Ion Batteries,2024,10.1021/acs.nanolett.4c03597,NANO LETTERS,WOS:001338655300001,unlabeled_pool,597
WOS:000719889900001,Towards high-performance battery systems by regulating morphology of TiO2 materials,2021,10.1016/j.susmat.2021.e00355,SUSTAINABLE MATERIALS AND TECHNOLOGIES,WOS:000719889900001,unlabeled_pool,598
WOS:000384129300075,Highly-ordered microporous carbon nanospheres: a promising anode for high-performance sodium-ion batteries,2016,10.1039/c6ra19393e,RSC ADVANCES,WOS:000384129300075,unlabeled_pool,599
WOS:000617961700011,Enhancing capacitive storage of carbonaceous anode by surface doping and structural modulation for high-performance sodium-ion battery,2021,10.1016/j.powtec.2021.01.020,POWDER TECHNOLOGY,WOS:000617961700011,unlabeled_pool,600
WOS:000517758800046,Insights into the phase transformation of NiCo2S4@rGO for sodium-ion battery electrode,2020,10.1016/j.electacta.2020.135900,ELECTROCHIMICA ACTA,WOS:000517758800046,unlabeled_pool,601
WOS:000522423100001,The Use of Phosphorus in Sodium-Ion Batteries (A Review),2020,10.1134/s1023193520010061,RUSSIAN JOURNAL OF ELECTROCHEMISTRY,WOS:000522423100001,unlabeled_pool,602
WOS:000749783500003,Transformation of diffusive to capacitive kinetics in nanoscale modified Co-TiO2@CNTs composites safeguarding steady reversible capacity as sodium-ion battery anode,2022,10.1016/j.jallcom.2022.163772,JOURNAL OF ALLOYS AND COMPOUNDS,WOS:000749783500003,unlabeled_pool,603
WOS:000453113700019,Sodium storage performance and mechanism of rGO-wrapped nanorod vanadium sulfide as an anode material for sodium ion batteries,2018,10.1016/j.ssi.2018.10.022,SOLID STATE IONICS,WOS:000453113700019,unlabeled_pool,604
WOS:000869296700001,Sodium Ion Storage in Na4MnV(PO4)3@C Free-Standing Electrode,2022,10.1002/adfm.202208051,ADVANCED FUNCTIONAL MATERIALS,WOS:000869296700001,unlabeled_pool,605
WOS:001510792000011,Novel sodium-ion battery anode design of Sn4P3 nanoparticles loaded on biomass-derived carbon,2025,10.1007/s11771-025-5961-z,JOURNAL OF CENTRAL SOUTH UNIVERSITY,WOS:001510792000011,unlabeled_pool,606
WOS:000361832500006,Romanechite-structured Na0.31MnO1.9 nanofibers as high-performance cathode material for a sodium-ion battery,2015,10.1039/c5cc05739f,CHEMICAL COMMUNICATIONS,WOS:000361832500006,unlabeled_pool,607
WOS:000448181000023,Circuit board-like CoS/MXene composite with superior performance for sodium storage,2019,10.1016/j.cej.2018.09.142,CHEMICAL ENGINEERING JOURNAL,WOS:000448181000023,unlabeled_pool,608
WOS:000573297600005,Self-supported cobalt phosphate nanoarray with pseudocapacitive behavior: An efficient 3D anode material for sodium-ion batteries,2020,10.1016/j.jallcom.2020.156285,JOURNAL OF ALLOYS AND COMPOUNDS,WOS:000573297600005,unlabeled_pool,609
WOS:000517360000037,Realizing the Single-Phase Spinel-Type Sodium Titanium Oxide with the Li4Ti5O12-like Structure for Building Stable Sodium-Ion Batteries,2020,10.1021/acsami.9b21925,ACS APPLIED MATERIALS & INTERFACES,WOS:000517360000037,unlabeled_pool,610
WOS:000916380900001,KxCo1.5-0.5xFe(CN)6/rGO with Dual-Active Sodium Ion Storage Site as Superior Anode for Sodium Ion Battery,2023,10.3390/nano13020264,NANOMATERIALS,WOS:000916380900001,unlabeled_pool,611
WOS:000440876700055,Interconnected mesoporous Na2FeSiO4 nanospheres supported on carbon nanotubes as a highly stable and efficient cathode material for sodium-ion battery,2018,10.1016/j.jpowsour.2018.06.049,JOURNAL OF POWER SOURCES,WOS:000440876700055,unlabeled_pool,612
WOS:000405764700030,"A High Capacity, Good Safety and Low Cost Na2FeSiO4-Based Cathode for Rechargeable Sodium-Ion Battery",2017,10.1021/acsami.7b02385,ACS APPLIED MATERIALS & INTERFACES,WOS:000405764700030,unlabeled_pool,613
WOS:001495987100003,Solid solution reaction enhanced rapid sodium ion Migration for superior Low-Temperature performance,2025,10.1016/j.jcis.2025.137851,JOURNAL OF COLLOID AND INTERFACE SCIENCE,WOS:001495987100003,unlabeled_pool,614
WOS:000507146100082,Identifying Anionic Redox Activity within the Related O3-and P2-Type Cathodes for Sodium-Ion Battery,2020,10.1021/acsami.9b18493,ACS APPLIED MATERIALS & INTERFACES,WOS:000507146100082,unlabeled_pool,615
WOS:000781660600005,Two Birds with One Stone: A NaCl-Assisted Strategy toward MoTe2 Nanosheets Nanoconfined in 3D Porous Carbon Network for Sodium-Ion Battery Anode,2022,10.1016/j.ensm.2022.02.046,ENERGY STORAGE MATERIALS,WOS:000781660600005,unlabeled_pool,616
WOS:001330995200001,Insightful interpretation of the unique stacking faults of Na3Ni2SbO6 through cobalt doping for enhanced sodium-ion battery performance,2024,10.1016/j.electacta.2024.145159,ELECTROCHIMICA ACTA,WOS:001330995200001,unlabeled_pool,617
WOS:000337857500023,Pyrolytic carbon from graphite oxide as a negative electrode of sodium-ion battery,2014,10.1016/j.jpowsour.2014.04.038,JOURNAL OF POWER SOURCES,WOS:000337857500023,unlabeled_pool,618
WOS:000345725700042,Electrochemical performance of NaFex(Ni0.5Ti0.5)1-x O2 (x=0.2 and x=0.4) cathode for sodium-ion battery,2015,10.1016/j.jpowsour.2014.09.050,JOURNAL OF POWER SOURCES,WOS:000345725700042,unlabeled_pool,619
WOS:001022151500006,Green synthesis of novel conjugated poly(perylene diimide) as cathode with stable sodium storage,2023,10.1007/s12274-023-5871-z,NANO RESEARCH,WOS:001022151500006,unlabeled_pool,620
WOS:000350192700025,Rhombohedral Prussian White as Cathode for Rechargeable Sodium-Ion Batteries,2015,10.1021/ja510347s,JOURNAL OF THE AMERICAN CHEMICAL SOCIETY,WOS:000350192700025,unlabeled_pool,621
WOS:000465328200032,Morphological adaptability of graphitic carbon nanofibers to enhance sodium insertion in a diglyme-based electrolyte,2019,10.1039/c9dt00563c,DALTON TRANSACTIONS,WOS:000465328200032,unlabeled_pool,622
WOS:000920169600001,Substituting inert phosphate with redox-active silicate towards advanced polyanion-type cathode materials for sodium-ion batteries,2023,10.1039/d2nr06602e,NANOSCALE,WOS:000920169600001,unlabeled_pool,623
WOS:000389099100023,Free-standing electrodes composed of carbon-coated Li4Ti5O12 nanosheets and reduced graphene oxide for advanced sodium ion batteries,2017,10.1016/j.jpowsour.2016.10.088,JOURNAL OF POWER SOURCES,WOS:000389099100023,unlabeled_pool,624
WOS:000419645700001,A Novel Open-Framework Cu-Ge-Based Chalcogenide Anode Material for Sodium-Ion Battery,2017,10.1155/2017/3876525,SCANNING,WOS:000419645700001,unlabeled_pool,625
WOS:000854219500001,Point defects and their impact on electrochemical performance in Na0.44MnO2 for sodium-ion battery cathode application,2022,10.1039/d2cp03199j,PHYSICAL CHEMISTRY CHEMICAL PHYSICS,WOS:000854219500001,unlabeled_pool,626
WOS:000866987000001,Metal-Organic Framework-Derived NiSe Embedded into a Porous Multi-Heteroatom Self-Doped Carbon Matrix as a Promising Anode for Sodium-Ion Battery,2022,10.3390/nano12193345,NANOMATERIALS,WOS:000866987000001,unlabeled_pool,627
WOS:000364578900044,Enhancing sodium-ion battery performance with interlayer-expanded MoS2-PEO nanocomposites,2015,10.1016/j.nanoen.2015.05.012,NANO ENERGY,WOS:000364578900044,unlabeled_pool,628
WOS:000371141500049,Investigation of the Effect of Fluoroethylene Carbonate Additive on Electrochemical Performance of Sb-Based Anode for Sodium-Ion Batteries,2016,10.1016/j.electacta.2015.12.136,ELECTROCHIMICA ACTA,WOS:000371141500049,unlabeled_pool,629
WOS:000390125500011,Hybrid materials of graphene anchored with CoFe2O4 for the anode in sodium-ion batteries,2017,10.1007/s10853-016-0601-5,JOURNAL OF MATERIALS SCIENCE,WOS:000390125500011,unlabeled_pool,630
WOS:000609149500048,"A flexible, integrated film battery configuration for ultrafast sodium ion storage",2021,10.1039/d0ta10238e,JOURNAL OF MATERIALS CHEMISTRY A,WOS:000609149500048,unlabeled_pool,631
WOS:000660433800003,Interlayer-expanded MoS2 vertically anchored on graphene via COS bonds for superior sodium-ion batteries,2021,10.1016/j.jallcom.2021.160280,JOURNAL OF ALLOYS AND COMPOUNDS,WOS:000660433800003,unlabeled_pool,632
WOS:001450271900001,Regulating (010) Exposed Facets of a Sb2O3 Anode to Achieve High-Performance Sodium-Ion Batteries,2025,10.1021/acs.nanolett.5c00847,NANO LETTERS,WOS:001450271900001,unlabeled_pool,633
WOS:000881642300001,Bio-Waste-Derived Hard Carbon Anodes Through a Sustainable and Cost-Effective Synthesis Process for Sodium-Ion Batteries,2022,10.1002/cssc.202201713,CHEMSUSCHEM,WOS:000881642300001,unlabeled_pool,634
WOS:001065992700001,Bimetal Oxide Reduction-Induced Perforation Strategy for Preparing a Multi-Microchannel Graphene-Based Anode Material with Rapid Sodium-Ion Diffusion,2023,10.1021/acsami.3c07118,ACS APPLIED MATERIALS & INTERFACES,WOS:001065992700001,unlabeled_pool,635
WOS:000390494500084,Long life anode material sodium titanate synthesized by a moderate method,2017,10.1016/j.matlet.2016.10.027,MATERIALS LETTERS,WOS:000390494500084,unlabeled_pool,636
WOS:000458706900045,Designing a High-Power Sodium-Ion Battery by in Situ Metal Plating,2019,10.1021/acsaem.8b01361,ACS APPLIED ENERGY MATERIALS,WOS:000458706900045,unlabeled_pool,637
WOS:000481943500048,Porous functionalized carbon as anode for a long cycling of sodium-ion batteries,2019,10.1007/s11581-019-03157-4,IONICS,WOS:000481943500048,unlabeled_pool,638
WOS:000316039000038,Functionalized N-doped interconnected carbon nanofibers as an anode material for sodium-ion storage with excellent performance,2013,10.1016/j.carbon.2012.12.072,CARBON,WOS:000316039000038,unlabeled_pool,639
WOS:000410666000003,Wrinkled Graphene-Reinforced Nickel Sulfide Thin Film as High-Performance Binder-Free Anode for Sodium-Ion Battery,2017,10.1016/j.jmst.2016.09.017,JOURNAL OF MATERIALS SCIENCE & TECHNOLOGY,WOS:000410666000003,unlabeled_pool,640
WOS:000434207800025,Stable Cycling of Phosphorus Anode for Sodium-Ion Batteries through Chemical Bonding with Sulfurized Polyacrylonitrile,2018,10.1002/adfm.201801010,ADVANCED FUNCTIONAL MATERIALS,WOS:000434207800025,unlabeled_pool,641
WOS:000526566900038,Zinc Phosphides as Outstanding Sodium-Ion Battery Anodes,2020,10.1021/acsami.9b21803,ACS APPLIED MATERIALS & INTERFACES,WOS:000526566900038,unlabeled_pool,642
WOS:000471808200003,"Sulfur, Nitrogen Dual Doped Reduced Graphene Oxide Supported Two-Dimensional Sb2S3 Nanostructures for the Anode Material of Sodium-Ion Battery",2019,10.1002/slct.201901153,CHEMISTRYSELECT,WOS:000471808200003,unlabeled_pool,643
WOS:001161736200001,Efficient sulfur atom-doped three-dimensional porous MXene-assisted sodium ion batteries,2024,10.1039/d3dt04312f,DALTON TRANSACTIONS,WOS:001161736200001,unlabeled_pool,644
WOS:000419186800018,Physico-Chemical and Electrochemical Properties of Nanoparticulate NiO/C Composites for High Performance Lithium and Sodium Ion Battery Anodes,2017,10.3390/nano7120423,NANOMATERIALS,WOS:000419186800018,unlabeled_pool,645
WOS:000589935600002,Potential of porous nodal-line semi-metallic carbon for sodium-ion battery anode,2020,10.1016/j.jpowsour.2020.228746,JOURNAL OF POWER SOURCES,WOS:000589935600002,unlabeled_pool,646
WOS:001452722900001,Hollow-Structured Carbon-Coated CoxNiySe2 Assembled with Ultrasmall Nanoparticles for Enhanced Sodium-Ion Battery Performance,2025,10.3390/inorganics13030096,INORGANICS,WOS:001452722900001,unlabeled_pool,647
WOS:000697030300004,"Structural and electrochemical trends in mixed manganese oxides Nax(M0.44Mn0.56)O2 (M = Mn, Fe, Co, Ni) for sodium-ion battery cathode",2021,10.1016/j.jpowsour.2021.230395,JOURNAL OF POWER SOURCES,WOS:000697030300004,unlabeled_pool,648
WOS:000382053300010,Half and full sodium-ion batteries based on maize with high-loading density and long-cycle life,2016,10.1039/c6nr04424g,NANOSCALE,WOS:000382053300010,unlabeled_pool,649
WOS:001590480200003,Hierarchical structure composed of Cu2S nanosheets/rods wrapped with phosphorus-doped carbon as a freestanding electrode for advanced sodium-ion battery,2025,10.1016/j.electacta.2025.147481,ELECTROCHIMICA ACTA,WOS:001590480200003,unlabeled_pool,650
WOS:001586603400001,Ionic Liquid Electrolyte Suppresses Deep Sodiation in Nb4P2S21/Mo2CT x Enabling Transition from Mixed-Voltage to Pure High-Voltage Operation for Sodium-Ion Battery Cathodes,2025,10.1021/acsami.5c10976,ACS APPLIED MATERIALS & INTERFACES,WOS:001586603400001,unlabeled_pool,651
WOS:001146379300001,In Situ Phase Transformation to form MoO3-MoS2 Heterostructure with Enhanced Printable Sodium Ion Storage,2024,10.1002/adfm.202311471,ADVANCED FUNCTIONAL MATERIALS,WOS:001146379300001,unlabeled_pool,652
WOS:000450974700017,Phase transition induced cracking plaguing layered cathode for sodium-ion battery,2018,10.1016/j.nanoen.2018.09.073,NANO ENERGY,WOS:000450974700017,unlabeled_pool,653
WOS:000668381300010,Preparation and Energy Storage Research of Metal Chalcogenide Graphene Composite Nanomaterials,2021,10.1080/10584587.2021.1911265,INTEGRATED FERROELECTRICS,WOS:000668381300010,unlabeled_pool,654
WOS:000397569900010,Design of fast ion conducting cathode materials for grid-scale sodium-ion batteries,2017,10.1039/c7cp00037e,PHYSICAL CHEMISTRY CHEMICAL PHYSICS,WOS:000397569900010,unlabeled_pool,655
WOS:001350642700001,Development and fabrication of an advanced NVPF@C/rGO composite cathode for improved sodium-ion battery performance,2025,10.1007/s11581-024-05882-x,IONICS,WOS:001350642700001,unlabeled_pool,656
WOS:001080513300001,High-Performance Zr-Doped P3-Type Na0.67Ni0.33Mn0.67O2 Cathode for Na-Ion Battery Applications,2023,10.3390/cryst13091339,CRYSTALS,WOS:001080513300001,unlabeled_pool,657
WOS:001294633300001,Innovative design of dual functional polypyrrole-coated zinc cobalt sulfide nanosheets on carbon cloth as a binder-free anode of sodium-ion batteries,2024,10.1016/j.est.2024.112012,JOURNAL OF ENERGY STORAGE,WOS:001294633300001,unlabeled_pool,658
WOS:000407540400096,Improvement of the Cathode Electrolyte Interphase on P2-Na2/3Ni1/3Mn2/3O2</s ub> by Atomic Layer Deposition,2017,10.1021/acsami.7b05326,ACS APPLIED MATERIALS & INTERFACES,WOS:000407540400096,unlabeled_pool,659
WOS:000510947000033,Electrospun SnSe/C nanofibers as binder-free anode for lithium-ion and sodium-ion batteries,2020,10.1016/j.jpowsour.2019.227559,JOURNAL OF POWER SOURCES,WOS:000510947000033,unlabeled_pool,660
WOS:000415135500077,Ultrasmall Fe2GeO4 nanodots anchored on interconnected carbon nanosheets as high-performance anode materials for lithium and sodium ion batteries,2018,10.1016/j.apsusc.2017.08.026,APPLIED SURFACE SCIENCE,WOS:000415135500077,unlabeled_pool,661
WOS:000863618100001,Directional Regulation of Surface Chemistry of Graphene Using Carbon Dots for Sodium-Ion Anodes,2022,10.1021/acsanm.2c03179,ACS APPLIED NANO MATERIALS,WOS:000863618100001,unlabeled_pool,662
WOS:000453651000001,In-situ Grown Sn2 Nanosheets on rGO as an Advanced Anode Materia l for Lithium and Sodium Ion Batteries,2018,10.3389/fchem.2018.00629,FRONTIERS IN CHEMISTRY,WOS:000453651000001,unlabeled_pool,663
WOS:000998028000001,Porous corallite-like NiSe2/CNTs nanocomposite fabricated by a convenient one-step in-suit solid-phase synthesis method with high performance in both supercapacitor and sodium-ion battery,2023,10.1016/j.jallcom.2023.170364,JOURNAL OF ALLOYS AND COMPOUNDS,WOS:000998028000001,unlabeled_pool,664
WOS:000452782100111,Binding ZnO nanorods in reduced graphene oxide via facile electrochemical method for Na-ion battery,2019,10.1016/j.apsusc.2018.09.038,APPLIED SURFACE SCIENCE,WOS:000452782100111,unlabeled_pool,665
WOS:000402082000031,Synthesis of phosphorus-doped soft carbon as anode materials for lithium and sodium ion batteries,2017,10.1134/s0036024417060292,RUSSIAN JOURNAL OF PHYSICAL CHEMISTRY A,WOS:000402082000031,unlabeled_pool,666
WOS:000352791300050,Use of a tin antimony alloy-filled porous carbon nanofiber composite as an anode in sodium-ion batteries,2015,10.1039/c5ra01729g,RSC ADVANCES,WOS:000352791300050,unlabeled_pool,667
WOS:000664188500001,Phenylpyridine Dicarboxylate as Highly Efficient Organic Anode for Na-Ion Batteries,2021,10.1002/cssc.202100872,CHEMSUSCHEM,WOS:000664188500001,unlabeled_pool,668
WOS:000651545000004,Nanorod FeS2 on 3D graphene foam for sodium-ion battery with markable excellent electrochemical performance,2021,10.1007/s10854-021-06119-7,JOURNAL OF MATERIALS SCIENCE-MATERIALS IN ELECTRONICS,WOS:000651545000004,unlabeled_pool,669
WOS:000319236800002,α-MoO3: A high performance anode material for sodium-ion batteries,2013,10.1016/j.elecom.2013.02.020,ELECTROCHEMISTRY COMMUNICATIONS,WOS:000319236800002,unlabeled_pool,670
WOS:000423401100005,Enhancing the Sequential Conversion-Alloying Reaction of Mixed Sn-S Hybrid Anode for Efficient Sodium Storage by a Carbon Healed Graphene Oxide,2018,10.1002/smll.201702605,SMALL,WOS:000423401100005,unlabeled_pool,671
WOS:001186302600001,Pressure-Induced Defects and Reduced Size Endow TiO2 with High Capacity over 20 000 Cycles and Excellent Fast-Charging Performance in Sodium Ion Batteries,2024,10.1002/smll.202312119,SMALL,WOS:001186302600001,unlabeled_pool,672
WOS:000464487000003,Na2Ru0.8Mn0.2O3: A novel cathode material for ultrafast sodium ion battery with large capacity and superlong cycle life,2019,10.1016/j.jpowsour.2019.03.009,JOURNAL OF POWER SOURCES,WOS:000464487000003,unlabeled_pool,673
WOS:000351701600001,Beyond Divalent Copper: A Redox Couple for Sodium Ion Battery Cathode Materials,2015,10.1149/2.0041505eel,ECS ELECTROCHEMISTRY LETTERS,WOS:000351701600001,unlabeled_pool,674
WOS:000458872600047,"An alluaudite-type sodium-ion battery cathode candidate Na2Mn2V(PO4)3: Crystal growth, preparation, structure and electrochemical properties",2019,10.1016/j.jallcom.2018.12.346,JOURNAL OF ALLOYS AND COMPOUNDS,WOS:000458872600047,unlabeled_pool,675
WOS:000444859700010,A phase-transition-free cathode for sodium-ion batteries with ultralong cycle life,2018,10.1016/j.nanoen.2018.07.042,NANO ENERGY,WOS:000444859700010,unlabeled_pool,676
WOS:000619132600005,Dual carbon coating engineering endows hollow structured TiO2 with superior sodium storage performance,2021,10.1016/j.jpowsour.2021.229516,JOURNAL OF POWER SOURCES,WOS:000619132600005,unlabeled_pool,677
WOS:000367614000020,Metal-organic framework derived hollow polyhedron metal oxide posited graphene oxide for energy storage applications,2016,10.1039/c5cc07621h,CHEMICAL COMMUNICATIONS,WOS:000367614000020,unlabeled_pool,678
WOS:000503909500006,Ultra-small Na3V2(PO4)3 nanoparticles decorated MOFs-derived carbon enabling fast charge transfer for high-rate sodium storage,2019,10.1016/j.ssi.2019.115061,SOLID STATE IONICS,WOS:000503909500006,unlabeled_pool,679
WOS:000496712400023,Asymmetric reaction pathway of Na+-ion during fast cycling in α- and γ-Fe2O3 thin film anode for sodium-ion battery,2019,10.1007/s11581-019-03112-3,IONICS,WOS:000496712400023,unlabeled_pool,680
WOS:000429415200018,High Rate Capability and Enhanced Cyclability of Na3V2(PO4)2F3 Cathode by In Situ Coating of Carbon Nanofibers for Sodium-Ion Battery Applications,2018,10.1002/chem.201704131,CHEMISTRY-A EUROPEAN JOURNAL,WOS:000429415200018,unlabeled_pool,681
WOS:000729573300001,In situ etching strategy to construct yolk-shell CoSe2@NiCoSe4-NC heterostructures for high-performance sodium ion battery,2022,10.1039/d1qm01360b,MATERIALS CHEMISTRY FRONTIERS,WOS:000729573300001,unlabeled_pool,682
WOS:000366069300037,Exploring the Low Voltage Behavior of V2O5 Aerogel as Intercalation Host for Sodium Ion Battery,2015,10.1149/2.0711514jes,JOURNAL OF THE ELECTROCHEMICAL SOCIETY,WOS:000366069300037,unlabeled_pool,683
WOS:000396814900024,Nanospace-controlled SnO2/Nanoporous Carbon Composite as a High-performance Anode for Sodium Ion Batteries,2017,10.1246/cl.161185,CHEMISTRY LETTERS,WOS:000396814900024,unlabeled_pool,684
WOS:001616799200013,Physical Properties of Doped Silicene Anodes for Na-Ion Battery: A First-Principles Study,2025,10.1007/s11664-025-11950-3,JOURNAL OF ELECTRONIC MATERIALS,WOS:001616799200013,unlabeled_pool,685
WOS:001478368400001,Physical Properties of Doped Silicene Anodes for Na-Ion Battery: A First-Principles Study,2025,10.1007/s11664-025-11950-3,JOURNAL OF ELECTRONIC MATERIALS,WOS:001478368400001,unlabeled_pool,686
WOS:000895311900004,High performance sodium-ion anodes based on FeSb2S4/Sb embedded within porous reduced graphene oxide/carbon nanotubes matrix,2022,10.1016/j.jallcom.2022.167576,JOURNAL OF ALLOYS AND COMPOUNDS,WOS:000895311900004,unlabeled_pool,687
WOS:000869610200001,First-principles study of Na insertion at SiC and TiO2 anatase surfaces for Na-ion battery design,2023,10.1007/s12648-022-02461-6,INDIAN JOURNAL OF PHYSICS,WOS:000869610200001,unlabeled_pool,688
WOS:000340175300020,Sodium Vanadium Oxide: A New Material for High-Performance Symmetric Sodium-Ion Batteries,2014,10.1002/cphc.201402020,CHEMPHYSCHEM,WOS:000340175300020,unlabeled_pool,689
WOS:000907848000001,Agricultural Wastes for Full-Cell Sodium-Ion Batteries: Engineering Biomass Components to Maximize the Performance and Economic Prospects,2022,10.1021/acssuschemeng.2c04750,ACS SUSTAINABLE CHEMISTRY & ENGINEERING,WOS:000907848000001,unlabeled_pool,690
WOS:000360294900105,Porous nitrogen doped carbon sphere as high performance anode of sodium-ion battery,2015,10.1016/j.carbon.2015.07.067,CARBON,WOS:000360294900105,unlabeled_pool,691
WOS:000900129700003,High performance sodium-ion anodes based on FeSb2S4/Sb embedded within porous reduced graphene oxide/carbon nanotubes matrix,2023,10.1016/j.jallcom.2022.167576,JOURNAL OF ALLOYS AND COMPOUNDS,WOS:000900129700003,unlabeled_pool,692
WOS:001604488700001,Tin Anode for High-Energy-Density Na-Ion Batteries,2025,10.1149/1945-7111/ae0fc4,JOURNAL OF THE ELECTROCHEMICAL SOCIETY,WOS:001604488700001,unlabeled_pool,693
WOS:000541197300003,Research progress on tin-based anode materials for sodium ion batteries,2020,10.1007/s12598-020-01453-x,RARE METALS,WOS:000541197300003,unlabeled_pool,694
WOS:001006163000001,Conductive MOF on ZIF-Derived Carbon Fibers as Superior Anode in Sodium-Ion Battery,2023,10.1021/acsami.3c04341,ACS APPLIED MATERIALS & INTERFACES,WOS:001006163000001,unlabeled_pool,695
WOS:000776118600002,Self-source silicon embedded in 2D biomass-based carbon sheet as anode material for sodium ion battery,2022,10.1016/j.apsusc.2022.152759,APPLIED SURFACE SCIENCE,WOS:000776118600002,unlabeled_pool,696
WOS:000514818500046,Phosphorus-Carbon Composite for a Negative Electrode of a Sodium-ion Battery,2020,10.20964/2020.02.47,INTERNATIONAL JOURNAL OF ELECTROCHEMICAL SCIENCE,WOS:000514818500046,unlabeled_pool,697
WOS:001536646800001,Feature-driven machine learning screening of sodium-ion battery electrodes to support large-scale energy storage,2025,10.1016/j.electacta.2025.146734,ELECTROCHIMICA ACTA,WOS:001536646800001,unlabeled_pool,698
WOS:000582869700028,ZIF-8 derived nitrogen-doped carbon composites boost the rate performance of organic cathodes for sodium ion batteries,2020,10.1016/j.electacta.2020.137115,ELECTROCHIMICA ACTA,WOS:000582869700028,unlabeled_pool,699
WOS:000729318800001,Synthesis of new two-dimensional titanium carbonitride Ti2C0.5N0.5< /sub>Tx MXene and its performance as an electrode material for sodium-ion battery,2021,10.1002/inf2.12269,INFOMAT,WOS:000729318800001,unlabeled_pool,700
WOS:000935581600003,Spray-assisted synthesis of layered P2-type Na0.67Mn0.67Cu0.33O2 powders and their superior electrochemical properties for Na-ion battery cathode,2023,10.1016/j.apsusc.2022.155673,APPLIED SURFACE SCIENCE,WOS:000935581600003,unlabeled_pool,701
WOS:001619473400009,Wasted lychee wood derived multi-heteroatom doped hard carbon for superior sodium-ion storage,2026,10.1016/j.est.2025.119332,JOURNAL OF ENERGY STORAGE,WOS:001619473400009,unlabeled_pool,702
WOS:000457724000001,Ti3C2Tx MXene decorated with Sb nanoparticles as anodes material for sodium-ion batteries,2019,10.1088/1361-6528/aafcef,NANOTECHNOLOGY,WOS:000457724000001,unlabeled_pool,703
WOS:001173763400001,Three-phase Sn-based heterostructure nanoparticles anchored on N-doped graphene as a promising anode for lithium/sodium storage,2024,10.1016/j.jelechem.2024.118063,JOURNAL OF ELECTROANALYTICAL CHEMISTRY,WOS:001173763400001,unlabeled_pool,704
WOS:000821907900001,Insight to Se-doping effects on Fe7S8/carbon nanotubes composite as anode for sodium-ion batteries,2022,10.1016/j.jpowsour.2022.231458,JOURNAL OF POWER SOURCES,WOS:000821907900001,unlabeled_pool,705
WOS:000458705500064,Micrometer-Sized Nanoporous Sb/C Anode with High Volumetric Capacity and Fast Charging Performance for Sodium-Ion Batteries,2018,10.1021/acsaem.8b00416,ACS APPLIED ENERGY MATERIALS,WOS:000458705500064,unlabeled_pool,706
WOS:000953204900001,Unprecedented Cyclability and Moisture Durability of NaCrO2 Sodium-Ion Battery Cathode via Simultaneous Al Doping and Cr2O3 Coating,2023,10.1021/acsami.2c23236,ACS APPLIED MATERIALS & INTERFACES,WOS:000953204900001,unlabeled_pool,707
WOS:000354220000015,A Composite Gel-Polymer/Glass-Fiber Electrolyte for Sodium-Ion Batteries,2015,10.1002/aenm.201402235,ADVANCED ENERGY MATERIALS,WOS:000354220000015,unlabeled_pool,708
WOS:001215571100001,Na3.8MnV0.8Zr0.2(PO4)3< /sub>/C/rGO composite cathode for sodium-ion battery with enhanced cycling stability and rate capability,2024,10.1007/s42823-024-00739-9,CARBON LETTERS,WOS:001215571100001,unlabeled_pool,709
WOS:001389981000001,Co-operative Interaction of Multiple Ions for P2-Type Sodium-Ion Battery Cathodes at High-Voltage Cyclability,2025,10.1021/acsaem.4c01982,ACS APPLIED ENERGY MATERIALS,WOS:001389981000001,unlabeled_pool,710
WOS:000485947800024,Sodium Storage in Coal/Biomass-Derived Carbon/Carbon 3D Networks,2019,10.1002/celc.201901176,CHEMELECTROCHEM,WOS:000485947800024,unlabeled_pool,711
WOS:000665625900010,Pillar-beam structures prevent layered cathode materials from destructive phase transitions,2021,10.1038/s41467-020-20169-1,NATURE COMMUNICATIONS,WOS:000665625900010,unlabeled_pool,712
WOS:001451065400001,Enhancing the structural stability and strength of P2-type layered oxide sodium ion battery cathodes by Zn/F dual-site doping,2025,10.1016/j.cej.2025.161676,CHEMICAL ENGINEERING JOURNAL,WOS:001451065400001,unlabeled_pool,713
WOS:000614754500001,Iron substituted layered P2-type Na1/2Ti6/10Ni3<su b>/10Fe1/10O2 as innovative anode material for rechargeable sodium batteries,2021,10.1016/j.inoche.2020.108383,INORGANIC CHEMISTRY COMMUNICATIONS,WOS:000614754500001,unlabeled_pool,714
WOS:000380746100070,Sb2S3 embedded in amorphous P/C composite matrix as high-performance anode material for sodium ion batteries,2016,10.1016/j.electacta.2016.05.190,ELECTROCHIMICA ACTA,WOS:000380746100070,unlabeled_pool,715
WOS:000863464600004,Performance analysis of Na-ion batteries by machine learning,2022,10.1016/j.jpowsour.2022.232126,JOURNAL OF POWER SOURCES,WOS:000863464600004,unlabeled_pool,716
WOS:000378755200048,Organic sodium terephthalate@graphene hybrid anode materials for sodium-ion batteries,2016,10.1039/c6ra11809g,RSC ADVANCES,WOS:000378755200048,unlabeled_pool,717
WOS:000574675800001,Tin-Containing Graphite for Sodium-Ion Batteries and Hybrid Capacitors,2021,10.1002/batt.202000196,BATTERIES & SUPERCAPS,WOS:000574675800001,unlabeled_pool,718
WOS:000430904200010,Habit plane-driven P2-type manganese-based layered oxide as long cycling cathode for Na-ion batteries,2018,10.1016/j.jpowsour.2018.02.053,JOURNAL OF POWER SOURCES,WOS:000430904200010,unlabeled_pool,719
WOS:001540322900001,Efficient preparation and modification of NaFe0.33Ni0.38Mn0.38O2 as advanced cathode materials for sodium-ion battery via ultrasound-microwave assisted hydrothermal method,2025,10.1016/j.matchemphys.2025.131278,MATERIALS CHEMISTRY AND PHYSICS,WOS:001540322900001,unlabeled_pool,720
WOS:001184259300001,N-doped graphene quantum dot-decorated MOF-derived yolk-shell ZnO/ NiO hybrids to boost lithium and sodium ion battery performance,2024,10.1016/j.apsusc.2024.159702,APPLIED SURFACE SCIENCE,WOS:001184259300001,unlabeled_pool,721
WOS:000330097900010,Na2FeP2O7: A Safe Cathode for Rechargeable Sodium-ion Batteries,2013,10.1021/cm401657c,CHEMISTRY OF MATERIALS,WOS:000330097900010,unlabeled_pool,722
WOS:000711030600028,Stable Li+/Na+ Batteries with Anodes Boosted by Hollow Tubular-Structured MoS2 Nanosheet/N-Doped Carbon Nanosheet Composites,2021,10.1021/acsanm.1c01747,ACS APPLIED NANO MATERIALS,WOS:000711030600028,unlabeled_pool,723
WOS:000384910500074,The importance of solid electrolyte interphase formation for long cycle stability full-cell Na-ion batteries,2016,10.1016/j.nanoen.2016.07.030,NANO ENERGY,WOS:000384910500074,unlabeled_pool,724
WOS:000513245800005,Composites of Sb2O4 and Biomass-Derived Mesoporous Disordered Carbon as Versatile Anodes for Sodium-Ion Batteries,2020,10.1002/slct.201904600,CHEMISTRYSELECT,WOS:000513245800005,unlabeled_pool,725
WOS:000654073400008,Electrochemical Activity of Positive Electrode Material of P2-Nax[Mg0.33Mn0.67]O2</sub > Sodium Ion Battery,2021,10.15541/jim20200534,JOURNAL OF INORGANIC MATERIALS,WOS:000654073400008,unlabeled_pool,726
WOS:000494964300001,Three-Sodium Ion Activity of a Hollow Spherical Na3V2(PO4)2F3 Cathode: Demonstrating High Capacity and Stability,2020,10.1002/batt.201900147,BATTERIES & SUPERCAPS,WOS:000494964300001,unlabeled_pool,727
WOS:001338682700001,Synthesis of Rod-Like Sb2Se3@MWCNT as Conductive-Additive Free Anode for Sodium-Ion Batteries,2025,10.1002/batt.202400378,BATTERIES & SUPERCAPS,WOS:001338682700001,unlabeled_pool,728
WOS:000364614800008,Design of a Sodium-ion Cell with a Carbon-free Li4Ti5O12 Negative Electrode,2015,10.5796/electrochemistry.83.989,ELECTROCHEMISTRY,WOS:000364614800008,unlabeled_pool,729
WOS:000468337500050,Bimetallic ZIF-derived polyhedron ZnCo2O4 anchored on the reduced graphene oxide as an anode for sodium-ion battery,2019,10.1007/s11581-019-02982-x,IONICS,WOS:000468337500050,unlabeled_pool,730
WOS:000534493000012,Manipulating the stress of Sn in carbon structure to realize long-life high performance sodium ion battery anode material,2020,10.1016/j.jallcom.2020.155177,JOURNAL OF ALLOYS AND COMPOUNDS,WOS:000534493000012,unlabeled_pool,731
WOS:000455642500029,Carbon quantum dots from glucose oxidation as a highly competent anode material for lithium and sodium-ion batteries,2019,10.1016/j.electacta.2018.11.167,ELECTROCHIMICA ACTA,WOS:000455642500029,unlabeled_pool,732
WOS:000426491600005,A Top-Down Strategy toward SnSb In-Plane Nanoconfined 3D N-Doped Porous Graphene Composite Microspheres for High Performance Na-Ion Battery Anode,2018,10.1002/adma.201704670,ADVANCED MATERIALS,WOS:000426491600005,unlabeled_pool,733
WOS:000641079100006,Engineering stable and fast sodium diffusion route by constructing hierarchical MoS2 hollow spheres,2021,10.1016/j.jcis.2021.03.112,JOURNAL OF COLLOID AND INTERFACE SCIENCE,WOS:000641079100006,unlabeled_pool,734
WOS:000508464500050,"Chalcopyrite-Derived NaxMO2 (M = Cu, Fe, Mn) Cathode: Tuning Impurities for Self-Doping",2020,10.1021/acsami.9b17952,ACS APPLIED MATERIALS & INTERFACES,WOS:000508464500050,unlabeled_pool,735
WOS:000613031800001,Design and Construction of 3D Porous Na3V2(PO4)3/C as High Performance Cathode for Sodium Ion Batteries,2021,10.1007/s40242-021-0433-y,CHEMICAL RESEARCH IN CHINESE UNIVERSITIES,WOS:000613031800001,unlabeled_pool,736
WOS:001569984400001,"An S-Infused/S, F-Codoped PVDF-Derived Carbon as a High-Performance Anode for Sodium-Ion Batteries",2025,10.3390/ma18174018,MATERIALS,WOS:001569984400001,unlabeled_pool,737
WOS:000542802300002,MXene-Derived Defect-Rich TiO2@rGO as High-Rate Anodes for Full Na Ion Batteries and Capacitors,2020,10.1007/s40820-020-00471-9,NANO-MICRO LETTERS,WOS:000542802300002,unlabeled_pool,738
WOS:000461014900015,Single crystalline nanorods of Na0.44MnO2 enhanced by reduced graphene oxides as a high rate and high capacity cathode material for sodium-ion batteries,2019,10.1016/j.electacta.2019.02.074,ELECTROCHIMICA ACTA,WOS:000461014900015,unlabeled_pool,739
WOS:000700097400002,Conductive carbon networks in surface coating of GeP rods toward high-performance lithium/sodium-ion battery anode,2021,10.1016/j.surfin.2021.101461,SURFACES AND INTERFACES,WOS:000700097400002,unlabeled_pool,740
WOS:001502755600002,Gentle self-assembled freeze-thaw synthesis of graphene/SnO2 composite aerogel for sodium-ion battery anodes,2025,10.1016/j.apsusc.2025.163610,APPLIED SURFACE SCIENCE,WOS:001502755600002,unlabeled_pool,741
WOS:000391820800028,Self-assembled twine-like Na2Ti3O7 nanostructure as advanced anode for sodium-ion batteries,2017,10.1016/j.jallcom.2016.12.152,JOURNAL OF ALLOYS AND COMPOUNDS,WOS:000391820800028,unlabeled_pool,742
WOS:000363163200027,High rate sodium ion battery anodes from block copolymer templated mesoporous nickel-cobalt carbonates and oxides,2015,10.1039/c5ta04520g,JOURNAL OF MATERIALS CHEMISTRY A,WOS:000363163200027,unlabeled_pool,743
WOS:001622107100004,Lignin-derived hard carbon with tailored microstructure as anode for high-performance sodium-ion battery,2026,10.1016/j.jelechem.2025.119644,JOURNAL OF ELECTROANALYTICAL CHEMISTRY,WOS:001622107100004,unlabeled_pool,744
WOS:001201920700001,Pitch-derived P-doped carbon/GeP3 composite via ball milling towards enhanced sodium-ion storage,2024,10.1016/j.elecom.2024.107698,ELECTROCHEMISTRY COMMUNICATIONS,WOS:001201920700001,unlabeled_pool,745
WOS:000821440400002,Superior cycling stability of saturated graphitic carbon nitride in hydrogel reduced graphene oxide anode for Sodium-ion battery,2022,10.1016/j.flatc.2022.100351,FLATCHEM,WOS:000821440400002,unlabeled_pool,746
WOS:000593858900001,Nanostructured LiTi2(PO4)3 anode with superior lithium and sodium storage capability aqueous electrolytes,2021,10.1016/j.jpowsour.2020.229110,JOURNAL OF POWER SOURCES,WOS:000593858900001,unlabeled_pool,747
WOS:000370044500004,Highly Ordered Dual Porosity Mesoporous Cobalt Oxide for Sodium-Ion Batteries,2016,10.1002/admi.201500464,ADVANCED MATERIALS INTERFACES,WOS:000370044500004,unlabeled_pool,748
WOS:000610422600016,Na3V2(PO4)3@C prepared by one-step carbothermal reduction acting as cathode material for sodium-ion batteries,2020,10.1166/mex.2020.1855,MATERIALS EXPRESS,WOS:000610422600016,unlabeled_pool,749
WOS:001309906700001,N/S dual-doped KB-decorated Na3V2(PO4)2F3 as high-performance cathode for advanced sodium storage properties,2024,10.1007/s11581-024-05803-y,IONICS,WOS:001309906700001,unlabeled_pool,750
WOS:000509689700024,Template directed hydrothermal synthesis of flowerlike NiSex/C composites as lithium/sodium ion battery anodes,2020,10.1007/s10853-019-04200-5,JOURNAL OF MATERIALS SCIENCE,WOS:000509689700024,unlabeled_pool,751
WOS:000554982500089,Free-Standing NiS2 Electrode as High-Rate Anode Material for Sodium-ton Batteries,2020,10.1166/jnn.2020.18823,JOURNAL OF NANOSCIENCE AND NANOTECHNOLOGY,WOS:000554982500089,unlabeled_pool,752
WOS:000410659800057,Bio-inspired spider-web-like membranes with a hierarchical structure for high performance lithium/sodium ion battery electrodes: the case of 3D freestanding and binder-free bismuth/CNF anodes,2017,10.1039/c7nr04912a,NANOSCALE,WOS:000410659800057,unlabeled_pool,753
WOS:000507378300045,In-situ growth of V-shaped CoSe2 nanorods on graphene with C-Co bonding for high-rate and long-life sodium-ion batteries,2020,10.1016/j.jallcom.2019.153359,JOURNAL OF ALLOYS AND COMPOUNDS,WOS:000507378300045,unlabeled_pool,754
WOS:000401101700026,MgFe2O4 hollow microboxes derived from metal-organic-frameworks as anode material for sodium-ion batteries,2017,10.1016/j.matlet.2017.04.069,MATERIALS LETTERS,WOS:000401101700026,unlabeled_pool,755
WOS:000930966700001,Mnx+ Substitution to Improve Na3V2(PO4)2F3-Bas ed Electrodes for Sodium-Ion Battery Cathode,2023,10.3390/molecules28031409,MOLECULES,WOS:000930966700001,unlabeled_pool,756
WOS:001375887300001,Physicochemical analysis of activated charcoal/solid biopolymer electrolyte (gellan gum) with NaI/Na0.60CoO2 towards solid-state Na-ion battery application,2025,10.1007/s10008-024-06153-5,JOURNAL OF SOLID STATE ELECTROCHEMISTRY,WOS:001375887300001,unlabeled_pool,757
WOS:001605595000005,"Multidimensional carbon architecture empowering Na4Fe3(PO4)2P2O7 cathode: An ultra-stable sodium-ion battery design enduring 10,000 cycles",2025,10.1016/j.cej.2025.169364,CHEMICAL ENGINEERING JOURNAL,WOS:001605595000005,unlabeled_pool,758
WOS:000925793600001,Hybridization of Layered Titanium Oxides and Covalent Organic Nanosheets into Hollow Spheres for High-Performance Sodium-Ion Batteries with Boosted Electrical/Ionic Conductivity and Ultralong Cycle Life,2023,10.1021/acsnano.2c11699,ACS NANO,WOS:000925793600001,unlabeled_pool,759
WOS:000423005300040,Enhanced electrochemical performance of SnS nanoparticles/CNTs composite as anode material for sodium-ion battery,2018,10.1016/j.cclet.2017.06.019,CHINESE CHEMICAL LETTERS,WOS:000423005300040,unlabeled_pool,760
WOS:001397391500001,Local Structure Regulation for Oxygen Redox and Structure Stability of P2-Type Cathodes,2025,10.1002/smll.202411052,SMALL,WOS:001397391500001,unlabeled_pool,761
WOS:000487931500009,Blocks of molybdenum ditelluride: A high rate anode for sodium-ion battery and full cell prototype study,2019,10.1016/j.nanoen.2019.103951,NANO ENERGY,WOS:000487931500009,unlabeled_pool,762
WOS:000395018100013,Influence of sol-gel precursors on the electrochemical performance of NaMn0.33Ni0.33Co0.33O2 positive electrode for sodium-ion battery,2017,10.1007/s11581-016-1824-9,IONICS,WOS:000395018100013,unlabeled_pool,763
WOS:000360322000004,Lattice Breathing Inhibited Layered Vanadium Oxide Ultrathin Nanobelts for Enhanced Sodium Storage,2015,10.1021/acsami.5b06154,ACS APPLIED MATERIALS & INTERFACES,WOS:000360322000004,unlabeled_pool,764
WOS:000621259000001,Hierarchical Composite of Sb2S3 decorated on highly crumpled Ti3C2Tx nanosheets for enhanced sodium storage properties,2021,10.1016/j.electacta.2021.137835,ELECTROCHIMICA ACTA,WOS:000621259000001,unlabeled_pool,765
WOS:000684284700001,Synthesis of bimetallic sulfide FeCoS4@carbon nanotube graphene hybrid as a high-performance anode material for sodium-ion batteries,2021,10.1016/j.cej.2021.130070,CHEMICAL ENGINEERING JOURNAL,WOS:000684284700001,unlabeled_pool,766
WOS:000396223500033,SnO2 particles anchored on N-doped graphene surface as sodium-ion battery anode with enhanced electrochemical capability,2017,10.1016/j.apsusc.2016.10.109,APPLIED SURFACE SCIENCE,WOS:000396223500033,unlabeled_pool,767
WOS:000345124600087,Novel copper redox-based cathode materials for room-temperature sodium-ion batteries,2014,10.1088/1674-1056/23/11/118202,CHINESE PHYSICS B,WOS:000345124600087,unlabeled_pool,768
WOS:000779670300003,Tailoring of hierarchical MnMoO4/C nanocauliflowers for high-performance lithium/sodium ion half/full batteries,2022,10.1016/j.jallcom.2022.164394,JOURNAL OF ALLOYS AND COMPOUNDS,WOS:000779670300003,unlabeled_pool,769
WOS:000515499900190,Sulfur-Deficient Porous SnS2-x Microflowers as Superior Anode for Alkaline Ion Batteries,2020,10.3390/ma13020443,MATERIALS,WOS:000515499900190,unlabeled_pool,770
WOS:001468732500001,The interactions of multiphase metal sulfide-based composites make high-conductivity sodium-ion battery anode materials feasible,2025,10.1016/j.jallcom.2025.180331,JOURNAL OF ALLOYS AND COMPOUNDS,WOS:001468732500001,unlabeled_pool,771
WOS:000353731700026,Synthesis of lithium titanate nanorods as anode materials for lithium and sodium ion batteries with superior electrochemical performance,2015,10.1016/j.jpowsour.2015.02.061,JOURNAL OF POWER SOURCES,WOS:000353731700026,unlabeled_pool,772
WOS:000414106100013,Microwave-Assisted Synthesis of NiCo2O4 Double-Shelled Hollow Spheres for High-Performance Sodium Ion Batteries,2018,10.1007/s40820-017-0164-2,NANO-MICRO LETTERS,WOS:000414106100013,unlabeled_pool,773
WOS:001503902200003,Open sesame: tailoring the microstructure of biomass-derived hard carbon for high-efficiency sodium-ion battery anodes,2025,10.1016/j.cej.2025.163768,CHEMICAL ENGINEERING JOURNAL,WOS:001503902200003,unlabeled_pool,774
WOS:000531741000007,"Chemical Grafting-derived N, P Co-doped Hollow Microporous Carbon Spheres for High-Performance Sodium-ion Battery Anodes",2020,10.1016/j.apsusc.2020.146221,APPLIED SURFACE SCIENCE,WOS:000531741000007,unlabeled_pool,775
WOS:000428103100042,Carbon embedded SnSb composite tailored by carbothermal reduction process as high performance anode for sodium-ion batteries,2018,10.1016/j.jiec.2017.11.032,JOURNAL OF INDUSTRIAL AND ENGINEERING CHEMISTRY,WOS:000428103100042,unlabeled_pool,776
WOS:000648865700003,Modification of the morphology of Na3V2(PO4)2F3 as cathode material for sodium-ion batteries by polyvinylpyrrolidone,2021,10.1016/j.ceramint.2021.03.030,CERAMICS INTERNATIONAL,WOS:000648865700003,unlabeled_pool,777
WOS:000466988800048,Polypyrrole-Coated Sodium Manganate Hollow Microspheres as a Superior Cathode for Sodium Ion Batteries,2019,10.1021/acsami.9b02555,ACS APPLIED MATERIALS & INTERFACES,WOS:000466988800048,unlabeled_pool,778
WOS:001514054600001,Sodium-ion battery cathode materials: towards improved energy-based descriptors for investigating material stability against moisture,2025,10.1039/d5qi00892a,INORGANIC CHEMISTRY FRONTIERS,WOS:001514054600001,unlabeled_pool,779
WOS:000722585300002,Construction of simultaneous modified Na3V2(PO4)3/C cathode with K/Zr substitution and carbon nanotubes enwrapping for high performance sodium ion battery,2022,10.1016/j.ceramint.2021.09.115,CERAMICS INTERNATIONAL,WOS:000722585300002,unlabeled_pool,780
WOS:000501399800015,3D pollen-scaffolded NiSe composite encapsulated by MOF-derived carbon shell as a high-low temperature anode for Na-ion storage,2019,10.1016/j.compositesb.2019.107538,COMPOSITES PART B-ENGINEERING,WOS:000501399800015,unlabeled_pool,781
WOS:000678382900052,Nitrogen-Doped Porous Carbon Framework Supports Ultrafine FeS2 Nanoparticles as Advanced Performance Anode Materials for Sodium-Ion Batteries,2021,10.1021/acsaem.1c00967,ACS APPLIED ENERGY MATERIALS,WOS:000678382900052,unlabeled_pool,782
WOS:000872288500001,Sosnowskyi Hogweed-Based Hard Carbons for Sodium-Ion Batteries,2022,10.3390/batteries8100131,BATTERIES-BASEL,WOS:000872288500001,unlabeled_pool,783
WOS:000434241800022,A high rate capability and long lifespan symmetric sodium-ion battery system based on a bipolar material Na2LiV2(PO4)3/C,2018,10.1039/c8ta01314d,JOURNAL OF MATERIALS CHEMISTRY A,WOS:000434241800022,unlabeled_pool,784
WOS:000653614100002,Ultra-stable carbon-coated sodium vanadium phosphate as cathode material for sodium-ion battery,2022,10.1007/s12598-021-01743-y,RARE METALS,WOS:000653614100002,unlabeled_pool,785
WOS:001079401700001,Sustainable Fabrication of a Practical Hard Carbon Anode for a Sodium-Ion Battery with Unprecedented Long Cycle Life,2023,10.1021/acssuschemeng.3c03765,ACS SUSTAINABLE CHEMISTRY & ENGINEERING,WOS:001079401700001,unlabeled_pool,786
WOS:000429262900028,Graphitic carbon foams as anodes for sodium-ion batteries in glyme-based electrolytes,2018,10.1016/j.electacta.2018.03.084,ELECTROCHIMICA ACTA,WOS:000429262900028,unlabeled_pool,787
WOS:000929523500001,High-rate performance and super long-cycle stability of Na3V2(PO4)3 cathode material coated by diatomic doped carbon,2023,10.1007/s12598-022-02204-w,RARE METALS,WOS:000929523500001,unlabeled_pool,788
WOS:000505221700089,Substantial doping engineering in Na3V2-xFex(PO4)3 (0≤x≤0.15) as high-rate cathode for sodium-ion battery,2020,10.1016/j.matdes.2019.108287,MATERIALS & DESIGN,WOS:000505221700089,unlabeled_pool,789
WOS:000669533800089,Prussian White with Near-Maximum Specific Capacity in Sodium-Ion Batteries,2021,10.1021/acsaem.1c00987,ACS APPLIED ENERGY MATERIALS,WOS:000669533800089,unlabeled_pool,790
WOS:000446283100019,A porous poly (vinylidene fluoride-co-hexafluoropropylene) based separator-cum-gel polymer electrolyte for sodium-ion battery,2018,10.1016/j.jelechem.2018.08.032,JOURNAL OF ELECTROANALYTICAL CHEMISTRY,WOS:000446283100019,unlabeled_pool,791
WOS:001448880800001,Two-dimensional ScTe2 monolayer: An efficient anode material for sodium-ion battery and cathode material for lithium-ion and potassium-ion battery,2025,10.1016/j.commatsci.2025.113824,COMPUTATIONAL MATERIALS SCIENCE,WOS:001448880800001,unlabeled_pool,792
WOS:001007736100001,Precise surface selenizing modulation for amorphous MoP@MoSe2/SnP2O7 hierarchical nanofibers as sodium ion battery anode,2023,10.1016/j.apsusc.2023.157508,APPLIED SURFACE SCIENCE,WOS:001007736100001,unlabeled_pool,793
WOS:000398330200018,Phosphorus nanoparticles combined with cubic boron nitride and graphene as stable sodium-ion battery anodes,2017,10.1016/j.electacta.2017.03.055,ELECTROCHIMICA ACTA,WOS:000398330200018,unlabeled_pool,794
WOS:001224353100001,Boosting sodium-ion battery performance using Na3(VO)2(PO4)2F microrods self-embedded in a 3D conductive interpenetrated framework,2024,10.1016/j.jallcom.2024.174261,JOURNAL OF ALLOYS AND COMPOUNDS,WOS:001224353100001,unlabeled_pool,795
WOS:000471227300001,Tailoring sodium intercalation in graphite for high energy and power sodium ion batteries,2019,10.1038/s41467-019-10551-z,NATURE COMMUNICATIONS,WOS:000471227300001,unlabeled_pool,796
WOS:001505101200002,Exploring BaxCoO2 as a potential cathode material for rechargeable batteries,2025,10.1007/s11706-025-0724-1,FRONTIERS OF MATERIALS SCIENCE,WOS:001505101200002,unlabeled_pool,797
WOS:001628269700014,In2O3-induced Na3V2(PO4)3 nanosized growth for enhanced Na3V2(PO4)3/C electrochemical properties,2026,10.1016/j.est.2025.119551,JOURNAL OF ENERGY STORAGE,WOS:001628269700014,unlabeled_pool,798
WOS:000497220600001,Hollow Structure VS2@Reduced Graphene Oxide (RGO) Architecture for Enhanced Sodium-Ion Battery Performance,2020,10.1002/celc.201901626,CHEMELECTROCHEM,WOS:000497220600001,unlabeled_pool,799
WOS:000446645600011,Fabrication and Electrochemical Performance of Mesoporous α-Fe2O3 Anodes for Lithium and Sodium Ion Batteries,2018,10.11862/cjic.2018.221,CHINESE JOURNAL OF INORGANIC CHEMISTRY,WOS:000446645600011,unlabeled_pool,800
WOS:000362920700027,Electrochemical and Chemical Properties of Na2NiO2 as a Cathode Additive for a Rechargeable Sodium Battery,2015,10.1021/acs.chemmater.5b02684,CHEMISTRY OF MATERIALS,WOS:000362920700027,unlabeled_pool,801
WOS:000462090800032,Superior electrochemical performance of sodium-ion full-cell using poplar wood derived hard carbon anode,2019,10.1016/j.ensm.2018.09.002,ENERGY STORAGE MATERIALS,WOS:000462090800032,unlabeled_pool,802
WOS:000377412900044,Alkaline Excess Strategy to NASICON-Type Compounds towards Higher-Capacity Battery Electrodes,2016,10.1149/2.0041608jes,JOURNAL OF THE ELECTROCHEMICAL SOCIETY,WOS:000377412900044,unlabeled_pool,803
WOS:000366018700010,Sodium storage capability of spinel Li4Mn5O12,2015,10.1016/j.electacta.2015.10.101,ELECTROCHIMICA ACTA,WOS:000366018700010,unlabeled_pool,804
WOS:000486596000089,Design of an ultra-stable Sb2Se3 anode with excellent Na storage performance,2019,10.1016/j.jallcom.2019.151930,JOURNAL OF ALLOYS AND COMPOUNDS,WOS:000486596000089,unlabeled_pool,805
WOS:000585906600002,Design and fabrication of NaFePO4/MWCNTs hybrid electrode material for sodium-ion battery,2020,10.1007/s10854-020-04691-y,JOURNAL OF MATERIALS SCIENCE-MATERIALS IN ELECTRONICS,WOS:000585906600002,unlabeled_pool,806
WOS:001271965700001,Advance Additive for High Voltage Capability and Superior Cycle Stability Sodium-Ion Battery,2024,10.1021/acs.energyfuels.4c01625,ENERGY & FUELS,WOS:001271965700001,unlabeled_pool,807
WOS:001309622500001,The study on the improvement of sodium-ion battery electrolyte performance by sulfur-based additive,2024,10.1016/j.est.2024.113523,JOURNAL OF ENERGY STORAGE,WOS:001309622500001,unlabeled_pool,808
WOS:001614198900001,Upscaling Sodium-Ion Battery Cells: From Aqueous Processing to Performance Assessment of Hard Carbon|Prussian White Pouch Cells,2025,10.1002/aenm.202505344,ADVANCED ENERGY MATERIALS,WOS:001614198900001,unlabeled_pool,809
WOS:000356674900025,GeO2 decorated reduced graphene oxide as anode material of sodium ion battery,2015,10.1016/j.electacta.2015.05.055,ELECTROCHIMICA ACTA,WOS:000356674900025,unlabeled_pool,810
WOS:001599343400003,"Recycling waste cotton into C@SiOx/MoSe2@CS@CF composites: Design, synthesis and high-performance sodium-ion battery anode applications",2025,10.1016/j.electacta.2025.147545,ELECTROCHIMICA ACTA,WOS:001599343400003,unlabeled_pool,811
WOS:000348088400008,A promising cathode material of sodium-iron nickel hexacyanoferrate for sodium ion batteries,2015,10.1016/j.jpowsour.2014.10.196,JOURNAL OF POWER SOURCES,WOS:000348088400008,unlabeled_pool,812
WOS:001599758600001,Synergistic Cu Doping and ZnO Encapsulation: Dual-Functional Modification for Enhanced Electrochemical Performance in P2-Type Sodium-Ion Battery Cathodes,2025,10.1007/s11665-025-12418-5,JOURNAL OF MATERIALS ENGINEERING AND PERFORMANCE,WOS:001599758600001,unlabeled_pool,813
WOS:000616114000001,Three-Dimensional Graphene Network Decorated with Highly Symmetrical Cuboid Na3V2(PO4)2F3 Particles: High Rate Capability and Cycling Stability for Sodium-Ion Batteries,2021,10.1002/celc.202001514,CHEMELECTROCHEM,WOS:000616114000001,unlabeled_pool,814
WOS:000783569800001,Rational design of two dimensional single crystalline Na3V2(PO4)2F3 nanosheets for boosting Na+ migration and mitigating grain pulverization,2022,10.1016/j.cej.2022.135533,CHEMICAL ENGINEERING JOURNAL,WOS:000783569800001,unlabeled_pool,815
WOS:001025577900004,The cellulose nanocrystal (CNC)-reinforced chitosan composite as a potential substrate for flexible hard carbon anode in sodium-ion battery,2023,10.1007/s10570-023-05341-2,CELLULOSE,WOS:001025577900004,unlabeled_pool,816
WOS:001039596400001,Improvement of sodium storage performance of N-doped carbon coated NaTi2(PO4)3 derived from polyvinyl pyrrolidone,2023,10.1007/s10854-023-10982-x,JOURNAL OF MATERIALS SCIENCE-MATERIALS IN ELECTRONICS,WOS:001039596400001,unlabeled_pool,817
WOS:000509471800025,Vertically constructed monolithic electrodes for sodium ion batteries: toward low tortuosity and high energy density,2019,10.1039/c9ta09644b,JOURNAL OF MATERIALS CHEMISTRY A,WOS:000509471800025,unlabeled_pool,818
WOS:000413971500009,Sb-doped SnO2/graphene-CNT aerogels for high performance Li-ion and Na-ion battery anodes,2017,10.1016/j.ensm.2017.06.006,ENERGY STORAGE MATERIALS,WOS:000413971500009,unlabeled_pool,819
WOS:000389099100025,"NaN3 addition, a strategy to overcome the problem of sodium deficiency in P2-Na0.67[Fe0.5Mn0.5]O2 cathode for sodium-ion battery",2017,10.1016/j.jpowsour.2016.10.084,JOURNAL OF POWER SOURCES,WOS:000389099100025,unlabeled_pool,820
WOS:000379552600004,Disordered 3D Multi-layer Graphene Anode Material from CO2 for Sodium-Ion Batteries,2016,10.1002/cssc.201600117,CHEMSUSCHEM,WOS:000379552600004,unlabeled_pool,821
WOS:001203836600001,Two-dimensional nanosheet arrays with chemically bonded Cu2S@NSC heterostructure for efficient sodium-ion storage,2024,10.1016/j.est.2024.111140,JOURNAL OF ENERGY STORAGE,WOS:001203836600001,unlabeled_pool,822
WOS:000531470600064,Utilization of The Indonesian's Spent Tea Leaves as Promising Porous Hard Carbon Precursors for Anode Materials in Sodium Ion Batteries,2020,10.1007/s12649-019-00624-x,WASTE AND BIOMASS VALORIZATION,WOS:000531470600064,unlabeled_pool,823
WOS:000931263500001,Revealing the Origin of Transition-Metal Migration in Layered Sodium-Ion Battery Cathodes: Random Na Extraction and Na-Free Layer Formation,2023,10.1002/anie.202216174,ANGEWANDTE CHEMIE-INTERNATIONAL EDITION,WOS:000931263500001,unlabeled_pool,824
WOS:001146017800001,Entropy Tuning Stabilizing P2-Type Layered Cathodes for Sodium-Ion Batteries,2024,10.1002/adfm.202315437,ADVANCED FUNCTIONAL MATERIALS,WOS:001146017800001,unlabeled_pool,825
WOS:001402849400001,Engineering CeO2-x/TiO2 heterostructure composite with active interface structure as an anode material for high electrochemical performance sodium-ion battery,2025,10.1016/j.matchemphys.2025.130412,MATERIALS CHEMISTRY AND PHYSICS,WOS:001402849400001,unlabeled_pool,826
WOS:000430690200005,Low-defect Na2Co[Fe(CN)6] synthesized by a facile electrostatic spray assisted coprecipitation method as cathode for sodium-ion batteries,2018,10.1016/j.electacta.2018.03.181,ELECTROCHIMICA ACTA,WOS:000430690200005,unlabeled_pool,827
WOS:000462900600002,3D printing of hybrid MoS2-graphene aerogels as highly porous electrode materials for sodium ion battery anodes,2019,10.1016/j.matdes.2019.107689,MATERIALS & DESIGN,WOS:000462900600002,unlabeled_pool,828
WOS:001075944100008,High-performance flexible sodium-ion batteries enabled by high-voltage sodium vanadium fluorophosphate nanorod arrays,2023,10.1007/s40843-023-2550-2,SCIENCE CHINA-MATERIALS,WOS:001075944100008,unlabeled_pool,829
WOS:001347768000001,Biomass derived hard carbon materials for sodium ion battery anodes: Exploring the influence of carbon source on structure and sodium storage performance,2024,10.1016/j.fuel.2024.132141,FUEL,WOS:001347768000001,unlabeled_pool,830
WOS:000426614100019,Vanadium Oxide Thin Film Formation on Graphene Oxide by Microexplosive Decomposition of Ammonium Peroxovanadate and Its Application as a Sodium Ion Battery Anode,2018,10.1021/acs.langmuir.8b00035,LANGMUIR,WOS:000426614100019,unlabeled_pool,831
WOS:000802790100001,VS4 nanoarrays pillared Ti3C2Tx with enlarged interlayer spacing as anode for advanced lithium/sodium ion battery and hybrid capacitor,2022,10.1016/j.jpowsour.2022.231412,JOURNAL OF POWER SOURCES,WOS:000802790100001,unlabeled_pool,832
WOS:001558154300001,Ionic Conductive Na3PO4 Coating P2-Na0.67Ni0.3Mn0.6Co0.1O<su b>2 to Generate Stable Cathodes for Sodium-Ion Batteries,2025,10.1007/s11664-025-12276-w,JOURNAL OF ELECTRONIC MATERIALS,WOS:001558154300001,unlabeled_pool,833
WOS:000838177500004,Heterostructure of NiSe2/MnSe nanoparticles distributed on cross-linked carbon nanosheets for high-performance sodium-ion battery,2022,10.1016/j.apsusc.2022.154067,APPLIED SURFACE SCIENCE,WOS:000838177500004,unlabeled_pool,834
WOS:001217122700001,Double additive electrolyte solvation engineering to achieve long cycle and high capacity sodium-ion battery,2024,10.1016/j.cej.2024.151525,CHEMICAL ENGINEERING JOURNAL,WOS:001217122700001,unlabeled_pool,835
WOS:000620511300002,Difference in the electron energy loss spectra between the spinel-type Na3LiTi5O12 and Li4Ti5O12 clarified by density functional theory calculations,2021,10.1016/j.commatsci.2020.110240,COMPUTATIONAL MATERIALS SCIENCE,WOS:000620511300002,unlabeled_pool,836
WOS:000450981100067,Sb2S3-rGO for high-performance sodium-ion battery anodes on Al and Cu foil current collector,2019,10.1016/j.jallcom.2018.10.103,JOURNAL OF ALLOYS AND COMPOUNDS,WOS:000450981100067,unlabeled_pool,837
WOS:001296356300001,Unveiling the structural integrity of tunnel-type Na0.44MnO2 cathode for sodium ion battery,2024,10.1039/d4ta03034f,JOURNAL OF MATERIALS CHEMISTRY A,WOS:001296356300001,unlabeled_pool,838
WOS:001278615800001,Rate-Dependent Stability and Electrochemical Behavior of Na3NiZr(PO4)3 in Sodium-Ion Batteries,2024,10.3390/nano14141204,NANOMATERIALS,WOS:001278615800001,unlabeled_pool,839
WOS:001199010600001,Recent advances in research on cathodes for low-temperature sodium-ion batteries,2023,10.1016/j.pnsc.2023.12.021,PROGRESS IN NATURAL SCIENCE-MATERIALS INTERNATIONAL,WOS:001199010600001,unlabeled_pool,840
WOS:000652656100002,Polyvinylpyrrolidone assisted synthesized ultra-small Na4Fe3(PO4)2(P2O< sub>7) particles embedded in 1D carbon nanoribbons with enhanced room and low temperature sodium storage performance,2021,10.1016/j.jpowsour.2021.229907,JOURNAL OF POWER SOURCES,WOS:000652656100002,unlabeled_pool,841
WOS:000961199400001,Stable sodium-ion battery anode enabled by encapsulating Sb nanoparticles in spherical carbon shells,2023,10.1007/s10008-023-05483-0,JOURNAL OF SOLID STATE ELECTROCHEMISTRY,WOS:000961199400001,unlabeled_pool,842
WOS:000441527900044,Three-dimensional carbon framework as a promising anode material for high performance sodium ion storage devices,2018,10.1016/j.cej.2018.07.150,CHEMICAL ENGINEERING JOURNAL,WOS:000441527900044,unlabeled_pool,843
WOS:000863234100004,Microscale and molecular regulation for molybdenum disulfide with extended layer spacing for high-performance sodium ion battery anodes,2022,10.1016/j.jpowsour.2022.231994,JOURNAL OF POWER SOURCES,WOS:000863234100004,unlabeled_pool,844
WOS:000880091200004,Regulation of MIL-88B(Fe) to design FeS2 core-shelled hollow sphere as high-rate anode for a full sodium-ion battery,2023,10.1016/j.cej.2022.139735,CHEMICAL ENGINEERING JOURNAL,WOS:000880091200004,unlabeled_pool,845
WOS:000515205600020,Biomass mediated multi layered NaNixCo1-xO2 (x=0.4) and α-Fe2O3 nanoparticles for aqueous sodium ion battery,2020,10.1016/j.jelechem.2019.113809,JOURNAL OF ELECTROANALYTICAL CHEMISTRY,WOS:000515205600020,unlabeled_pool,846
WOS:000405202800041,Superior reversible tin phosphide-carbon spheres for sodium ion battery anode,2017,10.1016/j.nanoen.2017.06.014,NANO ENERGY,WOS:000405202800041,unlabeled_pool,847
WOS:000443315400019,Ultrahigh rate binder-free Na3V2(PO4)3/carbon cathode for sodium-ion battery,2018,10.1016/j.jechem.2017.08.021,JOURNAL OF ENERGY CHEMISTRY,WOS:000443315400019,unlabeled_pool,848
WOS:001618217500008,N-doped MnO/C submicron particles enabling long-cycle sodium-ion battery anodes,2025,10.1007/s10854-025-16173-0,JOURNAL OF MATERIALS SCIENCE-MATERIALS IN ELECTRONICS,WOS:001618217500008,unlabeled_pool,849
WOS:001225240700001,Electrospun Na3MnTi(PO4)3/C film: A multielectron-reaction and free-standing cathode for sodium-ion batteries,2024,10.1016/j.cej.2024.150492,CHEMICAL ENGINEERING JOURNAL,WOS:001225240700001,unlabeled_pool,850
WOS:000518496500023,Sodium-rich manganese oxide porous microcubes with polypyrrole coating as a superior cathode for sodium ion full batteries,2020,10.1016/j.jcis.2020.01.023,JOURNAL OF COLLOID AND INTERFACE SCIENCE,WOS:000518496500023,unlabeled_pool,851
WOS:000655578800001,Nano Sn4P3 embedded in nitrogenous carbon matrix as the anode of sodium ion battery for enhanced cyclability,2021,10.1016/j.jallcom.2021.159944,JOURNAL OF ALLOYS AND COMPOUNDS,WOS:000655578800001,unlabeled_pool,852
WOS:000425751600076,Pyromellitic dianhydride-based polyimide anodes for sodium-ion batteries,2018,10.1016/j.electacta.2018.01.208,ELECTROCHIMICA ACTA,WOS:000425751600076,unlabeled_pool,853
WOS:000703338600006,Two-Dimensional TiO2/TiS2 Hybrid Nanosheet Anodes for High-Rate Sodium-Ion Batteries,2021,10.1021/acsaem.1c01818,ACS APPLIED ENERGY MATERIALS,WOS:000703338600006,unlabeled_pool,854
WOS:000445178400029,Impact of the Acid Treatment on Lignocellulosic Biomass Hard Carbon for Sodium-Ion Battery Anodes,2018,10.1002/cssc.201801148,CHEMSUSCHEM,WOS:000445178400029,unlabeled_pool,855
WOS:000712215200001,Universal synthesis of free-standing metal-sulfides@Metal@Multi-walled carbon nanotube anode for high-performance sodium ion battery,2021,10.1016/j.cej.2021.128732,CHEMICAL ENGINEERING JOURNAL,WOS:000712215200001,unlabeled_pool,856
WOS:001257159200001,Mesoporous N-Doped Carbon Nanospheres as Anode Material for Sodium Ion Batteries with High Rate Capability and Superior Power Densities,2024,10.1002/adfm.202401188,ADVANCED FUNCTIONAL MATERIALS,WOS:001257159200001,unlabeled_pool,857
WOS:000458706700100,Fabrication of Microporous Sulfur-Doped Carbon Microtubes for High-Performance Sodium-Ion Batteries,2018,10.1021/acsaem.8b01690,ACS APPLIED ENERGY MATERIALS,WOS:000458706700100,unlabeled_pool,858
WOS:000432753800039,Improving the Performance of Hard Carbon//Na3V2O2(PO4)2</ sub>F Sodium-Ion Full Cells by Utilizing the Adsorption Process of Hard Carbon,2018,10.1021/acsami.8b03986,ACS APPLIED MATERIALS & INTERFACES,WOS:000432753800039,unlabeled_pool,859
WOS:000760881300047,Graphene Modified Vanadium Oxide Composite Materials Used in Aqueous Na-Ion Batteries,2021,10.1021/acs.energyfuels.1c03573,ENERGY & FUELS,WOS:000760881300047,unlabeled_pool,860
WOS:000458706400033,Electrospun Hybrid Vanadium Oxide/Carbon Fiber Mats for Lithium- and Sodium-Ion Battery Electrodes,2018,10.1021/acsaem.8b00572,ACS APPLIED ENERGY MATERIALS,WOS:000458706400033,unlabeled_pool,861
WOS:000955318000001,A Ru-Doped VTi2.6O7.2 Anode with High Conductivity for Enhanced Sodium Storage,2023,10.3390/coatings13030490,COATINGS,WOS:000955318000001,unlabeled_pool,862
WOS:001283011600012,Conjugated layered and tunnel structure enables long-lifespan and high-rate sodium-ion battery cathodes,2024,10.1063/5.0209794,APPLIED PHYSICS LETTERS,WOS:001283011600012,unlabeled_pool,863
WOS:000700166000018,"Facile Synthesis of N,P-codoped Hard Carbon Nanoporous Microspheres from Lignin for High-Performance Anodes of Sodium-Ion Batteries",2021,10.1002/celc.202100795,CHEMELECTROCHEM,WOS:000700166000018,unlabeled_pool,864
WOS:000629654700061,Disodium Rhodizonate/Reduced Graphene Oxide-Sodium Alginate Composite as a Cathode Material for Sodium-ion Batteries with High Cyclic Performance,2021,10.20964/2021.03.41,INTERNATIONAL JOURNAL OF ELECTROCHEMICAL SCIENCE,WOS:000629654700061,unlabeled_pool,865
WOS:000437354700005,Heterostructure engineering of molybdenum chalcogenides for stable sodium storage,2018,10.1080/10667857.2018.1475145,MATERIALS TECHNOLOGY,WOS:000437354700005,unlabeled_pool,866
WOS:000671222300009,Low-cost and highly safe solid-phase sodium ion battery with a Sn-C nanocomposite anode,2021,10.1016/j.jiec.2021.05.033,JOURNAL OF INDUSTRIAL AND ENGINEERING CHEMISTRY,WOS:000671222300009,unlabeled_pool,867
WOS:001614783500011,Mg2+dual-regulation strategy for O3-type sodium-ion battery cathodes: synergistic structural stabilization and dynamic charge compensation,2026,10.1016/j.apsusc.2025.165080,APPLIED SURFACE SCIENCE,WOS:001614783500011,unlabeled_pool,868
WOS:001490533300001,Theoretical study on sodium storage properties of two-dimensional magnetic VS2 monolayer,2025,10.1016/j.ijoes.2025.101052,INTERNATIONAL JOURNAL OF ELECTROCHEMICAL SCIENCE,WOS:001490533300001,unlabeled_pool,869
WOS:000538910700001,Multi-metal doped high capacity and stable Prussian blue analogue for sodium ion batteries,2020,10.1002/er.5576,INTERNATIONAL JOURNAL OF ENERGY RESEARCH,WOS:000538910700001,unlabeled_pool,870
WOS:000380904100070,Evaluation of Low-cost Natrochalcite Na[Cu2(OH)(H2O)(SO4)2] as an Anode Material for Li- and Na-ion Batteries,2016,10.1016/j.electacta.2016.05.129,ELECTROCHIMICA ACTA,WOS:000380904100070,unlabeled_pool,871
WOS:001114860400001,Cobalt selenide nanoparticles composited with carbon nanotube and reduced graphene oxide for high-performance lithium/sodium storage,2024,10.1016/j.colsurfa.2023.132711,COLLOIDS AND SURFACES A-PHYSICOCHEMICAL AND ENGINEERING ASPECTS,WOS:001114860400001,unlabeled_pool,872
WOS:000455586800017,Disordered Bilayered V2O5•nH2O Shells Deposited on Vertically Aligned Carbon Nanofiber Arrays as Stable High-Capacity Sodium Ion Battery Cathodes,2018,10.1002/ente.201800363,ENERGY TECHNOLOGY,WOS:000455586800017,unlabeled_pool,873
WOS:001140909000001,Preparation of green high-performance biomass-derived hard carbon materials from bamboo powder waste,2024,10.1002/open.202300178,CHEMISTRYOPEN,WOS:001140909000001,unlabeled_pool,874
WOS:001581163300007,Investigation on the effect of metal incorporation in metal selenide nanoparticles and their encapsulation in hollow carbon nanospheres on improving the sodium-ion battery performance,2025,10.1016/j.cej.2025.167019,CHEMICAL ENGINEERING JOURNAL,WOS:001581163300007,unlabeled_pool,875
WOS:000435588600075,Synthesis of CoMn2O4 thin films on Ni foams by electrostatic spray deposition as anodes for sodium-ion batteries,2018,10.1007/s10854-018-9232-8,JOURNAL OF MATERIALS SCIENCE-MATERIALS IN ELECTRONICS,WOS:000435588600075,unlabeled_pool,876
WOS:001543432000010,Cu-doping enabled structural stabilization of P2-type Fe/Mn layered oxides for high-performance sodium-ion batteries,2025,10.1016/j.electacta.2025.146949,ELECTROCHIMICA ACTA,WOS:001543432000010,unlabeled_pool,877
WOS:000425093800012,Reduced Graphene Oxide-Wrapped FeS2 Composite as Anode for High-Performance Sodium-Ion Batteries,2018,10.1007/s40820-017-0183-z,NANO-MICRO LETTERS,WOS:000425093800012,unlabeled_pool,878
WOS:000742726700001,MXene/Organics Heterostructures Enable Ultrastable and High-Rate Lithium/Sodium Batteries,2022,10.1021/acsami.1c22787,ACS APPLIED MATERIALS & INTERFACES,WOS:000742726700001,unlabeled_pool,879
WOS:000463987800008,Synthesis and characterization of polyaniline nanofibers as cathode active material for sodium-ion battery,2019,10.1007/s10800-019-01298-y,JOURNAL OF APPLIED ELECTROCHEMISTRY,WOS:000463987800008,unlabeled_pool,880
WOS:000803826100001,Design of antimony nanocomposite for high areal capacity sodium battery anodes,2022,10.1016/j.jallcom.2022.165336,JOURNAL OF ALLOYS AND COMPOUNDS,WOS:000803826100001,unlabeled_pool,881
WOS:000557762800132,Durian-Inspired Design of Bismuth-Antimony Alloy Arrays for Robust Sodium Storage,2020,10.1021/acsnano.0c04366,ACS NANO,WOS:000557762800132,unlabeled_pool,882
WOS:001423039800001,Construction of hollow porous double-shell NSC@WS2 nanospheres for improved sodium-ion battery performance,2025,10.1016/j.est.2025.115688,JOURNAL OF ENERGY STORAGE,WOS:001423039800001,unlabeled_pool,883
WOS:001072781100001,Influences on Reliable Capacity Measurements of Hard Carbon in Highly Loaded Electrodes,2023,10.1002/batt.202300322,BATTERIES & SUPERCAPS,WOS:001072781100001,unlabeled_pool,884
WOS:000425894300002,Hierarchical flower-like VS2 nanosheets - A high rate-capacity and stable anode material for sodium-ion battery,2018,10.1016/j.ensm.2017.09.002,ENERGY STORAGE MATERIALS,WOS:000425894300002,unlabeled_pool,885
WOS:000569921000001,Rational Route for Increasing Intercalation Capacity of Hard Carbons as Sodium-Ion Battery Anodes,2020,10.1002/cssc.202001837,CHEMSUSCHEM,WOS:000569921000001,unlabeled_pool,886
WOS:000861051300005,Facile synthesis of Na0.23TiO2 nanoparticles anode wrapped within full carbon network with high-rate capability for sodium ion battery application,2022,10.1016/j.matchemphys.2022.126600,MATERIALS CHEMISTRY AND PHYSICS,WOS:000861051300005,unlabeled_pool,887
WOS:001303393600001,2D Covalent Organic Framework Covalently Anchored with Carbon Nanotube as High-Performance Cathodes for Lithium and Sodium-Ion Batteries,2024,10.1002/smll.202406173,SMALL,WOS:001303393600001,unlabeled_pool,888
WOS:000638019700003,Sodium-ion battery anodes from carbon depositions,2021,10.1016/j.electacta.2021.138109,ELECTROCHIMICA ACTA,WOS:000638019700003,unlabeled_pool,889
WOS:000423466100025,High-performance red phosphorus/carbon nanofibers/graphene free-standing paper anode for sodium ion batteries,2018,10.1039/c7ta07762a,JOURNAL OF MATERIALS CHEMISTRY A,WOS:000423466100025,unlabeled_pool,890
WOS:000355986100012,Antimony-based Intermetallic Alloy Anodes for High-Performance Sodium-Ion Batteries: Effect of Additives,2015,10.1002/bkcs.10308,BULLETIN OF THE KOREAN CHEMICAL SOCIETY,WOS:000355986100012,unlabeled_pool,891
WOS:001263863100001,Hierarchical flower-like MnPS3 hollow spheres for high-rate and long-cycle sodium storage,2024,10.1016/j.jpowsour.2024.234990,JOURNAL OF POWER SOURCES,WOS:001263863100001,unlabeled_pool,892
WOS:000540826900003,Synthesis of micro-sized porous antimony via vapor dealloying for high-performance Na-ion battery anode,2020,10.1016/j.ssi.2020.115365,SOLID STATE IONICS,WOS:000540826900003,unlabeled_pool,893
WOS:001023725400086,Moisture stable and ultrahigh -rate Ni/Mn-based sodium -ion battery cathodes via K+ decoration,2023,10.1007/s12274-023-5435-2,NANO RESEARCH,WOS:001023725400086,unlabeled_pool,894
WOS:001166321100001,CNT Sheets Co-Loaded with Sulfur and Silicon Oxides: Free Standing Anodes for Lithium and Sodium-Ion Batteries,2024,10.1002/cnma.202400014,CHEMNANOMAT,WOS:001166321100001,unlabeled_pool,895
WOS:000413131500036,Tunable Electrochemistry via Controlling Lattice Water in Layered Oxides of Sodium-Ion Batteries,2017,10.1021/acsami.7b09658,ACS APPLIED MATERIALS & INTERFACES,WOS:000413131500036,unlabeled_pool,896
WOS:000739112500001,"""Three-in-One"" Multi-Level Design of MoS2-Based Anodes for Enhanced Sodium Storage: from Atomic to Macroscopic Level",2022,10.1002/adfm.202110853,ADVANCED FUNCTIONAL MATERIALS,WOS:000739112500001,unlabeled_pool,897
WOS:000941340900002,Moisture stable and ultrahigh-rate Ni/Mn-based sodium-ion battery cathodes via K+ decoration,2023,10.1007/s12274-023-5435-2,NANO RESEARCH,WOS:000941340900002,unlabeled_pool,898
WOS:000321954200028,Na3V2O2(PO4)2F/gr aphene sandwich structure for high-performance cathode of a sodium-ion battery,2013,10.1039/c3cp52408f,PHYSICAL CHEMISTRY CHEMICAL PHYSICS,WOS:000321954200028,unlabeled_pool,899
WOS:000820808100001,Dual Honeycomb-Superlattice Enables Double-High Activity and Reversibility of Anion Redox for Sodium-Ion Battery Layered Cathodes,2022,10.1002/anie.202206625,ANGEWANDTE CHEMIE-INTERNATIONAL EDITION,WOS:000820808100001,unlabeled_pool,900
WOS:000379965800004,A CNT cocoon on sodium manganate nanotubes forming a core/branch cathode coupled with a helical carbon nanofibre anode for enhanced sodium ion batteries,2016,10.1039/c6ta05069g,JOURNAL OF MATERIALS CHEMISTRY A,WOS:000379965800004,unlabeled_pool,901
WOS:000437469300042,A P2-type Na0.44Mn0.6Ni0.3Cu0.1O2 cathode material with high energy density for sodium-ion batteries,2018,10.1039/c8ta04791j,JOURNAL OF MATERIALS CHEMISTRY A,WOS:000437469300042,unlabeled_pool,902
WOS:001221847700001,Kejten black modified 3D-framework ternary metal molybdate NaMnFe (MoO 4 ) 3 for new high-performance lithium/sodium-ion battery anodes,2024,10.1016/j.colsurfa.2024.133700,COLLOIDS AND SURFACES A-PHYSICOCHEMICAL AND ENGINEERING ASPECTS,WOS:001221847700001,unlabeled_pool,903
WOS:001630993500001,Delocalized Electron System Enables Stable NASICON Cathode for Sodium-Ion Batteries,2025,10.1021/acs.nanolett.5c04750,NANO LETTERS,WOS:001630993500001,unlabeled_pool,904
WOS:000882391400002,The synergistic effect of Mg2+and K+ in layered-oxide cathode materials for sodium-ion batteries,2022,10.1016/j.electacta.2022.141373,ELECTROCHIMICA ACTA,WOS:000882391400002,unlabeled_pool,905
WOS:000855110300003,Bioconfined SnS2 N-doped carbon fibers with multiwall robust structure for boosting sodium storage,2022,10.1016/j.apsusc.2022.154633,APPLIED SURFACE SCIENCE,WOS:000855110300003,unlabeled_pool,906
WOS:000484073400032,Mo-Modified P2-type Manganese Oxide Nanoplates with an Oriented Stacking Structure and Exposed {010} Active Facets as a Long-Life Sodium-Ion Battery Cathode,2019,10.1021/acsami.9b07950,ACS APPLIED MATERIALS & INTERFACES,WOS:000484073400032,unlabeled_pool,907
WOS:000327111700077,Simply Mixed Commercial Red Phosphorus and Carbon Nanotube Composite with Exceptionally Reversible Sodium-Ion Storage,2013,10.1021/nl403053v,NANO LETTERS,WOS:000327111700077,unlabeled_pool,908
WOS:001517739000021,Quantum-confined ultramicropores in nodal-line semimetal C32 for high-efficiency lithium/sodium-ion battery anodes,2025,10.1063/5.0278988,APPLIED PHYSICS LETTERS,WOS:001517739000021,unlabeled_pool,909
WOS:001312719900001,Environmentally responsible synthesis of high-performance P2-Na2/3[Ni1/3Mn2/3]O2 sodium-ion battery cathodes,2024,10.1039/d4ta03708a,JOURNAL OF MATERIALS CHEMISTRY A,WOS:001312719900001,unlabeled_pool,910
WOS:001239323100001,Nitrogen-Doped Bioderived Mesoporous Hard Carbon as a Promising Anode for Long-Life Sodium-Ion Battery,2024,10.1021/acs.energyfuels.4c01548,ENERGY & FUELS,WOS:001239323100001,unlabeled_pool,911
WOS:000458706400011,Hierarchical Porous Sb Films on 3D Cu Substrate Have Promise for Stable Sodium Storage,2018,10.1021/acsaem.8b00872,ACS APPLIED ENERGY MATERIALS,WOS:000458706400011,unlabeled_pool,912
WOS:001534477500001,Advancing Sodium-Ion Battery Cathode Analysis With Cryogenic Ag-coated APT Specimens,2025,10.1093/mam/ozaf041,MICROSCOPY AND MICROANALYSIS,WOS:001534477500001,unlabeled_pool,913
WOS:000722851600001,Localized introduction of zirconium in P2 sodium layered oxide electrode for high capacity sodium-ion battery,2022,10.1016/j.jallcom.2021.162483,JOURNAL OF ALLOYS AND COMPOUNDS,WOS:000722851600001,unlabeled_pool,914
WOS:000911127800004,Effect of Cr3+doping on the electrochemical performance of Na3V2(PO4)2F3/C cathode materials for sodium ion battery,2023,10.1016/j.electacta.2022.141491,ELECTROCHIMICA ACTA,WOS:000911127800004,unlabeled_pool,915
WOS:001385974100001,Comparative study of Na 0.95 Ni x Mn 1-x O 2 cathode materials for sodium ion batteries based on phase structure modulation,2025,10.1016/j.est.2024.114923,JOURNAL OF ENERGY STORAGE,WOS:001385974100001,unlabeled_pool,916
WOS:000610501500001,"Novel K+-doped Na0.6Mn0.35Fe0.35Co0.3O 2 cathode materials for sodium-ion batteries: synthesis, structures, and electrochemical properties",2021,10.1007/s10008-021-04906-0,JOURNAL OF SOLID STATE ELECTROCHEMISTRY,WOS:000610501500001,unlabeled_pool,917
WOS:001482010300002,Improvement of Cycling Stability of Cathode Materials and Industrialization Process for Sodium-ion Batteries,2025,10.15541/jim20240368,JOURNAL OF INORGANIC MATERIALS,WOS:001482010300002,unlabeled_pool,918
WOS:000663260400001,Designing High Energy Sodium-Ion Battery Cathodes by Utilizing P2/O3 Biphasic Structure and Lithium Honeycomb Ordering,2021,10.1002/smll.202100146,SMALL,WOS:000663260400001,unlabeled_pool,919
WOS:001615744800005,Structural engineering of a bimetallic iron-cobalt sulfide composite anode for superior sodium-ion battery performance,2025,10.1016/s1872-5805(25)61001-8,NEW CARBON MATERIALS,WOS:001615744800005,unlabeled_pool,920
WOS:000361772600021,Effect of the electrolytic solvent and temperature on aluminium current collector stability: A case of sodium-ion battery cathode,2015,10.1016/j.jpowsour.2015.07.084,JOURNAL OF POWER SOURCES,WOS:000361772600021,unlabeled_pool,921
WOS:001317632300001,Capacity degradation study of NaNi1/3Fe1/3Mn1/3O2 cathode sodium-ion batteries induced by overcharge,2024,10.1016/j.jpowsour.2024.235448,JOURNAL OF POWER SOURCES,WOS:001317632300001,unlabeled_pool,922
WOS:000393929400009,"Single ion conducting sodium ion batteries enabled by a sodium ion exchanged poly(bis(4-carbonyl benzene sulfonyl)imide-co-2,5-diamino benzesulfonic acid) polymer electrolyte",2017,10.1016/j.ssi.2016.12.001,SOLID STATE IONICS,WOS:000393929400009,unlabeled_pool,923
WOS:000859532900006,FeF3.0.33H2O@C nanocomposites derived from pomegranate structure as high-performance cathodes for sodium- and lithium-ion batteries,2022,10.1016/j.jpowsour.2022.232014,JOURNAL OF POWER SOURCES,WOS:000859532900006,unlabeled_pool,924
WOS:001269658800001,Novel in-situ encapsulation of tin phosphide particles in MXene conductive networks as anode materials of the durable sodium-ion battery,2024,10.1016/j.jcis.2024.07.070,JOURNAL OF COLLOID AND INTERFACE SCIENCE,WOS:001269658800001,unlabeled_pool,925
WOS:001633166500001,Dual-MOF-derived FeNi@NC as an advanced anode for sodium-ion batteries with ultra-long cycle life,2026,10.1016/j.colsurfa.2025.139105,COLLOIDS AND SURFACES A-PHYSICOCHEMICAL AND ENGINEERING ASPECTS,WOS:001633166500001,unlabeled_pool,926
WOS:000984252800001,Simultaneous promotion of surface active sites and electron conductivity in carbon by interfacial engineered oxygen transfer for sodium storage,2023,10.1016/j.ces.2023.118703,CHEMICAL ENGINEERING SCIENCE,WOS:000984252800001,unlabeled_pool,927
WOS:000994264500001,Facile Synthesis of Nickel Phosphide @ N-Doped Carbon Nanorods with Exceptional Cycling Stability as Li-Ion and Na-Ion Battery Anode Material,2023,10.3390/batteries9050267,BATTERIES-BASEL,WOS:000994264500001,unlabeled_pool,928
WOS:000469288300064,Functionalized N-Doped Carbon Nanotube Arrays: Novel Binder-Free Anodes for Sodium-Ion Batteries,2019,10.1021/acsami.9b05667,ACS APPLIED MATERIALS & INTERFACES,WOS:000469288300064,unlabeled_pool,929
WOS:000443525600083,Room-Temperature Pressure Synthesis of Layered Black Phosphorus Graphene Composite for Sodium-Ion Battery Anodes,2018,10.1021/acsnano.8b03615,ACS NANO,WOS:000443525600083,unlabeled_pool,930
WOS:000664425600002,Reduced graphene oxide decorated amorphous NiS2 nanosheets as high-performance anode materials for enhanced sodium-ion hybrid capacitors,2021,10.1007/s11581-021-04117-7,IONICS,WOS:000664425600002,unlabeled_pool,931
WOS:000444537800006,New Binder-Free Metal Phosphide-Carbon Felt Composite Anodes for Sodium-Ion Battery,2018,10.1002/aenm.201801197,ADVANCED ENERGY MATERIALS,WOS:000444537800006,unlabeled_pool,932
WOS:000661885200012,Promoting the Na+-storage of NiCo2S4 hollow nanospheres by surfacing Ni-B nanoflakes,2021,10.1016/j.jmst.2020.12.021,JOURNAL OF MATERIALS SCIENCE & TECHNOLOGY,WOS:000661885200012,unlabeled_pool,933
WOS:001573548500001,Exploring Chlorine Doping of Graphene Oxide Synthesized via Chronoamperometry for Enhanced Sodium-Ion Battery Anode Performance,2025,10.1007/s11814-025-00556-4,KOREAN JOURNAL OF CHEMICAL ENGINEERING,WOS:001573548500001,unlabeled_pool,934
WOS:000459948900030,Pyroprotein-Derived Hard Carbon Fibers Exhibiting Exceptionally High Plateau Capacities for Sodium Ion Batteries,2019,10.1021/acsaem.8b01734,ACS APPLIED ENERGY MATERIALS,WOS:000459948900030,unlabeled_pool,935
WOS:001114006800001,Structure Dependent Electrochemical Behaviors of Hard Carbon Anode Materials Derived from Natural Polymer for Next-Generation Sodium Ion Battery,2023,10.3390/polym15224373,POLYMERS,WOS:001114006800001,unlabeled_pool,936
WOS:001601148500001,High-Rate and Ultrastable Sodium-Ion Storage Enabled by a High-Entropy FeCoNiZnMoSe2@N-Doped Carbon Core-Shell Anode,2025,10.1021/acs.iecr.5c02694,INDUSTRIAL & ENGINEERING CHEMISTRY RESEARCH,WOS:001601148500001,unlabeled_pool,937
WOS:000862059200046,Ultra-fast green microwave assisted synthesis of NaFePO4-C nanocomposites for sodium ion batteries and supercapacitors,2022,10.1038/s41598-022-20329-x,SCIENTIFIC REPORTS,WOS:000862059200046,unlabeled_pool,938
WOS:000906789000002,Highly conductive gel polymer electrolytes for sodium-ion batteries with hard carbon anodes,2023,10.1016/j.electacta.2022.141645,ELECTROCHIMICA ACTA,WOS:000906789000002,unlabeled_pool,939
WOS:000445980000031,Activated porous carbons derived from the Indonesian snake fruit peel as anode materials for sodium ion batteries,2018,10.1016/j.matchemphys.2018.06.076,MATERIALS CHEMISTRY AND PHYSICS,WOS:000445980000031,unlabeled_pool,940
WOS:000969168900001,Interfacial covalent bonding of the MXene-stabilized Sb2Se3 nanotube hybrid with fast ion transport for enhanced sodium-ion half/full batteries,2023,10.1039/d3cc00614j,CHEMICAL COMMUNICATIONS,WOS:000969168900001,unlabeled_pool,941
WOS:000429784000010,Cation-mixing stabilized layered oxide cathodes for sodium-ion batteries,2018,10.1016/j.scib.2018.02.012,SCIENCE BULLETIN,WOS:000429784000010,unlabeled_pool,942
WOS:000562943500008,Binary metal co-substituted P2-type Na0.67Mn0.7Cu0.15 Ni0.15O2 microspheres as robust cathode for high-power sodium ion battery,2020,10.1016/j.apsusc.2020.147105,APPLIED SURFACE SCIENCE,WOS:000562943500008,unlabeled_pool,943
WOS:000450899000023,New Observation Structural Change from O3 to P2 Type by Changing Sodium Contents for Na-Ion Batteries,2019,10.1166/jnn.2019.16211,JOURNAL OF NANOSCIENCE AND NANOTECHNOLOGY,WOS:000450899000023,unlabeled_pool,944
WOS:000863103500012,Confined construction of porous conductive framework Na3V2(PO4)3 nanocrystals and their ultrahigh rate and microtherm sodium storage performance,2022,10.1016/j.ces.2022.117912,CHEMICAL ENGINEERING SCIENCE,WOS:000863103500012,unlabeled_pool,945
WOS:001197854700001,Superior initial Coulombic efficiency and areal capacity of hard carbon anode enabled by graphite-assisted carbonization for sodium-ion battery,2024,10.1016/j.carbon.2024.118929,CARBON,WOS:001197854700001,unlabeled_pool,946
WOS:001607336800021,Development of tin oxide-embedded phosphovanadate glass-ceramics as cathode and anode materials for high-performance secondary batteries,2025,10.1016/j.ceramint.2025.09.032,CERAMICS INTERNATIONAL,WOS:001607336800021,unlabeled_pool,947
WOS:001005147500001,Long-Cycle-Life Sodium-Ion Battery Fabrication via a Unique Chemical Bonding Interface Mechanism,2023,10.1002/adma.202301376,ADVANCED MATERIALS,WOS:001005147500001,unlabeled_pool,948
WOS:000449621500019,ZnSxSe1-x/N-C (x=0.24) hierarchical nanosphere with improved energy storage capability as sodium-ion battery anode,2019,10.1016/j.jallcom.2018.08.272,JOURNAL OF ALLOYS AND COMPOUNDS,WOS:000449621500019,unlabeled_pool,949
WOS:001638455300001,"2D-confined multicore nanoengineering: Stress-dissipating compartments with Sb-O-C covalent boulevards for ultrahigh-rate capability and stability over 10,000 cycles",2025,10.1016/j.cej.2025.171480,CHEMICAL ENGINEERING JOURNAL,WOS:001638455300001,unlabeled_pool,950
WOS:000641970800002,Electrolytic bismuth/carbon nanotubes composites for high-performance sodium-ion battery anodes,2021,10.1016/j.jpowsour.2021.229830,JOURNAL OF POWER SOURCES,WOS:000641970800002,unlabeled_pool,951
WOS:000456750900017,Synthesis and electrochemical performance of carbon-coated Fe2GeO4 as an anode material for sodium-ion batteries,2019,10.1016/j.matchemphys.2018.12.007,MATERIALS CHEMISTRY AND PHYSICS,WOS:000456750900017,unlabeled_pool,952
WOS:000931809800001,In-situ evolution of CoS/C hollow nanocubes from metal-organic frameworks for sodium-ion hybrid capacitors,2023,10.1016/j.cej.2022.140610,CHEMICAL ENGINEERING JOURNAL,WOS:000931809800001,unlabeled_pool,953
WOS:000886655900004,PHP-graphene nanoribbon-assembled porous metallic carbon for sodium-ion battery anode with high specific capacity,2023,10.1016/j.carbon.2022.10.050,CARBON,WOS:000886655900004,unlabeled_pool,954
WOS:001019533000001,"""One stone two birds"" design for hollow spherical Na4Fe3(PO4)2P2O<s ub>7/C cathode enabled high-performance sodium-ion batteries from iron rust",2023,10.1002/eom2.12393,ECOMAT,WOS:001019533000001,unlabeled_pool,955
WOS:001106478900001,Ultrafast and ultrastable FeSe2 embedded in nitrogen-doped carbon nanofibers anode for sodium-ion half/full batteries,2024,10.1088/1361-6528/ad06d7,NANOTECHNOLOGY,WOS:001106478900001,unlabeled_pool,956
WOS:000390433700059,Facile construction of nanoscale laminated Na3V2(PO4)3 for a high-performance sodium ion battery cathode,2016,10.1039/c6ta07109k,JOURNAL OF MATERIALS CHEMISTRY A,WOS:000390433700059,unlabeled_pool,957
WOS:000354140700038,Electrochemical properties of tin oxide anodes for sodium-ion batteries,2015,10.1016/j.jpowsour.2015.03.042,JOURNAL OF POWER SOURCES,WOS:000354140700038,unlabeled_pool,958
WOS:001266278000001,Ultra-small tin dioxide coated with double carbon to achieve low strains and stable sodium storage,2024,10.1016/j.est.2024.112787,JOURNAL OF ENERGY STORAGE,WOS:001266278000001,unlabeled_pool,959
WOS:001529776200002,Structural regulations of biomass-derived hard carbon for high-performance sodium-ion batteries,2025,10.1016/j.jpowsour.2025.237786,JOURNAL OF POWER SOURCES,WOS:001529776200002,unlabeled_pool,960
WOS:000592417500001,Sb2S3@YP Nanostructured Anode Material Synthesized by a Novel Vaporization-Condensation Method for Long Cycle-Life Sodium-Ion Battery,2020,10.1149/1945-7111/abc658,JOURNAL OF THE ELECTROCHEMICAL SOCIETY,WOS:000592417500001,unlabeled_pool,961
WOS:001606357600001,Simultaneous Catalytic Construction of Closed-Pore-Rich Hard Carbon Anode and Generation of Na0.67Ni0.2Fe0.2Mn0.6O2 Cathode for Sodium-Ion Batteries,2025,10.1002/batt.202500715,BATTERIES & SUPERCAPS,WOS:001606357600001,unlabeled_pool,962
WOS:000407852800013,Amorphous MnO2 as Cathode Material for Sodium-ion Batteries,2017,10.1002/cjoc.201600915,CHINESE JOURNAL OF CHEMISTRY,WOS:000407852800013,unlabeled_pool,963
WOS:000848220800002,Graphene-mediated dense integration of Ti3C2Tx MXene monoliths for compact energy storage: Balancing kinetics and packing density,2022,10.1016/j.apsusc.2022.154565,APPLIED SURFACE SCIENCE,WOS:000848220800002,unlabeled_pool,964
WOS:000531037800013,First-principles study on structural and electronic properties of Prussian blue cathode material for sodium-ion battery,2019,10.1080/15421406.2020.1723891,MOLECULAR CRYSTALS AND LIQUID CRYSTALS,WOS:000531037800013,unlabeled_pool,965
WOS:000458709900055,Tailored synthesis of antimony-based alloy/oxides nanosheets for high-performance sodium-ion battery anodes,2019,10.1016/j.jpowsour.2019.01.033,JOURNAL OF POWER SOURCES,WOS:000458709900055,unlabeled_pool,966
WOS:000395443700090,Chemical vapor deposited MoS2/electrospun carbon nanofiber composite as anode material for high-performance sodium-ion batteries,2016,10.1016/j.electacta.2016.11.170,ELECTROCHIMICA ACTA,WOS:000395443700090,unlabeled_pool,967
WOS:001508271500017,Hard Carbon for Sodium-Ion Batteries: Progress and Prospects for Application,2025,10.1134/s0036023624603866,RUSSIAN JOURNAL OF INORGANIC CHEMISTRY,WOS:001508271500017,unlabeled_pool,968
WOS:000359499100030,Important Role of Functional Groups for Sodium Ion Intercalation in Expanded Graphite,2015,10.1021/acs.chemmater.5b02024,CHEMISTRY OF MATERIALS,WOS:000359499100030,unlabeled_pool,969
WOS:000364797700042,Vanadium oxychloride as electrode material for sodium ion batteries,2015,10.1016/j.elecom.2015.09.008,ELECTROCHEMISTRY COMMUNICATIONS,WOS:000364797700042,unlabeled_pool,970
WOS:000412407700003,FeFe(CN)6 Nanocubes as a Bipolar Electrode Material in Aqueous Symmetric Sodium-Ion Batteries,2017,10.1002/cplu.201700258,CHEMPLUSCHEM,WOS:000412407700003,unlabeled_pool,971
WOS:001434321300001,"First-principles exploration of redox, electronic, thermoelectric, and thermodynamic properties of binary transition metal NaX1/3Mn2/3O2 (X = Ag, W, Zr) for enhanced performance of Na-ion batteries",2025,10.1016/j.inoche.2025.114157,INORGANIC CHEMISTRY COMMUNICATIONS,WOS:001434321300001,unlabeled_pool,972
WOS:000980530300001,Pseudocapacitive sodium-ion storage in one-dimensionally structured anatase TiO2 nanofiber anode for high performance sodium-ion batteries,2023,10.1016/j.jpcs.2023.111352,JOURNAL OF PHYSICS AND CHEMISTRY OF SOLIDS,WOS:000980530300001,unlabeled_pool,973
WOS:000377545300017,Sodium insertion cathode material Na0.67[Ni0.4Co0.2Mn0.4]O<sub >2 with excellent electrochemical properties,2016,10.1016/j.electacta.2016.04.067,ELECTROCHIMICA ACTA,WOS:000377545300017,unlabeled_pool,974
WOS:000341471600041,Charge-discharge properties of tin dioxide for sodium-ion battery,2014,10.1016/j.materresbull.2014.04.051,MATERIALS RESEARCH BULLETIN,WOS:000341471600041,unlabeled_pool,975
WOS:000859341900003,Hydrothermally prepared composite of Na3V2(PO4)2F3 with gelatin and graphene used as a high-performance sodium ion battery cathode,2022,10.1016/j.jallcom.2022.166857,JOURNAL OF ALLOYS AND COMPOUNDS,WOS:000859341900003,unlabeled_pool,976
WOS:001285251700002,Layered P2-type Na2/3Ni1/3Mn2/3O2: conductivity and electrochemical characteristics,2024,10.1007/s11581-024-05748-2,IONICS,WOS:001285251700002,unlabeled_pool,977
WOS:000514256400030,Ultrasmall SnS Quantum Dots Anchored onto Nitrogen-Enriched Carbon Nanospheres as an Advanced Anode Material for Sodium-Ion Batteries,2020,10.1021/acsami.9b18997,ACS APPLIED MATERIALS & INTERFACES,WOS:000514256400030,unlabeled_pool,978
WOS:001238551100026,New Electrochemical Systems for Sodium-Ion Batteries,2024,10.1134/s0036024424040150,RUSSIAN JOURNAL OF PHYSICAL CHEMISTRY A,WOS:001238551100026,unlabeled_pool,979
WOS:000339472100061,High Electrochemical Performances of Microsphere C-TiO2 Anode for Sodium-Ion Battery,2014,10.1021/am501772a,ACS APPLIED MATERIALS & INTERFACES,WOS:000339472100061,unlabeled_pool,980
WOS:000389785500032,Zinc naphthalenedicarboxylate coordination complex: A promising anode material for lithium and sodium-ion batteries with good cycling stability,2017,10.1016/j.jcis.2016.11.010,JOURNAL OF COLLOID AND INTERFACE SCIENCE,WOS:000389785500032,unlabeled_pool,981
WOS:001566768500029,High-rate Mg doped NaNi1/3Fe1/3Mn1/3O2 cathode with excellent low-temperature stability improved by one-step coprecipitation for sodium ion battery applications,2025,10.1016/j.cej.2025.167832,CHEMICAL ENGINEERING JOURNAL,WOS:001566768500029,unlabeled_pool,982
WOS:000461215700002,Hierarchically porous nanosheets-constructed 3D carbon network for ultrahigh-capacity supercapacitor and battery anode,2019,10.1088/1361-6528/ab043a,NANOTECHNOLOGY,WOS:000461215700002,unlabeled_pool,983
WOS:000898155400013,Improved Interfacial Property of Na3V2(PO4)3@C Cathode: Application of NaODFB-Based Ether Electrolyte in Sodium-Ion Batteries,2023,10.1115/1.4054389,JOURNAL OF ELECTROCHEMICAL ENERGY CONVERSION AND STORAGE,WOS:000898155400013,unlabeled_pool,984
WOS:000452744500063,Temperature Effect on Behavior of Sodium-ion Battery Electrodes Based on Na3V2(PO4)3@C/Ag Composite,2018,10.20964/2018.12.87,INTERNATIONAL JOURNAL OF ELECTROCHEMICAL SCIENCE,WOS:000452744500063,unlabeled_pool,985
WOS:001627466600001,Enhancing sodium-ion battery performance by controlling the morphology of the CdIn2S4 anode material,2026,10.1016/j.matlet.2025.139833,MATERIALS LETTERS,WOS:001627466600001,unlabeled_pool,986
WOS:000763579100002,In Situ Carbon-coated Ni0.85Se@C Composite with High Performance for Sodium-ion Batteries,2022,10.1246/cl.210710,CHEMISTRY LETTERS,WOS:000763579100002,unlabeled_pool,987
WOS:001541954600001,Co-oxidation GN/CNT 3D network enhances the cathode performance of NVPF@O-GN/CNT sodium-ion battery,2025,10.1007/s11581-025-06582-w,IONICS,WOS:001541954600001,unlabeled_pool,988
WOS:000439389100022,Kinetically controlled redox behaviors of K0.3MnO2 electrodes for high performance sodium-ion batteries,2018,10.1039/c8ta03543a,JOURNAL OF MATERIALS CHEMISTRY A,WOS:000439389100022,unlabeled_pool,989
WOS:000373556700010,Electrospun Fe2O3-carbon Composite Nanofibers as Anode Materials for Sodium-Ion Batteries,2016,10.2174/1573413712999151120101708,CURRENT NANOSCIENCE,WOS:000373556700010,unlabeled_pool,990
WOS:000413131500034,Aqueous Processing of Na0.44MnO2 Cathode Material for the Development of Greener Na-Ion Batteries,2017,10.1021/acsami.7b09464,ACS APPLIED MATERIALS & INTERFACES,WOS:000413131500034,unlabeled_pool,991
WOS:001073822900001,Kinetically well-matched porous framework dual carbon electrodes for high-performance sodium-ion hybrid capacitors,2023,10.1016/j.jcis.2023.08.162,JOURNAL OF COLLOID AND INTERFACE SCIENCE,WOS:001073822900001,unlabeled_pool,992
WOS:001120263800001,Enhancing sodium-ion battery performance through crystalline water-assisted Zn2V2O7 anode material,2024,10.1016/j.jallcom.2023.172875,JOURNAL OF ALLOYS AND COMPOUNDS,WOS:001120263800001,unlabeled_pool,993
WOS:000390728900021,Electrospinning Synthesis of Mesoporous MnCoNiOx@Double-Carbon Nanofibers for Sodium-Ion Battery Anodes with Pseudocapacitive Behavior and Long Cycle Life,2016,10.1021/acsami.6b11238,ACS APPLIED MATERIALS & INTERFACES,WOS:000390728900021,unlabeled_pool,994
WOS:000458706700053,Metal-Organic Framework-Derived Sea-Cucumber-like FeS2@C Nanorods with Outstanding Pseudocapacitive Na-Ion Storage Properties,2018,10.1021/acsaem.8b01239,ACS APPLIED ENERGY MATERIALS,WOS:000458706700053,unlabeled_pool,995
WOS:001000347700002,α/β-Type -NaMn0.89Ni0.11O2: as high-performance sodium-ion battery cathode,2023,10.1007/s11581-023-05053-4,IONICS,WOS:001000347700002,unlabeled_pool,996
WOS:000714415500004,Pyrolysis of coal pitch-infused melamine foam to construct N-doped carbon anodes for high-performance sodium-ion battery,2021,10.1016/j.jelechem.2021.115809,JOURNAL OF ELECTROANALYTICAL CHEMISTRY,WOS:000714415500004,unlabeled_pool,997
WOS:001370398800001,Ni2P/Cu3P bimetallic phosphide embedded in nitrogen-doped carbon as SIB anode: Constructed hetero interface promoting fast Na plus diffusion and storage performance,2024,10.1016/j.cej.2024.157889,CHEMICAL ENGINEERING JOURNAL,WOS:001370398800001,unlabeled_pool,998
WOS:000414711100001,A Postspinel Anode Enabling Sodium-Ion Ultralong Cycling and Superfast Transport via 1D Channels,2017,10.1002/aenm.201700361,ADVANCED ENERGY MATERIALS,WOS:000414711100001,unlabeled_pool,999
WOS:000990424700001,Synergy mechanism of defect engineering in MoS2/FeS2/C heterostructure for high-performance sodium-ion battery,2023,10.1016/j.jechem.2023.03.011,JOURNAL OF ENERGY CHEMISTRY,WOS:000990424700001,unlabeled_pool,1000
WOS:000553314900001,"Investigation of N and S Co-doped Porous Carbon for Sodium-Ion Battery, Synthesized by Using Ammonium Sulphate for Simultaneous Activation and Heteroatom Doping",2020,10.1149/1945-7111/ab9a01,JOURNAL OF THE ELECTROCHEMICAL SOCIETY,WOS:000553314900001,unlabeled_pool,1001
WOS:000350192700036,Removal of Interstitial H2O in Hexacyanometallates for a Superior Cathode of a Sodium-Ion Battery,2015,10.1021/ja512383b,JOURNAL OF THE AMERICAN CHEMICAL SOCIETY,WOS:000350192700036,unlabeled_pool,1002
WOS:001049021800001,"Suppression of volume expansion in Sn-M (M= Cu, Mn, Ni) alloy anode materials for sodium ion battery",2023,10.1016/j.jpowsour.2023.233438,JOURNAL OF POWER SOURCES,WOS:001049021800001,unlabeled_pool,1003
WOS:000412925100010,Mesoporous NiS2 Nanospheres Anode with Pseudocapacitance for High-Rate and Long-Life Sodium-Ion Battery,2017,10.1002/smll.201701744,SMALL,WOS:000412925100010,unlabeled_pool,1004
WOS:000920479400002,Nitrogen self-doped porous carbon based on sunflower seed hulls as excellent double anodes for potassium/sodium ion batteries,2023,10.1016/j.diamond.2022.109593,DIAMOND AND RELATED MATERIALS,WOS:000920479400002,unlabeled_pool,1005
WOS:000545945100088,"Nanointerface-driven pseudocapacitance tuning of TiO2 nanosheet anodes for high-rate, ultralong-life and enhanced capacity sodium-ion batteries",2020,10.1016/j.cej.2019.123598,CHEMICAL ENGINEERING JOURNAL,WOS:000545945100088,unlabeled_pool,1006
WOS:001428521500001,"Nb-doped layered oxides with P2/O3 biphasic as high-rate, air-stable cathodes for sodium-ion batteries",2025,10.1016/j.jpowsour.2025.236516,JOURNAL OF POWER SOURCES,WOS:001428521500001,unlabeled_pool,1007
WOS:000398365100007,Facile synthesis of multi-walled carbon nanotubes/Co9S8 composites with enhanced performances for sodium-ion battery,2017,10.1016/j.matlet.2017.02.004,MATERIALS LETTERS,WOS:000398365100007,unlabeled_pool,1008
WOS:000380735500014,Metallic VS2 Monolayer Polytypes as Potential Sodium-Ion Battery Anode via ab Initio Random Structure Searching,2016,10.1021/acsami.6b03499,ACS Applied Materials & Interfaces,WOS:000380735500014,unlabeled_pool,1009
WOS:000909625200001,Graphene Composite via Bacterial Cellulose Assisted Liquid Phase Exfoliation for Sodium-Ion Batteries,2023,10.3390/polym15010203,POLYMERS,WOS:000909625200001,unlabeled_pool,1010
WOS:001153659500001,Using first-principles study on the characteristics of γ-GeSe as anode of sodium-ion battery,2024,10.1007/s00214-024-03092-2,THEORETICAL CHEMISTRY ACCOUNTS,WOS:001153659500001,unlabeled_pool,1011
WOS:000898774100010,Red@Black phosphorus core-shell heterostructure with superior air stability for high-rate and durable sodium-ion battery,2022,10.1016/j.mattod.2022.08.013,MATERIALS TODAY,WOS:000898774100010,unlabeled_pool,1012
WOS:000863312700004,A molybdenum doped layer-spinel composite cathode material for sodium-ion battery,2022,10.1016/j.electacta.2022.141122,ELECTROCHIMICA ACTA,WOS:000863312700004,unlabeled_pool,1013
WOS:001568044000001,The synergistic optimization of the LA133 binder and electrode interface using sodium lignosulfonate comprehensively enhances the electrochemical performance of sodium-ion batteries,2025,10.1016/j.est.2025.118403,JOURNAL OF ENERGY STORAGE,WOS:001568044000001,unlabeled_pool,1014
WOS:001511239900005,High-entropy BiSnSbCuAl nanoalloys conformed in carbon fibers as fast-charging and high-capacity anode material for sodium-ion batteries,2025,10.1016/j.jpowsour.2025.237600,JOURNAL OF POWER SOURCES,WOS:001511239900005,unlabeled_pool,1015
WOS:001400976200001,Tailored core-shell PW@PB cathodes for enhanced sodium-ion battery stability and rate capability,2025,10.1016/j.est.2025.115424,JOURNAL OF ENERGY STORAGE,WOS:001400976200001,unlabeled_pool,1016
WOS:001503151900001,Bimetallic FeSe2/CoSe2 heterojunction nanoparticles anchored on porous N-doped carbon nanosheets for high-rate sodium-ion storage,2025,10.1039/d5cc02582f,CHEMICAL COMMUNICATIONS,WOS:001503151900001,unlabeled_pool,1017
WOS:001436613600001,Li and Cu double-doped P2-type sodium-ion layered oxide cathode materials with enhanced high-voltage stability,2025,10.1016/j.jallcom.2025.179425,JOURNAL OF ALLOYS AND COMPOUNDS,WOS:001436613600001,unlabeled_pool,1018
WOS:001483065900001,Polypyrrole-modified Prussian Blue for enhanced conductivity and cycling stability in sodium-ion batteries,2025,10.1016/j.colsurfa.2025.137038,COLLOIDS AND SURFACES A-PHYSICOCHEMICAL AND ENGINEERING ASPECTS,WOS:001483065900001,unlabeled_pool,1019
WOS:001513356800001,Assembled WS2 nanosheets hollow carbon 3D composite structure for high rate performance in Na-ion battery,2025,10.1016/j.mtener.2025.101927,MATERIALS TODAY ENERGY,WOS:001513356800001,unlabeled_pool,1020
WOS:000678435600018,"Engineering Ultramicroporous Carbon with Abundant C=O as Extended ""Slope-Dominated"" Sodium Ion Battery Anodes",2021,10.1021/acssuschemeng.1c01885,ACS SUSTAINABLE CHEMISTRY & ENGINEERING,WOS:000678435600018,unlabeled_pool,1021
WOS:001568864500003,Synergistic Doping and Coating Strategy for Boosting Na0.7MnO2 Cathode Performance in Sodium-Ion Batteries,2025,10.1016/j.electacta.2025.147279,ELECTROCHIMICA ACTA,WOS:001568864500003,unlabeled_pool,1022
WOS:000552861800001,Mn-doped NaFeO2from a low purity-Fe precursor and its performance as cathode for Sodium-Ion Battery,2020,10.1080/24701556.2020.1790003,INORGANIC AND NANO-METAL CHEMISTRY,WOS:000552861800001,unlabeled_pool,1023
WOS:000563880800020,Electrochemical Performance of B-Type Vanadium Dioxide as a Sodium-Ion Battery Cathode: A Combined Experimental and Theoretical Study,2020,10.1002/celc.202000686,CHEMELECTROCHEM,WOS:000563880800020,unlabeled_pool,1024
WOS:000447261700010,Microtubular Hard Carbon Derived From Willow Catkins as an Anode Material With Enhanced Performance for Sodium-Ion Batteries,2018,10.1115/1.4040922,JOURNAL OF ELECTROCHEMICAL ENERGY CONVERSION AND STORAGE,WOS:000447261700010,unlabeled_pool,1025
WOS:000432668500004,Flower-like structure of SnS with N-doped carbon via polymer additive for lithium-ion battery and sodium-ion battery,2018,10.1016/j.jallcom.2018.03.386,JOURNAL OF ALLOYS AND COMPOUNDS,WOS:000432668500004,unlabeled_pool,1026
WOS:001179043600079,Study on the lignin-derived sp2-sp3 hybrid hard carbon materials and the feasibility for industrial production,2024,10.1038/s41598-024-54190-x,SCIENTIFIC REPORTS,WOS:001179043600079,unlabeled_pool,1027
WOS:001236648900001,Coal-based hard carbon anode for high-performance sodium ion batteries via coal-based graphene oxide as a multi-functional binder,2024,10.1016/j.matlet.2024.136541,MATERIALS LETTERS,WOS:001236648900001,unlabeled_pool,1028
WOS:000806347600004,Green synthesis of zinc sulfide-reduced graphene oxide composite and its application in sodium-ion batteries,2022,10.1016/j.jallcom.2022.164769,JOURNAL OF ALLOYS AND COMPOUNDS,WOS:000806347600004,unlabeled_pool,1029
WOS:000644433300001,In Situ Nitrogen Retention of Carbon Anode for Enhancing the Electrochemical Performance for Sodium-Ion Battery,2021,10.1002/chem.202100076,CHEMISTRY-A EUROPEAN JOURNAL,WOS:000644433300001,unlabeled_pool,1030
WOS:001377552000001,Zero-strain high entropy spinel oxide (FeNiCuCrMn)3O4@rGO as high-performance anode for sodium ion battery,2025,10.1016/j.cej.2024.158269,CHEMICAL ENGINEERING JOURNAL,WOS:001377552000001,unlabeled_pool,1031
WOS:001327862400001,Iron-decorated N/S co-doped porous carbon for sodium-ion battery anode to achieve high initial coulombic efficiency,2024,10.1016/j.carbon.2024.119663,CARBON,WOS:001327862400001,unlabeled_pool,1032
WOS:000431790700002,Synthesis of Conjugated Carbonyl Containing Polymer Negative Electrodes for Sodium Ion Batteries,2018,10.1149/2.0051803jes,JOURNAL OF THE ELECTROCHEMICAL SOCIETY,WOS:000431790700002,unlabeled_pool,1033
WOS:000517663800007,How to overcome Na deficiency in full cell using P2-phase sodium cathode - A proof of concept study of Na-rhodizonate used as sodium reservoir,2020,10.1016/j.jpowsour.2019.227617,JOURNAL OF POWER SOURCES,WOS:000517663800007,unlabeled_pool,1034
WOS:000466054200006,Facile construction of hollow carbon nanosphere-interconnected network for advanced sodium-ion battery anode,2019,10.1016/j.jcis.2019.03.043,JOURNAL OF COLLOID AND INTERFACE SCIENCE,WOS:000466054200006,unlabeled_pool,1035
WOS:000497245400080,Nitrogen and phosphorus co-doped 3D hierarchical porous carbon network with highly-reversible performance in sodium storage,2019,10.1016/j.ceramint.2019.08.177,CERAMICS INTERNATIONAL,WOS:000497245400080,unlabeled_pool,1036
WOS:000377412900046,Effect of Electrolyte Additives on NaTi2(PO4)3-C//Na3V2</s ub>O2X( PO4)2F3-2X-MWCNT Aqueous Rechargeable Sodium Ion Battery Performance,2016,10.1149/2.0031608jes,JOURNAL OF THE ELECTROCHEMICAL SOCIETY,WOS:000377412900046,unlabeled_pool,1037
WOS:000406286800002,Cobalt imidazoledicarboxylate coordination complex microspheres: stable intercalation materials for lithium and sodium-ion batteries,2017,10.1007/s11581-017-2033-x,IONICS,WOS:000406286800002,unlabeled_pool,1038
WOS:001170443700001,Nitrogen and fluorine co-doped 3D carbon framework embedded VSe2 nanosheets as high-performance sodium-ion battery anode materials,2024,10.1007/s11581-024-05437-0,IONICS,WOS:001170443700001,unlabeled_pool,1039
WOS:000638236800001,Densified MoS2/Ti3C2 films with balanced porosity for ultrahigh volumetric capacity sodium-ion battery,2021,10.1016/j.cej.2020.127479,CHEMICAL ENGINEERING JOURNAL,WOS:000638236800001,unlabeled_pool,1040
WOS:000430477900023,Carbon-coated CoP3 nanocomposites as anode materials for high-performance sodium-ion batteries,2018,10.1016/j.apsusc.2018.03.126,APPLIED SURFACE SCIENCE,WOS:000430477900023,unlabeled_pool,1041
WOS:000514848600083,Rational synthesis of marcacite FeS2 hollow microspheres for high-rate and long-life sodium ion battery anode,2020,10.1016/j.jallcom.2020.154173,JOURNAL OF ALLOYS AND COMPOUNDS,WOS:000514848600083,unlabeled_pool,1042
WOS:000897789600001,A Novel Hierarchical Structure of SnCu2Se4/d-Ti3C2Tx</sub >/NPC for a Lithium/Sodium Ion Battery and Hybrid Capacitor with Long-Term Cycling Stabilities,2022,10.1021/acsami.2c19347,ACS APPLIED MATERIALS & INTERFACES,WOS:000897789600001,unlabeled_pool,1043
WOS:001616004800001,An electrochemical investigation into the microwave-assisted synthesis of synergistic effect-based ternary heteroatom doped reduced graphene oxide (BNS-rGO) for supercapacitor and sodium-ion battery applications,2025,10.1016/j.est.2025.119158,JOURNAL OF ENERGY STORAGE,WOS:001616004800001,unlabeled_pool,1044
WOS:000324382400006,"A low cost, all-organic Na-ion Battery Based on Polymeric Cathode and Anode",2013,10.1038/srep02671,SCIENTIFIC REPORTS,WOS:000324382400006,unlabeled_pool,1045
WOS:000546695700005,Sn4P3-induced crystalline/amorphous composite structures for enhanced sodium-ion battery anodes,2020,10.1016/j.jmst.2019.05.032,JOURNAL OF MATERIALS SCIENCE & TECHNOLOGY,WOS:000546695700005,unlabeled_pool,1046
WOS:001116601700001,High-performance e-VOPO4 cathode materials for sodium ion battery applications,2024,10.1016/j.materresbull.2023.112594,MATERIALS RESEARCH BULLETIN,WOS:001116601700001,unlabeled_pool,1047
WOS:001296973600001,Comparison of NaNi1/3Fe1/3Mn1/3O2 and Na4Fe3(PO4)2(P2O7) cathode sodium-ion battery behavior under overcharging induced thermal runaway,2024,10.1016/j.cej.2024.154732,CHEMICAL ENGINEERING JOURNAL,WOS:001296973600001,unlabeled_pool,1048
WOS:000539083500016,Direct antimony recovery from wastewater as anode materials for sodium-ion batteries,2020,10.1016/j.mtener.2020.100403,MATERIALS TODAY ENERGY,WOS:000539083500016,unlabeled_pool,1049
WOS:001311642400001,The importance of bond covalency for the activation of multielectron reactions in phosphate cathodes for sodium-ion batteries,2024,10.1016/j.ensm.2024.103770,ENERGY STORAGE MATERIALS,WOS:001311642400001,unlabeled_pool,1050
WOS:001165559500001,Facile flame synthesis of S-doped Fe2O3 on carbon cloth as superior anode material for sodium-ion battery,2024,10.1016/j.diamond.2024.110833,DIAMOND AND RELATED MATERIALS,WOS:001165559500001,unlabeled_pool,1051
WOS:000486859600001,Ultrahigh Rate Performance of Hollow Antimony Nanoparticles Impregnated in Open Carbon Boxes for Sodium-Ion Battery under Elevated Temperature,2019,10.1002/smll.201903521,SMALL,WOS:000486859600001,unlabeled_pool,1052
WOS:001325009400001,Modified multi-metal Prussian blue analogues toward high-performance cathode for sodium-ion battery,2024,10.1016/j.jpowsour.2024.235514,JOURNAL OF POWER SOURCES,WOS:001325009400001,unlabeled_pool,1053
WOS:001397043700001,Isovalent doping of tin in sodium trititanate for enhanced sodium-ion battery performance,2025,10.1016/j.jechem.2024.12.002,JOURNAL OF ENERGY CHEMISTRY,WOS:001397043700001,unlabeled_pool,1054
WOS:000502900800001,"A Water Stable, Near-Zero-Strain O3-Layered Titanium-Based Anode for Long Cycle Sodium-Ion Battery",2020,10.1002/adfm.201907023,ADVANCED FUNCTIONAL MATERIALS,WOS:000502900800001,unlabeled_pool,1055
WOS:001397583900001,Tin disulfide nanosheets encapsulated by elemental sulfur for advanced sodium ion batteries,2025,10.1016/j.jallcom.2025.178541,JOURNAL OF ALLOYS AND COMPOUNDS,WOS:001397583900001,unlabeled_pool,1056
WOS:000382338800027,Crystal and electronic structure changes during the charge-discharge process of Na4Co3(PO4)2P2O<s ub>7,2016,10.1016/j.jpowsour.2016.07.006,JOURNAL OF POWER SOURCES,WOS:000382338800027,unlabeled_pool,1057
WOS:000702631600002,Alleviating mechanical degradation of hexacyanoferrate via strain locking during Na+ insertion/extraction for full sodium ion battery,2022,10.1007/s12274-021-3844-7,NANO RESEARCH,WOS:000702631600002,unlabeled_pool,1058
WOS:000554477000001,A New Triclinic Phase Na2Ti3O7Anode for Sodium-Ion Battery,2020,10.1002/adfm.202003733,ADVANCED FUNCTIONAL MATERIALS,WOS:000554477000001,unlabeled_pool,1059
WOS:000443153100092,Sandwiched CNT@SnO2@PPy nanocomposites enhancing sodium storage,2018,10.1016/j.colsurfa.2018.07.023,COLLOIDS AND SURFACES A-PHYSICOCHEMICAL AND ENGINEERING ASPECTS,WOS:000443153100092,unlabeled_pool,1060
WOS:001188069400001,Enabling Rapid and Stable Sodium Storage via a P2-Type Layered Cathode with High-Voltage Zero-Phase Transition Behavior,2024,10.1002/smll.202400315,SMALL,WOS:001188069400001,unlabeled_pool,1061
WOS:000332278800003,Tin-phosphate glass anode for sodium ion batteries,2013,10.1063/1.4826938,APL MATERIALS,WOS:000332278800003,unlabeled_pool,1062
WOS:000948894600001,Rational design of conductive MXenes-based networks by Sn and Sn4P3 nanoparticles for durable sodium-ion battery,2023,10.1016/j.jpowsour.2023.232750,JOURNAL OF POWER SOURCES,WOS:000948894600001,unlabeled_pool,1063
WOS:000914374500001,Optimized Structural Dimensionality of CuSbS2 as an Anode Material in Sodium-Ion Batteries,2023,10.1021/acsaem.2c03317,ACS APPLIED ENERGY MATERIALS,WOS:000914374500001,unlabeled_pool,1064
WOS:000819910400001,Effect of Al doping on electrochemical performance of NaTi2(PO4)3/C anode for aqueous sodium ion batter,2022,10.1007/s10800-022-01726-6,JOURNAL OF APPLIED ELECTROCHEMISTRY,WOS:000819910400001,unlabeled_pool,1065
WOS:000558039000001,Cr2P2O7as a Novel Anode Material for Sodium and Lithium Storage,2020,10.3390/ma13143139,MATERIALS,WOS:000558039000001,unlabeled_pool,1066
WOS:000828164600002,"Lotus pollen-templated synthesis of C, N, P-self doped KTi2(PO4)3/TiO2 for sodium ion battery",2022,10.1016/j.colsurfa.2022.129605,COLLOIDS AND SURFACES A-PHYSICOCHEMICAL AND ENGINEERING ASPECTS,WOS:000828164600002,unlabeled_pool,1067
WOS:001353627900001,Synthesis of highly dispersed metallic bismuth nanoparticles in CuO-Bi2O3-SiO2 glass-ceramics for sodium ion battery anode,2024,10.1016/j.jssc.2024.124838,JOURNAL OF SOLID STATE CHEMISTRY,WOS:001353627900001,unlabeled_pool,1068
WOS:000458706900101,Benefits of Copper and Magnesium Cosubstitution in Na0.5Mn0.6Ni0.4O2 as a Superior Cathode for Sodium Ion Batteries,2019,10.1021/acsaem.8b01909,ACS APPLIED ENERGY MATERIALS,WOS:000458706900101,unlabeled_pool,1069
WOS:000375244500032,How Crystallite Size Controls the Reaction Path in Nonaqueous Metal Ion Batteries: The Example of Sodium Bismuth Alloying,2016,10.1021/acs.chemmater.6b00491,CHEMISTRY OF MATERIALS,WOS:000375244500032,unlabeled_pool,1070
WOS:001585184300001,Novel two-dimensional structure of MoS2/nano-red phosphorus/graphene for sodium-ion batteries,2025,10.1088/1402-4896/ae0988,PHYSICA SCRIPTA,WOS:001585184300001,unlabeled_pool,1071
WOS:000444793000041,Graphene-Loaded Bi2Se3: A Conversion-Alloying-type Anode Material for Ultrafast Gravimetric and Volumetric Na Storage,2018,10.1021/acsami.8b09538,ACS APPLIED MATERIALS & INTERFACES,WOS:000444793000041,unlabeled_pool,1072
WOS:000723005600002,Layered O3-type Na9/10Cr1/2Fe1/2O2 as new cathode for rechargeable sodium-ion battery,2022,10.1016/j.colsurfa.2021.127929,COLLOIDS AND SURFACES A-PHYSICOCHEMICAL AND ENGINEERING ASPECTS,WOS:000723005600002,unlabeled_pool,1073
WOS:001047583700001,All-solid-state sodium-ion batteries operating at room temperature based on NASICON-type NaTi2(PO4)3 cathode and ceramic NASICON solid electrolyte: A complete in situ synchrotron X-ray study,2023,10.1016/j.cej.2023.144509,CHEMICAL ENGINEERING JOURNAL,WOS:001047583700001,unlabeled_pool,1074
WOS:000413009800038,Self-standing MgMoO4/Reduced Graphene Oxide Nanosheet Arrays for Lithium and Sodium Ion Storage,2017,10.1016/j.electacta.2017.08.115,ELECTROCHIMICA ACTA,WOS:000413009800038,unlabeled_pool,1075
WOS:001586104000019,Facile thiourea-assisted synthesis of SnO2/SnS heterojunctions anchored on N/S co-doped graphene aerogel for high-performance sodium-ion battery anodes,2025,10.1016/j.jallcom.2025.183998,JOURNAL OF ALLOYS AND COMPOUNDS,WOS:001586104000019,unlabeled_pool,1076
WOS:001476783700001,Fabrication of multiscale porous carbon nanofibers via phase separation of copolymer-based blends for high-performance sodium-ion battery anodes,2025,10.1016/j.carbon.2025.120340,CARBON,WOS:001476783700001,unlabeled_pool,1077
WOS:000467574900003,Prussian Blue Cathode Materials for Aqueous Sodium-ion Batteries: Preparation and Electrochemical Performance,2019,10.15541/jim20180272,JOURNAL OF INORGANIC MATERIALS,WOS:000467574900003,unlabeled_pool,1078
WOS:001013601100001,Rational Engineering of p-n Heterogeneous ZnS/SnO2 Quantum Dots with Fast Ion Kinetics for Superior Li/Na-Ion Battery,2023,10.1002/smll.202300534,SMALL,WOS:001013601100001,unlabeled_pool,1079
WOS:001402882800001,One-Step Chronoamperometric Synthesized Nitrogen-Doped Graphene Oxide as a Novel Anode for Sodium-Ion Battery with an Enhanced Electrochemical Performance,2025,10.1002/celc.202400564,CHEMELECTROCHEM,WOS:001402882800001,unlabeled_pool,1080
WOS:001526783800001,Preparation of hard carbon anode materials for high-performance sodium-ion batteries by dual composition-structure modulation,2025,10.1016/j.est.2025.117408,JOURNAL OF ENERGY STORAGE,WOS:001526783800001,unlabeled_pool,1081
WOS:001268351600001,Cobalt-Copper Bimetallic Phosphide/Carbon Nanocomposites Derived from Metal-Organic Frameworks for Sodium-Ion Batteries,2024,10.1021/acsanm.4c02632,ACS APPLIED NANO MATERIALS,WOS:001268351600001,unlabeled_pool,1082
WOS:000517851600018,Nitrogen-doped carbon derived from onion waste as anode material for high performance sodium-ion battery,2020,10.1016/j.ssi.2020.115223,SOLID STATE IONICS,WOS:000517851600018,unlabeled_pool,1083
WOS:001312287700001,Biomimetic mineralization synergistic combustion activation to construct honeycomb porous carbon anode for sodium-ion batteries,2024,10.1016/j.carbon.2024.119602,CARBON,WOS:001312287700001,unlabeled_pool,1084
WOS:001354139200001,Thermal Runaway of Na-Ion Batteries with Na3V2O2(PO4)2F Cathodes,2025,10.1002/batt.202400386,BATTERIES & SUPERCAPS,WOS:001354139200001,unlabeled_pool,1085
WOS:000330491500028,Electrochemical properties of P2-Na2/3[Ni1/3Mn2/3]O2 cathode material for sodium ion batteries when cycled in different voltage ranges,2013,10.1016/j.electacta.2013.09.098,ELECTROCHIMICA ACTA,WOS:000330491500028,unlabeled_pool,1086
WOS:001446882900001,Glucose Carbon Spheres Uniformly Coupled with Cotton-Derived Carbon Nanofibers as Ultrafast Anodes for Sodium-Ion Batteries,2025,10.1002/slct.202405437,CHEMISTRYSELECT,WOS:001446882900001,unlabeled_pool,1087
WOS:001460206900001,Inhibition of P2-O2 Phase Transition for P2-Na2/3Ni1/3Mn2/3O2 as Cathode of Sodium-ion Battery via Synergetic Substitution of Cu and Mg,2025,10.15541/jim20240325,JOURNAL OF INORGANIC MATERIALS,WOS:001460206900001,unlabeled_pool,1088
WOS:000576640500001,1-Aminoanthraquinone as an electro-polymerizable additive to improve the cycling performance of a Na3V2(PO4)2F3 cathode,2020,10.1016/j.elecom.2020.106829,ELECTROCHEMISTRY COMMUNICATIONS,WOS:000576640500001,unlabeled_pool,1089
WOS:000511862700013,MCNT-Reinforced Na3Fe2(PO4)3 as Cathode Material for Sodium-Ion Batteries,2020,10.1007/s13369-019-03979-4,ARABIAN JOURNAL FOR SCIENCE AND ENGINEERING,WOS:000511862700013,unlabeled_pool,1090
WOS:000816287700001,Polypyrrole Modified MoS2 Nanorod Composites as Durable Pseudocapacitive Anode Materials for Sodium-Ion Batteries,2022,10.3390/nano12122006,NANOMATERIALS,WOS:000816287700001,unlabeled_pool,1091
WOS:000350941400015,Rapid synthesis of α-Fe2O3/rGO nanocomposites by microwave autoclave as superior anodes for sodium-ion batteries,2015,10.1016/j.jpowsour.2015.01.092,JOURNAL OF POWER SOURCES,WOS:000350941400015,unlabeled_pool,1092
WOS:000832983300003,In2S3 nanosheets array anchored on reduced graphene oxide as high-performance anode for sodium-ion batteries,2022,10.1016/j.jallcom.2022.165506,JOURNAL OF ALLOYS AND COMPOUNDS,WOS:000832983300003,unlabeled_pool,1093
WOS:000387862100006,An advanced high-energy sodium ion full battery based on nanostructured Na2Ti3O7/VOPO4 layered materials,2016,10.1039/c6ee00794e,ENERGY & ENVIRONMENTAL SCIENCE,WOS:000387862100006,unlabeled_pool,1094
WOS:000649648700001,Nitrogen doped porous carbon coated antimony as high performance anode material for sodium-ion batteries,2021,10.1088/1361-6528/abf778,NANOTECHNOLOGY,WOS:000649648700001,unlabeled_pool,1095
WOS:000400952600003,Two-dimensional layered compound based anode materials for lithium-ion batteries and sodium-ion batteries,2017,10.1016/j.jcis.2017.03.077,JOURNAL OF COLLOID AND INTERFACE SCIENCE,WOS:000400952600003,unlabeled_pool,1096
WOS:001525844000003,Bilayer surface modification of biphasic O3/P2 layered cathode for high voltage sodium ion battery,2025,10.1016/j.est.2025.117540,JOURNAL OF ENERGY STORAGE,WOS:001525844000003,unlabeled_pool,1097
WOS:000931344800001,One-Step Synthesis of Three-Dimensional Na3V2(PO4)3/Carbon Frameworks as Promising Sodium-Ion Battery Cathode,2023,10.3390/nano13030446,NANOMATERIALS,WOS:000931344800001,unlabeled_pool,1098
WOS:000415302600049,Robust three-dimensional graphene skeleton encapsulated Na3V2O2(PO4)2F nanoparticles as a high-rate and long-life cathode of sodium-ion batteries,2017,10.1016/j.nanoen.2017.09.056,NANO ENERGY,WOS:000415302600049,unlabeled_pool,1099
WOS:001348652600001,Valence switching of bismuth in ferricyanide as cathode materials for sodium-ion batteries,2025,10.1016/j.jpowsour.2024.235666,JOURNAL OF POWER SOURCES,WOS:001348652600001,unlabeled_pool,1100
WOS:000483408400019,Ion-exchange synthesis of high-energy-density prussian blue analogues for sodium ion battery cathodes with fast kinetics and long durability,2019,10.1016/j.jpowsour.2019.226868,JOURNAL OF POWER SOURCES,WOS:000483408400019,unlabeled_pool,1101
WOS:000354255400013,A Layered P2-and O3-Type Composite as a High-Energy Cathode for Rechargeable Sodium-Ion Batteries,2015,10.1002/anie.201411788,ANGEWANDTE CHEMIE-INTERNATIONAL EDITION,WOS:000354255400013,unlabeled_pool,1102
WOS:000783868100003,Self-standing Co2.4Sn0.6O4 nano rods as high performance anode materials for sodium-ion battery and investigation on its reaction mechanism,2022,10.1016/j.cej.2022.135791,CHEMICAL ENGINEERING JOURNAL,WOS:000783868100003,unlabeled_pool,1103
WOS:000346326600054,Fabrication of Porous Carbon/TiO2 Composites through Polymerization-Induced Phase Separation and Use As an Anode for Na-Ion Batteries,2014,10.1021/am5058037,ACS APPLIED MATERIALS & INTERFACES,WOS:000346326600054,unlabeled_pool,1104
WOS:000352275500015,Hierarchical zigzag Na1.25V3O8 nanowires with topotactically encoded superior performance for sodium-ion battery cathodes,2015,10.1039/c5ee00036j,ENERGY & ENVIRONMENTAL SCIENCE,WOS:000352275500015,unlabeled_pool,1105
WOS:000493217800094,O3-type layer-structured Na0.8[Ni1/5Fe1/5C o1/5Mn1/5</s ub>Ti1/5]O2 as long life and high power cathode material for sodium-ion batteries,2019,10.1016/j.ceramint.2019.08.011,CERAMICS INTERNATIONAL,WOS:000493217800094,unlabeled_pool,1106
WOS:001356239900001,"Boosting sodium-ion battery performance with vanadium substituted Fe, Ni dual doped fluorophosphate cathode over a wide temperature range",2025,10.1016/j.jpowsour.2024.235734,JOURNAL OF POWER SOURCES,WOS:001356239900001,unlabeled_pool,1107
WOS:001232686300001,Inclusion of Anion Additives in the Inner Solvation Shell to Regulate the Composition of Solid Electrolyte Interphase,2024,10.1002/aenm.202401268,ADVANCED ENERGY MATERIALS,WOS:001232686300001,unlabeled_pool,1108
WOS:000461575300014,A Liquid-Metal-Enabled Versatile Organic Alkali-lon Battery,2019,10.1002/adma.201806956,ADVANCED MATERIALS,WOS:000461575300014,unlabeled_pool,1109
WOS:000691223400009,Synergistic effect between 1T′-ReS2 nanosheet arrays and FeS2 nano-spindle in 1T′-ReS2@FeS2@NC heterostructured anode for Na+ storage,2021,10.1016/j.electacta.2021.139071,ELECTROCHIMICA ACTA,WOS:000691223400009,unlabeled_pool,1110
WOS:001401867600001,Revealing the thermal stability of sodium-ion battery from material to cell level using combined thermal-gas analysis,2025,10.1016/j.jechem.2024.11.059,JOURNAL OF ENERGY CHEMISTRY,WOS:001401867600001,unlabeled_pool,1111
WOS:000869436100005,Combined conductivity and electrochemical impedance spectroscopy study of Na2FeP2O7 cathode material for sodium ion batteries,2022,10.1016/j.ssi.2022.116024,SOLID STATE IONICS,WOS:000869436100005,unlabeled_pool,1112
WOS:000329137100085,Single-Crystalline Bilayered V2O5 Nanobelts for High-Capacity Sodium-Ion Batteries,2013,10.1021/nn405014d,ACS NANO,WOS:000329137100085,unlabeled_pool,1113
WOS:001511959800001,Unraveling multi-level porous carbon negative electrode materials based on Rosa roxburghii pomace for high-performance sodium-ion batteries,2025,10.1039/d5ra02828k,RSC ADVANCES,WOS:001511959800001,unlabeled_pool,1114
WOS:001274718300001,Overview of electrochemical competing process of sodium storage and metal plating in hard carbon anode of sodium ion battery,2024,10.1016/j.ensm.2024.103645,ENERGY STORAGE MATERIALS,WOS:001274718300001,unlabeled_pool,1115
WOS:000430452300013,Characterization of MnCo2O4 as anode material for a SodiumAir Electric Vehicle Battery,2018,10.20964/2018.04.13,INTERNATIONAL JOURNAL OF ELECTROCHEMICAL SCIENCE,WOS:000430452300013,unlabeled_pool,1116
WOS:000860547100002,Carbon-coated Sn-reduced graphene oxide composite synthesized using supercritical methanol and high-pressure free meniscus coating for Na-ion batteries,2022,10.1016/j.supflu.2022.105720,JOURNAL OF SUPERCRITICAL FLUIDS,WOS:000860547100002,unlabeled_pool,1117
WOS:000863272300001,Enhancing Reversible Reactions via Phase Engineering on Bi-Crystal GeS2 Nanosheets for Superior Sodium-Ion Storage,2022,10.1021/acssuschemeng.2c03375,ACS SUSTAINABLE CHEMISTRY & ENGINEERING,WOS:000863272300001,unlabeled_pool,1118
WOS:001597554600001,Unveiling the Role of Local Atomic Configurations of Tin on Enhanced Na Storage for Carbon Anode Materials,2025,10.1002/smll.202508708,SMALL,WOS:001597554600001,unlabeled_pool,1119
WOS:000943898200003,Growing curly graphene layer boosts hard carbon with superior sodium-ion storage,2023,10.1007/s12274-023-5539-8,NANO RESEARCH,WOS:000943898200003,unlabeled_pool,1120
WOS:000458504800056,Self-tunable ultrathin carbon nanocups as the electrode material of sodium-ion batteries with unprecedented capacity and stability,2019,10.1016/j.cej.2019.02.003,CHEMICAL ENGINEERING JOURNAL,WOS:000458504800056,unlabeled_pool,1121
WOS:000344978200130,"Reversible Conversion-Alloying of Sb2O3 as a High-Capacity, High-Rate, and Durable Anode for Sodium Ion Batteries",2014,10.1021/am505505m,ACS APPLIED MATERIALS & INTERFACES,WOS:000344978200130,unlabeled_pool,1122
WOS:000314082100016,Intercalation of Sodium Ions into Hollow Iron Oxide Nanoparticles,2013,10.1021/cm303611z,CHEMISTRY OF MATERIALS,WOS:000314082100016,unlabeled_pool,1123
WOS:000564958200004,Neurons-system-like structured SnS2/CNTs composite for high-performance sodium-ion battery anode,2021,10.1007/s12598-020-01555-6,RARE METALS,WOS:000564958200004,unlabeled_pool,1124
WOS:000336640600032,Anodes for Sodium Ion Batteries Based on Tin-Germanium-Antimony Alloys,2014,10.1021/nn4063598,ACS NANO,WOS:000336640600032,unlabeled_pool,1125
WOS:001130430500001,Multiphase nano Co9S8/CoS encapsulated in N-doped carbon for high capacity sodium-ion battery anode,2024,10.1016/j.est.2023.109849,JOURNAL OF ENERGY STORAGE,WOS:001130430500001,unlabeled_pool,1126
WOS:000398224900007,Spray pyrolysis and electrochemical performance of Na0.44MnO2 for sodium-ion battery cathodes,2017,10.1557/mrc.2017.4,MRS COMMUNICATIONS,WOS:000398224900007,unlabeled_pool,1127
WOS:000813006000008,One-step multiple structure modulations on sodium vanadyl phosphate@carbon towards ultra-stable high rate sodium storage,2022,10.1016/j.cej.2021.134289,CHEMICAL ENGINEERING JOURNAL,WOS:000813006000008,unlabeled_pool,1128
WOS:000445302400006,Multi-walled carbon nanotube-wrapped SiP2 as a superior anode material for lithium-ion and sodium-ion batteries,2018,10.1016/j.jpowsour.2018.07.003,JOURNAL OF POWER SOURCES,WOS:000445302400006,unlabeled_pool,1129
WOS:000393848800055,Shape-Controlled TiO2 Nanocrystals for Na-Ion Battery Electrodes: The Role of Different Exposed Crystal Facets on the Electrochemical Properties,2017,10.1021/acs.nanolett.6b04347,NANO LETTERS,WOS:000393848800055,unlabeled_pool,1130
WOS:000430996700005,Carbon sheathed molybdenum nitride nanoparticles anchored on reduced graphene oxide as high-capacity sodium-ion battery anodes and supercapacitors,2018,10.1039/c7nj04764a,NEW JOURNAL OF CHEMISTRY,WOS:000430996700005,unlabeled_pool,1131
WOS:000354140700030,Antimony nanoparticles anchored on interconnected carbon nanofibers networks as advanced anode material for sodium-ion batteries,2015,10.1016/j.jpowsour.2015.03.043,JOURNAL OF POWER SOURCES,WOS:000354140700030,unlabeled_pool,1132
WOS:000397003700042,Three-dimensional graphene frameworks wrapped Li3V2(PO4)3 with reversible topotactic sodium-ion storage,2017,10.1016/j.nanoen.2016.12.050,NANO ENERGY,WOS:000397003700042,unlabeled_pool,1133
WOS:000458705100013,Sodiation-Desodiation Reactions of Various Binary Phosphides as Novel Anode Materials of Na-Ion Battery,2018,10.1021/acsaem.7b00241,ACS APPLIED ENERGY MATERIALS,WOS:000458705100013,unlabeled_pool,1134
WOS:000735203700029,Effective enhancement of the electrochemical properties for Na2FeP2O7/C cathode materials by boron doping,2021,10.1016/j.cjche.2021.09.011,CHINESE JOURNAL OF CHEMICAL ENGINEERING,WOS:000735203700029,unlabeled_pool,1135
WOS:000467387200085,Mesoporous CoSe2 nanoclusters threaded with nitrogen-doped carbon nanotubes for high-performance sodium-ion battery anodes,2019,10.1016/j.cej.2019.03.263,CHEMICAL ENGINEERING JOURNAL,WOS:000467387200085,unlabeled_pool,1136
WOS:001214742800001,Construction of a novel heterostructure of Bi2S3/Sb2S3 nanorod with improved sodium storage performances,2024,10.1007/s11581-024-05550-0,IONICS,WOS:001214742800001,unlabeled_pool,1137
WOS:000511931800012,Cu2SnSe3/CNTs Composite as a Promising Anode Material for Sodium-ion Batteries,2020,10.1007/s40242-020-9061-1,CHEMICAL RESEARCH IN CHINESE UNIVERSITIES,WOS:000511931800012,unlabeled_pool,1138
WOS:000391454500015,Greigite Fe3S4 as a new anode material for high-performance sodium-ion batteries,2017,10.1039/c6sc02716d,CHEMICAL SCIENCE,WOS:000391454500015,unlabeled_pool,1139
WOS:000506166900010,A novel MoS2@C framework architecture composites with three-dimensional cross-linked porous carbon supporting MoS2 nanosheets for sodium storage,2020,10.1016/j.jallcom.2019.152821,JOURNAL OF ALLOYS AND COMPOUNDS,WOS:000506166900010,unlabeled_pool,1140
WOS:001226119300001,Manipulating Local Chemistry and Coherent Structures for High-Rate and Long-Life Sodium-Ion Battery Cathodes,2024,10.1021/acsnano.4c02017,ACS NANO,WOS:001226119300001,unlabeled_pool,1141
WOS:000403457000020,In- situ carbon-coated Na2FeP2O7 anchored in three-dimensional reduced graphene oxide framework as a durable and high-rate sodium-ion battery cathode,2017,10.1016/j.jpowsour.2017.04.075,JOURNAL OF POWER SOURCES,WOS:000403457000020,unlabeled_pool,1142
WOS:000648607900001,High-stability Mn-Co-Ni ternary metal oxide microspheres as conversion-type anodes for sodium-ion batteries,2021,10.1016/j.ceramint.2021.03.072,CERAMICS INTERNATIONAL,WOS:000648607900001,unlabeled_pool,1143
WOS:000345226100042,An Electrochemical Study of Sb/Acetylene Black Composite as Anode for Sodium-Ion Batteries,2014,10.1016/j.electacta.2014.09.080,ELECTROCHIMICA ACTA,WOS:000345226100042,unlabeled_pool,1144
WOS:001585559400005,Coupled pore-forming and sodium supplementation strategies for asphalt-based hard carbon anodes to enhance the cycling stability of sodium-ion batteries,2026,10.1016/j.mseb.2025.118833,MATERIALS SCIENCE AND ENGINEERING B-ADVANCED FUNCTIONAL SOLID-STATE MATERIALS,WOS:001585559400005,unlabeled_pool,1145
WOS:000435929000029,Plasma-Induced Amorphous Shell and Deep Cation-Site S Doping Endow TiO2 with Extraordinary Sodium Storage Performance,2018,10.1002/adma.201801013,ADVANCED MATERIALS,WOS:000435929000029,unlabeled_pool,1146
WOS:000868934200002,PTFE-derived carbon-coated Na3V2(PO4)2F3 cathode material for high-performance sodium ion battery,2022,10.1016/j.electacta.2022.141187,ELECTROCHIMICA ACTA,WOS:000868934200002,unlabeled_pool,1147
WOS:000498391900030,Oxygen functionalization boosted sodium adsorption-intercalation in coal based needle coke,2020,10.1016/j.electacta.2019.135127,ELECTROCHIMICA ACTA,WOS:000498391900030,unlabeled_pool,1148
WOS:001619161900004,Hollow cobalt disulfide/nitrogen-doped carbon nanoboxes for high stability sodium-ion battery anodes,2025,10.26599/nr.2025.94907800,NANO RESEARCH,WOS:001619161900004,unlabeled_pool,1149
WOS:000440731800031,MoS2 embedded in 3D interconnected carbon nanofiber film as a free-standing anode for sodium-ion batteries,2018,10.1007/s12274-017-1958-8,NANO RESEARCH,WOS:000440731800031,unlabeled_pool,1150
WOS:001150402100001,First-principles study of slag impurity doped Na2Ti3O7 as anode material for Na-ion batteries,2024,10.1088/1402-4896/ad1f23,PHYSICA SCRIPTA,WOS:001150402100001,unlabeled_pool,1151
WOS:000426615600095,Rational Synthesis and Assembly of Ni3S4 Nanorods for Enhanced Electrochemical Sodium-Ion Storage,2018,10.1021/acsnano.7b08625,ACS NANO,WOS:000426615600095,unlabeled_pool,1152
WOS:000412455200018,Self-standing Bi2O3 nanoparticles/carbon nanofiber hybrid films as a binder-free anode for flexible sodium-ion batteries,2017,10.1039/c7qm00128b,MATERIALS CHEMISTRY FRONTIERS,WOS:000412455200018,unlabeled_pool,1153
WOS:000494815600123,Preparation of porous FeS2-C/RG composite for sodium ion batteries,2020,10.1016/j.cej.2019.122549,CHEMICAL ENGINEERING JOURNAL,WOS:000494815600123,unlabeled_pool,1154
WOS:001584443900006,Waste asphalt-derived hard carbon assisted by biomass templating for sodium-ion batteries,2025,10.1016/j.cej.2025.167350,CHEMICAL ENGINEERING JOURNAL,WOS:001584443900006,unlabeled_pool,1155
WOS:001345485500001,Optimization of sodium-ion battery cathode performance by nickel-based Prussian blue epitaxial growth with iron-based Prussian blue core-shell structure,2024,10.1016/j.ijoes.2024.100828,INTERNATIONAL JOURNAL OF ELECTROCHEMICAL SCIENCE,WOS:001345485500001,unlabeled_pool,1156
WOS:000470337600004,FeS2 hollow nanospheres as high-performance anode for sodium ion battery and their surface pseudocapacitive properties,2019,10.1007/s11051-019-4565-7,JOURNAL OF NANOPARTICLE RESEARCH,WOS:000470337600004,unlabeled_pool,1157
WOS:000750027700001,Construction of SnS2@MoS2@rGO heterojunction anode and their half/full sodium ion storage performances,2022,10.1016/j.jallcom.2021.162784,JOURNAL OF ALLOYS AND COMPOUNDS,WOS:000750027700001,unlabeled_pool,1158
WOS:000378274800031,First-principles investigations of vanadium disulfide for lithium and sodium ion battery applications,2016,10.1039/c6ra07586j,RSC ADVANCES,WOS:000378274800031,unlabeled_pool,1159
WOS:000330162600012,Nanocolumnar Germanium Thin Films as a High-Rate Sodium-Ion Battery Anode Material,2013,10.1021/jp407322k,JOURNAL OF PHYSICAL CHEMISTRY C,WOS:000330162600012,unlabeled_pool,1160
WOS:000704184000003,Achieving superior high-temperature sodium storage performance in a layered potassium vanadate,2022,10.1007/s40843-021-1780-x,SCIENCE CHINA-MATERIALS,WOS:000704184000003,unlabeled_pool,1161
WOS:000433494600012,Concentration Flow Cells for Efficient Salinity Gradient Energy Recovery with Nanostructured Open Framework Hexacyanoferrate Electrodes,2018,10.1002/slct.201800312,CHEMISTRYSELECT,WOS:000433494600012,unlabeled_pool,1162
WOS:000507983000010,Additive Dependency on Formation of Solid Electrolyte Interphase on the Surface of Polymeric Hard Carbon Anode in Sodium-ion Batteries,2020,10.7317/pk.2020.44.1.76,POLYMER-KOREA,WOS:000507983000010,unlabeled_pool,1163
WOS:001144248800001,Exploration of PVP-Combustion Synthesis and Electrochemical Performance of O3-type NaxNi0.33Fe0.33Mn0.33O2 Layered Material for Sodium-Ion Batteries,2024,10.1149/1945-7111/ad1c14,JOURNAL OF THE ELECTROCHEMICAL SOCIETY,WOS:001144248800001,unlabeled_pool,1164
WOS:001453011400001,Improvement of Interphase Stability of Hard Carbon for Sodium-Ion Battery by Ionic Liquid Additives,2025,10.3390/batteries11030102,BATTERIES-BASEL,WOS:001453011400001,unlabeled_pool,1165
WOS:000450981100149,P4Se3 as a new anode material for sodium-ion batteries,2019,10.1016/j.jallcom.2018.10.215,JOURNAL OF ALLOYS AND COMPOUNDS,WOS:000450981100149,unlabeled_pool,1166
WOS:000386122700180,Tungsten Trioxide (WO3) Nanoparticles as a New Anode Material for Sodium-Ion Batteries,2016,10.1166/jnn.2016.11786,JOURNAL OF NANOSCIENCE AND NANOTECHNOLOGY,WOS:000386122700180,unlabeled_pool,1167
WOS:000969775700001,Thermal Stability of NASICON-Type Na3V2(PO4)3 and Na4VMn(PO4)3 as Cathode Materials for Sodium-ion Batteries,2023,10.3390/en16073051,ENERGIES,WOS:000969775700001,unlabeled_pool,1168
WOS:000456762100069,Enhanced electronic conductivity and sodium-ion adsorption in N/S co-doped ordered mesoporous carbon for high-performance sodium-ion battery anode,2019,10.1016/j.jpowsour.2018.12.002,JOURNAL OF POWER SOURCES,WOS:000456762100069,unlabeled_pool,1169
WOS:000394829800048,Iron-Doped Cauliflower-Like Rutile TiO2 with Superior Sodium Storage Properties,2017,10.1021/acsami.6b15516,ACS APPLIED MATERIALS & INTERFACES,WOS:000394829800048,unlabeled_pool,1170
WOS:000459796400144,K-doped Na3Fe2(PO4)3 cathode materials with high-stable structure for sodium-ion stored energy battery,2019,10.1016/j.jallcom.2019.01.125,JOURNAL OF ALLOYS AND COMPOUNDS,WOS:000459796400144,unlabeled_pool,1171
WOS:000346252800014,Experimental visualization of the diffusion pathway of sodium ions in the Na3[Ti2P2O10F] anode for sodium-ion battery,2014,10.1038/srep07231,SCIENTIFIC REPORTS,WOS:000346252800014,unlabeled_pool,1172
WOS:000818086600001,Self-supported TiO2@P nanotube arrays as high-performance anodes for sodium-ion batteries,2022,10.1142/s1793604722500199,FUNCTIONAL MATERIALS LETTERS,WOS:000818086600001,unlabeled_pool,1173
WOS:000600634600001,General Synthesis of Sulfonate-Based Metal-Organic Framework Derived Composite of MxSy@N/S-Doped Carbon for High-Performance Lithium/Sodium Ion Batteries,2021,10.1002/chem.202004241,CHEMISTRY-A EUROPEAN JOURNAL,WOS:000600634600001,unlabeled_pool,1174
WOS:000480331100027,Recent Progress in Rechargeable Sodium-Ion Batteries: toward High-Power Applications,2019,10.1002/smll.201805427,SMALL,WOS:000480331100027,unlabeled_pool,1175
WOS:000624399000001,Impedance studies of biosynthesized Na0.8Ni0.33Co<sub >0.33Mn0.33 O2 applied in an aqueous sodium-ion battery,2021,10.1002/er.6594,INTERNATIONAL JOURNAL OF ENERGY RESEARCH,WOS:000624399000001,unlabeled_pool,1176
WOS:000376828900007,Highly stable linear carbonate-containing electrolytes with fluoroethylene carbonate for high-performance cathodes in sodium-ion batteries,2016,10.1016/j.jpowsour.2016.04.070,JOURNAL OF POWER SOURCES,WOS:000376828900007,unlabeled_pool,1177
WOS:001545011200006,Carbonyl porous carbon is used to achieve high rate performance in sodium-ion batteries,2025,10.1016/j.electacta.2025.147015,ELECTROCHIMICA ACTA,WOS:001545011200006,unlabeled_pool,1178
WOS:000677686000011,Highly infiltrative micro-sized Cu2Se as advanced material with excellent rate performance and ultralong cycle-life for sodium ion half/full batteries,2021,10.1016/j.mtphys.2021.100422,MATERIALS TODAY PHYSICS,WOS:000677686000011,unlabeled_pool,1179
WOS:000685550800003,N-doped hierarchical porous hollow carbon spheres with multi-cavities for high performance Na-ion storage,2021,10.1016/j.jpowsour.2021.230170,JOURNAL OF POWER SOURCES,WOS:000685550800003,unlabeled_pool,1180
WOS:000623935900001,Na2Fe(C2O4)(HPO4): a promising new oxalate-phosphate based mixed polyanionic cathode for Li/Na ion batteries,2021,10.1088/2515-7639/abe5f9,JOURNAL OF PHYSICS-MATERIALS,WOS:000623935900001,unlabeled_pool,1181
WOS:000397605300005,Nanofiber networks of Na3V2(PO4)3 as a cathode material for high performance all-solid-state sodium-ion batteries,2017,10.1039/c7ta00314e,JOURNAL OF MATERIALS CHEMISTRY A,WOS:000397605300005,unlabeled_pool,1182
WOS:000450981100147,Rational design of red phosphorus/reduced graphene oxide composites for stable sodium ion storage,2019,10.1016/j.jallcom.2018.10.143,JOURNAL OF ALLOYS AND COMPOUNDS,WOS:000450981100147,unlabeled_pool,1183
WOS:000676841200001,A Hierarchically Ordered Mesoporous-Carbon-Supported Iron Sulfide Anode for High-Rate Na-Ion Storage,2021,10.3390/molecules26144349,MOLECULES,WOS:000676841200001,unlabeled_pool,1184
WOS:000463752300021,Facile Fabrication of Co9S8 Embedded in a Boron and Nitrogen Co-Doped Carbon Matrix as Sodium-Ion Battery Anode,2019,10.1002/celc.201801843,CHEMELECTROCHEM,WOS:000463752300021,unlabeled_pool,1185
WOS:000703338600128,Virtual Screening of Residual Sodium-Reactive Coating Materials for the Enhancement of the Electrochemical Properties of a Sodium-Ion Battery Cathode,2021,10.1021/acsaem.1c01915,ACS APPLIED ENERGY MATERIALS,WOS:000703338600128,unlabeled_pool,1186
WOS:000749619600001,Sodium-Ion Battery with a Wide Operation-Temperature Range from-70 to 100 °C,2022,10.1002/anie.202116930,ANGEWANDTE CHEMIE-INTERNATIONAL EDITION,WOS:000749619600001,unlabeled_pool,1187
WOS:000523719700064,Facile controlled synthesis of coral-like nanostructured Sb2O3@Sb anode materials for high performance sodium-ion batteries,2020,10.1016/j.ijhydene.2020.01.141,INTERNATIONAL JOURNAL OF HYDROGEN ENERGY,WOS:000523719700064,unlabeled_pool,1188
WOS:000437068400010,"An investigation of crystallization kinetics of the Na3MnCO3PO4 cathode material, synthesized by the hydrothermal method",2018,10.1016/j.matchemphys.2018.04.070,MATERIALS CHEMISTRY AND PHYSICS,WOS:000437068400010,unlabeled_pool,1189
WOS:001487961100001,Preparation and sodium storage properties of CuFeSe2@C nanorods,2025,10.1016/j.vacuum.2025.114380,VACUUM,WOS:001487961100001,unlabeled_pool,1190
WOS:000629054100072,High Stability and Long Cycle Life of Rechargeable Sodium-Ion Battery Using Manganese Oxide Cathode: A Combined Density Functional Theory (DFT) and Experimental Study,2021,10.1021/acsami.0c21081,ACS APPLIED MATERIALS & INTERFACES,WOS:000629054100072,unlabeled_pool,1191
WOS:000875505500002,Effects of sodium salts on compatibility between Na2Ti3O7@C anode and electrolyte for sodium-ion batteries,2023,10.1016/j.jallcom.2022.167380,JOURNAL OF ALLOYS AND COMPOUNDS,WOS:000875505500002,unlabeled_pool,1192
WOS:000467500500012,A high-energy-density sodium-ion full battery based on tin anode,2019,10.1007/s11426-018-9422-y,SCIENCE CHINA-CHEMISTRY,WOS:000467500500012,unlabeled_pool,1193
WOS:000371778000006,Co3O4 carbon nanofiber mats as negative electrodes for sodium-ion batteries,2016,10.1016/j.matlet.2016.01.132,MATERIALS LETTERS,WOS:000371778000006,unlabeled_pool,1194
WOS:001261121300001,Increasing the interlayer spacing and generating closed pores to produce petroleum coke-based carbon materials for sodium ion storage,2024,10.1016/s1872-5805(24)60858-9,NEW CARBON MATERIALS,WOS:001261121300001,unlabeled_pool,1195
WOS:000439134600040,The effects of the functional electrolyte additive on the cathode material Na0.76Ni0.3Fe0.4Mn0.3O2 for sodium-ion batteries,2018,10.1016/j.electacta.2018.05.185,ELECTROCHIMICA ACTA,WOS:000439134600040,unlabeled_pool,1196
WOS:000510847700017,Hollow Bio-derived Polymer Nanospheres with Ordered Mesopores for Sodium-Ion Battery,2020,10.1007/s40820-020-0370-1,NANO-MICRO LETTERS,WOS:000510847700017,unlabeled_pool,1197
WOS:001134794400001,Enhanced electrochemical performance and interdiffusion behavior of sodium ions in onion-derived freeze-dried and KOH-activated carbon for sodium-ion battery anodes,2024,10.1016/j.apsusc.2023.159023,APPLIED SURFACE SCIENCE,WOS:001134794400001,unlabeled_pool,1198
WOS:001548537800001,Heterostructure of CoSe2@SnSe anode for high-rate performance sodium-ion battery,2025,10.1016/j.jechem.2025.06.055,JOURNAL OF ENERGY CHEMISTRY,WOS:001548537800001,unlabeled_pool,1199
WOS:000575028000091,"Facilitating Phase Evolution for a High-Energy-Efficiency, Low-Cost O3-Type NaxCu0.18Fe0.3Mn0.52O 2 Sodium Ion Battery Cathode",2020,10.1021/acs.inorgchem.0c02239,INORGANIC CHEMISTRY,WOS:000575028000091,unlabeled_pool,1200
WOS:000396869100010,"NaAlTi3O8, A Novel Anode Material for Sodium Ion Battery",2017,10.1038/s41598-017-00202-y,SCIENTIFIC REPORTS,WOS:000396869100010,unlabeled_pool,1201
WOS:000371101900023,Synthesis and Electrochemical Properties of Fe2O3/rGO Nanocomposites as Lithium and Sodium Storage Materials,2016,10.3866/pku.whxb201511105,ACTA PHYSICO-CHIMICA SINICA,WOS:000371101900023,unlabeled_pool,1202
WOS:000919872000001,Nanostructured MoS2 with Interlayer Controllably Regulated by Ionic Liquids/Cellulose for High-Capacity and Durable Sodium Storage Properties,2023,10.1002/smll.202207397,SMALL,WOS:000919872000001,unlabeled_pool,1203
WOS:000642181400003,Effects of Cr doping on structural and electrochemical properties of Li4Ti5O12 nanostructure for sodium-ion battery anode,2021,10.1016/j.jechem.2020.11.029,JOURNAL OF ENERGY CHEMISTRY,WOS:000642181400003,unlabeled_pool,1204
WOS:000456224200009,Sn-interspersed MoS2/C nanosheets with high capacity for Na+/K+ storage,2019,10.1016/j.jpcs.2018.10.029,JOURNAL OF PHYSICS AND CHEMISTRY OF SOLIDS,WOS:000456224200009,unlabeled_pool,1205
WOS:000819827900006,Optimizing quasi-solid-state sodium storage performance of Na3V2(PO4)2F2.5O< sub>0.5 cathode by structural design plus nitrogen doping,2022,10.1016/j.cej.2021.133557,CHEMICAL ENGINEERING JOURNAL,WOS:000819827900006,unlabeled_pool,1206
WOS:000940862200001,Sodium-Coordinated Polymeric Phthalocyanines as Stable High-Capacity Organic Anodes for Sodium-Ion Batteries,2023,10.1002/eem2.12468,ENERGY & ENVIRONMENTAL MATERIALS,WOS:000940862200001,unlabeled_pool,1207
WOS:000526330900047,Chemically Presodiated Hard Carbon Anodes with Enhanced Initial Coulombic Efficiencies for High-Energy Sodium Ion Batteries,2020,10.1021/acsami.0c02230,ACS APPLIED MATERIALS & INTERFACES,WOS:000526330900047,unlabeled_pool,1208
WOS:000376991100011,Bismuth oxychloride ultrathin nanoplates as an anode material for sodium-ion batteries,2016,10.1016/j.matlet.2016.04.197,MATERIALS LETTERS,WOS:000376991100011,unlabeled_pool,1209
WOS:001109074700001,Metal-organic framework tin doped nickel phosphide/carbon composites for high performance sodium ion batteries,2023,10.1016/j.est.2023.109517,JOURNAL OF ENERGY STORAGE,WOS:001109074700001,unlabeled_pool,1210
WOS:000491219700038,Ultrastable Sodium Storage in MoO3 Nanotube Arrays Enabled by Surface Phosphorylation,2019,10.1021/acsami.9b12858,ACS APPLIED MATERIALS & INTERFACES,WOS:000491219700038,unlabeled_pool,1211
WOS:000488148100146,Morphology-selected synthesis of copper ferrite via spray drying with excellent sodium storage properties,2019,10.1016/j.ceramint.2019.07.066,CERAMICS INTERNATIONAL,WOS:000488148100146,unlabeled_pool,1212
WOS:001103084400001,Amorphous C/SbSx composites from natural stibnite as low cost and high performance lithium/sodium-ion battery anodes,2023,10.1039/d3ta05355e,JOURNAL OF MATERIALS CHEMISTRY A,WOS:001103084400001,unlabeled_pool,1213
WOS:000445726900024,Template-Derived Submicrometric Carbon Spheres for Lithium-Sulfur and Sodium-Ion Battery Electrodes,2018,10.1002/ente.201700932,ENERGY TECHNOLOGY,WOS:000445726900024,unlabeled_pool,1214
WOS:000410679300026,Effect of Ni-nanoparticles decoration on graphene to enable high capacity sodium-ion battery negative electrodes,2017,10.1016/j.electacta.2017.08.049,ELECTROCHIMICA ACTA,WOS:000410679300026,unlabeled_pool,1215
WOS:001108655300001,FeNi-quantom-dots induced stable interfaces of high loading FeNCN electrode for enhanced sodium storage performance,2024,10.1016/j.apsusc.2023.158737,APPLIED SURFACE SCIENCE,WOS:001108655300001,unlabeled_pool,1216
WOS:000474636100018,Nitrogen-doped carbon shell-confined Ni3S2 composite nanosheets derived from Ni-MOF for high performance sodium-ion battery anodes,2019,10.1016/j.nanoen.2019.05.030,NANO ENERGY,WOS:000474636100018,unlabeled_pool,1217
WOS:000463008200100,Hierarchical flower-like structures composed of cross-shaped vanadium dioxide nanobelts as superior performance anode for lithium and sodium ions batteries,2019,10.1016/j.apsusc.2019.03.048,APPLIED SURFACE SCIENCE,WOS:000463008200100,unlabeled_pool,1218
WOS:000525948800019,Na3V2(PO4)3-Supported Electrospun Carbon Nanofiber Nonwoven Fabric as Self-Standing Na-Ion Cell Cathode,2020,10.1002/celc.202000345,CHEMELECTROCHEM,WOS:000525948800019,unlabeled_pool,1219
WOS:000610867800133,Carbon nanotube 'wired' octahedral Sb2O3/graphene aerogel as efficient anode material for sodium and lithium ion batteries,2021,10.1016/j.jallcom.2020.158267,JOURNAL OF ALLOYS AND COMPOUNDS,WOS:000610867800133,unlabeled_pool,1220
WOS:001474919300001,Two dimensional Conjugated Metal-Organic Frameworks with Multiple Redox-Active Sites towards High-Performance Sodium-Ion Battery,2025,10.1002/advs.202503369,ADVANCED SCIENCE,WOS:001474919300001,unlabeled_pool,1221
WOS:000689698900003,Magnetic stirring assisted hydrothermal synthesis of Na3MnCO3PO4 cathode material for sodium-ion battery,2021,10.1016/j.ceramint.2021.06.104,CERAMICS INTERNATIONAL,WOS:000689698900003,unlabeled_pool,1222
WOS:000518874300015,Using Na7V4(P2O7)4(PO<s ub>4) with superior Na storage performance as bipolar electrodes to build a novel high-energy-density symmetric sodium-ion full battery,2020,10.1016/j.jpowsour.2020.227734,JOURNAL OF POWER SOURCES,WOS:000518874300015,unlabeled_pool,1223
WOS:000739302600001,A study on heat generation characteristics of Na3V2(PO4)3 cathode and hard carbon anode-based sodium-ion cells,2022,10.1007/s10973-021-11151-0,JOURNAL OF THERMAL ANALYSIS AND CALORIMETRY,WOS:000739302600001,unlabeled_pool,1224
WOS:000389090800014,The role of potassium ions in iron hexacyanoferrate as a cathode material for hybrid ion batteries,2016,10.1016/j.electacta.2016.10.062,ELECTROCHIMICA ACTA,WOS:000389090800014,unlabeled_pool,1225
WOS:000658592600001,Facile Synthesis of Boron-Doped Reduced Electrochemical Graphene Oxide for Sodium Ion Battery Anode,2021,10.1007/s11837-021-04750-7,JOM,WOS:000658592600001,unlabeled_pool,1226
WOS:000449621500022,Three-dimensional porous copper framework supported group IVA element materials as sodium-ion battery anode materials,2019,10.1016/j.jallcom.2018.08.248,JOURNAL OF ALLOYS AND COMPOUNDS,WOS:000449621500022,unlabeled_pool,1227
WOS:000488256300033,"Na4Fe3(PO4)2P2O<s ub>7/C nanospheres as low-cost, high-performance cathode material for sodium-ion batteries",2019,10.1016/j.ensm.2019.02.017,ENERGY STORAGE MATERIALS,WOS:000488256300033,unlabeled_pool,1228
WOS:000404009500005,One Versatile Route to Three-Dimensional Graphene Wrapped Metal Cyanide Aerogels for Enhanced Sodium Ion Storage,2017,10.1002/chem.201700742,CHEMISTRY-A EUROPEAN JOURNAL,WOS:000404009500005,unlabeled_pool,1229
WOS:000744206700007,Realizing ultra-stable SnO2 anodes via in-situ formed confined space for volume expansion,2022,10.1016/j.carbon.2021.10.065,CARBON,WOS:000744206700007,unlabeled_pool,1230
WOS:000454567500114,Asymmetric-Layered Tin Thiophosphate: An Emerging 2D Ternary Anode for High-Performance Sodium Ion Full Cell,2018,10.1021/acsnano.8b08229,ACS NANO,WOS:000454567500114,unlabeled_pool,1231
WOS:000552977000015,Binder less-integrated freestanding carbon film derived from pitch as light weight and high-power anode for sodium-ion battery,2020,10.1016/j.electacta.2020.136566,ELECTROCHIMICA ACTA,WOS:000552977000015,unlabeled_pool,1232
WOS:001550414800010,Synergistic Cu/Mg co-doping enables P2/O3 composite phase engineering for high-performance Fe/Mn-based sodium-ion battery cathodes,2025,10.1016/j.jallcom.2025.182423,JOURNAL OF ALLOYS AND COMPOUNDS,WOS:001550414800010,unlabeled_pool,1233
WOS:000891289900001,"3,6-Diphenyltetrazine as Cathode Active Material for Sodium Ion Batteries",2022,10.5796/electrochemistry.22-00100,ELECTROCHEMISTRY,WOS:000891289900001,unlabeled_pool,1234
WOS:000882965100001,Waste cotton fiber-based graphitized carbon/Fe7S8 composites derived from sulfurization of pyrolyzate Fe-Fe3C intermediates as anodes for high-performance sodium-ion batteries,2023,10.1016/j.jallcom.2022.167822,JOURNAL OF ALLOYS AND COMPOUNDS,WOS:000882965100001,unlabeled_pool,1235
WOS:000465409000001,Scalable synthesis of FeS2 nanoparticles encapsulated into N-doped carbon nanosheets as a high-performance sodium-ion battery anode,2019,10.1039/c8nr10444a,NANOSCALE,WOS:000465409000001,unlabeled_pool,1236
WOS:000342065200024,Synthesis and electrochemical properties of Na2/3Fe1/3Mn2/3O2 cathode materials for sodium ion battery by spray pyrolysis,2014,10.2109/jcersj2.122.483,JOURNAL OF THE CERAMIC SOCIETY OF JAPAN,WOS:000342065200024,unlabeled_pool,1237
WOS:001129901900001,Investigation of Na7V3(P2O7)4/carbon composite as cathode material for sodium-ion battery: Influences of carbon additives and voltage windows,2024,10.1016/j.est.2023.109855,JOURNAL OF ENERGY STORAGE,WOS:001129901900001,unlabeled_pool,1238
WOS:001394008600001,Nb-doped Na0.75Co0.20Mn0.78Nb0.02O<su b>2 cathode with excellent cyclability for Na-ion batteries,2025,10.1016/j.cplett.2024.141836,CHEMICAL PHYSICS LETTERS,WOS:001394008600001,unlabeled_pool,1239
WOS:001101528700001,Upcycling of spent LiMn2O4 cathode towards sodium-ion battery cathode through molten salt electrolysis approach,2024,10.1016/j.seppur.2023.125332,SEPARATION AND PURIFICATION TECHNOLOGY,WOS:001101528700001,unlabeled_pool,1240
WOS:001103994400001,Electrophoretically Deposited Na3V2(PO4)3 and its Carbonaceous Composites as Promising Cathode for Sodium-ion Batteries,2024,10.1016/j.materresbull.2023.112562,MATERIALS RESEARCH BULLETIN,WOS:001103994400001,unlabeled_pool,1241
WOS:001555559500010,Design and preparation of novel Na4Ca3(AlO2)10 material with superior corrosion resistance to alkali erosion,2025,10.1016/j.ceramint.2025.04.414,CERAMICS INTERNATIONAL,WOS:001555559500010,unlabeled_pool,1242
WOS:000660455800005,FeMoO4 nanorods anchored on graphene sheets as a potential anode for high performance sodium ion batteries,2021,10.1016/j.jallcom.2021.160306,JOURNAL OF ALLOYS AND COMPOUNDS,WOS:000660455800005,unlabeled_pool,1243
WOS:000480515400001,Effect of oxidizer in the synthesis of NiO anchored nanostructure nickel molybdate for sodium-ion battery,2018,10.1016/j.mtener.2018.08.004,MATERIALS TODAY ENERGY,WOS:000480515400001,unlabeled_pool,1244
WOS:001295141900001,Ultrafast Sodium-Ion Batteries Based on Vanadium Oxide and Laser-Scribed Graphene Electrodes,2024,10.1021/acs.chemmater.4c01386,CHEMISTRY OF MATERIALS,WOS:001295141900001,unlabeled_pool,1245
WOS:000517663800034,Spindle-shaped FeS2 enwrapped with N/S Co-doped carbon for high-rate sodium storage,2020,10.1016/j.jpowsour.2019.227688,JOURNAL OF POWER SOURCES,WOS:000517663800034,unlabeled_pool,1246
WOS:000656672700001,Boron-doped Sb/SbO2@rGO composites with tunable components and enlarged lattice spacing for high-rate sodium-ion batteries,2021,10.1088/1361-6463/abfdd8,JOURNAL OF PHYSICS D-APPLIED PHYSICS,WOS:000656672700001,unlabeled_pool,1247
WOS:001344922800001,Design and Synthesis of Sb-Doped CuS@C Hollow Nanocubes as Efficient Anode Materials for Sodium-Ion Battery,2025,10.1002/cssc.202401271,CHEMSUSCHEM,WOS:001344922800001,unlabeled_pool,1248
WOS:000407394200074,Enhanced sodium-ion storage of nitrogen-rich hard carbon by NaCl intercalation,2017,10.1016/j.carbon.2017.05.003,CARBON,WOS:000407394200074,unlabeled_pool,1249
WOS:000862987600001,Enhanced High-Rate Capability and Long Cycle Stability of FeS@NCG Nanofibers for Sodium-Ion Battery Anodes,2022,10.1021/acsami.2c11046,ACS APPLIED MATERIALS & INTERFACES,WOS:000862987600001,unlabeled_pool,1250
WOS:001524811200001,Carboxylated multi-walled carbon nanotubes synergistically bonded with sodium alginate/sodium metaborate tetrahydrate as binders for high-performance sodium-ion battery electrodes,2025,10.1016/j.electacta.2025.146764,ELECTROCHIMICA ACTA,WOS:001524811200001,unlabeled_pool,1251
WOS:000471637600019,MoSe2 nanosheets embedded in mesoporous carbon as anode materials for sodium ion batteries,2019,10.1007/s11581-019-02889-7,IONICS,WOS:000471637600019,unlabeled_pool,1252
WOS:000706304600001,High-Performant All-Organic Aqueous Sodium-Ion Batteries Enabled by PTCDA Electrodes and a Hybrid Na/Mg Electrolyte,2021,10.1002/anie.202111620,ANGEWANDTE CHEMIE-INTERNATIONAL EDITION,WOS:000706304600001,unlabeled_pool,1253
WOS:000372252700095,A promising anode material for sodium-ion battery with high capacity and high diffusion ability: graphyne and graphdiyne,2016,10.1039/c6ra01870j,RSC ADVANCES,WOS:000372252700095,unlabeled_pool,1254
WOS:000777220300002,Effect of alloying on the electrochemical performance of Sb and Sn deposits as an anode material for lithium-ion and sodium-ion batteries,2022,10.1007/s11581-022-04539-x,IONICS,WOS:000777220300002,unlabeled_pool,1255
WOS:000557848300019,Microwave synthesis of NaXMnO2 cathode materials for a sodium-ion battery,2020,10.2109/jcersj2.20024,JOURNAL OF THE CERAMIC SOCIETY OF JAPAN,WOS:000557848300019,unlabeled_pool,1256
WOS:001398146500001,Integrating dual-ion storage and D-A effect into a nitrogen-rich polymer for symmetric all-organic sodium batteries,2025,10.1016/j.ensm.2025.104011,ENERGY STORAGE MATERIALS,WOS:001398146500001,unlabeled_pool,1257
WOS:001375458300001,P2/O3 biphasic Ni/Fe/Mn-based layered cathode with high capacity and great cyclability for sodium-ion batteries,2025,10.1007/s11581-024-05985-5,IONICS,WOS:001375458300001,unlabeled_pool,1258
WOS:000352246700026,Nb-Doped Rutile TiO2: a Potential Anode Material for Na-Ion Battery,2015,10.1021/am508670z,ACS APPLIED MATERIALS & INTERFACES,WOS:000352246700026,unlabeled_pool,1259
WOS:000537664700008,Iron phosphide@N-doped carbon nanosheets with open-framework structure as an ultralong lifespan and outstanding rate performance electrode material for sodium-ion batteries,2020,10.1016/j.jpowsour.2020.228253,JOURNAL OF POWER SOURCES,WOS:000537664700008,unlabeled_pool,1260
WOS:000433042500011,Solvothermal synthesis and electrochemical properties of Na2CoSiO4 and Na2CoSiO4/carbon nanotube cathode materials for sodium-ion batteries,2018,10.1016/j.electacta.2018.04.166,ELECTROCHIMICA ACTA,WOS:000433042500011,unlabeled_pool,1261
WOS:000449887300013,A Self-Healing Room-Temperature Liquid-Metal Anode for Alkali-Ion Batteries,2018,10.1002/adfm.201804649,ADVANCED FUNCTIONAL MATERIALS,WOS:000449887300013,unlabeled_pool,1262
WOS:001425536000001,Stabilizing lattice oxygen interface with dual-functional NiFe2O4 coating and Ni/Fe co-doping strategy towards high-performance sodium-ion layered oxide cathodes,2025,10.1016/j.jcis.2025.01.278,JOURNAL OF COLLOID AND INTERFACE SCIENCE,WOS:001425536000001,unlabeled_pool,1263
WOS:001341395000001,High-Energy Sodium Ion Batteries Enabled by Switching Sodiophobic Graphite into Sodiophilic and High-Capacity Anodes,2024,10.1002/anie.202410253,ANGEWANDTE CHEMIE-INTERNATIONAL EDITION,WOS:001341395000001,unlabeled_pool,1264
WOS:001588583500001,Chromium doped NASICON-structured Na3V2(PO4)3/NC@CNTs cathode with multielectron transport property for high-performance sodium-ion batteries,2025,10.1016/j.est.2025.118687,JOURNAL OF ENERGY STORAGE,WOS:001588583500001,unlabeled_pool,1265
WOS:000828223800001,Investigation of Valence Mixing in Sodium-Ion Battery Cathode Material Prussian White by Mossbauer Spectroscopy,2022,10.3389/fenrg.2022.909549,FRONTIERS IN ENERGY RESEARCH,WOS:000828223800001,unlabeled_pool,1266
WOS:001022302800001,Sodium-ion migration in secondary battery cathode material Na4Co3(PO4)2P2O7: A first-principles molecular dynamics study,2023,10.2109/jcersj2.22157,JOURNAL OF THE CERAMIC SOCIETY OF JAPAN,WOS:001022302800001,unlabeled_pool,1267
WOS:000707321700001,Interfacial Engineering of Na3V2(PO4)2F3 Hollow Spheres through Atomic Layer Deposition of TiO2: Boosting Capacity and Mitigating Structural Instability,2021,10.1002/smll.202104416,SMALL,WOS:000707321700001,unlabeled_pool,1268
WOS:000537731900031,Eutectic Synthesis of the P2-Type NaxFe1/2Mn1/2O2 Cathode with Improved Cell Design for Sodium-Ion Batteries,2020,10.1021/acsami.0c04513,ACS APPLIED MATERIALS & INTERFACES,WOS:000537731900031,unlabeled_pool,1269
WOS:001144688400001,Biotene: Earth-Abundant 2D Material as Sustainable Anode for Li/Na-Ion Battery,2024,10.1021/acsami.3c15664,ACS APPLIED MATERIALS & INTERFACES,WOS:001144688400001,unlabeled_pool,1270
WOS:000438001800003,A high-capacity P2 Na2/3Ni1/3Mn2/3O2 cathode material for sodium ion batteries with oxygen activity,2018,10.1016/j.jpowsour.2018.05.026,JOURNAL OF POWER SOURCES,WOS:000438001800003,unlabeled_pool,1271
WOS:000413390100029,The electrochemical exploration of double carbon-wrapped Na3V2(PO4)3: Towards long-time cycling and superior rate sodium-ion battery cathode,2017,10.1016/j.jpowsour.2017.09.032,JOURNAL OF POWER SOURCES,WOS:000413390100029,unlabeled_pool,1272
WOS:001171117100001,Hollow spheres constructed by ZnS-CoS2 @N-doped carbon@N-doped carbon as anodes for high-performance sodium-ion batteries,2024,10.1016/j.jallcom.2024.173606,JOURNAL OF ALLOYS AND COMPOUNDS,WOS:001171117100001,unlabeled_pool,1273
WOS:000459796400132,Typha-derived hard carbon for high-performance sodium ion storage,2019,10.1016/j.jallcom.2019.01.021,JOURNAL OF ALLOYS AND COMPOUNDS,WOS:000459796400132,unlabeled_pool,1274
WOS:001278270900001,Mild and Fast Chemical Presodiation of Na0.44MnO2,2024,10.1149/1945-7111/ad63d1,JOURNAL OF THE ELECTROCHEMICAL SOCIETY,WOS:001278270900001,unlabeled_pool,1275
WOS:000593845600003,Deactivated-desulfurizer-derived hollow copper sulfide as anode materials for advanced sodium ion batteries,2020,10.1016/j.jpowsour.2020.228518,JOURNAL OF POWER SOURCES,WOS:000593845600003,unlabeled_pool,1276
WOS:000609055700002,Rational construction of Na0.44MnO2 nanorods and PAN nanofibers composite as high areal capacity sodium-ion batteries,2021,10.1007/s11581-021-03910-8,IONICS,WOS:000609055700002,unlabeled_pool,1277
WOS:001260667800001,Suppressing the Shuttle Effect via Polypyrrole-Coated Te Nanotubes for Advanced Na-Te Batteries,2024,10.1021/acsami.4c03576,ACS APPLIED MATERIALS & INTERFACES,WOS:001260667800001,unlabeled_pool,1278
WOS:000636714000081,Two-Dimensional CuGaSe2@ZnSe-NC Heterostructures for Enhanced Sodium Ion Storage,2021,10.1021/acsaem.1c00043,ACS APPLIED ENERGY MATERIALS,WOS:000636714000081,unlabeled_pool,1279
WOS:001480832500001,"Advanced Multifunctional Sodium-Ion Battery with High Current Conversion, Long Cycle Life, and All-Climate Temperature Range by Dual-Multivalent Cation Doping Strategy",2025,10.1002/aenm.202500471,ADVANCED ENERGY MATERIALS,WOS:001480832500001,unlabeled_pool,1280
WOS:000483694900047,"Manganese nitride stabilized on reduced graphene oxide substrate for high performance sodium ion batteries, super-capacitors and EMI shielding",2019,10.1016/j.jallcom.2019.151748,JOURNAL OF ALLOYS AND COMPOUNDS,WOS:000483694900047,unlabeled_pool,1281
WOS:000638274800059,Three-dimensional Na3V2(PO4)3@carbon/N-doped graphene aerogel: A versatile cathode and anode host material with high-rate and ultralong-life for sodium storage,2021,10.1016/j.jallcom.2021.159307,JOURNAL OF ALLOYS AND COMPOUNDS,WOS:000638274800059,unlabeled_pool,1282
WOS:000443311100006,Facile and Large-Scale Combustion Synthesis of Co3O4@C Composites and Their Improved Electrochemical Performance for Sodium Storage,2018,10.1166/nnl.2018.2703,NANOSCIENCE AND NANOTECHNOLOGY LETTERS,WOS:000443311100006,unlabeled_pool,1283
WOS:000390740500093,Phosphorus-doped pitch-derived soft carbon as an anode material for sodium ion batteries,2017,10.1016/j.matlet.2016.11.110,MATERIALS LETTERS,WOS:000390740500093,unlabeled_pool,1284
WOS:001629457600001,Tuning Hard Carbon Pores at the Ångstrom Scale Facilitates Sodium-Ion Pre-Desolvation in High-Performance Sodium-Ion Batteries,2025,10.1002/aenm.202504760,ADVANCED ENERGY MATERIALS,WOS:001629457600001,unlabeled_pool,1285
WOS:000508681700059,Surface enriched graphene hollow spheres towards building ultra-high power sodium-ion capacitor with long durability,2020,10.1016/j.ensm.2019.09.016,ENERGY STORAGE MATERIALS,WOS:000508681700059,unlabeled_pool,1286
WOS:000495479700010,Chitosan derived N-doped carbon coated SnO2 nanocomposite anodes for Na-ion batteries,2019,10.1016/j.ssi.2019.115035,SOLID STATE IONICS,WOS:000495479700010,unlabeled_pool,1287
WOS:001439660600001,Sm-doped P2-type layered oxide with spherical secondary hierarchy as cathode material for sodium-ion batteries,2025,10.1016/j.vacuum.2025.114186,VACUUM,WOS:001439660600001,unlabeled_pool,1288
WOS:000534571200001,Na2Ti6O13 Coated with Carbon Produced by Citric Acid as an Anode Material in Sodium Ion Batteries,2020,10.1149/1945-7111/ab8fd6,JOURNAL OF THE ELECTROCHEMICAL SOCIETY,WOS:000534571200001,unlabeled_pool,1289
WOS:000440918900011,Ultrafine CoP Nanoparticles Anchored on Reduced Graphene Oxide Nanosheets as Anodes for Sodium Ion Batteries with Enhanced Electrochemical Performance,2018,10.1002/ejic.201800311,EUROPEAN JOURNAL OF INORGANIC CHEMISTRY,WOS:000440918900011,unlabeled_pool,1290
WOS:000487460600001,Boosting Sodium Storage of Fe1-xS/MoS2 Composite via Heterointerface Engineering,2019,10.1007/s40820-019-0311-z,NANO-MICRO LETTERS,WOS:000487460600001,unlabeled_pool,1291
WOS:000778816800004,Physics-based modeling of sodium-ion batteries part I: Experimental parameter determination,2022,10.1016/j.electacta.2021.139726,ELECTROCHIMICA ACTA,WOS:000778816800004,unlabeled_pool,1292
WOS:000462944700070,Sb-Si Alloys and Multilayers for Sodium-Ion Battery Anodes,2019,10.1021/acsaem.8b02231,ACS APPLIED ENERGY MATERIALS,WOS:000462944700070,unlabeled_pool,1293
WOS:001314498800001,High-performance Na3V2(PO4)3 cathode material embedded in three-dimensional porous carbon derived from tea leaves,2024,10.1016/j.cplett.2024.141574,CHEMICAL PHYSICS LETTERS,WOS:001314498800001,unlabeled_pool,1294
WOS:000499390900056,Carbon dioxide to solid carbon at the surface of iron nanoparticle: Hollow nanocarbons for sodium ion battery anode application,2019,10.1016/j.jcou.2019.08.003,JOURNAL OF CO2 UTILIZATION,WOS:000499390900056,unlabeled_pool,1295
WOS:001105316300001,A topological nodal surface carbon honeycomb for sodium-ion battery anode,2024,10.1016/j.carbon.2023.118555,CARBON,WOS:001105316300001,unlabeled_pool,1296
WOS:000491431500020,"Performance of Na0.44Mn1-xMxO2</sub > (M = Ni, Mg; 0 ≤ x ≤ 0.44) as a cathode for rechargeable sodium ion batteries",2019,10.1007/s10008-019-04375-6,JOURNAL OF SOLID STATE ELECTROCHEMISTRY,WOS:000491431500020,unlabeled_pool,1297
WOS:000537656400100,"Sodium Bis(oxalato)borate in Trimethyl Phosphate: A Fire-Extinguishing, Fluorine-Free, and Low-Cost Electrolyte for Full-Cell Sodium-Ion Batteries",2020,10.1021/acsaem.0c00522,ACS APPLIED ENERGY MATERIALS,WOS:000537656400100,unlabeled_pool,1298
WOS:001250101200001,Deeper Insights into the Morphology Effect of Na2Ti3O7 Nanoarrays on Sodium-Ion Storage,2024,10.1002/smll.202400845,SMALL,WOS:001250101200001,unlabeled_pool,1299
WOS:000745579900002,Surface engineering based on in situ electro-polymerization to boost the initial Coulombic efficiency of hard carbon anode for sodium-ion battery,2022,10.1007/s12598-021-01893-z,RARE METALS,WOS:000745579900002,unlabeled_pool,1300
WOS:001190334200002,An investigation of Ni-Co-Mn oxides as anodes for Li+/Na+ ion batteries,2024,10.1007/s11581-024-05484-7,IONICS,WOS:001190334200002,unlabeled_pool,1301
WOS:000354036200002,Fe2O3-reduced graphene oxide composites synthesized via microwave-assisted method for sodium ion batteries,2015,10.1016/j.electacta.2015.03.081,ELECTROCHIMICA ACTA,WOS:000354036200002,unlabeled_pool,1302
WOS:001225400500001,Study on Tin-Cobalt Bimetallic Phosphide Nanoparticles as a Negative Electrode of Sodium-Ion Batteries,2024,10.1021/acs.langmuir.4c00794,LANGMUIR,WOS:001225400500001,unlabeled_pool,1303
WOS:000782765200004,Self-supporting NiSe2@BCNNTs electrode for High-Performance sodium ion batteries,2022,10.1016/j.cej.2022.135421,CHEMICAL ENGINEERING JOURNAL,WOS:000782765200004,unlabeled_pool,1304
WOS:000958724500001,The evolution of structure-property relationship of P2-type Na0.67Ni0.33Mn0.67O2 by vanadium substitution and organic electrolyte combinations for sodium-ion batteries,2023,10.1007/s10008-023-05466-1,JOURNAL OF SOLID STATE ELECTROCHEMISTRY,WOS:000958724500001,unlabeled_pool,1305
WOS:001138335600001,Solid Electrolyte Interphase Formation on Anatase TiO2 Nanoparticle-Based Electrodes for Sodium-Ion Batteries,2023,10.1021/acsaem.3c02304,ACS APPLIED ENERGY MATERIALS,WOS:001138335600001,unlabeled_pool,1306
WOS:001429522400001,Biomass-Derived Hard Carbon Materials for High-Performance Sodium-Ion Battery,2025,10.3390/coatings15020156,COATINGS,WOS:001429522400001,unlabeled_pool,1307
WOS:000893418600004,Boosting the ionic transport and structural stability of Zn-doped O3-type NaNi1/3Mn1/3Fe1/3O2 cathode material for half/full sodium-ion batteries,2022,10.1016/j.electacta.2022.140357,ELECTROCHIMICA ACTA,WOS:000893418600004,unlabeled_pool,1308
WOS:000940678300001,High Sodium-Ion Battery Capacity in Sulfur-Deficient Tin(II) Sulfide Thin Films with a Microrod Morphology,2023,10.1002/sstr.202200396,SMALL STRUCTURES,WOS:000940678300001,unlabeled_pool,1309
WOS:001359943500001,Capillary effect and dual bond bridges of porous TiSe2@Fe-CN core-shell structure for high-performance sodium-ion storage,2024,10.1016/j.est.2024.114599,JOURNAL OF ENERGY STORAGE,WOS:001359943500001,unlabeled_pool,1310
WOS:001087037900001,2D Amorphous Iron Selenide Sulfide Nanosheets for Stable and Rapid Sodium-Ion Storage,2023,10.1002/adma.202306577,ADVANCED MATERIALS,WOS:001087037900001,unlabeled_pool,1311
WOS:000462944700072,"Enhanced Silicon Diphosphide-Carbon Composite Anode for Long-Cycle, High-Efficient Sodium Ion Batteries",2019,10.1021/acsaem.8b02242,ACS APPLIED ENERGY MATERIALS,WOS:000462944700072,unlabeled_pool,1312
WOS:001300227200001,Regulating the Pore Structure of Biomass-Derived Hard Carbon for an Advanced Sodium-Ion Battery,2024,10.1021/acsami.4c08082,ACS APPLIED MATERIALS & INTERFACES,WOS:001300227200001,unlabeled_pool,1313
WOS:001216361100001,One-step in-situ synthesis of bimetallic-doped disordered carbons as anode for high-performance sodium-ion batteries,2024,10.1016/j.jallcom.2024.174280,JOURNAL OF ALLOYS AND COMPOUNDS,WOS:001216361100001,unlabeled_pool,1314
WOS:000552843400011,High-performance aqueous sodium-ion battery using a hybrid electrolyte with a wide electrochemical stability window,2020,10.1039/d0ra04640j,RSC ADVANCES,WOS:000552843400011,unlabeled_pool,1315
WOS:000523642000021,Self-standing P2/P3 heterostructured Na0.7CoO2 nanosheet arrays as 3D cathodes for flexible sodium-ion batteries,2020,10.1016/j.jpowsour.2020.228059,JOURNAL OF POWER SOURCES,WOS:000523642000021,unlabeled_pool,1316
WOS:001393070900001,Novel NiCo2S4 nanorod arrays grown on carbon nanofibers as high-performance anodes for sodium-ion batteries,2025,10.1007/s11581-024-06057-4,IONICS,WOS:001393070900001,unlabeled_pool,1317
WOS:000760756900005,Metal organic framework derived SnS@C composites for efficient sodium storage,2022,10.1016/j.jssc.2021.122736,JOURNAL OF SOLID STATE CHEMISTRY,WOS:000760756900005,unlabeled_pool,1318
WOS:000448754300012,Insight on the Enhanced Reversibility of a Multimetal Layered Oxide for Sodium-Ion Battery,2018,10.1021/acs.jpcc.8b07596,JOURNAL OF PHYSICAL CHEMISTRY C,WOS:000448754300012,unlabeled_pool,1319
WOS:000502284400066,Reduced Graphene Oxides Decorated NiSe Nanoparticles as High Performance Electrodes for Na/Li Storage,2019,10.3390/ma12223709,MATERIALS,WOS:000502284400066,unlabeled_pool,1320
WOS:001561856100001,Bio-inspired spore-like CoSe2@CNFs heterostructure enabling ultra-stable and high-rate sodium-ion batteries,2025,10.1016/j.cej.2025.167520,CHEMICAL ENGINEERING JOURNAL,WOS:001561856100001,unlabeled_pool,1321
WOS:000493566900005,Facile Synthesis of Hierarchical Iron Phosphide/Biomass Carbon Composites for Binder-Free Sodium-Ion Batteries,2019,10.1002/batt.201800113,BATTERIES & SUPERCAPS,WOS:000493566900005,unlabeled_pool,1322
WOS:001108387700001,Submicron cubic ZnMn2O4 loaded on biomass porous carbon used as high-performance bifunctional electrode for lithium-ion and sodium-ion batteries,2024,10.1016/j.jallcom.2023.172769,JOURNAL OF ALLOYS AND COMPOUNDS,WOS:001108387700001,unlabeled_pool,1323
WOS:000675887600004,Surface modified sodium titanate as low voltage anode for sodium rechargeable cell with superior electrochemical properties,2021,10.1016/j.matlet.2021.130219,MATERIALS LETTERS,WOS:000675887600004,unlabeled_pool,1324
WOS:000392773100010,Zr-doped P2-Na0.75Mn0.55Ni0.25Co0.05F e0.10Zr0.05O2 as high-rate performance cathode material for sodium ion batteries,2017,10.1016/j.electacta.2016.12.019,ELECTROCHIMICA ACTA,WOS:000392773100010,unlabeled_pool,1325
WOS:001425834600001,Exploring the degradation characteristics and thermal stability of NaNi1/ 3Fe1/3Mn1/3O2 cathode for sodium-ion battery cycling with high potential,2025,10.1016/j.est.2025.115776,JOURNAL OF ENERGY STORAGE,WOS:001425834600001,unlabeled_pool,1326
WOS:001577133100003,Ti4+doping-induced regulation of P2/O3 biphasic structure enhances the sodium storage performance of NaFe0.45Mn0.55O2 cathode material,2025,10.1016/j.electacta.2025.147316,ELECTROCHIMICA ACTA,WOS:001577133100003,unlabeled_pool,1327
WOS:001034687000001,ZIF-67 encapsulated CoNiSe2 particles anchored on honeycomb structure as high-performance anode materials for sodium-ion battery,2023,10.1016/j.matlet.2023.134846,MATERIALS LETTERS,WOS:001034687000001,unlabeled_pool,1328
WOS:001518420900001,Efficient Transformation of Bituminous Grade Noncoking Coal into Hard Carbon for High-Performance Sodium-Ion Battery Anodes: A Sustainable and Cost-Effective Energy Storage Solution,2025,10.1021/acsaem.5c01019,ACS APPLIED ENERGY MATERIALS,WOS:001518420900001,unlabeled_pool,1329
WOS:001562351600001,Thermally Engineered Rock-Salt Surface Nanolayer for Environmentally Stable P2-Type Sodium-Ion Battery Cathodes,2025,10.1002/aenm.202503105,ADVANCED ENERGY MATERIALS,WOS:001562351600001,unlabeled_pool,1330
WOS:000751894800047,Effect of Different Nitrogen Configurations on Sodium Storage Properties of Carbon Anodes for Sodium Ion Batteries,2021,10.1021/acsami.1c18464,ACS APPLIED MATERIALS & INTERFACES,WOS:000751894800047,unlabeled_pool,1331
WOS:000358809700093,Improved sodium-storage performance of stannous sulfide@reduced graphene oxide composite as high capacity anodes for sodium-ion batteries,2015,10.1016/j.jpowsour.2015.06.015,JOURNAL OF POWER SOURCES,WOS:000358809700093,unlabeled_pool,1332
WOS:001617784400001,Precursor-Free Synthesis of Na4Fe3(PO4)2P2O7 Cathode Directly from Metallic Iron for Sodium-Ion Batteries,2025,10.1002/smll.202510368,SMALL,WOS:001617784400001,unlabeled_pool,1333
WOS:000516951700001,Nitrogen-doped Carbon Coated Na3V2(PO4)3 with Superior Sodium Storage Capability,2020,10.1007/s40242-020-9088-3,CHEMICAL RESEARCH IN CHINESE UNIVERSITIES,WOS:000516951700001,unlabeled_pool,1334
WOS:000427316300013,"A confined ""microreactor"" synthesis strategy to three dimensional nitrogen doped graphene for high-performance sodium ion battery anodes",2018,10.1016/j.jpowsour.2017.12.028,JOURNAL OF POWER SOURCES,WOS:000427316300013,unlabeled_pool,1335
WOS:000523640000031,On controlling the P2-O2 phase transition by optimal Ti-substitution on Ni-site in P2-type Na0.67Ni0.33Mn0.67O2 (NNMO) cathode for Na-ion batteries,2020,10.1016/j.jpowsour.2020.227957,JOURNAL OF POWER SOURCES,WOS:000523640000031,unlabeled_pool,1336
WOS:000545428600003,Hierarchical porous hard carbon enables integral solid electrolyte interphase as robust anode for sodium-ion batteries,2020,10.1007/s12598-020-01469-3,RARE METALS,WOS:000545428600003,unlabeled_pool,1337
WOS:000375699500018,Life cycle assessment of sodium-ion batteries,2016,10.1039/c6ee00640j,ENERGY & ENVIRONMENTAL SCIENCE,WOS:000375699500018,unlabeled_pool,1338
WOS:001496474500001,Synergistic Nitrogen-Doping and Defect Engineering in Hard Carbon: Unlocking Ultrahigh Rate Capability and Long-Cycling Stability for Sodium-Ion Battery Anodes,2025,10.3390/ma18102397,MATERIALS,WOS:001496474500001,unlabeled_pool,1339
WOS:000419212900013,One-pot solvothermal synthesis 2D SnS2/CNTs hybrid as a superior anode material for sodium-ion batteries,2018,10.1016/j.jallcom.2017.11.389,JOURNAL OF ALLOYS AND COMPOUNDS,WOS:000419212900013,unlabeled_pool,1340
WOS:000352275500011,"High-performance symmetric sodium-ion batteries using a new, bipolar O3-type material, Na0.8Ni0.4Ti0.6O2",2015,10.1039/c4ee03361b,ENERGY & ENVIRONMENTAL SCIENCE,WOS:000352275500011,unlabeled_pool,1341
WOS:001423765300001,Red mud-derived layered metal oxides for large-scale electrochemical sodium storage,2025,10.1016/j.jece.2025.115569,JOURNAL OF ENVIRONMENTAL CHEMICAL ENGINEERING,WOS:001423765300001,unlabeled_pool,1342
WOS:001594412100001,Coupling of Defective VSe2-x with Graphene via V―C Bonds for High-Rate and Long-Life Sodium-Ion Storage,2025,10.1002/smll.202509002,SMALL,WOS:001594412100001,unlabeled_pool,1343
WOS:000402208500045,Binder and carbon-free SbSn-P nanocomposite thin films as anode materials for sodium-ion batteries,2017,10.1016/j.jallcom.2017.04.240,JOURNAL OF ALLOYS AND COMPOUNDS,WOS:000402208500045,unlabeled_pool,1344
WOS:001458374700001,Ultralong 2H-MoS2 Nanowires from Topological Mo2S3 Phase Transformation toward Exceptional Sodium-Ion Storage,2025,10.1002/smll.202502544,SMALL,WOS:001458374700001,unlabeled_pool,1345
WOS:001513027600001,Medium-Entropy Doping in Na4Fe3(PO4)2P2O<s ub>7 Cathode via Mg/Cu/Cr Triple Doping: Site-Specific Optimization Unlocks High Conductivity and Ultralong Cyclability,2025,10.1002/adfm.202509628,ADVANCED FUNCTIONAL MATERIALS,WOS:001513027600001,unlabeled_pool,1346
WOS:001052591000001,Recycling of spent graphite and copper current collector for lithium-ion and sodium-ion batteries,2023,10.1016/j.jpowsour.2023.233170,JOURNAL OF POWER SOURCES,WOS:001052591000001,unlabeled_pool,1347
WOS:000440505000105,Nanoporous Red Phosphorus on Reduced Graphene Oxide as Superior Anode for Sodium-Ion Batteries,2018,10.1021/acsnano.8b04075,ACS NANO,WOS:000440505000105,unlabeled_pool,1348
WOS:001629754200032,Liquid-phase carbonization strategy to recycle waste PET into defect-rich hard carbon for ultralong cycle life sodium-ion battery,2025,10.26599/nr.2025.94907829,NANO RESEARCH,WOS:001629754200032,unlabeled_pool,1349
WOS:000363345100028,Enhanced cycling performances of hollow Sn compared to solid Sn in Na-ion battery,2015,10.1016/j.electacta.2015.08.125,ELECTROCHIMICA ACTA,WOS:000363345100028,unlabeled_pool,1350
WOS:000644511100002,Experimental design and theoretical evaluation of nitrogen and phosphorus dual-doped hierarchical porous carbon for high-performance sodium-ion storage,2021,10.1016/j.jmst.2020.11.014,JOURNAL OF MATERIALS SCIENCE & TECHNOLOGY,WOS:000644511100002,unlabeled_pool,1351
WOS:001575342400001,A first-principles study on tailoring the electrochemical performance of HfSe2 as a sodium-ion battery anode via doping,2025,10.1016/j.commatsci.2025.114243,COMPUTATIONAL MATERIALS SCIENCE,WOS:001575342400001,unlabeled_pool,1352
WOS:000509432200001,Cost-Effective Synthesis of Triphylite-NaFePO4 Cathode: A Zero-Waste Process,2020,10.1021/acssuschemeng.9b05736,ACS SUSTAINABLE CHEMISTRY & ENGINEERING,WOS:000509432200001,unlabeled_pool,1353
WOS:001465026700001,Electrochemical studies on Lagerstroemia speciosa based hard carbon anode for sodium ion batteries,2025,10.1016/j.inoche.2025.114417,INORGANIC CHEMISTRY COMMUNICATIONS,WOS:001465026700001,unlabeled_pool,1354
WOS:000382548000015,Prussian Blue@C Composite as an Ultrahigh-Rate and Long-Life Sodium-Ion Battery Cathode,2016,10.1002/adfm.201600747,ADVANCED FUNCTIONAL MATERIALS,WOS:000382548000015,unlabeled_pool,1355
WOS:000419831600099,Sustainable solid-state strategy to hierarchical core-shell structured Fe3O4@graphene towards a safer and green sodium ion full battery,2018,10.1016/j.electacta.2017.12.061,ELECTROCHIMICA ACTA,WOS:000419831600099,unlabeled_pool,1356
WOS:001098326100001,"Structural, Electrical, and Electrochemical Properties of a Na2O-V2O5 Ceramic Nanocomposite as an Active Cathode Material for a Na-Ion Battery",2023,10.3390/cryst13101521,CRYSTALS,WOS:001098326100001,unlabeled_pool,1357
WOS:001400394000001,Reversible anode constructed from three-dimensional graphene space confined CuBiS nanoflowers for high-performance Sodium-Ion batteries,2025,10.1016/j.jelechem.2024.118908,JOURNAL OF ELECTROANALYTICAL CHEMISTRY,WOS:001400394000001,unlabeled_pool,1358
WOS:000393003400014,Solid state synthesis of layered sodium manganese oxide for sodium-ion battery by in-situ high energy X-ray diffraction and X-ray absorption near edge spectroscopy,2017,10.1016/j.jpowsour.2016.11.022,JOURNAL OF POWER SOURCES,WOS:000393003400014,unlabeled_pool,1359
WOS:001631372200001,Doping-Induced Ultrafast Kinetics of Na4Fe3(PO4)2P2O7 Cathode Enabling Wide Temperature Sodium-Ion Battery,2025,10.1002/adfm.202520871,ADVANCED FUNCTIONAL MATERIALS,WOS:001631372200001,unlabeled_pool,1360
WOS:001167603300001,Reinforced concrete-like Na3.5V1.5Mn0.5(PO4)3 @graphene hybrids with hierarchical porosity as durable and high-rate sodium-ion battery cathode,2024,10.1016/j.cclet.2023.109267,CHINESE CHEMICAL LETTERS,WOS:001167603300001,unlabeled_pool,1361
WOS:000432586100007,Facile fabrication of CuS microflower as a highly durable sodium-ion battery anode,2018,10.1039/c8qi00117k,INORGANIC CHEMISTRY FRONTIERS,WOS:000432586100007,unlabeled_pool,1362
WOS:000543274900001,FeS2@C nanorods embedded in three-dimensional graphene as high-performance anode for sodium-ion batteries,2020,10.1007/s11706-020-0510-z,FRONTIERS OF MATERIALS SCIENCE,WOS:000543274900001,unlabeled_pool,1363
WOS:000834174100001,Aqueous Dual-Electrolyte Full-Cell System for Improving Energy Density of Sodium-Ion Batteries,2022,10.1021/acsami.2c06304,ACS APPLIED MATERIALS & INTERFACES,WOS:000834174100001,unlabeled_pool,1364
WOS:000360868700057,One-Dimensional Rod-Like Sb2S3-Based Anode for High-Performance Sodium-Ion Batteries,2015,10.1021/acsami.5b05509,ACS APPLIED MATERIALS & INTERFACES,WOS:000360868700057,unlabeled_pool,1365
WOS:000366068800002,Sodium titanium hexacyanoferrate as an environmentally friendly and low-cost cathode material for sodium-ion batteries,2016,10.1016/j.jpowsour.2015.10.042,JOURNAL OF POWER SOURCES,WOS:000366068800002,unlabeled_pool,1366
WOS:001591028000006,"Lattice engineering of Zn-doped Na3V2(PO4)2F3 for high-rate, wide-temperature sodium-ion batteries",2025,10.1016/j.jpowsour.2025.238519,JOURNAL OF POWER SOURCES,WOS:001591028000006,unlabeled_pool,1367
WOS:001425122200001,Comparing the electrical performance of commercial sodium-ion and lithium-iron-phosphate batteries,2025,10.1016/j.jpowsour.2025.236290,JOURNAL OF POWER SOURCES,WOS:001425122200001,unlabeled_pool,1368
WOS:000386656700046,Silver Terephthalate (Ag2C8H4O4) Offering in-situ Formed Metal/Organic Nanocomposite as the Highly Efficient Organic Anode in Li-ion and Na-ion Batteries,2016,10.1016/j.electacta.2016.10.017,ELECTROCHIMICA ACTA,WOS:000386656700046,unlabeled_pool,1369
WOS:001471304700001,First-Principles Investigation of 2D o-Al2C2 Monolayer: A High-Performance Anode for Li/Na-Ion Batteries,2025,10.1002/cphc.202500025,CHEMPHYSCHEM,WOS:001471304700001,unlabeled_pool,1370
WOS:000804968600002,Effect of sodium addition on lattice structure and tuning performance in sodium rich NaxTm2-xO2 type cathode materials (Tm=Mn and Cr; X=1.05-1.3)- a study,2022,10.1016/j.electacta.2022.140493,ELECTROCHIMICA ACTA,WOS:000804968600002,unlabeled_pool,1371
WOS:000605608400042,Co2GeO4/graphene hetero-architecture as a potential anode for sodium ion batteries,2021,10.1016/j.jpcs.2020.109863,JOURNAL OF PHYSICS AND CHEMISTRY OF SOLIDS,WOS:000605608400042,unlabeled_pool,1372
WOS:000462619000023,Few-Layer Bismuthene with Anisotropic Expansion for High-Areal-Capacity Sodium-Ion Batteries,2019,10.1002/adma.201807874,ADVANCED MATERIALS,WOS:000462619000023,unlabeled_pool,1373
WOS:000865306800001,Cu-substitution P2-Na0.66Mn1-xCuxO2 sodium-ion cathode with enhanced interlayer stability,2022,10.1016/j.jechem.2022.09.010,JOURNAL OF ENERGY CHEMISTRY,WOS:000865306800001,unlabeled_pool,1374
WOS:000401208100010,High performance sodium-ion hybrid capacitor based on Na2Ti2O4(OH)2 nanostructures,2017,10.1016/j.jpowsour.2017.03.143,JOURNAL OF POWER SOURCES,WOS:000401208100010,unlabeled_pool,1375
WOS:000389161600030,Carbon-Coated Na3V2(PO4)3 Anchored on Freestanding Graphite Foam for High-Performance Sodium-Ion Cathodes,2016,10.1021/acsami.6b11873,ACS APPLIED MATERIALS & INTERFACES,WOS:000389161600030,unlabeled_pool,1376
WOS:001184053700001,Bottum-up synthesis strategy of mesoporous Sb/Sb2O3 composite at room temperature as anode for sodium ion batteries,2024,10.1016/j.inoche.2024.112159,INORGANIC CHEMISTRY COMMUNICATIONS,WOS:001184053700001,unlabeled_pool,1377
WOS:000475532200041,SnO2 Nanoflake Arrays Coated with Polypyrrole on a Carbon Cloth as Flexible Anodes for Sodium-Ion Batteries,2019,10.1021/acsami.9b08378,ACS APPLIED MATERIALS & INTERFACES,WOS:000475532200041,unlabeled_pool,1378
WOS:000380890200002,Half-Cell and Full-Cell Applications of Highly Stable and Binder-Free Sodium Ion Batteries Based on Cu3P Nanowire Anodes,2016,10.1002/adfm.201601323,ADVANCED FUNCTIONAL MATERIALS,WOS:000380890200002,unlabeled_pool,1379
WOS:000840855100006,NaCl-pinned antimony nanoparticles combined with ion-shuttle-induced graphitized 3D carbon to boost sodium storage,2022,10.1016/j.xcrp.2022.100891,CELL REPORTS PHYSICAL SCIENCE,WOS:000840855100006,unlabeled_pool,1380
WOS:001635166700015,"A ""Cool"" Route to Battery Electrode Material Recovery",2025,10.1002/aenm.202405924,ADVANCED ENERGY MATERIALS,WOS:001635166700015,unlabeled_pool,1381
WOS:001306354700001,Heterojunction Vacancies-Promoted High Sodium Storage Capacity and Fast Reaction Kinetics of the Anodes for Ultra-High Performance Sodium-Ion Batteries,2025,10.1002/adfm.202411651,ADVANCED FUNCTIONAL MATERIALS,WOS:001306354700001,unlabeled_pool,1382
WOS:000707126000246,Molten-salt synthesis of crystalline C3N4/C nanosheet with high sodium storage capability,2021,10.1016/j.cej.2021.131591,CHEMICAL ENGINEERING JOURNAL,WOS:000707126000246,unlabeled_pool,1383
WOS:001551967600001,Designing mesostructured bimetallic selenide derived from room-temperature prepared metal-organic frameworks as a sodium-ion battery anode with high performance and fast reaction kinetics,2025,10.1039/d5sc03181h,CHEMICAL SCIENCE,WOS:001551967600001,unlabeled_pool,1384
WOS:000462495900001,3D ordered mesoporous TiO2@CMK-3 nanostructure for sodium-ion batteries with long-term and high-rate performance,2019,10.1088/1361-6528/ab0812,NANOTECHNOLOGY,WOS:000462495900001,unlabeled_pool,1385
WOS:001567390500001,NaSICON NaFe2PO4(SO4)2 Revisited: Insights into the Crystal Structure and Electrochemical Performance,2025,10.1021/acsaem.5c01935,ACS APPLIED ENERGY MATERIALS,WOS:001567390500001,unlabeled_pool,1386
WOS:000464148700026,V2(PO4)O encapsulated into crumpled nitrogen-doped graphene as a high-performance anode material for sodium-ion batteries,2019,10.1016/j.electacta.2019.03.133,ELECTROCHIMICA ACTA,WOS:000464148700026,unlabeled_pool,1387
WOS:001619779100001,Ball-milling pretreatment-driven low-temperature waste cotton fibers-based hard carbon anodes for sodium-ion batteries,2026,10.1016/j.biombioe.2025.108600,BIOMASS & BIOENERGY,WOS:001619779100001,unlabeled_pool,1388
WOS:000424728800037,Environmentally Sustainable Aluminum-Coordinated Poly(tetrahydroxybenzoquinone) as a Promising Cathode for Sodium Ion Batteries,2018,10.1021/acsami.7b13911,ACS APPLIED MATERIALS & INTERFACES,WOS:000424728800037,unlabeled_pool,1389
WOS:001291632900001,Anionic chemistry regulation boosting the reversible redox in CoSexTey@C polyhedrons for sodium storage,2024,10.1016/j.cej.2024.152214,CHEMICAL ENGINEERING JOURNAL,WOS:001291632900001,unlabeled_pool,1390
WOS:000784567000020,Improve the Electrochemical Performance of Na2Ti3O7Nanorodthrough Pitch Coating,2022,10.1021/acssuschemeng.2c00047,ACS SUSTAINABLE CHEMISTRY & ENGINEERING,WOS:000784567000020,unlabeled_pool,1391
WOS:001228820800001,"Weberite Na2MM′F7 (M, M′ = redox-active metal) as promising fluoride-based sodium-ion battery cathodes",2024,10.1039/d4ta01895h,JOURNAL OF MATERIALS CHEMISTRY A,WOS:001228820800001,unlabeled_pool,1392
WOS:000436115600089,Synthesis of Core-Shell Carbon Encapsulated Fe2O3 Composite through a Facile Hydrothermal Approach and Their Application as Anode Materials for Sodium-Ion Batteries,2018,10.3390/met8060461,METALS,WOS:000436115600089,unlabeled_pool,1393
WOS:000398328000009,In-situ preparation and electrochemical characterization of submicron sized NaFePO4 cathode material for sodium-ion batteries,2017,10.1016/j.electacta.2017.02.107,ELECTROCHIMICA ACTA,WOS:000398328000009,unlabeled_pool,1394
WOS:000505626900028,Confined Red Phosphorus in Edible Fungus Slag-Derived Porous Carbon as an Improved Anode Material in Sodium-Ion Batteries,2019,10.1021/acsami.9b17123,ACS APPLIED MATERIALS & INTERFACES,WOS:000505626900028,unlabeled_pool,1395
WOS:000431790700018,Reversible Multi-Electron Transfer of Cr2.8+/Cr4.4+ in O3-Type Layered Na0.66Fe1/3Cr1/3Ti1/3O2 for Sodium-Ion Batteries,2018,10.1149/2.0631803jes,JOURNAL OF THE ELECTROCHEMICAL SOCIETY,WOS:000431790700018,unlabeled_pool,1396
WOS:001605891800001,A robust layered Na0.67Mn0.67Ni0.33O2 cathode with enhanced reversibility for sodium-ion batteries,2025,10.1039/d5ra06972f,RSC ADVANCES,WOS:001605891800001,unlabeled_pool,1397
WOS:001588000100001,Quinone-Imine Enhanced PVA Binder: A Universal Strategy for High-Loading Electrodes With Low Binder Content in Li/Na-Ion Batteries,2025,10.1002/smll.202506857,SMALL,WOS:001588000100001,unlabeled_pool,1398
WOS:001615013000007,Molecularly robust aromatic polyimide cathode for high-rate and long-cycle-life sodium-ion batteries,2025,10.1016/j.est.2025.119089,JOURNAL OF ENERGY STORAGE,WOS:001615013000007,unlabeled_pool,1399
WOS:000430368900046,Multiple heterointerfaces boosted de-/sodiation kinetics towards superior Na storage and Na-Ion full battery,2018,10.1039/c8ta01132j,JOURNAL OF MATERIALS CHEMISTRY A,WOS:000430368900046,unlabeled_pool,1400
WOS:001501943000003,Insights into the microstructure evolution of starch-derived hard carbon for sodium-ion battery,2025,10.1016/j.jpowsour.2025.237367,JOURNAL OF POWER SOURCES,WOS:001501943000003,unlabeled_pool,1401
WOS:000487794200029,Net-Y as a high performance electrode material for Na-ion battery,2019,10.1016/j.cplett.2019.136733,CHEMICAL PHYSICS LETTERS,WOS:000487794200029,unlabeled_pool,1402
WOS:000741475800002,Robust nanocube framework CoS2-based composites as high-performance anodes for Li- and Na-ion batteries,2022,10.1016/j.compositesb.2021.109592,COMPOSITES PART B-ENGINEERING,WOS:000741475800002,unlabeled_pool,1403
WOS:000433048600028,Understanding the structural evolution and Na+ kinetics in honeycomb-ordered O'3-Na3Ni2SbO6 cathodes,2018,10.1007/s12274-017-1863-1,NANO RESEARCH,WOS:000433048600028,unlabeled_pool,1404
WOS:001436913800001,Enhanced structural stability of P2-type Mn/Fe-based layered oxide by high entropy doping towards long-life sodium ion battery cathode,2025,10.1016/j.apsusc.2025.162799,APPLIED SURFACE SCIENCE,WOS:001436913800001,unlabeled_pool,1405
WOS:000397605300004,Role of carbon defects in the reversible alloying states of red phosphorus composite anodes for efficient sodium ion batteries,2017,10.1039/c6ta10242e,JOURNAL OF MATERIALS CHEMISTRY A,WOS:000397605300004,unlabeled_pool,1406
WOS:001523477900001,Scalable synthesis of processable high performance O3-NaNi0.4Mn0.4Fe0.2O2: A methodological investigation and electrochemical insights,2025,10.1016/j.electacta.2025.146738,ELECTROCHIMICA ACTA,WOS:001523477900001,unlabeled_pool,1407
WOS:001434565200001,Facilitating Sodium-Ion Diffusion in Fe-Doped Co3O4 for High-Rate Performance,2025,10.1002/smll.202412449,SMALL,WOS:001434565200001,unlabeled_pool,1408
WOS:001042353600001,Carbon-Coated NaVPO4F as a High-Capacity Cathode for Aqueous Sodium-Ion Battery,2023,10.1002/batt.202300275,BATTERIES & SUPERCAPS,WOS:001042353600001,unlabeled_pool,1409
WOS:001633510900006,Surface engineering of amorphous/crystalline heterointerfaces: Amorphous shell with embedded nanocrystals boosts reaction kinetics of Sb2O4 anode in alkali-ion battery,2025,10.1016/j.cej.2025.171332,CHEMICAL ENGINEERING JOURNAL,WOS:001633510900006,unlabeled_pool,1410
WOS:000900233900001,Electrospun Na4Fe3(PO4)2(P2O< sub>7) nanofibers as free-standing cathodes for ultralong-life and high-rate sodium-ion batteries,2023,10.1016/j.ensm.2022.11.018,ENERGY STORAGE MATERIALS,WOS:000900233900001,unlabeled_pool,1411
WOS:000439283200010,Perylene diimide-diamine/carbon black composites as high performance lithium/sodium ion battery cathodes,2018,10.1039/c8ta03186j,JOURNAL OF MATERIALS CHEMISTRY A,WOS:000439283200010,unlabeled_pool,1412
WOS:000338184500025,1D Nanostructured Na7V4(P2O7)4(PO<s ub>4) as High-Potential and Superior-Performance Cathode Material for Sodium-Ion Batteries,2014,10.1021/am501072j,ACS APPLIED MATERIALS & INTERFACES,WOS:000338184500025,unlabeled_pool,1413
WOS:001630506600001,Orbital hybridization states of carbon assisted robust inorganic-rich solid electrolyte interphase towards high initial coulombic efficiency hard carbon anode,2026,10.1016/j.cclet.2025.111506,CHINESE CHEMICAL LETTERS,WOS:001630506600001,unlabeled_pool,1414
WOS:000551128800003,Sn substitution endows NaTi2(PO4)3/C with remarkable sodium storage performances,2020,10.1016/j.ceramint.2020.02.059,CERAMICS INTERNATIONAL,WOS:000551128800003,unlabeled_pool,1415
WOS:001420991100001,Carbon nanofiber-supported SnSe as self-supporting anode for sodium ion battery,2025,10.1007/s10853-025-10618-x,JOURNAL OF MATERIALS SCIENCE,WOS:001420991100001,unlabeled_pool,1416
WOS:000756422800022,Anode Material Synthesized from Red Phosphorus and Germanium Nanowires for Lithium-Ion and Sodium-Ion Batteries,2021,10.20964/2021.12.23,INTERNATIONAL JOURNAL OF ELECTROCHEMICAL SCIENCE,WOS:000756422800022,unlabeled_pool,1417
WOS:001054023400001,Preparing a graphene/carbon nanotube coated hollow nickel phosphides microsphere anode with high stability for high-performance lithium/sodium battery,2023,10.1016/j.jelechem.2023.117479,JOURNAL OF ELECTROANALYTICAL CHEMISTRY,WOS:001054023400001,unlabeled_pool,1418
WOS:000463032200084,Construction of ultrafine ZnSe nanoparticles on/in amorphous carbon hollow nanospheres with high-power-density sodium storage,2019,10.1016/j.nanoen.2019.03.008,NANO ENERGY,WOS:000463032200084,unlabeled_pool,1419
WOS:000452114200013,MoS2 nanosheets with expanded interlayer spacing for enhanced sodium storage,2018,10.1039/c8qi00969d,INORGANIC CHEMISTRY FRONTIERS,WOS:000452114200013,unlabeled_pool,1420
WOS:001128751400001,"Co4S3 Nanoparticles Confined in an MnS Nanorod-Grafted N, S-Codoped Carbon Polyhedron for Highly Efficient Sodium-Ion Batteries",2023,10.1021/acsami.3c12984,ACS APPLIED MATERIALS & INTERFACES,WOS:001128751400001,unlabeled_pool,1421
WOS:000330256400048,Anatase TiO2 nanoparticles for high power sodium-ion anodes,2014,10.1016/j.jpowsour.2013.11.083,JOURNAL OF POWER SOURCES,WOS:000330256400048,unlabeled_pool,1422
WOS:001525576300001,Correlating the Sodium Storage Mechanism and Enhancing the Initial Coulombic Efficiency of Biomass-Derived Hard Carbon in Sodium-Ion Batteries,2025,10.1002/batt.202500295,BATTERIES & SUPERCAPS,WOS:001525576300001,unlabeled_pool,1423
WOS:000608631200020,High-capacity and cycling-stable polypyrrole-coated MWCNT@polyimide core-shell nanowire anode for aqueous rechargeable sodium-ion battery,2021,10.1016/j.surfcoat.2020.126797,SURFACE & COATINGS TECHNOLOGY,WOS:000608631200020,unlabeled_pool,1424
WOS:001301382900001,High entropy Prussian Blue Analogues assisted by reduced graphene oxide for enhancing the lifespan of Sodium-ion batteries,2024,10.1016/j.colsurfa.2024.135099,COLLOIDS AND SURFACES A-PHYSICOCHEMICAL AND ENGINEERING ASPECTS,WOS:001301382900001,unlabeled_pool,1425
WOS:000688250200069,Na4Co3(PO4)2P2O<s ub>7/NC Composite as a Negative Electrode for Sodium-Ion Batteries,2021,10.1021/acsaem.1c01374,ACS APPLIED ENERGY MATERIALS,WOS:000688250200069,unlabeled_pool,1426
WOS:000402734600015,Carbon-coated Li4Ti5O12 nanoparticles with high electrochemical performance as anode material in sodium-ion batteries,2017,10.1039/c7ta03173d,JOURNAL OF MATERIALS CHEMISTRY A,WOS:000402734600015,unlabeled_pool,1427
WOS:000981754400001,Synthesis of high-specific-capacity Prussian blue analogues for sodium-ion batteries boosted by grooved structure,2023,10.1016/j.jallcom.2023.169928,JOURNAL OF ALLOYS AND COMPOUNDS,WOS:000981754400001,unlabeled_pool,1428
WOS:001538275500001,Machine Learning for Selecting High-Energy Phosphate Cathode Materials,2025,10.34133/research.0794,RESEARCH,WOS:001538275500001,unlabeled_pool,1429
WOS:000390740500066,Preparation of flower-like BaMoO4 and application in rechargeable lithium and sodium ion batteries,2017,10.1016/j.matlet.2016.11.001,MATERIALS LETTERS,WOS:000390740500066,unlabeled_pool,1430
WOS:000329137100061,Carbon Nanosheet Frameworks Derived from Peat Moss as High Performance Sodium Ion Battery Anodes,2013,10.1021/nn404640c,ACS NANO,WOS:000329137100061,unlabeled_pool,1431
WOS:000449444500023,Systematic investigation of the Binder's role in the electrochemical performance of tin sulfide electrodes in SIBs,2018,10.1016/j.jpowsour.2018.08.081,JOURNAL OF POWER SOURCES,WOS:000449444500023,unlabeled_pool,1432
WOS:000395075600034,Three-dimensional graphene/polyimide composite-derived flexible high-performance organic cathode for rechargeable lithium and sodium batteries,2017,10.1039/c6ta09754e,JOURNAL OF MATERIALS CHEMISTRY A,WOS:000395075600034,unlabeled_pool,1433
WOS:000667065700001,A Green and Scalable Synthesis of Na3Fe2(PO4)P2O7/r GO Cathode for High-Rate and Long-Life Sodium-Ion Batteries,2021,10.1002/smtd.202100372,SMALL METHODS,WOS:000667065700001,unlabeled_pool,1434
WOS:000356754900015,"Amorphous (Glassy) Carbon, a Promising Material for Sodium Ion Battery Anodes: a Combined First-Principles and Experimental Study",2015,10.1021/acs.jpcc.5b03407,JOURNAL OF PHYSICAL CHEMISTRY C,WOS:000356754900015,unlabeled_pool,1435
WOS:001164972200001,"NaFePO4 for sodium-ion batteries: Mechanism, synthesis and optimization strategies toward commercialization",2024,10.1016/j.ensm.2023.103157,ENERGY STORAGE MATERIALS,WOS:001164972200001,unlabeled_pool,1436
WOS:000686901300001,Three-dimensional Tremella-like FeS/C structure under pseudocapacitance as anode for high-performance sodium-ion batteries,2021,10.1016/j.matlet.2021.129727,MATERIALS LETTERS,WOS:000686901300001,unlabeled_pool,1437
WOS:000441237100013,Nanostructured Bi2S3 encapsulated within three-dimensional N-doped graphene as active and flexible anodes for sodium-ion batteries,2018,10.1007/s12274-018-2042-8,NANO RESEARCH,WOS:000441237100013,unlabeled_pool,1438
WOS:000444359600022,Mo2C embedded in S-doped carbon nanofibers for high-rate performance and long-life time Na-ion batteries,2018,10.1016/j.ssi.2018.06.004,SOLID STATE IONICS,WOS:000444359600022,unlabeled_pool,1439
WOS:001605107300001,Interface engineering of bimetallic sulfide/carbon composite anode with heterostructures and sulfur bridges for cost-effective all manganese-based sodium-ion batteries,2025,10.1016/j.nanoen.2025.111515,NANO ENERGY,WOS:001605107300001,unlabeled_pool,1440
WOS:000568805600015,Mesoporous Mn-doped and carbon-coated NaTi2(PO4)3nanocrystals as an anode material for improved performance of sodium-ion hybrid capacitors,2020,10.1007/s10854-020-04310-w,JOURNAL OF MATERIALS SCIENCE-MATERIALS IN ELECTRONICS,WOS:000568805600015,unlabeled_pool,1441
WOS:000345725700111,Mesoporous Co3O4 sheets/3D graphene networks nanohybrids for high-performance sodium-ion battery anode,2015,10.1016/j.jpowsour.2014.09.121,JOURNAL OF POWER SOURCES,WOS:000345725700111,unlabeled_pool,1442
WOS:001205091800001,Bio-inspired design of a self-supported bismuth microforest for high performance sodium storage,2024,10.1039/d4ta00950a,JOURNAL OF MATERIALS CHEMISTRY A,WOS:001205091800001,unlabeled_pool,1443
WOS:001446799700001,"Sodium Manganese Hexacyanoferrate: Characterization as Sodium-Ion Battery Cathode Material, Full Cell Cycling with Hard Carbon and Post-Mortem Analyses",2025,10.1002/batt.202500015,BATTERIES & SUPERCAPS,WOS:001446799700001,unlabeled_pool,1444
WOS:000953554600001,Innovative discontinuous-SEI constructed in ether-based electrolyte to maximize the capacity of hard carbon anode,2023,10.1016/j.jechem.2022.12.044,JOURNAL OF ENERGY CHEMISTRY,WOS:000953554600001,unlabeled_pool,1445
WOS:001133034300001,3D Fast Sodium Transport Network of MoS2 Endowed by Coupling of Sulfur Vacancies and Sn Doping for Outstanding Sodium Storage,2024,10.1002/smll.202309112,SMALL,WOS:001133034300001,unlabeled_pool,1446
WOS:001542918700006,Pre-sodiation of terephthalic acid organic anode for sustainable sodium-ion storage,2025,10.1016/j.est.2025.117858,JOURNAL OF ENERGY STORAGE,WOS:001542918700006,unlabeled_pool,1447
WOS:000456689500019,Ultra-fast transfer and high storage of Li+/Na+ in MnO quantum dots@carbon hetero-nanotubes: Appropriate quantum dots to improve the rate,2019,10.1016/j.ensm.2018.07.021,ENERGY STORAGE MATERIALS,WOS:000456689500019,unlabeled_pool,1448
WOS:000900048200002,Recent Progress of MXene-Based Materials as Anodes in Sodium-Ion Batteries,2023,10.1007/s11664-022-10142-7,JOURNAL OF ELECTRONIC MATERIALS,WOS:000900048200002,unlabeled_pool,1449
WOS:000448412000060,An amorphous tin-based nanohybrid for ultra-stable sodium storage,2018,10.1039/c8ta05390a,JOURNAL OF MATERIALS CHEMISTRY A,WOS:000448412000060,unlabeled_pool,1450
WOS:000539577200185,Plasma Enabled Fe2O3/Fe3O4 Nano-aggregates Anchored on Nitrogen-doped Graphene as Anode for Sodium-Ion Batteries,2020,10.3390/nano10040782,NANOMATERIALS,WOS:000539577200185,unlabeled_pool,1451
WOS:000386672100006,Nitrogen-Doped Hollow Carbon Nanospheres Derived from Dopamine as High-Performance Anode Materials for Sodium-Ion Batteries,2016,10.1142/s1793292016501241,NANO,WOS:000386672100006,unlabeled_pool,1452
WOS:001622224700001,Microwave-assisted hydrothermal synthesis of RC@MoS2 composite derived from coal gasification slag for enhanced sodium-ion storage performance,2025,10.1016/j.mtcomm.2025.114312,MATERIALS TODAY COMMUNICATIONS,WOS:001622224700001,unlabeled_pool,1453
WOS:001015766000001,N-doped Ni-Co bimetallic derived hollow nano-framework cubes anchored on 3D reduced graphene aerogel with enhanced sodium ion batteries performance,2023,10.1016/j.colsurfa.2022.130796,COLLOIDS AND SURFACES A-PHYSICOCHEMICAL AND ENGINEERING ASPECTS,WOS:001015766000001,unlabeled_pool,1454
WOS:000720374000003,Hierarchical micro-composite assembled from Bi spheres and expanded graphite flakes as anodes for sodium-ion half/full cells with excellent comprehensive electrochemical performance,2022,10.1016/j.cej.2021.132938,CHEMICAL ENGINEERING JOURNAL,WOS:000720374000003,unlabeled_pool,1455
WOS:000409027000057,Cobalt sulfide-reduced graphene oxide nanohybrid as high performance sodium ion battery anode,2017,10.1007/s10854-017-7215-9,JOURNAL OF MATERIALS SCIENCE-MATERIALS IN ELECTRONICS,WOS:000409027000057,unlabeled_pool,1456
WOS:000390083200009,Nitrogen-doped TiO2 nanospheres for advanced sodium-ion battery and sodium-ion capacitor applications,2016,10.1039/c6ta08472a,JOURNAL OF MATERIALS CHEMISTRY A,WOS:000390083200009,unlabeled_pool,1457
WOS:000425751600047,Nanoflakes assembled hydrangea-like Fe2O3@C@MoS2@C nanocomposite as high performance anode materials for lithium/sodium ion batteries,2018,10.1016/j.electacta.2018.01.207,ELECTROCHIMICA ACTA,WOS:000425751600047,unlabeled_pool,1458
WOS:000425396400024,Direct chitin conversion to N-doped amorphous carbon nanofibers for high-performing full sodium-ion batteries,2018,10.1016/j.nanoen.2017.12.042,NANO ENERGY,WOS:000425396400024,unlabeled_pool,1459
WOS:000757759900001,Hierarchical Sb2S3/SnS2/C heterostructure with improved performance for sodium-ion batteries,2022,10.1007/s40843-021-1931-0,SCIENCE CHINA-MATERIALS,WOS:000757759900001,unlabeled_pool,1460
WOS:000430386800022,Optimization of SnO2 Nanoparticles Confined in a Carbon Matrix towards Applications as High-Capacity Anodes in Sodium-Ion Batteries,2018,10.1002/slct.201800411,CHEMISTRYSELECT,WOS:000430386800022,unlabeled_pool,1461
WOS:001634082600001,Layered-to-Tunnel Transformation Enabled by Coordination Bond Reorganization in Oxide Cathodes for Sodium-Ion Batteries,2025,10.1021/acsami.5c18702,ACS APPLIED MATERIALS & INTERFACES,WOS:001634082600001,unlabeled_pool,1462
WOS:000783330300001,A binder-free δ-MnO2@reduced graphene oxide composite film as a bi-functional electrode for aqueous rechargeable sodium-ion batteries and hybrid capacitive deionization,2022,10.1039/d2nj00673a,NEW JOURNAL OF CHEMISTRY,WOS:000783330300001,unlabeled_pool,1463
WOS:000413239600019,MoS2 Nanosheets with Conformal Carbon Coating as Stable Anode Materials for Sodium-Ion Batteries,2017,10.1016/j.electacta.2017.09.128,ELECTROCHIMICA ACTA,WOS:000413239600019,unlabeled_pool,1464
WOS:000364528300016,A phosphorene-graphene hybrid material as a high-capacity anode for sodium-ion batteries,2015,10.1038/nnano.2015.194,NATURE NANOTECHNOLOGY,WOS:000364528300016,unlabeled_pool,1465
WOS:000402734600018,Y-Doped Na3V2(PO4)2F3 compounds for sodium ion battery cathodes: electrochemical performance and analysis of kinetic properties,2017,10.1039/c7ta03133e,JOURNAL OF MATERIALS CHEMISTRY A,WOS:000402734600018,unlabeled_pool,1466
WOS:000613635300002,Synthesis of Fe3Se4/carbon composites from different metal-organic frameworks and their comparative lithium/sodium storage performances,2021,10.1007/s11696-021-01524-y,CHEMICAL PAPERS,WOS:000613635300002,unlabeled_pool,1467
WOS:001204271200001,Synergistic Effect of 3D Electrode Architecture and In Situ Carbon Coating on the Electrochemical Performance of SnO2 Anodes for Sodium-Ion Batteries,2024,10.1149/1945-7111/ad3b74,JOURNAL OF THE ELECTROCHEMICAL SOCIETY,WOS:001204271200001,unlabeled_pool,1468
WOS:001471455100001,Exploring the enhanced structure stability of Zn-Al co-doping single-crystal NaNi0.33Fe0.33Mn0.33O2 cathode materials,2025,10.1016/j.jallcom.2025.180310,JOURNAL OF ALLOYS AND COMPOUNDS,WOS:001471455100001,unlabeled_pool,1469
WOS:000481567100017,Polyethylene Glycol-Na+ Interface of Vanadium Hexacyanoferrate Cathode for Highly Stable Rechargeable Aqueous Sodium-Ion Battery,2019,10.1021/acsami.9b04849,ACS APPLIED MATERIALS & INTERFACES,WOS:000481567100017,unlabeled_pool,1470
WOS:001439428000001,Active and passive high-entropy shell enabling high rate and durable sodium manganese hexacyanoferrate cathode for sodium ion batteries,2025,10.1016/j.jpowsour.2025.236577,JOURNAL OF POWER SOURCES,WOS:001439428000001,unlabeled_pool,1471
WOS:000354195600067,Electrochemical behavior of SiO as an anode material for Na-ion battery,2015,10.1016/j.jallcom.2015.03.171,JOURNAL OF ALLOYS AND COMPOUNDS,WOS:000354195600067,unlabeled_pool,1472
WOS:001595232600001,Regulating the pore structure of biomass-derived HC by zinc gluconate for high-performance sodium-ion battery,2026,10.1016/j.jcis.2025.138811,JOURNAL OF COLLOID AND INTERFACE SCIENCE,WOS:001595232600001,unlabeled_pool,1473
WOS:000443280200039,Template-assisted in situ confinement synthesis of nitrogen and oxygen co-doped 3D porous carbon network for high-performance sodium-ion battery anode,2018,10.1039/c8nj02394h,NEW JOURNAL OF CHEMISTRY,WOS:000443280200039,unlabeled_pool,1474
WOS:000402199900039,Synthesis and Electrochemical Properties of Doped Tin Fe2(MoO4)3 as Cathode Material for Sodium-Ion Batteries,2017,10.20964/2017.04.34,INTERNATIONAL JOURNAL OF ELECTROCHEMICAL SCIENCE,WOS:000402199900039,unlabeled_pool,1475
WOS:000408878200054,Cu4SnP10 as a promising anode material for sodium ion batteries,2017,10.1016/j.nanoen.2017.07.026,NANO ENERGY,WOS:000408878200054,unlabeled_pool,1476
WOS:001239803200001,Electrochemical performance of SnS-SnS2@CNTs composites as anode materials for Sodium ion batteries,2024,10.1016/j.matlet.2024.136476,MATERIALS LETTERS,WOS:001239803200001,unlabeled_pool,1477
WOS:001259755300001,Effects of Bi doping on the electrochemical performance of Na3V2(PO4)3F3 cathode material for sodium ion batteries,2024,10.1016/j.ssi.2024.116621,SOLID STATE IONICS,WOS:001259755300001,unlabeled_pool,1478
WOS:000840954500001,Titanium nitride as a promising sodium-ion battery anode: interface-confined preparation and electrochemical investigation,2022,10.1039/d2dt02074b,DALTON TRANSACTIONS,WOS:000840954500001,unlabeled_pool,1479
WOS:001308158900001,Biomass-derived hard carbon anodes: An overview on strategies of improving initial Coulombic efficiency for sodium-ion batteries,2024,10.1016/j.mtcomm.2024.110271,MATERIALS TODAY COMMUNICATIONS,WOS:001308158900001,unlabeled_pool,1480
WOS:000707126000118,Ion-exchange strategy of CoS2/Sb2S3 hetero-structured nanocrystals encapsulated into 3D interpenetrating dual-carbon framework for high-performance Na+/K+ batteries,2021,10.1016/j.cej.2021.130657,CHEMICAL ENGINEERING JOURNAL,WOS:000707126000118,unlabeled_pool,1481
WOS:000399327400015,Sn-MoS2-C@C Microspheres as a Sodium-Ion Battery Anode Material with High Capacity and Long Cycle Life,2017,10.1002/chem.201605005,CHEMISTRY-A EUROPEAN JOURNAL,WOS:000399327400015,unlabeled_pool,1482
WOS:001349972200001,Unordered vacancies provide rapid migration pathways for sodium ion insertion/extraction in copper-deficient ternary Cu4Bi4Se9,2024,10.1016/j.cej.2024.157214,CHEMICAL ENGINEERING JOURNAL,WOS:001349972200001,unlabeled_pool,1483
WOS:000519150200016,Intercalation Pseudocapacitive Nanoscale Nickel Hexacyanoferrate@Carbon Nanotubes as a High-Rate Cathode Material for Aqueous Sodium-Ion Battery,2020,10.1021/acssuschemeng.9b06588,ACS SUSTAINABLE CHEMISTRY & ENGINEERING,WOS:000519150200016,unlabeled_pool,1484
WOS:001338008400001,Rational Design of 3D Hierarchical Fe3S4 for Superior Sodium-Ion Battery Anode Material,2025,10.1002/adsu.202400679,ADVANCED SUSTAINABLE SYSTEMS,WOS:001338008400001,unlabeled_pool,1485
WOS:001226092400001,Hollow Stair-Stepping Spherical High-Entropy Prussian Blue Analogue for High-Rate Sodium Ion Batteries,2024,10.1021/acsami.4c04785,ACS APPLIED MATERIALS & INTERFACES,WOS:001226092400001,unlabeled_pool,1486
WOS:000642399500007,A novel synthesis of Nb2O5@rGO nanocomposite as anode material for superior sodium storage,2021,10.1016/j.cclet.2020.09.006,CHINESE CHEMICAL LETTERS,WOS:000642399500007,unlabeled_pool,1487
WOS:000951526300001,One-pot synthesis of boron-doped cobalt oxide nanorod coupled with reduced graphene oxide for sodium ion batteries,2023,10.1016/j.jcis.2023.03.028,JOURNAL OF COLLOID AND INTERFACE SCIENCE,WOS:000951526300001,unlabeled_pool,1488
WOS:000393753200073,Mille-feuille shaped hard carbons derived from polyvinylpyrrolidone via environmentally friendly electrostatic spinning for sodium ion battery anodes,2017,10.1039/c6ra27212f,RSC ADVANCES,WOS:000393753200073,unlabeled_pool,1489
WOS:001091009400001,Engineering of carbon anodes by laser irradiation for advanced sodium-ion batteries,2023,10.1016/j.mtener.2023.101404,MATERIALS TODAY ENERGY,WOS:001091009400001,unlabeled_pool,1490
WOS:000990702600001,Enhanced reversible conversion of Cu2S anodes for Na-ion batteries enabled by carbon nanotubes,2023,10.1016/j.jallcom.2023.170161,JOURNAL OF ALLOYS AND COMPOUNDS,WOS:000990702600001,unlabeled_pool,1491
WOS:000535170300021,3D Porous Self-Standing Sb Foam Anode with a Conformal Indium Layer for Enhanced Sodium Storage,2020,10.1021/acsami.9b23501,ACS APPLIED MATERIALS & INTERFACES,WOS:000535170300021,unlabeled_pool,1492
WOS:001499934000001,A High-Capacity Nonstoichiometric Na2.67Fe2.67(P2O7)2</su b> Cathode Material of a Sodium Ion Battery,2025,10.1021/acsami.5c03459,ACS APPLIED MATERIALS & INTERFACES,WOS:001499934000001,unlabeled_pool,1493
WOS:000679262300001,Synthesis of NiS2/reduced graphene oxide nanocomposites as anodes materials for high-performance Sodium and Potassium ion batteries,2021,10.1016/j.materresbull.2021.111430,MATERIALS RESEARCH BULLETIN,WOS:000679262300001,unlabeled_pool,1494
WOS:000441077900171,Controlled synthesis of Na0.44MnO2 cathode material for sodium ion batteries with superior performance through urea-based solution combustion synthesis,2018,10.1016/j.electacta.2018.07.120,ELECTROCHIMICA ACTA,WOS:000441077900171,unlabeled_pool,1495
WOS:000353704100037,Na+ intercalation pseudocapacitance in graphene-coupled titanium oxide enabling ultra-fast sodium storage and long-term cycling,2015,10.1038/ncomms7929,NATURE COMMUNICATIONS,WOS:000353704100037,unlabeled_pool,1496
WOS:001135137300001,Cauliflower-like CuS assembly for sodium-ion battery anode,2024,10.1016/j.matlet.2023.135654,MATERIALS LETTERS,WOS:001135137300001,unlabeled_pool,1497
WOS:000515883000006,The recycling of the expired donkey-hide gelatin pulp for N/S co-doped hollow carbon nano-spheres anode in sodium ion battery,2020,10.1007/s11356-020-07840-2,ENVIRONMENTAL SCIENCE AND POLLUTION RESEARCH,WOS:000515883000006,unlabeled_pool,1498
WOS:000821387500001,Disclosing the Origin of Irreversible Sodiation-Desodiation of a Cu4SnP10 Nanowire Anode by Ex Situ Transmission Electron Microscopy,2022,10.1021/acsami.2c02200,ACS APPLIED MATERIALS & INTERFACES,WOS:000821387500001,unlabeled_pool,1499
WOS:000395211200035,Nanostructured intermetallic FeSn2-carbonaceous composites as highly stable anode for Na-ion batteries,2017,10.1016/j.jpowsour.2017.01.068,JOURNAL OF POWER SOURCES,WOS:000395211200035,unlabeled_pool,1500
WOS:001425750900001,Accelerated carbonization of waste tire via microwave heating: Carbon anode derived from waste tire for sodium-ion battery,2025,10.1016/j.apsusc.2025.162577,APPLIED SURFACE SCIENCE,WOS:001425750900001,unlabeled_pool,1501
WOS:001599818100001,Decoupling of O3-Layered Cathode Stability from System-Driven Thermal Runaway in Sodium-Ion Batteries,2025,10.1002/celc.202500336,CHEMELECTROCHEM,WOS:001599818100001,unlabeled_pool,1502
WOS:001641064500001,β-Irida-graphene: A new 2D carbon allotrope for sodium-ion battery anodes,2026,10.1016/j.physe.2025.116442,PHYSICA E-LOW-DIMENSIONAL SYSTEMS & NANOSTRUCTURES,WOS:001641064500001,unlabeled_pool,1503
WOS:000418729500020,Synthesis of high volumetric capacity graphene oxide-supported tellurantimony Na- and Li-ion battery anodes by hydrogen peroxide sol gel processing,2018,10.1016/j.jcis.2017.10.040,JOURNAL OF COLLOID AND INTERFACE SCIENCE,WOS:000418729500020,unlabeled_pool,1504
WOS:000842984000004,Constructing low N/P ratio sodium-based batteries by reversible Na metal electrodeposition on sodiophilic zinc-metal-decorated hard carbons,2022,10.1016/j.jpowsour.2022.231862,JOURNAL OF POWER SOURCES,WOS:000842984000004,unlabeled_pool,1505
WOS:000653090100003,Y-doped P2-type Na0.67Ni0.33Mn0.67O2: A sodium-ion battery cathode with fast charging and enhanced cyclic performance,2021,10.1016/j.jallcom.2021.160027,JOURNAL OF ALLOYS AND COMPOUNDS,WOS:000653090100003,unlabeled_pool,1506
WOS:000535335600002,Tuning anionic/cationic redox chemistry in a P2-type Na0.67Mn0.5Fe0.5O2 cathode material via a synergic strategy,2020,10.1007/s40843-020-1318-4,SCIENCE CHINA-MATERIALS,WOS:000535335600002,unlabeled_pool,1507
WOS:000386656700067,"Nitrogen-doped hierarchically porous carbon networks: synthesis and applications in lithium-ion battery, sodium-ion battery and zinc-air battery",2016,10.1016/j.electacta.2016.10.050,ELECTROCHIMICA ACTA,WOS:000386656700067,unlabeled_pool,1508
WOS:001357869000001,Multifunctional Effect of Carbon Matrix with Sulfur Dopant Inspires Mixed Metal Sulfide as Freestanding Anode in Sodium-Ion Batteries,2025,10.1002/smll.202405560,SMALL,WOS:001357869000001,unlabeled_pool,1509
WOS:001295398100001,A hollow Core-Shell Cu2S@C nanoboxes for High-Performance electrochemical sodium storage,2024,10.1016/j.apsusc.2024.160910,APPLIED SURFACE SCIENCE,WOS:001295398100001,unlabeled_pool,1510
WOS:000419834400023,TiP2O7 exhibiting reversible interaction with sodium ions in aqueous electrolytes,2018,10.1016/j.elecom.2017.11.013,ELECTROCHEMISTRY COMMUNICATIONS,WOS:000419834400023,unlabeled_pool,1511
WOS:000332747700014,Mesoporous Prussian Blue Analogues: Template-Free Synthesis and Sodium-Ion Battery Applications,2014,10.1002/anie.201310679,ANGEWANDTE CHEMIE-INTERNATIONAL EDITION,WOS:000332747700014,unlabeled_pool,1512
WOS:001461533500001,Unveiling structure-activity relationship between carbon crystallography and sodium ion battery anodes,2025,10.1016/j.ssc.2025.115933,SOLID STATE COMMUNICATIONS,WOS:001461533500001,unlabeled_pool,1513
WOS:000561979800005,Tuning crystal structure and redox potential of NASICON-type cathodes for sodium-ion batteries,2020,10.1007/s12274-020-3011-6,NANO RESEARCH,WOS:000561979800005,unlabeled_pool,1514
WOS:000390072100045,Structure and Dynamic Behavior of Sodium-Diglyme Complex in the Graphite Anode of Sodium Ion Battery by 2H Nuclear Magnetic Resonance,2016,10.1021/acs.jpcc.6b10962,JOURNAL OF PHYSICAL CHEMISTRY C,WOS:000390072100045,unlabeled_pool,1515
WOS:000425396400038,Tuning lattice spacing in titanate nanowire arrays for enhanced sodium storage and long-term stability,2018,10.1016/j.nanoen.2018.01.014,NANO ENERGY,WOS:000425396400038,unlabeled_pool,1516
WOS:000345226100064,High capacity and low cost spinel Fe3O4 for the Na-ion battery negative electrode materials,2014,10.1016/j.electacta.2014.09.081,ELECTROCHIMICA ACTA,WOS:000345226100064,unlabeled_pool,1517
WOS:001530050200001,Two-Step Fabrication of Nano NiSbS Anchored on Exfoliated Graphite Nanosheets as an Anode for Sodium-Ion Battery,2025,10.1021/acs.energyfuels.5c02020,ENERGY & FUELS,WOS:001530050200001,unlabeled_pool,1518
WOS:000368322700082,Ultrafast Solvent-Assisted Sodium Ion Intercalation into Highly Crystalline Few-Layered Graphene,2016,10.1021/acs.nanolett.5b04187,NANO LETTERS,WOS:000368322700082,unlabeled_pool,1519
WOS:000474327300014,Fluorine anion doped Na0.44MnO2 with layer-tunnel hybrid structure as advanced cathode for sodium ion batteries,2019,10.1016/j.jpowsour.2019.04.038,JOURNAL OF POWER SOURCES,WOS:000474327300014,unlabeled_pool,1520
WOS:000654511200001,Two-dimensional ZrC2 as a novel anode material with high capacity for sodium ion battery,2021,10.1039/d1cp00050k,PHYSICAL CHEMISTRY CHEMICAL PHYSICS,WOS:000654511200001,unlabeled_pool,1521
WOS:000423693100015,Engineering Oxygen-Deficient Na2Ti3O7 Nanobelt Arrays on Carbon Cloth as Advanced Flexible Anodes for Sodium-Ion Batteries,2018,10.3866/pku.whxb201707173,ACTA PHYSICO-CHIMICA SINICA,WOS:000423693100015,unlabeled_pool,1522
WOS:000707039600001,Bismuth Nanoparticles Anchored on Ti3C2Tx MXene Nanosheets for High-Performance Sodium-Ion Batteries,2021,10.1002/asia.202100974,CHEMISTRY-AN ASIAN JOURNAL,WOS:000707039600001,unlabeled_pool,1523
WOS:001568892100005,Doping and thermal treatment strategies to construct layered oxide: an excellent air-stable cathode for sodium-ion batteries,2025,10.1016/j.est.2025.118407,JOURNAL OF ENERGY STORAGE,WOS:001568892100005,unlabeled_pool,1524
WOS:000536900800036,Physicochemical and electrochemical properties of sulfolane - Carbonate electrolytes for sodium-ion conduction,2020,10.1016/j.molliq.2020.112982,JOURNAL OF MOLECULAR LIQUIDS,WOS:000536900800036,unlabeled_pool,1525
WOS:000868274300003,Pyrolytic carbon in-situ coated VS2 nanosheets self-assembled submicroflowers for good sodium storage property,2023,10.1016/j.matlet.2022.133241,MATERIALS LETTERS,WOS:000868274300003,unlabeled_pool,1526
WOS:001209637500001,Prospective hazard and toxicity screening of sodium-ion battery cathode materials,2024,10.1039/d3gc05098j,GREEN CHEMISTRY,WOS:001209637500001,unlabeled_pool,1527
WOS:000458419000064,Revealing the atomistic origin of the disorder-enhanced Na-storage performance in NaFePO4 battery cathode,2019,10.1016/j.nanoen.2018.12.087,NANO ENERGY,WOS:000458419000064,unlabeled_pool,1528
WOS:001237143600001,Effect of Mg/Sn ratio on the structure and electrochemical performance of O3-type high entropy layered oxides for sodium-ion battery cathodes,2024,10.1016/j.est.2024.111720,JOURNAL OF ENERGY STORAGE,WOS:001237143600001,unlabeled_pool,1529
WOS:000497518200001,All Binder-Free Electrodes for High-Performance Wearable Aqueous Rechargeable Sodium-Ion Batteries,2019,10.1007/s40820-019-0332-7,NANO-MICRO LETTERS,WOS:000497518200001,unlabeled_pool,1530
WOS:000456633400052,Two-Dimensional Hybrid Composites of SnS2 with Graphene and Graphene Oxide for Improving Sodium Storage: A First-Principles Study,2019,10.1021/acs.inorgchem.8b02962,INORGANIC CHEMISTRY,WOS:000456633400052,unlabeled_pool,1531
WOS:000410306700033,Perchlorate ion doped polypyrrole coated ZnS sphere composites as a sodium-ion battery anode with superior rate capability enhanced by pseudocapacitance,2017,10.1039/c7ra07901j,RSC ADVANCES,WOS:000410306700033,unlabeled_pool,1532
WOS:001095817600001,Topochemical and phase transformation induced Co9S8/NC nanosheets for high-performance sodium-ion batteries,2023,10.1039/d3dt02449k,DALTON TRANSACTIONS,WOS:001095817600001,unlabeled_pool,1533
WOS:001217852700001,Rational construction of Sb 2 Se 3 wrapped bimetallic selenide as anode material toward efficient sodium storage performance,2024,10.1016/j.ceramint.2024.01.410,CERAMICS INTERNATIONAL,WOS:001217852700001,unlabeled_pool,1534
WOS:000930007600001,Optimized Ti-O Subcompounds and Elastic Expanded MXene Interlayers Boost Quick Sodium Storage Performance,2023,10.1002/adfm.202215228,ADVANCED FUNCTIONAL MATERIALS,WOS:000930007600001,unlabeled_pool,1535
WOS:000472566400007,Facile self-templated synthesis of P2-type Na0.7CoO2 microsheets as a long-term cathode for high-energy sodium-ion batteries,2019,10.1039/c9ta02966d,JOURNAL OF MATERIALS CHEMISTRY A,WOS:000472566400007,unlabeled_pool,1536
WOS:000709467600005,Chinese knot-like bimetallic NiCo2S4 grew on 3D graphene foam as high-performance electrode for Na+ storage,2022,10.1016/j.jallcom.2021.161988,JOURNAL OF ALLOYS AND COMPOUNDS,WOS:000709467600005,unlabeled_pool,1537
WOS:001584919700014,Construction of hollow core-shell Co9S8 dodecahedron with dual-carbon confinement for sodium-ion hybrid capacitors,2025,10.1016/j.cej.2025.166289,CHEMICAL ENGINEERING JOURNAL,WOS:001584919700014,unlabeled_pool,1538
WOS:000328177000058,Electrochemical synthesis of a three-dimensional porous Sb/Cu2Sb anode for Na-ion batteries,2014,10.1016/j.jpowsour.2013.08.095,JOURNAL OF POWER SOURCES,WOS:000328177000058,unlabeled_pool,1539
WOS:001292169900001,PVA-regulated construction of 3D rGO-hosted Na3V2(PO4)2F3 for fast and stable sodium storage,2024,10.1016/j.jechem.2024.07.032,JOURNAL OF ENERGY CHEMISTRY,WOS:001292169900001,unlabeled_pool,1540
WOS:000485962000034,Submicron-sized Sb2O3 with hierarchical structure as high-performance anodes for Na-ion storage,2019,10.1002/er.4483,INTERNATIONAL JOURNAL OF ENERGY RESEARCH,WOS:000485962000034,unlabeled_pool,1541
WOS:000397688300015,Anomalous temperature-dependent electrical properties of Na2MnP2O7,2017,10.1016/j.ssi.2016.12.020,SOLID STATE IONICS,WOS:000397688300015,unlabeled_pool,1542
WOS:000508464500040,SnSe2 Nanoparticles Chemically Embedded in a Carbon Shell for High-Rate Sodium-Ion Storage,2020,10.1021/acsami.9b16659,ACS APPLIED MATERIALS & INTERFACES,WOS:000508464500040,unlabeled_pool,1543
WOS:000411687800058,Yolk-shell structured Sb@C anodes for high energy Na-ion batteries,2017,10.1016/j.nanoen.2017.08.051,NANO ENERGY,WOS:000411687800058,unlabeled_pool,1544
WOS:000438706700004,Low-Defect and Low-Porosity Hard Carbon with High Coulombic Efficiency and High Capacity for Practical Sodium Ion Battery Anode,2018,10.1002/aenm.201703238,ADVANCED ENERGY MATERIALS,WOS:000438706700004,unlabeled_pool,1545
WOS:000684973400004,A high-voltage symmetric sodium ion battery using sodium vanadium pyrophosphate with superior power density and long lifespan,2021,10.1016/j.jpowsour.2021.230183,JOURNAL OF POWER SOURCES,WOS:000684973400004,unlabeled_pool,1546
WOS:000878318300001,Synthesis and Application of an Aromatic Sulfonate Sodium Salt for Aqueous Sodium-Ion Battery Electrolytes,2023,10.1002/ente.202201045,ENERGY TECHNOLOGY,WOS:000878318300001,unlabeled_pool,1547
WOS:001405614700002,MOF-derived sodium vanadium phosphate composited C as stable cathode for flexible micro sodium-ion battery,2025,10.1007/s10854-025-14260-w,JOURNAL OF MATERIALS SCIENCE-MATERIALS IN ELECTRONICS,WOS:001405614700002,unlabeled_pool,1548
WOS:000343072900085,Particle shapes and surface structures of olivine NaFePO4 in comparison to LiFePO4,2014,10.1039/c4cp02356k,PHYSICAL CHEMISTRY CHEMICAL PHYSICS,WOS:000343072900085,unlabeled_pool,1549
WOS:000324963900068,Na4Co2.4Mn0.3Ni0.3(PO4< /sub>)2P2O7: High potential and high capacity electrode material for sodium-ion batteries,2013,10.1016/j.elecom.2013.07.004,ELECTROCHEMISTRY COMMUNICATIONS,WOS:000324963900068,unlabeled_pool,1550
WOS:001136896100001,Semiconductor-to-metal transition renders intrinsic pseudocapacitance and high volumetric capacity for iron chalcogenide anode,2024,10.1016/j.cej.2023.147979,CHEMICAL ENGINEERING JOURNAL,WOS:001136896100001,unlabeled_pool,1551
WOS:000490974900005,CuO nanowire arrays synthesized at room temperature as a high-performance anode material for Li/Na-ion batteries,2019,10.1016/j.tsf.2019.137522,THIN SOLID FILMS,WOS:000490974900005,unlabeled_pool,1552
WOS:000598371500056,Ti-C bonds reinforced TiO2@C nanocomposite Na-ion battery electrodes by fluidized-bed plasma-enhanced chemical vapor deposition,2021,10.1016/j.carbon.2020.09.023,CARBON,WOS:000598371500056,unlabeled_pool,1553
WOS:001562331100001,Fast-Charging and Long-Cycle Sodium-Ion Batteries Enabled by an Ultra-Stable Carbon Anode,2025,10.1002/adma.202509953,ADVANCED MATERIALS,WOS:001562331100001,unlabeled_pool,1554
WOS:000630398500050,Regulate Phosphorus Configuration in High P-Doped Hard Carbon as a Superanode for Sodium Storage,2021,10.1021/acsami.0c23165,ACS APPLIED MATERIALS & INTERFACES,WOS:000630398500050,unlabeled_pool,1555
WOS:000442460400024,Expanding Interlayer Spacing of Hard Carbon by Natural K+ Doping to Boost Na-Ion Storage,2018,10.1021/acsami.8b08380,ACS APPLIED MATERIALS & INTERFACES,WOS:000442460400024,unlabeled_pool,1556
WOS:001332074400001,Self-doped porous sorghum husk-derived carbon as anode for high performance sodium-ion batteries at low temperatures,2024,10.1016/j.est.2024.114056,JOURNAL OF ENERGY STORAGE,WOS:001332074400001,unlabeled_pool,1557
WOS:000660359700001,A comparative study of reaction mechanism of MoS2 negative electrode materials for sodium-ion batteries,2021,10.1016/j.jallcom.2021.160182,JOURNAL OF ALLOYS AND COMPOUNDS,WOS:000660359700001,unlabeled_pool,1558
WOS:000508977100001,A Study of Cu Doping Effects in P2-Na0.75Mn0.6Fe0.2(Cux</ i>Ni0.2-x)O2 Layered Cathodes for Sodium-Ion Batteries,2020,10.1002/batt.201900172,BATTERIES & SUPERCAPS,WOS:000508977100001,unlabeled_pool,1559
WOS:000852993600004,Glass-ceramic route to NASICON-type NaxTi2(PO4)3 electrodes for Na-ion batteries,2022,10.1016/j.ceramint.2022.05.125,CERAMICS INTERNATIONAL,WOS:000852993600004,unlabeled_pool,1560
WOS:000964494300005,Hard Carbon Derived from Straw as Anode Materials for Sodium-ion Batteries,2022,10.20964/2022.11.15,INTERNATIONAL JOURNAL OF ELECTROCHEMICAL SCIENCE,WOS:000964494300005,unlabeled_pool,1561
WOS:001468712900001,"Bifunctional sodium tetrakis [3,5-bis(trifluoromethyl)phenyl] borate additive for long-lifespan sodium-ion batteries with NaNi0.33Fe0.33Mn0.33O2 cathode",2025,10.1016/j.cej.2025.162144,CHEMICAL ENGINEERING JOURNAL,WOS:001468712900001,unlabeled_pool,1562
WOS:000643725500002,High-energy-density aqueous sodium-ion batteries enabled by chromium hexacycnochromate anodes,2021,10.1016/j.cej.2021.129003,CHEMICAL ENGINEERING JOURNAL,WOS:000643725500002,unlabeled_pool,1563
WOS:000545308600016,Nature-inspired Cu2O@CoO tree-like architecture for robust storage of sodium,2020,10.1016/j.jmst.2020.02.077,JOURNAL OF MATERIALS SCIENCE & TECHNOLOGY,WOS:000545308600016,unlabeled_pool,1564
WOS:001388931200001,Hard carbon derived from pomegranate peels as anode material for sodium-ion batteries,2025,10.1007/s11581-024-06048-5,IONICS,WOS:001388931200001,unlabeled_pool,1565
WOS:001483558500001,Enhanced electrochemical performance of Na2Ti6O13 anodes for sodium-ion batteries via one-step carbon coating,2025,10.1016/j.electacta.2025.146262,ELECTROCHIMICA ACTA,WOS:001483558500001,unlabeled_pool,1566
WOS:000566336000009,One-pot synthesis of small-sized Ni3S2 nanoparticles deposited on graphene oxide as composite anode materials for high-performance lithium-/sodium-ion batteries,2020,10.1016/j.apsusc.2020.147316,APPLIED SURFACE SCIENCE,WOS:000566336000009,unlabeled_pool,1567
WOS:000467774100036,Nanoflake-constructed porous Na3V2(PO4)3/C hierarchical microspheres as a bicontinuous cathode for sodium-ion batteries applications,2019,10.1016/j.nanoen.2019.03.066,NANO ENERGY,WOS:000467774100036,unlabeled_pool,1568
WOS:001296008900001,Boosting the Sodium-Ion Storage Performance of Prussian Blue Analogs by Crystalline Regulation,2024,10.1002/slct.202401605,CHEMISTRYSELECT,WOS:001296008900001,unlabeled_pool,1569
WOS:000595128700014,1T-Phase MoS2 with large layer spacing supported on carbon cloth for high-performance Na+ storage,2021,10.1016/j.jcis.2020.09.055,JOURNAL OF COLLOID AND INTERFACE SCIENCE,WOS:000595128700014,unlabeled_pool,1570
WOS:000381165600021,"Potentiodynamic and galvanostatic testing of NaFe0.95V0.05PO4/C composite in aqueous NaNO3 solution, and the properties of aqueous Na1.2V3O8/NaNO3/NaFe0.9 5V0.05PO4/C battery",2016,10.1016/j.jpowsour.2016.06.031,JOURNAL OF POWER SOURCES,WOS:000381165600021,unlabeled_pool,1571
WOS:000800443400008,0D-2D Cu2O microspheres@rGO composite for enhanced sodium storage,2022,10.1016/j.matlet.2022.132297,MATERIALS LETTERS,WOS:000800443400008,unlabeled_pool,1572
WOS:000812994000001,Na2[Mn3Vac0.1Ti0.4]O7</ sub>: A new layered negative electrode material for aqueous Na-ion batteries,2022,10.1016/j.jallcom.2022.165765,JOURNAL OF ALLOYS AND COMPOUNDS,WOS:000812994000001,unlabeled_pool,1573
WOS:000401110200006,N-doped rutile TiO2/C with significantly enhanced Na storage capacity for Na-ion batteries,2017,10.1016/j.electacta.2017.03.104,ELECTROCHIMICA ACTA,WOS:000401110200006,unlabeled_pool,1574
WOS:000457586500008,Investigation of electrochemical reaction mechanism for antimony selenide nanocomposite for sodium-ion battery electrodes,2019,10.1007/s10800-018-1267-2,JOURNAL OF APPLIED ELECTROCHEMISTRY,WOS:000457586500008,unlabeled_pool,1575
WOS:000612913400001,Bi and Sn particles embedded in ZIF-8-derived porous carbon as anode for lithium and sodium storage,2021,10.1007/s11581-021-03924-2,IONICS,WOS:000612913400001,unlabeled_pool,1576
WOS:001590463900001,Nanoporous CoSe2 polyhedra imbedded graphene as a high-performance sodium-ion battery anode material,2025,10.1039/d5dt01923k,DALTON TRANSACTIONS,WOS:001590463900001,unlabeled_pool,1577
WOS:001449123500001,Synthesis of a hollow MoSe2@MXene anode material for sodium-ion batteries,2025,10.1039/d5nr00156k,NANOSCALE,WOS:001449123500001,unlabeled_pool,1578
WOS:000927801500002,Soft-template-assisted synthesis of Petals-like MoS2 nanosheets covered with N-doped carbon for long cycle-life sodium-ion battery anode,2022,10.1016/j.jelechem.2022.116715,JOURNAL OF ELECTROANALYTICAL CHEMISTRY,WOS:000927801500002,unlabeled_pool,1579
WOS:000461339000020,Synthesis and characterization of Ru doped NaNi0.5Mn0.3Ti0.2O2 cathode material with improved electrochemical performance for sodium-ion batteries,2019,10.1007/s11581-018-2830-x,IONICS,WOS:000461339000020,unlabeled_pool,1580
WOS:000390636100086,All-climate sodium ion batteries based on the NASICON electrode materials,2016,10.1016/j.nanoen.2016.09.024,NANO ENERGY,WOS:000390636100086,unlabeled_pool,1581
WOS:000412781700016,Facile in situ synthesis of crystalline VOOH-coated VS2 microflowers with superior sodium storage performance,2017,10.1039/c7ta05205g,JOURNAL OF MATERIALS CHEMISTRY A,WOS:000412781700016,unlabeled_pool,1582
WOS:000462158000008,Bundled Defect-Rich MoS2 for a High-Rate and Long-Life Sodium-Ion Battery: Achieving 3D Diffusion of Sodium Ion by Vacancies to Improve Kinetics,2019,10.1002/smll.201805405,SMALL,WOS:000462158000008,unlabeled_pool,1583
WOS:000456902400007,Octahedral Sb2O3 as high-performance anode for lithium and sodium storage,2019,10.1016/j.matchemphys.2018.10.043,MATERIALS CHEMISTRY AND PHYSICS,WOS:000456902400007,unlabeled_pool,1584
WOS:000451333900011,VO2 (A)/graphene nanostructure: Stand up to Na ion intercalation/deintercalation for enhanced electrochemical performance as a Na-ion battery cathode,2019,10.1016/j.electacta.2018.10.010,ELECTROCHIMICA ACTA,WOS:000451333900011,unlabeled_pool,1585
WOS:000703863600012,Synergistic voltage and electrolyte mediation improves sodiation kinetics in μ-Sn alloy-anodes,2021,10.1016/j.ensm.2021.09.014,ENERGY STORAGE MATERIALS,WOS:000703863600012,unlabeled_pool,1586
WOS:000570687000001,Three-Layer Structured SnO2@C@TiO2Hollow Spheres for High-Performance Sodium Storage,2021,10.1002/eem2.12117,ENERGY & ENVIRONMENTAL MATERIALS,WOS:000570687000001,unlabeled_pool,1587
WOS:000547238500002,An emerging electrochemically active maricite NaMnPO4 as cathode material at elevated temperature for sodium-ion batteries,2020,10.1007/s13204-020-01506-8,APPLIED NANOSCIENCE,WOS:000547238500002,unlabeled_pool,1588
WOS:000779932800001,SnO2 nanosheets grown on in-situ formed N-doped branched TiO2/C nanofibers as binder-free anodes for sodium-ion storage,2022,10.1016/j.electacta.2022.140049,ELECTROCHIMICA ACTA,WOS:000779932800001,unlabeled_pool,1589
WOS:000850101400001,Xanthan gum as a water-based binder for P3-Na2/3Ni1/3Mn2/3O2,2022,10.3389/fenrg.2022.909486,FRONTIERS IN ENERGY RESEARCH,WOS:000850101400001,unlabeled_pool,1590
WOS:000417935600008,Surface-engineering enhanced sodium storage performance of Na3V2(PO4)3 cathode via in-situ self-decorated conducting polymer route,2017,10.1007/s11426-017-9125-y,SCIENCE CHINA-CHEMISTRY,WOS:000417935600008,unlabeled_pool,1591
WOS:000732712300001,An Ultrahigh-Power Mesocarbon Microbeads|Na+-Diglyme|Na3V2(PO4</ sub>)3 Sodium-Ion Battery,2022,10.1002/adma.202108304,ADVANCED MATERIALS,WOS:000732712300001,unlabeled_pool,1592
WOS:001637329500001,Experimental and computational advancement of cathode materials for futuristic sodium ion batteries,2025,10.1016/j.mattod.2023.06.013,MATERIALS TODAY,WOS:001637329500001,unlabeled_pool,1593
WOS:000641079100008,WS2 nanosheets@ZIF-67-derived N-doped carbon composite as sodium ion battery anode with superior rate capability,2021,10.1016/j.jcis.2021.03.127,JOURNAL OF COLLOID AND INTERFACE SCIENCE,WOS:000641079100008,unlabeled_pool,1594
WOS:001533155600001,Enhanced Interphase Stability and Longevity of Sodium-Ion Pouch Cells by Compound Additive Engineering,2025,10.1021/acsaem.5c01236,ACS APPLIED ENERGY MATERIALS,WOS:001533155600001,unlabeled_pool,1595
WOS:000470939700038,Effect of binders and additives to tailor the electrochemical performance of Sb2Te3-TiC alloy anodes for high-performance sodium-ion batteries,2019,10.1016/j.jiec.2019.04.008,JOURNAL OF INDUSTRIAL AND ENGINEERING CHEMISTRY,WOS:000470939700038,unlabeled_pool,1596
WOS:000825229100004,Self-supported hard carbon anode from fungus-treated basswood towards sodium-ion batteries,2023,10.1007/s12274-022-4708-5,NANO RESEARCH,WOS:000825229100004,unlabeled_pool,1597
WOS:000623043600029,4.7 V Operation of the Cr4+/Cr3+ Redox Couple in Na3Cr2(PO4)2F3,2021,10.1021/acs.chemmater.0c04444,CHEMISTRY OF MATERIALS,WOS:000623043600029,unlabeled_pool,1598
WOS:000343961000047,Facile synthesis of graphite nitrate-like ammonium vanadium bronzes and their graphene composites for sodium-ion battery cathodes,2014,10.1039/c4dt02002b,DALTON TRANSACTIONS,WOS:000343961000047,unlabeled_pool,1599
WOS:000672570600004,Chromium doping into NASICON-structured Na3V2(PO4)3 cathode for high-power Na-ion batteries,2021,10.1016/j.cej.2021.130052,CHEMICAL ENGINEERING JOURNAL,WOS:000672570600004,unlabeled_pool,1600
WOS:000959448800012,"Surface synergistic protections on red phosphorus anode material by poly(3,4-ethylenedioxythiophene) coating and electrolyte strategy in sodium ion batteries",2023,10.1063/1674-0068/cjcp2104066,CHINESE JOURNAL OF CHEMICAL PHYSICS,WOS:000959448800012,unlabeled_pool,1601
WOS:001137902300002,Dual strategy of La3+ doping and carbon coating enhancing the rate performance of NaTi2(PO4)3 anode materials,2024,10.1007/s11581-024-05369-9,IONICS,WOS:001137902300002,unlabeled_pool,1602
WOS:001216633700001,Design of novel Cu-doped SnS2 on carbon cloth as a binder-free anode to improve high-rate performance of sodium ion battery,2024,10.1039/d4nj00677a,NEW JOURNAL OF CHEMISTRY,WOS:001216633700001,unlabeled_pool,1603
WOS:000501787200028,Design of meso/macro porous 2D Mn-vanadate as potential novel anode materials for sodium-ion storage,2019,10.1016/j.est.2019.100915,JOURNAL OF ENERGY STORAGE,WOS:000501787200028,unlabeled_pool,1604
WOS:000417196000026,2D sandwich-like nanosheets of ultrafine Sb nanoparticles anchored to graphene for high-efficiency sodium storage,2017,10.1007/s12274-017-1627-y,NANO RESEARCH,WOS:000417196000026,unlabeled_pool,1605
WOS:000644737800102,Fabrication of a Sandwiched Core Carbon Sphere@Na3V2(PO4)2O2</s ub>F@N-Doped Carbon Cathode for Superior Sodium-Ion Batteries,2021,10.1021/acsaem.1c00334,ACS APPLIED ENERGY MATERIALS,WOS:000644737800102,unlabeled_pool,1606
WOS:000529895500056,Highly Reversible and Rapid Sodium Storage in GeP3 with Synergistic Effect from Outside-In Optimization,2020,10.1021/acsnano.9b09869,ACS NANO,WOS:000529895500056,unlabeled_pool,1607
WOS:000414825900034,Conversion Reaction of Copper Sulfide Based Nanohybrids for Sodium-Ion Batteries,2017,10.1021/acssuschemeng.7b01692,ACS SUSTAINABLE CHEMISTRY & ENGINEERING,WOS:000414825900034,unlabeled_pool,1608
WOS:000481240300001,A Promising Carbon/g-C3N4 Composite Negative Electrode for a Long-Life Sodium-Ion Battery,2019,10.1002/anie.201905803,ANGEWANDTE CHEMIE-INTERNATIONAL EDITION,WOS:000481240300001,unlabeled_pool,1609
WOS:000419400900011,Graphene-immobilized flower-like Ni3S2 nanoflakes as a stable binder-free anode material for sodium-ion batteries,2018,10.1007/s12613-018-1550-6,INTERNATIONAL JOURNAL OF MINERALS METALLURGY AND MATERIALS,WOS:000419400900011,unlabeled_pool,1610
WOS:001284476000001,Simultaneous hierarchical regulation and surface coating of MoTe2 based sodium-ion battery anodes with high capacity and long cycle stability,2024,10.1016/j.ceramint.2024.06.020,CERAMICS INTERNATIONAL,WOS:001284476000001,unlabeled_pool,1611
WOS:000731998100001,Boosting reaction kinetics and improving long cycle life in lamellar VS2/MoS2 heterojunctions for superior sodium storage performance,2022,10.1039/d1ta09612e,JOURNAL OF MATERIALS CHEMISTRY A,WOS:000731998100001,unlabeled_pool,1612
WOS:000381512800074,Carbon nanotube decorated NaTi2(PO4)3/C nanocomposite for a high-rate and low-temperature sodium-ion battery anode,2016,10.1039/c6ra11042h,RSC ADVANCES,WOS:000381512800074,unlabeled_pool,1613
WOS:001585386600017,Operando magnetometry decodes fast sodium storage: Biomass-derived Bi@NSC anodes with triple-phase kinetics,2025,10.1016/j.cej.2025.166439,CHEMICAL ENGINEERING JOURNAL,WOS:001585386600017,unlabeled_pool,1614
WOS:000376535100023,Layered P2-type Na0.5Ni0.25Mn0.75O2 as a high performance cathode material for sodium-ion batteries,2016,10.1016/j.electacta.2016.04.138,ELECTROCHIMICA ACTA,WOS:000376535100023,unlabeled_pool,1615
WOS:000661637000001,"Hollow N,C-co-doped carbon-coated ZnS nanospheres derived from metal organic framework (ZIF-8) with improved lithium and sodium storage performance",2021,10.1088/2515-7639/ac03ff,JOURNAL OF PHYSICS-MATERIALS,WOS:000661637000001,unlabeled_pool,1616
WOS:001244471500001,Air-Stable Na3.5C6O6 as a Sodium Compensation Additive in Cathode of Na-Ion Batteries,2024,10.1002/smll.202400498,SMALL,WOS:001244471500001,unlabeled_pool,1617
WOS:000482496300009,Sb2S3 embedded in carbon silicon oxide nanofibers as high-performance anode materials for lithium-ion and sodium-ion batteries,2019,10.1016/j.jpowsour.2019.226762,JOURNAL OF POWER SOURCES,WOS:000482496300009,unlabeled_pool,1618
WOS:000461401300037,Two-Dimensional Titanium Carbonitride Mxene for High-Performance Sodium Ion Batteries,2018,10.1021/acsanm.8b01330,ACS APPLIED NANO MATERIALS,WOS:000461401300037,unlabeled_pool,1619
WOS:000398327300041,High-Performance Anode of Sodium Ion Battery from Polyacrylonitrile/Humic Acid Composite Electrospun Carbon Fiberse,2017,10.1016/j.electacta.2017.02.159,ELECTROCHIMICA ACTA,WOS:000398327300041,unlabeled_pool,1620
WOS:000427618400014,Silicon oxycarbide produced from silicone oil for high-performance anode material in sodium ion batteries,2018,10.1016/j.cej.2018.01.032,CHEMICAL ENGINEERING JOURNAL,WOS:000427618400014,unlabeled_pool,1621
WOS:001009781600001,In situ interface engineering of NiSe with interlinked conductive networks for high energy density sodium-ion half/full batteries,2023,10.1039/d3qi00706e,INORGANIC CHEMISTRY FRONTIERS,WOS:001009781600001,unlabeled_pool,1622
WOS:000344208700105,Copper-doped Li4Ti5O12/carbon nanofiber composites as anode for high-performance sodium-ion batteries,2014,10.1016/j.jpowsour.2014.08.131,JOURNAL OF POWER SOURCES,WOS:000344208700105,unlabeled_pool,1623
WOS:000372877400062,Integrating in situ solvothermal approach synthesized nanostructured tin anchored on graphene sheets into film anodes for sodium-ion batteries,2016,10.1016/j.electacta.2016.02.204,ELECTROCHIMICA ACTA,WOS:000372877400062,unlabeled_pool,1624
WOS:000914148400001,Dual-Function Presodiation with Sodium Diphenyl Ketone towards Ultra-stable Hard Carbon Anodes for Sodium-Ion Batteries,2023,10.1002/anie.202214717,ANGEWANDTE CHEMIE-INTERNATIONAL EDITION,WOS:000914148400001,unlabeled_pool,1625
WOS:001274706200001,Covalent bonded Sulfur/MoS2 decorated carbon spheres for advanced sodium- ion batteries,2024,10.1016/j.matlet.2024.137002,MATERIALS LETTERS,WOS:001274706200001,unlabeled_pool,1626
WOS:000579357500018,One pot synthesis of Sb2O3/reduced graphene oxide composite anode material for sodium ion batteries,2020,10.1016/j.matlet.2020.128565,MATERIALS LETTERS,WOS:000579357500018,unlabeled_pool,1627
WOS:001326764900001,Sulfur and Nitrogen Codoped Hard Carbon with Expanded Interlayer Distance as an Effective Anode Material for Sodium-Ion Batteries,2024,10.1021/acs.energyfuels.4c03258,ENERGY & FUELS,WOS:001326764900001,unlabeled_pool,1628
WOS:000657170300001,Self-Assembled VS4 Hierarchitectures with Enhanced Capacity and Stability for Sodium Storage,2022,10.1002/eem2.12195,ENERGY & ENVIRONMENTAL MATERIALS,WOS:000657170300001,unlabeled_pool,1629
WOS:001498539800001,Cu/Li Heterotopic Doping to Enable Long-Term Cyclicity for P2-Type Nickel Manganese Based Sodium-Ion Batteries,2025,10.1002/smtd.202500478,SMALL METHODS,WOS:001498539800001,unlabeled_pool,1630
WOS:000338810500048,Characterization of Prussian blue as positive electrode materials for sodium-ion batteries,2014,10.1016/j.ssi.2013.12.024,SOLID STATE IONICS,WOS:000338810500048,unlabeled_pool,1631
WOS:000642168300003,Interwoven scaffolded porous titanium oxide nanocubes/carbon nanotubes framework for high-performance sodium-ion battery,2021,10.1016/j.jechem.2020.11.010,JOURNAL OF ENERGY CHEMISTRY,WOS:000642168300003,unlabeled_pool,1632
WOS:000393848900050,NASICON-Type Mg0.5Ti2(PO4)3 Negative Electrode Material Exhibits Different Electrochemical Energy Storage Mechanisms in Na-Ion and Li-Ion Batteries,2017,10.1021/acsami.6b14196,ACS APPLIED MATERIALS & INTERFACES,WOS:000393848900050,unlabeled_pool,1633
WOS:000428007400015,Revisiting the open-framework zinc hexacyanoferrate: The role of ternary electrolyte and sodium-ion intercalation mechanism,2018,10.1016/j.jpowsour.2018.01.083,JOURNAL OF POWER SOURCES,WOS:000428007400015,unlabeled_pool,1634
WOS:000437475600040,SnS/C nanocomposites for high-performance sodium ion battery anodes,2018,10.1039/c8ra04421j,RSC ADVANCES,WOS:000437475600040,unlabeled_pool,1635
WOS:000665789100001,Porous structures of carbon-doped Co3O4 with tunable morphologies from microflowers to cubes as anodes for high performance lithium/sodium-ion batteries,2021,10.1016/j.jallcom.2021.160588,JOURNAL OF ALLOYS AND COMPOUNDS,WOS:000665789100001,unlabeled_pool,1636
WOS:001243165000001,Core-shell engineering of titanium-based anodes toward enhanced electrochemical lithium/sodium storage performance: a review,2024,10.1016/j.mtener.2024.101589,MATERIALS TODAY ENERGY,WOS:001243165000001,unlabeled_pool,1637
WOS:000938148800001,Application of First Principles Computations Based on Density Functional Theory (DFT) in Cathode Materials of Sodium-Ion Batteries,2023,10.3390/batteries9020086,BATTERIES-BASEL,WOS:000938148800001,unlabeled_pool,1638
WOS:000891798100005,Flexible SnSe2/N-doped porous carbon-fiber film as anode for high-energy-density and stable sodium-ion batteries,2023,10.1016/j.jpowsour.2022.232405,JOURNAL OF POWER SOURCES,WOS:000891798100005,unlabeled_pool,1639
WOS:000480515400033,Direct implementation of K3Fe(CN)6 as cathode materials of sodium-ion batteries,2018,10.1016/j.mtener.2018.10.005,MATERIALS TODAY ENERGY,WOS:000480515400033,unlabeled_pool,1640
WOS:000384335000007,SnO2-Reduced Graphene Oxide Nanocomposites via Microwave Route as Anode for Sodium-Ion Battery,2016,10.1007/s11837-016-2061-4,JOM,WOS:000384335000007,unlabeled_pool,1641
WOS:001242085500001,Reinterpreting the Intercalation-Conversion Mechanism of FeP Anodes in Lithium/Sodium-Ion Batteries from Evolution of the Magnetic Phase,2024,10.1021/acs.jpclett.4c00760,JOURNAL OF PHYSICAL CHEMISTRY LETTERS,WOS:001242085500001,unlabeled_pool,1642
WOS:001586386800001,Towards a High-Performance Tin Anode for Practical Sodium-Ion Batteries,2025,10.1149/1945-7111/ae0969,JOURNAL OF THE ELECTROCHEMICAL SOCIETY,WOS:001586386800001,unlabeled_pool,1643
WOS:000402498000025,Sodium Iron(II) Pyrosilicate Na2Fe2Si2O7: A Potential Cathode Material in the Na2O-FeO-SiO2 System,2017,10.1021/acs.chemmater.7b00764,CHEMISTRY OF MATERIALS,WOS:000402498000025,unlabeled_pool,1644
WOS:000921186400001,Rational synthesis of Sn/SnO2/CNFs composite with well-defined structure as anode material for sodium-ion batteries,2023,10.1016/j.matlet.2023.133877,MATERIALS LETTERS,WOS:000921186400001,unlabeled_pool,1645
WOS:000883818400001,Nitrogen/Phosphorus Dual-Doped Hard Carbon Anode with High Initial Coulombic Efficiency for Superior Sodium Storage,2023,10.1002/batt.202200427,BATTERIES & SUPERCAPS,WOS:000883818400001,unlabeled_pool,1646
WOS:001596067400001,Rational design of a Fe1-xS/FeS2 homologous heterostructure with exceptional high-rate performance for advanced sodium-ion battery anodes,2025,10.1039/d5ta05155j,JOURNAL OF MATERIALS CHEMISTRY A,WOS:001596067400001,unlabeled_pool,1647
WOS:000996441500001,Unique two-dimensional Prussian blue nanoplates for high-performance sodium-ion battery cathode,2023,10.1016/j.jallcom.2023.168773,JOURNAL OF ALLOYS AND COMPOUNDS,WOS:000996441500001,unlabeled_pool,1648
WOS:000615763000003,Sycamore fruit seed-based hard carbon anode material with high cycle stability for sodium-ion battery,2021,10.1007/s10854-021-05286-x,JOURNAL OF MATERIALS SCIENCE-MATERIALS IN ELECTRONICS,WOS:000615763000003,unlabeled_pool,1649
WOS:000530970100001,Hard carbon microspheres derived from resorcinol formaldehyde resin as high-performance anode materials for sodium-ion battery,2020,10.1007/s11581-020-03585-7,IONICS,WOS:000530970100001,unlabeled_pool,1650
WOS:000389785500041,Mesh-structured N-doped graphene@Sb2Se3 hybrids as an anode for large capacity sodium-ion batteries,2017,10.1016/j.jcis.2016.11.027,JOURNAL OF COLLOID AND INTERFACE SCIENCE,WOS:000389785500041,unlabeled_pool,1651
WOS:001584968900009,Crosslinking-engineered lignin-derived hard carbons for high-performance sodium-ion storage,2025,10.1016/j.cej.2025.168238,CHEMICAL ENGINEERING JOURNAL,WOS:001584968900009,unlabeled_pool,1652
WOS:000416203800034,Quick Activation of Nanoporous Anatase TiO2 as High-Rate and Durable Anode Materials for Sodium-Ion Batteries,2017,10.1021/acsami.7b13927,ACS APPLIED MATERIALS & INTERFACES,WOS:000416203800034,unlabeled_pool,1653
WOS:000456762300078,A V2O5-nanosheets-coated hard carbon fiber fabric as high-performance anode for sodium ion battery,2019,10.1016/j.surfcoat.2018.11.096,SURFACE & COATINGS TECHNOLOGY,WOS:000456762300078,unlabeled_pool,1654
WOS:001641340400001,Laser-carbonized anodes for sodium-ion batteries: A sustainable fabrication route toward spatially resolved and practical energy storage,2026,10.1016/j.ensm.2025.104793,ENERGY STORAGE MATERIALS,WOS:001641340400001,unlabeled_pool,1655
WOS:000965670500004,Preparation of Fe-doped Na2Mn3O7 and its Application as a Cathode Material for Sodium-ion Batteries,2022,10.20964/2022.12.28,INTERNATIONAL JOURNAL OF ELECTROCHEMICAL SCIENCE,WOS:000965670500004,unlabeled_pool,1656
WOS:001641636100001,The Zintl-Klemm Concept in the Amorphous State: A Case Study of Na-P Battery Anodes,2025,10.1002/anie.202508305,ANGEWANDTE CHEMIE-INTERNATIONAL EDITION,WOS:001641636100001,unlabeled_pool,1657
WOS:001440503700001,Enhancing electrochemical performance of O3-Type NaNi0.4Fe0.25Mn0.35O2 cathode materials in sodium-ion batteries via high-entropy strategy,2025,10.1016/j.cej.2025.161145,CHEMICAL ENGINEERING JOURNAL,WOS:001440503700001,unlabeled_pool,1658
WOS:000448658400246,"Poly (3,4-Ethylenedioxythiophene) (PEDOT) Nanofibers Decorated Graphene Oxide (GO) as High-Capacity, Long Cycle Anodes for Sodium Ion Batteries",2018,10.3390/ma11102032,MATERIALS,WOS:000448658400246,unlabeled_pool,1659
WOS:000422674700029,Two Dimensional TiS2 as a Promising Insertion Anode for Na-Ion Battery,2018,10.1002/slct.201702181,CHEMISTRYSELECT,WOS:000422674700029,unlabeled_pool,1660
WOS:000449308400014,"Exploration of AVP2O7/C (A = Li, Li0.5Na0.5, and Na) for High-Rate Sodium-Ion Battery Applications",2018,10.1021/acs.jpcc.8b09451,JOURNAL OF PHYSICAL CHEMISTRY C,WOS:000449308400014,unlabeled_pool,1661
WOS:001616099200004,A facile synthetic strategy to MnS/NC submicrospheres for high-performance sodium-ion battery anodes,2026,10.1016/j.materresbull.2025.113862,MATERIALS RESEARCH BULLETIN,WOS:001616099200004,unlabeled_pool,1662
WOS:000667492800005,Constructing layer/tunnel biphasic Na0.6Fe0.04Mn0.96O2 enables simultaneous kinetics enhancement and phase transition suppression for high power/energy density sodium-ion full cell,2021,10.1016/j.ensm.2021.05.015,ENERGY STORAGE MATERIALS,WOS:000667492800005,unlabeled_pool,1663
WOS:000528015100001,Fused Tetrathiafulvalene and Benzoquinone Triads: Organic Positive-Electrode Materials Based on a Dual Redox System,2020,10.1002/cssc.202000178,CHEMSUSCHEM,WOS:000528015100001,unlabeled_pool,1664
WOS:000595167800013,N-doped graphene wrapped SnP2O7 for sodium storage with high pseudocapacitance contribution,2021,10.1016/j.jallcom.2020.156992,JOURNAL OF ALLOYS AND COMPOUNDS,WOS:000595167800013,unlabeled_pool,1665
WOS:001399898300004,Rate and Cycling Performance of Ti and Cu Doped β-NaMnO2 as Cathode of Sodium-ion Battery,2024,10.15541/jim20240204,JOURNAL OF INORGANIC MATERIALS,WOS:001399898300004,unlabeled_pool,1666
WOS:000892170200003,Structure adapting of bulk FeS2 micron particles and the corresponding anode for high performance sodium-ion batteries,2022,10.1016/j.jmat.2022.02.004,JOURNAL OF MATERIOMICS,WOS:000892170200003,unlabeled_pool,1667
WOS:000943775300001,Bimetallic Synergies Help the Application of Sodium Vanadyl Phosphate in Aqueous Sodium-Ion Batteries,2023,10.1002/cssc.202202257,CHEMSUSCHEM,WOS:000943775300001,unlabeled_pool,1668
WOS:001618393800001,Multiscale electro-chemo-mechanical model of high-capacity amorphous silicon anode material in sodium-ion batteries,2026,10.1016/j.ijsolstr.2025.113753,INTERNATIONAL JOURNAL OF SOLIDS AND STRUCTURES,WOS:001618393800001,unlabeled_pool,1669
WOS:001364651200001,Ultrastable Fe-based Prussian Blue Analogs Cathode for Sodium-Ion Battery,2024,10.1149/1945-7111/ad92e3,JOURNAL OF THE ELECTROCHEMICAL SOCIETY,WOS:001364651200001,unlabeled_pool,1670
WOS:001420199800001,Spray-Drying Synthesis of Na4Fe3(PO4)2P2O7@ CNT Cathode for Ultra-Stable and High-Rate Sodium-Ion Batteries,2025,10.3390/molecules30030753,MOLECULES,WOS:001420199800001,unlabeled_pool,1671
WOS:000625184600001,Nanocable with thick active intermediate layer for stable and high-areal-capacity sodium storage,2020,10.1016/j.nanoen.2020.105265,NANO ENERGY,WOS:000625184600001,unlabeled_pool,1672
WOS:001630934700004,"High-entropy Na3V1.95(Ti, Mg, Mn, Cr, Zr)0.01(PO4)2F3 cathodes for sodium-ion batteries",2026,10.1016/j.est.2025.119528,JOURNAL OF ENERGY STORAGE,WOS:001630934700004,unlabeled_pool,1673
WOS:001201398500001,Accessing the O Vacancy with Anionic Redox Chemistry Toward Superior Electrochemical Performance in O3 type Na-Ion Oxide Cathode,2024,10.1002/adfm.202316342,ADVANCED FUNCTIONAL MATERIALS,WOS:001201398500001,unlabeled_pool,1674
WOS:001461742700001,Unveiling the reversible sodium-ion storage mechanism in rutile TiO2 nanorods,2025,10.1016/j.electacta.2025.146113,ELECTROCHIMICA ACTA,WOS:001461742700001,unlabeled_pool,1675
WOS:001523528000001,Synergistic Multi-Element Strategy Enables SnSbMnBiTe High-Entropy Alloy Anode for Stable and Fast Sodium Storage,2025,10.1021/acssuschemeng.5c04513,ACS SUSTAINABLE CHEMISTRY & ENGINEERING,WOS:001523528000001,unlabeled_pool,1676
WOS:000467767400130,Highly Efficient Nanocarbon Coating Layer on the Nanostructured Copper Sulfide-Metal Organic Framework Derived Carbon for Advanced Sodium-Ion Battery Anode,2019,10.3390/ma12081324,MATERIALS,WOS:000467767400130,unlabeled_pool,1677
WOS:000842999400003,Binary metal selenide nanowires wrapped over carbon fibers for a binder-free anode of sodium-ion batteries,2022,10.1016/j.jallcom.2022.166571,JOURNAL OF ALLOYS AND COMPOUNDS,WOS:000842999400003,unlabeled_pool,1678
WOS:000379552600014,Hierarchically-Porous Carbon Derived from a Large-Scale Iron-based Organometallic Complex for Versatile Energy Storage,2016,10.1002/cssc.201600184,CHEMSUSCHEM,WOS:000379552600014,unlabeled_pool,1679
WOS:000663094100017,Hollow ZIF-67-C/LDO core/shell heterostructure as a high-performance anode material for sodium ion batteries,2021,10.1016/j.matlet.2021.129817,MATERIALS LETTERS,WOS:000663094100017,unlabeled_pool,1680
WOS:000782125600009,Organic/inorganic anions coupling enabled reversible high-valent redox in vanadium-based polyanionic compound,2022,10.1016/j.ensm.2022.02.044,ENERGY STORAGE MATERIALS,WOS:000782125600009,unlabeled_pool,1681
WOS:000684979900005,Cationic and transition metal co-substitution strategy of O3-type NaCrO2 cathode for high-energy sodium-ion batteries,2021,10.1016/j.ensm.2021.05.046,ENERGY STORAGE MATERIALS,WOS:000684979900005,unlabeled_pool,1682
WOS:001333316200001,First-principles study of Na adsorption and diffusion over substitutionally doped antimonene,2024,10.1016/j.matchemphys.2024.129986,MATERIALS CHEMISTRY AND PHYSICS,WOS:001333316200001,unlabeled_pool,1683
WOS:001476623500001,Moire<acute accent> bilayer MoS2 as a next-generation sodium-ion battery anode: A DFT analysis,2025,10.1016/j.matlet.2025.138605,MATERIALS LETTERS,WOS:001476623500001,unlabeled_pool,1684
WOS:000384399000016,"In Situ Transmission Electron Microscopy Observation of Sodiation-Desodiation in a Long Cycle, High-Capacity Reduced Graphene Oxide Sodium-Ion Battery Anode",2016,10.1021/acs.chemmater.6b01959,CHEMISTRY OF MATERIALS,WOS:000384399000016,unlabeled_pool,1685
WOS:000404614700018,Three-dimensional interpenetrating mesoporous carbon confining SnO2 particles for superior sodiation/desodiation properties,2017,10.1039/c7nr02260c,NANOSCALE,WOS:000404614700018,unlabeled_pool,1686
WOS:000446063100120,Hierarchical phosphorus hybrids with carbon nanotube veins and black phosphorus skins: Structure and lithium storage properties,2018,10.1016/j.carbon.2018.08.005,CARBON,WOS:000446063100120,unlabeled_pool,1687
WOS:000456689500012,Hierarchical Sb2MoO6 microspheres for high-performance sodium-ion battery anode,2019,10.1016/j.ensm.2018.11.021,ENERGY STORAGE MATERIALS,WOS:000456689500012,unlabeled_pool,1688
WOS:000875878900001,Sb1-xSex Nanoparticles as Durable and Stable Anode Materials for Sodium-Ion Batteries,2022,10.1021/acsanm.2c03762,ACS APPLIED NANO MATERIALS,WOS:000875878900001,unlabeled_pool,1689
WOS:000467774100047,In situ visualization of sodium transport and conversion reactions of FeS2 nanotubes made by morphology engineering,2019,10.1016/j.nanoen.2019.03.080,NANO ENERGY,WOS:000467774100047,unlabeled_pool,1690
WOS:000480670200018,Sodium storage mechanism and electrochemical performance of layered GeP as anode for sodium ion batteries,2019,10.1016/j.jpowsour.2019.05.088,JOURNAL OF POWER SOURCES,WOS:000480670200018,unlabeled_pool,1691
WOS:000996252700001,In-situ synthesis of Fe7S8 on metal sites of MOFs as high-capacity and fast-kinetics anodes for sodium ion batteries,2023,10.1016/j.jallcom.2023.168854,JOURNAL OF ALLOYS AND COMPOUNDS,WOS:000996252700001,unlabeled_pool,1692
WOS:000535255300118,Highly Reversible Sodiation/Desodiation from a Carbon-Sandwiched SnS2 Nanosheet Anode for Sodium Ion Batteries,2020,10.1021/acs.nanolett.0c00964,NANO LETTERS,WOS:000535255300118,unlabeled_pool,1693
WOS:000361560300047,Is single layer graphene a promising anode for sodium-ion batteries?,2015,10.1016/j.electacta.2015.08.019,ELECTROCHIMICA ACTA,WOS:000361560300047,unlabeled_pool,1694
WOS:000398089100004,Ge Nanoparticles Encapsulated in Interconnected Hollow Carbon Boxes as Anodes for Sodium Ion and Lithium Ion Batteries with Enhanced Electrochemical Performance,2017,10.1002/ppsc.201600115,PARTICLE & PARTICLE SYSTEMS CHARACTERIZATION,WOS:000398089100004,unlabeled_pool,1695
WOS:000342652000004,Ultralong Cycle Life Sodium-Ion Battery Anodes Using a Graphene-Templated Carbon Hybrid,2014,10.1021/jp5064403,JOURNAL OF PHYSICAL CHEMISTRY C,WOS:000342652000004,unlabeled_pool,1696
WOS:000633015500001,Effect of Vinylene Carbonate Electrolyte Additive on the Surface Chemistry and Pseudocapacitive Sodium-Ion Storage of TiO2 Nanosheet Anodes,2021,10.3390/batteries7010001,BATTERIES-BASEL,WOS:000633015500001,unlabeled_pool,1697
WOS:000863803300003,"Modeling of Al12N12, Mg12O12, Ca12O12, and C23N nanostructured as potential anode materials for sodium-ion battery",2023,10.1007/s10008-022-05300-0,JOURNAL OF SOLID STATE ELECTROCHEMISTRY,WOS:000863803300003,unlabeled_pool,1698
WOS:001275233300001,Construction of conductive PTh-promoted NaTi2(PO4)3 nanocomposite with two-electron reactions for sodium energy storage,2024,10.1016/j.ssi.2024.116643,SOLID STATE IONICS,WOS:001275233300001,unlabeled_pool,1699
WOS:001103366700001,Controllable Fabrication of Sn/Sb Nanodomains Improved Sb2SnO5 Anodes for Sodium Ion Batteries,2023,10.1002/slct.202302417,CHEMISTRYSELECT,WOS:001103366700001,unlabeled_pool,1700
WOS:000436519000018,Sustainable one step process for making carbon-free TiO2 anodes and sodium-ion battery electrochemistry,2018,10.1039/c8se00082d,SUSTAINABLE ENERGY & FUELS,WOS:000436519000018,unlabeled_pool,1701
WOS:001515890000001,Reversible Sodium Storage of CoTe2 Anode via Lanthanum Doping,2025,10.3390/inorganics13060207,INORGANICS,WOS:001515890000001,unlabeled_pool,1702
WOS:000374790400020,Co3S4@polyaniline nanotubes as high-performance anode materials for sodium ion batteries,2016,10.1039/c6ta01497f,JOURNAL OF MATERIALS CHEMISTRY A,WOS:000374790400020,unlabeled_pool,1703
WOS:000579434800001,Binding hierarchical MoSe2 on MOF-derived N-doped carbon dodecahedron for fast and durable sodium-ion storage,2020,10.1016/j.carbon.2020.07.010,CARBON,WOS:000579434800001,unlabeled_pool,1704
WOS:001590043300001,Spin polarization in Bi/FeS heterostructure enables high-performance sodium ion storage,2025,10.1016/j.ensm.2025.104631,ENERGY STORAGE MATERIALS,WOS:001590043300001,unlabeled_pool,1705
WOS:000418533600017,Top-down synthesis of interconnected two-dimensional carbon/antimony hybrids as advanced anodes for sodium storage,2018,10.1016/j.ensm.2017.08.011,ENERGY STORAGE MATERIALS,WOS:000418533600017,unlabeled_pool,1706
WOS:000447555400037,Multiscale tomographic analysis of the thermal failure of Na-Ion batteries,2018,10.1016/j.jpowsour.2018.07.098,JOURNAL OF POWER SOURCES,WOS:000447555400037,unlabeled_pool,1707
WOS:000437667800005,Vertically Oriented MoS2 with Spatially Controlled Geometry on Nitrogenous Graphene Sheets for High-Performance Sodium-Ion Batteries,2018,10.1002/aenm.201703300,ADVANCED ENERGY MATERIALS,WOS:000437667800005,unlabeled_pool,1708
WOS:000345723800047,Chemically Bonded Phosphorus/Graphene Hybrid as a High Performance Anode for Sodium-Ion Batteries,2014,10.1021/nl502759z,NANO LETTERS,WOS:000345723800047,unlabeled_pool,1709
WOS:000626112200004,Porous CuO/Cu2O heterostructured arrays as anode for high-performance sodium-ion batteries,2021,10.1007/s11581-021-03968-4,IONICS,WOS:000626112200004,unlabeled_pool,1710
WOS:001535221900017,Construction and electrochemical performance of NaCrO2@Cr2O3 cathode material for sodium-ion batteries,2025,10.1016/s1003-6326(25)66795-1,TRANSACTIONS OF NONFERROUS METALS SOCIETY OF CHINA,WOS:001535221900017,unlabeled_pool,1711
WOS:000618361600001,Simple synthesis and electrochemical performance of NaVSi2O6 as a new sodium-ion cathode material,2021,10.1002/er.6557,INTERNATIONAL JOURNAL OF ENERGY RESEARCH,WOS:000618361600001,unlabeled_pool,1712
WOS:000509631500022,FeS/ZnS nanoflower composites as high performance anode materials for sodium ion batteries,2020,10.1016/j.inoche.2019.107635,INORGANIC CHEMISTRY COMMUNICATIONS,WOS:000509631500022,unlabeled_pool,1713
WOS:001415015900001,Vanadium-site multivalent cation doping strategy of fluorophosphate cathode for low self-discharge sodium-ion batteries,2025,10.1016/j.jechem.2024.11.003,JOURNAL OF ENERGY CHEMISTRY,WOS:001415015900001,unlabeled_pool,1714
WOS:000465500700073,Tin-Decorated Reduced Graphene Oxide and NaLi0.2Ni0.25Mn0.75O as Electrode Materials for Sodium-Ion Batteries,2019,10.3390/ma12071074,MATERIALS,WOS:000465500700073,unlabeled_pool,1715
WOS:000761779700001,Rational construction of CoP@C hollow structure for ultrafast and stable sodium energy storage,2022,10.1007/s12598-021-01930-x,RARE METALS,WOS:000761779700001,unlabeled_pool,1716
WOS:000403320500023,Improved sodium-ion storage properties by fabricating nanoporous CuSn alloy architecture,2017,10.1039/c7ra03718j,RSC ADVANCES,WOS:000403320500023,unlabeled_pool,1717
WOS:001461200000001,Graphite Cone/Disc Anodes as Alternative to Hard Carbons for Na/K-Ion Batteries,2025,10.1002/adfm.202505848,ADVANCED FUNCTIONAL MATERIALS,WOS:001461200000001,unlabeled_pool,1718
WOS:000440910300007,Enhanced Performance of Sn4P3 Electrode Cycled in Ionic Liquid Electrolyte at Intermediate Temperature as Na-Ion Battery Anode,2018,10.1002/slct.201801517,CHEMISTRYSELECT,WOS:000440910300007,unlabeled_pool,1719
WOS:000439101000003,Electrochemical Behavior of Sb-Si Nanocomposite Thin Films as Anode Materials for Sodium-ion Batteries,2018,10.15541/jim20170326,JOURNAL OF INORGANIC MATERIALS,WOS:000439101000003,unlabeled_pool,1720
WOS:001020597400001,"Preparation of Cu7.2S4@N, S co-doped carbon honeycomb-like composite structure for high-rate and high-stability sodium-ion storage",2023,10.1016/j.jcis.2023.05.096,JOURNAL OF COLLOID AND INTERFACE SCIENCE,WOS:001020597400001,unlabeled_pool,1721
WOS:000429413700006,Layered Molybdenum (Oxy) Pyrophosphate (MoO2)2P2O7 as a Cathode Material for Sodium-Ion Batteries,2018,10.1002/celc.201800005,CHEMELECTROCHEM,WOS:000429413700006,unlabeled_pool,1722
WOS:000506869400001,Hierarchical Porous Carbon Anode Materials Derived from Rice Husks with High Capacity and Long Cycling Stability for Sodium-Ion Batteries,2020,10.1002/celc.201901826,CHEMELECTROCHEM,WOS:000506869400001,unlabeled_pool,1723
WOS:001450380600001,Charge Tuning and Anchor Effect Achieving Stable High-Voltage Layered Metal Oxides for Sodium-Ion Battery,2025,10.1002/anie.202500715,ANGEWANDTE CHEMIE-INTERNATIONAL EDITION,WOS:001450380600001,unlabeled_pool,1724
WOS:001014425600001,Sodium Storage Properties of Carbonaceous Flowers,2023,10.3390/molecules28124753,MOLECULES,WOS:001014425600001,unlabeled_pool,1725
WOS:001445493000008,Anion-mediated approach to overcome oxidation in ether electrolytes for high-voltage sodium-ion batteries,2025,10.1038/s41467-025-57910-7,NATURE COMMUNICATIONS,WOS:001445493000008,unlabeled_pool,1726
WOS:001503634200001,A novel polyamine molten salt with excellent self-healing properties for binder-free electrodes in lithium-ion and sodium-ion battery anodes,2025,10.1016/j.mtchem.2025.102785,MATERIALS TODAY CHEMISTRY,WOS:001503634200001,unlabeled_pool,1727
WOS:000401500200008,Lattice Water for the Enhanced Performance of Amorphous Iron Phosphate in Sodium-Ion Batteries,2017,10.1021/acsenergylett.7b00120,ACS ENERGY LETTERS,WOS:000401500200008,unlabeled_pool,1728
WOS:001413353100001,Moisture-stable O3-type low-Ni layered oxides with improved electrochemical performance by Mg/Cu co-doping-enabled structural fine-tuning,2025,10.1016/j.mtener.2024.101781,MATERIALS TODAY ENERGY,WOS:001413353100001,unlabeled_pool,1729
WOS:001617475200001,Interfacial Evaluation in ZnO-Coated NaxMn0.5Fe0.5O2 Cathodes and Hard Carbon Anodes Induced by Sodium Azide: Operando EIS and Structural Insights,2025,10.1002/batt.202500680,BATTERIES & SUPERCAPS,WOS:001617475200001,unlabeled_pool,1730
WOS:000670314500002,Integrated titanium-substituted air stable O3 sodium layered oxide electrode via a complexant assisted route for high capacity sodium-ion battery,2021,10.1016/j.electacta.2021.138561,ELECTROCHIMICA ACTA,WOS:000670314500002,unlabeled_pool,1731
WOS:000526247800001,Li-free P2/O3 biphasic Na0.73Ni0.4Mn0.4Ti0.2O2 as a cathode material for sodium-ion batteries,2020,10.1007/s11581-020-03560-2,IONICS,WOS:000526247800001,unlabeled_pool,1732
WOS:000627067700035,Heterojunction TiO2@TiOF2 nanosheets as superior anode materials for sodium-ion batteries,2021,10.1039/d0ta12340d,JOURNAL OF MATERIALS CHEMISTRY A,WOS:000627067700035,unlabeled_pool,1733
WOS:000524576800001,Ultrathin 2D Graphitic Carbon Nitride on Metal Films: Underpotential Sodium Deposition in Adlayers for Sodium-Ion Batteries,2020,10.1002/anie.202000314,ANGEWANDTE CHEMIE-INTERNATIONAL EDITION,WOS:000524576800001,unlabeled_pool,1734
WOS:000376705600024,Nitrogen-doped carbon/graphene hybrid anode material for sodium-ion batteries with excellent rate capability,2016,10.1016/j.jpowsour.2016.04.040,JOURNAL OF POWER SOURCES,WOS:000376705600024,unlabeled_pool,1735
WOS:001190225500001,Modeling of sodiation-induced deformation of Sn anode based on the stress-driven nonlocal integral elasticity,2024,10.1007/s00161-024-01290-8,CONTINUUM MECHANICS AND THERMODYNAMICS,WOS:001190225500001,unlabeled_pool,1736
WOS:000405458800018,Improved high-rate performance of Na3V2(PO4)3 with an atomic layer deposition-generated Al2O3 layer as a cathode material for sodium-ion batteries,2017,10.1016/j.matlet.2017.06.067,MATERIALS LETTERS,WOS:000405458800018,unlabeled_pool,1737
WOS:001324787600001,Low-temperature carbonization of bulk chemicals to yield low-surface carbon material for sodium-ion battery anodes,2024,10.1016/j.est.2024.113798,JOURNAL OF ENERGY STORAGE,WOS:001324787600001,unlabeled_pool,1738
WOS:000579868500013,A revised mechanistic model for sodium insertion in hard carbons,2020,10.1039/d0ee01363c,ENERGY & ENVIRONMENTAL SCIENCE,WOS:000579868500013,unlabeled_pool,1739
WOS:000427924000014,"High-rate FeS2/CNT neural network nanostructure composite anodes for stable, high-capacity sodium-ion batteries",2018,10.1016/j.nanoen.2018.01.039,NANO ENERGY,WOS:000427924000014,unlabeled_pool,1740
WOS:000393744400052,A nitrogen-doped three-dimensional carbon framework for high performance sodium ion batteries,2017,10.1039/c6ra27088c,RSC ADVANCES,WOS:000393744400052,unlabeled_pool,1741
WOS:001620411300001,Conductive polyaniline nanospike coated biomass hard carbon for high performance sodium-ion battery anode materials,2026,10.1016/j.est.2025.119252,JOURNAL OF ENERGY STORAGE,WOS:001620411300001,unlabeled_pool,1742
WOS:000365011400038,Copper substituted P2-type Na0.67CuxMn1-xO2</su b>: a stable high-power sodium-ion battery cathode,2015,10.1039/c5ta06371j,JOURNAL OF MATERIALS CHEMISTRY A,WOS:000365011400038,unlabeled_pool,1743
WOS:000502521900077,Dandelion-clock-inspired preparation of core-shell TiO2@MoS2 composites for high performance sodium ion storage,2020,10.1016/j.jallcom.2019.152386,JOURNAL OF ALLOYS AND COMPOUNDS,WOS:000502521900077,unlabeled_pool,1744
WOS:000474803100006,Hierarchical Metal Sulfide/Carbon Spheres: A Generalized Synthesis and High Sodium-Storage Performance,2019,10.1002/anie.201901840,ANGEWANDTE CHEMIE-INTERNATIONAL EDITION,WOS:000474803100006,unlabeled_pool,1745
WOS:000507628300001,Three Electron Reversible Redox Reaction in Sodium Vanadium Chromium Phosphate as a High-Energy-Density Cathode for Sodium-Ion Batteries,2020,10.1002/adfm.201908680,ADVANCED FUNCTIONAL MATERIALS,WOS:000507628300001,unlabeled_pool,1746
WOS:000391081700030,Ultralong Sb2Se3 Nanowire-Based Free-Standing Membrane Anode for Lithium/Sodium Ion Batteries,2016,10.1021/acsami.6b11544,ACS APPLIED MATERIALS & INTERFACES,WOS:000391081700030,unlabeled_pool,1747
WOS:000371079300012,Core-Shell Ge@Graphene@TiO2 Nanofibers as a High-Capacity and Cycle-Stable Anode for Lithium and Sodium Ion Battery,2016,10.1002/adfm.201504589,ADVANCED FUNCTIONAL MATERIALS,WOS:000371079300012,unlabeled_pool,1748
WOS:000807275600002,Fabricating iron-tin-oxide nanocomposite electrodes for sodium-ion batteries,2022,10.1016/j.ceramint.2022.03.201,CERAMICS INTERNATIONAL,WOS:000807275600002,unlabeled_pool,1749
WOS:000663234300005,Architecting core-shell nanosheets of MoS2-polypyrrole on carbon cloth as a robust sodium anode,2021,10.1016/j.susmat.2021.e00255,SUSTAINABLE MATERIALS AND TECHNOLOGIES,WOS:000663234300005,unlabeled_pool,1750
WOS:000419833900031,Exploring hydrogen molybdenum bronze for sodium ion storage: Performance enhancement by vertical graphene core and conductive polymer shell,2018,10.1016/j.nanoen.2017.12.012,NANO ENERGY,WOS:000419833900031,unlabeled_pool,1751
WOS:001387456500001,Structure Engineering on Prussian Blue Analog Anode Toward Rapid Na-Ion Storage,2025,10.1002/adfm.202418096,ADVANCED FUNCTIONAL MATERIALS,WOS:001387456500001,unlabeled_pool,1752
WOS:000408592900026,Few-layer MoS2 anchored at nitrogen-doped carbon ribbons for sodium-ion battery anodes wit high rate performance,2017,10.1039/c7ta05780f,JOURNAL OF MATERIALS CHEMISTRY A,WOS:000408592900026,unlabeled_pool,1753
WOS:000851412400001,Ru-Doping of P2-NaxMn0.75Ni0.25O2-Layered Oxides for High-Energy Na-Ion Battery Cathodes: First-Principles Insights on Activation and Control of Reversible Oxide Redox Chemistry,2022,10.1021/acsaem.2c01455,ACS APPLIED ENERGY MATERIALS,WOS:000851412400001,unlabeled_pool,1754
WOS:000358615200035,Ex situ electrochemical sodiation/desodiation observation of Co3O4 anchored carbon nanotubes: a high performance sodium-ion battery anode produced by pulsed plasma in a liquid,2015,10.1039/c5nr03335g,NANOSCALE,WOS:000358615200035,unlabeled_pool,1755
WOS:000334572400028,"Synergistic Na-Storage Reactions in Sn4P3 as a High-Capacity, Cycle-stable Anode of Na-Ion Batteries",2014,10.1021/nl404637q,NANO LETTERS,WOS:000334572400028,unlabeled_pool,1756
WOS:000715852100038,MXene/TiO2 Heterostructure-Decorated Hard Carbon with Stable Ti-O-C Bonding for Enhanced Sodium-Ion Storage,2021,10.1021/acsami.1c15539,ACS APPLIED MATERIALS & INTERFACES,WOS:000715852100038,unlabeled_pool,1757
WOS:000376133200013,Combining ionic liquid-based electrolytes and nanostructured anatase TiO2 anodes for intrinsically safer sodium-ion batteries,2016,10.1016/j.electacta.2016.03.124,ELECTROCHIMICA ACTA,WOS:000376133200013,unlabeled_pool,1758
WOS:000461401100031,Biotemplated Zinc Sulfide Nanofibers as Anode Materials for Sodium-Ion Batteries,2018,10.1021/acsanm.8b01254,ACS APPLIED NANO MATERIALS,WOS:000461401100031,unlabeled_pool,1759
WOS:000480520000005,Metal-organic framework derived porous hollow ternary sulfide as robust anode material for sodium ion batteries,2019,10.1016/j.mtener.2018.12.013,MATERIALS TODAY ENERGY,WOS:000480520000005,unlabeled_pool,1760
WOS:000415930900114,"Layer-stacked Sb@graphene micro/nanocomposite with decent Na-storage, full-cell and low-temperature performances",2018,10.1016/j.jallcom.2017.10.110,JOURNAL OF ALLOYS AND COMPOUNDS,WOS:000415930900114,unlabeled_pool,1761
WOS:001575041500001,Nanostructured sodium vanadate hydrate as a versatile sodium ion cathode material for use in organic media and for aqueous desalination,2025,10.1039/d5ta05128b,JOURNAL OF MATERIALS CHEMISTRY A,WOS:001575041500001,unlabeled_pool,1762
WOS:000450594300156,Hydrothermal synthesis of flower-like NiS-Ni3S4/stereotaxically constructed graphene composite for ultrahigh-rate sodium storage,2019,10.1016/j.matlet.2018.11.013,MATERIALS LETTERS,WOS:000450594300156,unlabeled_pool,1763
WOS:000449708500070,Rationally designed carbon coated ZnSnS3 nano cubes as high-performance anode for advanced sodium-ion batteries,2018,10.1016/j.electacta.2018.09.184,ELECTROCHIMICA ACTA,WOS:000449708500070,unlabeled_pool,1764
WOS:001003281800001,Nonporous Oxide-Terminated Multicomponent Bulk Anode Enabling Energy-Dense Sodium-Ion Batteries,2023,10.1021/acsami.3c01905,ACS APPLIED MATERIALS & INTERFACES,WOS:001003281800001,unlabeled_pool,1765
WOS:000467774100057,Investigation of Na3V2(PO4)2O2 F as a sodium ion battery cathode material: Influences of morphology and voltage window,2019,10.1016/j.nanoen.2019.03.063,NANO ENERGY,WOS:000467774100057,unlabeled_pool,1766
WOS:001440048800001,A low temperature iron-based phosphate potassium-ion battery,2025,10.1016/j.jpowsour.2025.236494,JOURNAL OF POWER SOURCES,WOS:001440048800001,unlabeled_pool,1767
WOS:001577814300001,Dual regulation of nanostructures and S-vacancy enabling ultra-high sodium storage performance for MoS2/carbon nanocage composites,2025,10.1016/j.diamond.2025.112847,DIAMOND AND RELATED MATERIALS,WOS:001577814300001,unlabeled_pool,1768
WOS:000485484800006,High Volumetric and Gravimetric Capacity Electrodeposited Mesostructured Sb2O3 Sodium Ion Battery Anodes,2019,10.1002/smll.201900258,SMALL,WOS:000485484800006,unlabeled_pool,1769
WOS:000848292200001,Artificial Organo-Fluoro-Rich Anode Electrolyte Interface and Partially Sodiated Hard Carbon Anode for Improved Cycle Life and Practical Sodium-Ion Batteries,2022,10.1021/acsami.2c09985,ACS APPLIED MATERIALS & INTERFACES,WOS:000848292200001,unlabeled_pool,1770
WOS:000318143300079,Tin-Coated Viral Nanoforests as Sodium-Ion Battery Anodes,2013,10.1021/nn400601y,ACS NANO,WOS:000318143300079,unlabeled_pool,1771
WOS:001240143700001,Covalently bonded black phosphorus and reduced graphene oxide as a high-performance anode for sodium-ion batteries,2024,10.1016/j.est.2024.111998,JOURNAL OF ENERGY STORAGE,WOS:001240143700001,unlabeled_pool,1772
WOS:000430269200054,Co9S8@carbon nanospheres as high-performance anodes for sodium ion battery,2018,10.1016/j.cej.2018.03.048,CHEMICAL ENGINEERING JOURNAL,WOS:000430269200054,unlabeled_pool,1773
WOS:001354979500001,High-Na-Content Birnessite via P′3-Stacking with Tunable Active Facets for Advanced Aqueous Sodium-Ion Batteries,2024,10.1021/acsnano.4c09448,ACS NANO,WOS:001354979500001,unlabeled_pool,1774
WOS:000838160400003,Facile synthesis of N/O dual-doped carbon spheres with excellent electrochemical performance,2022,10.1016/j.solidstatesciences.2022.106980,SOLID STATE SCIENCES,WOS:000838160400003,unlabeled_pool,1775
WOS:000426495800010,Boosting the Sodiation Capability and Stability of FeP by In Situ Anchoring on the Graphene Conductive Framework,2018,10.1002/cnma.201700374,CHEMNANOMAT,WOS:000426495800010,unlabeled_pool,1776
WOS:001428311800001,Yolk-shell SnSe2@NC nanocubes: synergistic interior void and spatial confinement for superior sodium-ion battery anodes,2025,10.1039/d5ra00119f,RSC ADVANCES,WOS:001428311800001,unlabeled_pool,1777
WOS:000425751600033,Ball-in-ball hierarchical design of P2-type layered oxide as high performance Na-ion battery cathodes,2018,10.1016/j.electacta.2017.12.092,ELECTROCHIMICA ACTA,WOS:000425751600033,unlabeled_pool,1778
WOS:000401112200004,Enhanced electrochemical performance of Na2/3[Mn0.55Ni0.30Co0.15]O<s ub>2 positive electrode in sodium-ion batteries by functionalized multi-walled carbon nanotubes,2017,10.1016/j.electacta.2017.03.204,ELECTROCHIMICA ACTA,WOS:000401112200004,unlabeled_pool,1779
WOS:000523641800034,A surface chemistry assistant strategy to high power/energy density and cost-effective cathode for sodium ion battery,2020,10.1016/j.jpowsour.2020.227879,JOURNAL OF POWER SOURCES,WOS:000523641800034,unlabeled_pool,1780
WOS:000542761900010,A novel multielement nanocomposite with ultrahigh rate capacity and durable performance for sodium-ion battery anodes,2020,10.1039/d0ta04349d,JOURNAL OF MATERIALS CHEMISTRY A,WOS:000542761900010,unlabeled_pool,1781
WOS:000423635900045,Porous NaTi2(PO4)3@C nanocubes as improved anode for sodium-ion batteries,2018,10.1016/j.materresbull.2017.11.030,MATERIALS RESEARCH BULLETIN,WOS:000423635900045,unlabeled_pool,1782
WOS:000461238400003,Three-dimensional hierarchical NiCo2S4@MoS2 heterostructure arrays for high performance sodium ion battery,2018,10.1016/j.flatc.2018.07.002,FLATCHEM,WOS:000461238400003,unlabeled_pool,1783
WOS:000414990400030,Bio-Inspired Synthesis of an Ordered N/P Dual-Doped Porous Carbon and Application as an Anode for Sodium-Ion Batteries,2017,10.1002/chem.201703375,CHEMISTRY-A EUROPEAN JOURNAL,WOS:000414990400030,unlabeled_pool,1784
WOS:000571725100008,Electrospun free-standing FeP@NPC film for flexible sodium ion batteries with remarkable cycling stability,2020,10.1016/j.ensm.2020.03.029,ENERGY STORAGE MATERIALS,WOS:000571725100008,unlabeled_pool,1785
WOS:001236678300001,Micro-mesoporous cobalt phosphosulfide (Co3S4/CoP/NC) nanowires for ultrahigh rate capacity and ultrastable sodium ion battery,2024,10.1016/j.jcis.2024.04.044,JOURNAL OF COLLOID AND INTERFACE SCIENCE,WOS:001236678300001,unlabeled_pool,1786
WOS:000462944700087,Narsarsukite Na2TiOSi4O10 as a Low Voltage Silicate Anode for Rechargeable Li-Ion and Na-Ion Batteries,2019,10.1021/acsaem.8b01906,ACS APPLIED ENERGY MATERIALS,WOS:000462944700087,unlabeled_pool,1787
WOS:000620785300001,In-situ plantation of Fe3O4@C nanoparticles on reduced graphene oxide nanosheet as high-performance anode for lithium/sodium-ion batteries,2021,10.1016/j.apsusc.2021.149163,APPLIED SURFACE SCIENCE,WOS:000620785300001,unlabeled_pool,1788
WOS:000414990400023,Role of Acid in Tailoring Prussian Blue as Cathode for High-Performance Sodium-Ion Battery,2017,10.1002/chem.201703081,CHEMISTRY-A EUROPEAN JOURNAL,WOS:000414990400023,unlabeled_pool,1789
WOS:000403115200018,Sb/C composite as a high-performance anode for sodium ion batteries,2017,10.1016/j.electacta.2017.04.164,ELECTROCHIMICA ACTA,WOS:000403115200018,unlabeled_pool,1790
WOS:000532784800008,Quasi-1D TiS3 : A potential anode for high-performance sodium-ion storage,2020,10.1016/j.cej.2020.124305,CHEMICAL ENGINEERING JOURNAL,WOS:000532784800008,unlabeled_pool,1791
WOS:000370142500012,Facile Spraying Synthesis and High-Performance Sodium Storage of Mesoporous MoS2/C Microspheres,2016,10.1002/adfm.201504062,ADVANCED FUNCTIONAL MATERIALS,WOS:000370142500012,unlabeled_pool,1792
WOS:000792914700003,DFT studies on electrochemical properties of halide ions doped GDY-28 nanoflake for Na-ion battery applications,2022,10.1016/j.mssp.2022.106651,MATERIALS SCIENCE IN SEMICONDUCTOR PROCESSING,WOS:000792914700003,unlabeled_pool,1793
WOS:001107633400001,Synthesis of Graphitic Carbon Coated ZnPS3 and its Superior Electrochemical Properties for Lithium and Sodium Ion Storage,2024,10.1002/smtd.202301294,SMALL METHODS,WOS:001107633400001,unlabeled_pool,1794
WOS:000671896400002,Naturally nitrogen-doped porous carbon derived from waste crab shell as anode material for high performance sodium-ion battery,2021,10.1016/j.jaap.2021.105215,JOURNAL OF ANALYTICAL AND APPLIED PYROLYSIS,WOS:000671896400002,unlabeled_pool,1795
WOS:001195033500001,Intrinsically Nitrogen-Enriched Biomass-Derived Hard Carbon with Enhanced Performance as a Sodium-Ion Battery Anode,2024,10.1021/acs.energyfuels.4c00069,ENERGY & FUELS,WOS:001195033500001,unlabeled_pool,1796
WOS:001266960500001,Composite scaffold of electrospun nano-porous cellulose acetate membrane casted with chitosan for flexible solid-state sodium-ion batteries,2024,10.1016/j.nanoen.2024.109971,NANO ENERGY,WOS:001266960500001,unlabeled_pool,1797
WOS:000663031800001,In situ construction of active interfaces towards improved high-rate performance of CoSe2,2021,10.1039/d1ta03280a,JOURNAL OF MATERIALS CHEMISTRY A,WOS:000663031800001,unlabeled_pool,1798
WOS:000364824000023,A frogspawn-inspired hierarchical porous NaTi2(PO4)3-C array for high-rate and long-life aqueous rechargeable sodium batteries,2015,10.1039/c5nr06505d,NANOSCALE,WOS:000364824000023,unlabeled_pool,1799
WOS:001613390000001,Tuning Interphase Composition in Sodium-Ion Batteries via Co-Solvent Selection and Anion-Driven Solvation Shell Engineering,2025,10.1002/smtd.202501563,SMALL METHODS,WOS:001613390000001,unlabeled_pool,1800
WOS:001108267800001,First-principles computational study of two-dimensional BeB2 monolayer as a material for negative high-rate sodium ion batteries,2024,10.1016/j.physb.2023.415460,PHYSICA B-CONDENSED MATTER,WOS:001108267800001,unlabeled_pool,1801
WOS:000566092600042,Molecular engineering of covalent organic nanosheets for high-performance sodium-ion batteries,2020,10.1039/d0ta06206e,JOURNAL OF MATERIALS CHEMISTRY A,WOS:000566092600042,unlabeled_pool,1802
WOS:001203681600003,Research Progress on Hard Carbon Anode for Li/Na-ion Batteries,2024,10.15541/jim20230365,JOURNAL OF INORGANIC MATERIALS,WOS:001203681600003,unlabeled_pool,1803
WOS:000994806000001,High-Performing All-Solid-State Sodium-Ion Batteries Enabled by the Presodiation of Hard Carbon,2023,10.1002/aenm.202300776,ADVANCED ENERGY MATERIALS,WOS:000994806000001,unlabeled_pool,1804
WOS:000471284100006,Layered Co/Ni-free oxides for sodium-ion battery cathode materials,2019,10.1016/j.cogsc.2019.01.006,CURRENT OPINION IN GREEN AND SUSTAINABLE CHEMISTRY,WOS:000471284100006,unlabeled_pool,1805
WOS:000459798700016,High-Performance Flexible Freestanding Anode with Hierarchical 3D Carbon-Networks/Fe7S8/Graphene for Applicable Sodium-Ion Batteries,2019,10.1002/adma.201806664,ADVANCED MATERIALS,WOS:000459798700016,unlabeled_pool,1806
WOS:000632607300001,Engineered Carbon Electrodes for High Performance Capacitive and Hybrid Energy Storage,2021,10.1016/j.est.2021.102340,JOURNAL OF ENERGY STORAGE,WOS:000632607300001,unlabeled_pool,1807
WOS:001271454400001,Sustainable conversion of vine shoots and pig manure into high-performance anode materials for sodium-ion batteries,2024,10.1016/j.jpowsour.2024.235043,JOURNAL OF POWER SOURCES,WOS:001271454400001,unlabeled_pool,1808
WOS:000380076700052,Synergistic effect of the core-shell structured Sn/SnO2/C ternary anode system with the improved sodium storage performance,2016,10.1016/j.jpowsour.2016.05.123,JOURNAL OF POWER SOURCES,WOS:000380076700052,unlabeled_pool,1809
WOS:001318304900001,Engineering (FeSn)/S nanocubes heterojunctions for improved sodium ion battery performance,2025,10.1016/j.jcis.2024.09.094,JOURNAL OF COLLOID AND INTERFACE SCIENCE,WOS:001318304900001,unlabeled_pool,1810
WOS:000400983400017,Ultrasmall Sn nanodots embedded inside N-doped carbon microcages as high-performance lithium and sodium ion battery anodes,2017,10.1039/c7ta01480e,JOURNAL OF MATERIALS CHEMISTRY A,WOS:000400983400017,unlabeled_pool,1811
WOS:000521653900026,Pore structure regulation of hard carbon: Towards fast and high-capacity sodium-ion storage,2020,10.1016/j.jcis.2020.01.085,JOURNAL OF COLLOID AND INTERFACE SCIENCE,WOS:000521653900026,unlabeled_pool,1812
WOS:000339625500060,Design of nitrogen doped graphene grafted TiO2 hollow nanostructures with enhanced sodium storage performance,2014,10.1039/c4ta01789g,JOURNAL OF MATERIALS CHEMISTRY A,WOS:000339625500060,unlabeled_pool,1813
WOS:001449592800001,Modulating Phase Angle Variations of O3-Type High-Entropy Layered Sodium Oxide for Practical Sodium-Ion Cylindrical Battery,2025,10.1002/adfm.202501688,ADVANCED FUNCTIONAL MATERIALS,WOS:001449592800001,unlabeled_pool,1814
WOS:000646271300010,WS2 anode in Na and K-ion battery: Effect of upper cut-off potential on electrochemical performance,2021,10.1016/j.electacta.2021.138339,ELECTROCHIMICA ACTA,WOS:000646271300010,unlabeled_pool,1815
WOS:000560225400040,"Synthesis, modular composition, and electrochemical properties of lamellar iron sulfides",2020,10.1039/d0ta00689k,JOURNAL OF MATERIALS CHEMISTRY A,WOS:000560225400040,unlabeled_pool,1816
WOS:000315171100051,Electrochemical properties of P2-phase Na0.74CoO2 compounds as cathode material for rechargeable sodium-ion batteries,2013,10.1016/j.electacta.2012.09.058,ELECTROCHIMICA ACTA,WOS:000315171100051,unlabeled_pool,1817
WOS:000424274700025,Sodium-Ion Battery Anodes Comprising Carbon Sheets: Stable Cycling in Half- and Full-Pouch Cell Configuration,2018,10.1002/ente.201700530,ENERGY TECHNOLOGY,WOS:000424274700025,unlabeled_pool,1818
WOS:000751884800061,Ultrahigh Rate and Ultralong Life Span Sodium Storage of FePS3 Enabled by the Space Confinement Effect of Layered Expanded Graphite,2021,10.1021/acsami.1c18755,ACS APPLIED MATERIALS & INTERFACES,WOS:000751884800061,unlabeled_pool,1819
WOS:000342992000036,Understanding Na2Ti3O7 as an ultra-low voltage anode material for a Na-ion battery,2014,10.1039/c4cc03973d,CHEMICAL COMMUNICATIONS,WOS:000342992000036,unlabeled_pool,1820
WOS:000527323100019,Microwave-assisted synthesis of porous nano-sized Na3V2(PO)2F3@C nanospheres for sodium ion batteries with enhanced stability,2020,10.1016/j.scriptamat.2020.02.023,SCRIPTA MATERIALIA,WOS:000527323100019,unlabeled_pool,1821
WOS:001022841900001,Preparation of carbon dots from carbonized corncobs by electrochemical oxidation and their application in Nabatteries,2023,10.1016/s1872-5805(22)60644-9,NEW CARBON MATERIALS,WOS:001022841900001,unlabeled_pool,1822
WOS:001567959000009,Ultrafast sodium-ion storage performance of ReS2@rGO anode enabled by defect-to-center diffusion mechanism,2026,10.1016/j.matlet.2025.139419,MATERIALS LETTERS,WOS:001567959000009,unlabeled_pool,1823
WOS:001356702500001,Central metal coordination environment optimization enhances Na diffusion and structural stability in Prussian blue analogues,2025,10.1016/j.ensm.2024.103890,ENERGY STORAGE MATERIALS,WOS:001356702500001,unlabeled_pool,1824
WOS:000440876700076,Influence of Li substitution on the structure and electrochemical performance of P2-type Na0.67Ni0.2Fe0.15Mn0.65O<sub >2 cathode materials for sodium ion batteries,2018,10.1016/j.jpowsour.2018.06.058,JOURNAL OF POWER SOURCES,WOS:000440876700076,unlabeled_pool,1825
WOS:000674535500002,Studies on 2D-molybdenum diselenide (MoSe2) based electrode materials for supercapacitor and batteries: A critical analysis,2021,10.1016/j.est.2021.102809,JOURNAL OF ENERGY STORAGE,WOS:000674535500002,unlabeled_pool,1826
WOS:000422814400048,Nanostructured Na2Ti9O19 for Hybrid Sodium-Ion Capacitors with Excellent Rate Capability,2018,10.1021/acsami.7b13300,ACS APPLIED MATERIALS & INTERFACES,WOS:000422814400048,unlabeled_pool,1827
WOS:000375128900038,In operando Synchrotron XRD/XAS Investigation of Sodium Insertion into the Prussian Blue Analogue Cathode Material Na1.32Mn[Fe(CN)6]0.83•z H2O,2016,10.1016/j.electacta.2016.03.131,ELECTROCHIMICA ACTA,WOS:000375128900038,unlabeled_pool,1828
WOS:001247345200001,Sulfur-doped carbon nanofibers as stable and high performance anode materials for sodium-ion batteries,2024,10.1039/d4se00478g,SUSTAINABLE ENERGY & FUELS,WOS:001247345200001,unlabeled_pool,1829
WOS:000474642200014,Ultrafine Prussian Blue as a High-Rate and Long-Life Sodium-Ion Battery Cathode,2019,10.1002/ente.201900108,ENERGY TECHNOLOGY,WOS:000474642200014,unlabeled_pool,1830
WOS:000530209200001,Double core-shell nanostructured Sn-Cu alloy as enhanced anode materials for lithium and sodium storage,2020,10.1007/s11706-020-0500-1,FRONTIERS OF MATERIALS SCIENCE,WOS:000530209200001,unlabeled_pool,1831
WOS:000392037400038,NiSe2 Nanooctahedra as an Anode Material for High-Rate and Long-Life Sodium-Ion Battery,2017,10.1021/acsami.6b10143,ACS APPLIED MATERIALS & INTERFACES,WOS:000392037400038,unlabeled_pool,1832
WOS:000315200400003,Sodium-Ion Batteries,2013,10.1002/adfm.201200691,ADVANCED FUNCTIONAL MATERIALS,WOS:000315200400003,unlabeled_pool,1833
WOS:000481726300042,Structural and electrochemical investigation of binary Na2Fe1-xZnxP2O7 (0 ≤ x ≤ 1) pyrophosphate cathodes for sodium-ion batteries,2019,10.1016/j.jssc.2019.06.027,JOURNAL OF SOLID STATE CHEMISTRY,WOS:000481726300042,unlabeled_pool,1834
WOS:001231414900001,Heterostructured ZnS/Co embedded in pinecone-like N/S-doped carbon for efficient sodium/lithium storage,2024,10.1016/j.cej.2024.151318,CHEMICAL ENGINEERING JOURNAL,WOS:001231414900001,unlabeled_pool,1835
WOS:000758142400010,Eliciting Specific Electrochemical Reaction Behavior by Rational Design of a Red Phosphorus Electrode for Sodium-Ion Batteries,2021,10.3390/nano11113053,NANOMATERIALS,WOS:000758142400010,unlabeled_pool,1836
WOS:000475532200017,Effect of Conducting Salts in Ionic Liquid Electrolytes for Enhanced Cyclability of Sodium-Ion Batteries,2019,10.1021/acsami.9b03279,ACS APPLIED MATERIALS & INTERFACES,WOS:000475532200017,unlabeled_pool,1837
WOS:000378885300006,"High-Rate, Durable Sodium-Ion Battery Cathode Enabled by Carbon-Coated Micro-Sized Na3V2(PO4)3 Particles with Interconnected Vertical Nanowalls",2016,10.1002/admi.201500740,ADVANCED MATERIALS INTERFACES,WOS:000378885300006,unlabeled_pool,1838
WOS:001459093500001,GeP3/Ketjen Black Composite: Preparation via Ball Milling and Performance as Anode Material for Sodium-ion Batteries,2025,10.15541/jim20240360,JOURNAL OF INORGANIC MATERIALS,WOS:001459093500001,unlabeled_pool,1839
WOS:001330692600001,Abnormal Gas Generation during First Discharge Process of Sodium Ion Battery,2024,10.1002/anie.202412222,ANGEWANDTE CHEMIE-INTERNATIONAL EDITION,WOS:001330692600001,unlabeled_pool,1840
WOS:000511860300001,Effect of downsizing the maricite α-phase sodium cobalt phosphate (α-NaCoPO4) in sodium-ion battery,2020,10.1007/s11051-019-4733-9,JOURNAL OF NANOPARTICLE RESEARCH,WOS:000511860300001,unlabeled_pool,1841
WOS:000631487500003,Improved Initial Charging Capacity of Na-poor Na0.44MnO2via Chemical Presodiation Strategy for Low-cost Sodium-ion Batteries,2021,10.1007/s40242-021-0438-6,CHEMICAL RESEARCH IN CHINESE UNIVERSITIES,WOS:000631487500003,unlabeled_pool,1842
WOS:000949266600001,SnS-SnO2 Heterostructures Anchored on GO as a High-Performance Anode for Sodium Ion Battery,2023,10.1002/chem.202300009,CHEMISTRY-A EUROPEAN JOURNAL,WOS:000949266600001,unlabeled_pool,1843
WOS:000574927700006,Carbon aerogel/SnO2 as an advanced anode for sodium-ion batteries,2020,10.1142/s1793604720510261,FUNCTIONAL MATERIALS LETTERS,WOS:000574927700006,unlabeled_pool,1844
WOS:001365481900001,Enhanced electrochemical performance of NiSbS/NiSb/NiS nanocomposites anchored on graphite nanosheets for sodium-ion battery applications,2024,10.1039/d4ta07323a,JOURNAL OF MATERIALS CHEMISTRY A,WOS:001365481900001,unlabeled_pool,1845
WOS:000868103300001,Synthesis and Characterizations of Na4MnCr(PO4)3/rGO as NASICON-Type Cathode Materials for Sodium-ion Batteries,2022,10.3390/polym14194046,POLYMERS,WOS:000868103300001,unlabeled_pool,1846
WOS:000458706900103,Insight on the Failure Mechanism of Sn Electrodes for Sodium-Ion Batteries: Evidence of Pore Formation during Sodiation and Crack Formation during Desodiation,2019,10.1021/acsaem.8b01934,ACS APPLIED ENERGY MATERIALS,WOS:000458706900103,unlabeled_pool,1847
WOS:000395208000013,Exceptional energy and new insight with a sodium-selenium battery based on a carbon nanosheet cathode and a pseudographite anode,2017,10.1039/c6ee02274j,ENERGY & ENVIRONMENTAL SCIENCE,WOS:000395208000013,unlabeled_pool,1848
WOS:000481578000020,An Al-doped high voltage cathode of Na4Co3(PO4)2P2O<s ub>7 enabling highly stable 4 V full sodium-ion batteries,2019,10.1039/c9ta04450g,JOURNAL OF MATERIALS CHEMISTRY A,WOS:000481578000020,unlabeled_pool,1849
WOS:000613219000001,Graphitic SiC: A potential anode material for Na-ion battery with extremely high storage capacity,2021,10.1002/qua.26608,INTERNATIONAL JOURNAL OF QUANTUM CHEMISTRY,WOS:000613219000001,unlabeled_pool,1850
WOS:000336781500016,Boron-doped graphene as a promising anode for Na-ion batteries,2014,10.1039/c4cp01045k,PHYSICAL CHEMISTRY CHEMICAL PHYSICS,WOS:000336781500016,unlabeled_pool,1851
WOS:001094662500001,"An Intrinsic Stable Layered Oxide Cathode for Practical Sodium-Ion Battery: Solid Solution Reaction, Near-Zero-Strain and Marvelous Water Stability",2024,10.1002/smll.202306690,SMALL,WOS:001094662500001,unlabeled_pool,1852
WOS:000521556700001,"Probing Electrochemical Behaviour of Lignocellulosic, Orange Peel Derived Hard Carbon as Anode for Sodium Ion Battery",2020,10.1149/1945-7111/ab7c55,JOURNAL OF THE ELECTROCHEMICAL SOCIETY,WOS:000521556700001,unlabeled_pool,1853
WOS:000530651300013,Bismuth selenide nanocrystalline array electrodes for high-performance sodium-ion batteries,2020,10.1016/j.apmt.2019.100455,APPLIED MATERIALS TODAY,WOS:000530651300013,unlabeled_pool,1854
WOS:000355891700053,Solid-State Fabrication of SnS2/C Nanospheres for High-Performance Sodium Ion Battery Anode,2015,10.1021/acsami.5b02413,ACS APPLIED MATERIALS & INTERFACES,WOS:000355891700053,unlabeled_pool,1855
WOS:000790789000006,First principle calculations on pristine and Mn-doped iron fluorophosphates as sodium-ion battery cathode materials,2022,10.1016/j.commatsci.2022.111292,COMPUTATIONAL MATERIALS SCIENCE,WOS:000790789000006,unlabeled_pool,1856
WOS:001542087800003,Design and scaling hybrid hard carbon electrodes to balance energy and power performance in Sodium-ion batteries,2025,10.1016/j.jpowsour.2025.237963,JOURNAL OF POWER SOURCES,WOS:001542087800003,unlabeled_pool,1857
WOS:000615209000001,Carbon Paper as a Promising Free Standing Anode for Sodium Ion Batteries,2020,10.1149/1945-7111/abd1f5,JOURNAL OF THE ELECTROCHEMICAL SOCIETY,WOS:000615209000001,unlabeled_pool,1858
WOS:000457506500010,Production of carbon fibers through Forcespinning® for use as anode materials in sodium ion batteries,2018,10.1016/j.mseb.2018.11.009,MATERIALS SCIENCE AND ENGINEERING B-ADVANCED FUNCTIONAL SOLID-STATE MATERIALS,WOS:000457506500010,unlabeled_pool,1859
WOS:000356989100015,Highly Ordered Three-Dimensional Ni-TiO2 Nanoarrays as Sodium Ion Battery Anodes,2015,10.1021/acs.chemmater.5b00633,CHEMISTRY OF MATERIALS,WOS:000356989100015,unlabeled_pool,1860
WOS:000850013200004,NiP nanoparticles encapsulated in lamellar carbon as high-performance anode materials for sodium-ion batteries,2022,10.1016/j.elecom.2022.107344,ELECTROCHEMISTRY COMMUNICATIONS,WOS:000850013200004,unlabeled_pool,1861
WOS:000460162900026,Unveiling the mechanism of sodium ion storage for needle- shaped ZnxCo3-xO4 nanosticks as anode materials,2019,10.1039/c8nr08868c,NANOSCALE,WOS:000460162900026,unlabeled_pool,1862
WOS:000449521500012,In situ TEM study of the sodiation/desodiation mechanism of MnO2 nanowire with gel-electrolytes,2018,10.1016/j.ensm.2018.03.019,ENERGY STORAGE MATERIALS,WOS:000449521500012,unlabeled_pool,1863
WOS:001487750200001,Transforming CO2 to Porous Carbon as a High-Performing Sodium-Ion Battery Anode via Electrochemical Reduction in Molten Carbonates,2025,10.1021/acssuschemeng.4c10896,ACS SUSTAINABLE CHEMISTRY & ENGINEERING,WOS:001487750200001,unlabeled_pool,1864
WOS:001330786300001,Oxidized Ti3Al(1-x)SnxC2 MAX phases as negative electrode materials for sodium ion batteries,2024,10.1016/j.jpowsour.2024.235543,JOURNAL OF POWER SOURCES,WOS:001330786300001,unlabeled_pool,1865
WOS:000471010900027,"Na2Fe(SO4)2: an anhydrous 3.6 V, low-cost and good-safety cathode for a rechargeable sodium-ion battery",2019,10.1039/c9ta02188d,JOURNAL OF MATERIALS CHEMISTRY A,WOS:000471010900027,unlabeled_pool,1866
WOS:000393979900012,Sodium Titanate/Carbon (Na2Ti3O7/C) Nanofibers via Electrospinning Technique as the Anode of Sodium-ion Batteries,2017,10.1002/cjoc.201600634,CHINESE JOURNAL OF CHEMISTRY,WOS:000393979900012,unlabeled_pool,1867
WOS:000970022800037,Theoretical research of two-dimensional germanether in sodium-ion battery,2022,10.7498/aps.71.20220572,ACTA PHYSICA SINICA,WOS:000970022800037,unlabeled_pool,1868
WOS:000467781000019,Mechanism of Na-Ion Storage in BiOCl Anode and the Sodium-Ion Battery Formation,2019,10.1021/acs.jpcc.9b01807,JOURNAL OF PHYSICAL CHEMISTRY C,WOS:000467781000019,unlabeled_pool,1869
WOS:001033748900001,Diatomite-Templated Synthesis of Single-Atom Cobalt-Doped MoS2/Carbon Composites to Boost Sodium Storage,2023,10.1002/adma.202211690,ADVANCED MATERIALS,WOS:001033748900001,unlabeled_pool,1870
WOS:000652811600002,Biowaste-derived heteroatoms-doped carbon for sustainable sodium-ion storage,2021,10.1016/j.jallcom.2021.159670,JOURNAL OF ALLOYS AND COMPOUNDS,WOS:000652811600002,unlabeled_pool,1871
WOS:001433645800001,Preparation of CoS2/FeS2@NC nanorods served as anode material with high electrochemical performance for sodium-ion battery,2025,10.1016/j.jallcom.2025.178762,JOURNAL OF ALLOYS AND COMPOUNDS,WOS:001433645800001,unlabeled_pool,1872
WOS:000900134500002,NiS2 nanospheres coated by nitrogen-doped carbon for enhanced sodium storage performance,2023,10.1016/j.jallcom.2022.168379,JOURNAL OF ALLOYS AND COMPOUNDS,WOS:000900134500002,unlabeled_pool,1873
WOS:001002220900001,A Stress Self-Adaptive Structure to Suppress the Chemo-mechanical Degradation for High Rate and Ultralong Cycle Life Sodium Ion Batteries,2023,10.1002/anie.202303875,ANGEWANDTE CHEMIE-INTERNATIONAL EDITION,WOS:001002220900001,unlabeled_pool,1874
WOS:000427619400012,Iron diselenide combined with hollow graphitic carbon nanospheres as a high-performance anode material for sodium-ion batteries,2018,10.1016/j.cej.2018.01.118,CHEMICAL ENGINEERING JOURNAL,WOS:000427619400012,unlabeled_pool,1875
WOS:000477961200031,A First-Principles Study of Boron-Doped BC2N Sheet as Potential Anode Material for Li/Na-Ion Batteries,2019,10.1002/celc.201900766,CHEMELECTROCHEM,WOS:000477961200031,unlabeled_pool,1876
WOS:001156452600001,Expanded crystalline planes with strong interfacial Mo-C bonding endow MoSe2/N-doped carbon nanosheets with fast reaction kinetics for sodium-ion batteries,2024,10.1016/j.jssc.2023.124540,JOURNAL OF SOLID STATE CHEMISTRY,WOS:001156452600001,unlabeled_pool,1877
WOS:000707037200055,High performance anode for sodium-ion batteries: Calcium pre-intercalated layered vanadium oxide/carbon composite,2021,10.1016/j.cej.2021.130378,CHEMICAL ENGINEERING JOURNAL,WOS:000707037200055,unlabeled_pool,1878
WOS:000443674100015,A High-Crystalline NaV1.25Ti0.75O4 Anode for Wide-Temperature Sodium-Ion Battery,2018,10.1002/aenm.201801162,ADVANCED ENERGY MATERIALS,WOS:000443674100015,unlabeled_pool,1879
WOS:001130623400001,Synthesis and Characterization of a Cathode Material for Sodium-Ion Batteries Based on a Composite of Sodium Vanadium(III) Phosphate and Expanded Graphite,2023,10.1134/s0020168523060146,INORGANIC MATERIALS,WOS:001130623400001,unlabeled_pool,1880
WOS:000406942800032,LaSn3 as a novel anode material for Na-ion battery,2017,10.1016/j.electacta.2017.05.071,ELECTROCHIMICA ACTA,WOS:000406942800032,unlabeled_pool,1881
WOS:000489684100017,"Crystal Growth, Preparation, Structure and Electrochemical Properties of Alluaudite-type NaMnV2(PO4)3",2019,10.14102/j.cnki.0254-5861.2011-2277,CHINESE JOURNAL OF STRUCTURAL CHEMISTRY,WOS:000489684100017,unlabeled_pool,1882
WOS:000373864100006,Potentiometric Study to Reveal Reaction Entropy Behavior of Biphasic Na1+2xV2(PO4)3 Electrodes,2016,10.5796/electrochemistry.84.234,ELECTROCHEMISTRY,WOS:000373864100006,unlabeled_pool,1883
WOS:000653787200001,Preparation of intergrown P/O-type biphasic layered oxides as high-performance cathodes for sodium ion batteries,2021,10.1039/d1ta00627d,JOURNAL OF MATERIALS CHEMISTRY A,WOS:000653787200001,unlabeled_pool,1884
WOS:000766070700006,"Electronic transport properties of NASICON structured NaFe2(PO4)(SO4)2: A potential cathode material for Na-ion batteries, synthesized using ultrasound-assisted, indirect microwave heating technique",2022,10.1016/j.matlet.2022.131763,MATERIALS LETTERS,WOS:000766070700006,unlabeled_pool,1885
WOS:000461400400031,Improved Rate and Cycling Performances of Electrodes Based on BiFeO3 Nanoflakes by Compositing with Organic Pectin for Advanced Rechargeable Na-Ion Batteries,2018,10.1021/acsanm.8b00011,ACS APPLIED NANO MATERIALS,WOS:000461400400031,unlabeled_pool,1886
WOS:000465365900001,High-performance Ti-doped O3-type Na[Tix(Ni0.6Co0.2Mn0.2) 1-x]O2 cathodes for practical sodium-ion batteries,2019,10.1016/j.jpowsour.2019.03.031,JOURNAL OF POWER SOURCES,WOS:000465365900001,unlabeled_pool,1887
WOS:001570573900001,Unlocking Coupled of Electron/Ion Transport for Superior Electrochemical Performance in Hybrid Phosphate Cathodes of Sodium Ion Batteries,2025,10.1002/adfm.202518331,ADVANCED FUNCTIONAL MATERIALS,WOS:001570573900001,unlabeled_pool,1888
WOS:000778632900004,Ultrathin CuSe nanosheets as the anode for sodium ion battery with high rate performance and long cycle life,2022,10.1016/j.electacta.2021.139703,ELECTROCHIMICA ACTA,WOS:000778632900004,unlabeled_pool,1889
WOS:001309486300001,Synthesis of a Sodium-Ion Cathode Material Na3Fe2(SO4)3F with the Help of Fluorine Element,2024,10.1021/acsami.4c09115,ACS APPLIED MATERIALS & INTERFACES,WOS:001309486300001,unlabeled_pool,1890
WOS:000562900700002,Hollow bismuth ferrite combined graphene as advanced anode material for sodium-ion batteries,2020,10.1016/j.pnsc.2020.01.016,PROGRESS IN NATURAL SCIENCE-MATERIALS INTERNATIONAL,WOS:000562900700002,unlabeled_pool,1891
WOS:000582482700007,Extended low-voltage plateau capacity of hard carbon spheres anode for sodium ion batteries,2020,10.1016/j.jpowsour.2020.228550,JOURNAL OF POWER SOURCES,WOS:000582482700007,unlabeled_pool,1892
WOS:000480670200025,2D layered Sb2Se3-based amorphous composite for high-performance Li- and Na-ion battery anodes,2019,10.1016/j.jpowsour.2019.05.047,JOURNAL OF POWER SOURCES,WOS:000480670200025,unlabeled_pool,1893
WOS:000893577500001,High capacity and fast Na+ transport in the SbPS4 material by Bi3+ substitution for sodium-ion batteries,2022,10.1039/d2qi01899c,INORGANIC CHEMISTRY FRONTIERS,WOS:000893577500001,unlabeled_pool,1894
WOS:001399768700001,Flash rapid synthesis of Na3V2(PO4)3 featured with a nanocrystal/ amorphous phase mingled texture for high-rate sodium storage,2025,10.1016/j.est.2025.115378,JOURNAL OF ENERGY STORAGE,WOS:001399768700001,unlabeled_pool,1895
WOS:001161534100001,Enhancing the performance of NaVPO4F cathode materials for sodium-ion batteries through graphite incorporation and polyethylene glycol 6000 modification,2024,10.1039/d3nj05803d,NEW JOURNAL OF CHEMISTRY,WOS:001161534100001,unlabeled_pool,1896
WOS:001247013400001,Site-selective Mg-doping regulated charge storage in NaFe2PO4(SO4)2 for high energy sodium-ion batteries,2024,10.1016/j.cej.2024.152485,CHEMICAL ENGINEERING JOURNAL,WOS:001247013400001,unlabeled_pool,1897
WOS:000615986400011,A new calcium metal organic frameworks (Ca-MOF) for sodium ion batteries,2021,10.1016/j.matlet.2020.129264,MATERIALS LETTERS,WOS:000615986400011,unlabeled_pool,1898
WOS:001612826400002,Boosting the electrochemical performance of P2-type Mn-based cathode for SIBs by Fe-doping,2025,10.1016/j.est.2025.118081,JOURNAL OF ENERGY STORAGE,WOS:001612826400002,unlabeled_pool,1899
WOS:000854558900005,Cobalt coordination modified double-schiff-base with low solubility as a long-cycle life anode for sodium-ion batteries,2022,10.1016/j.pnsc.2022.07.003,PROGRESS IN NATURAL SCIENCE-MATERIALS INTERNATIONAL,WOS:000854558900005,unlabeled_pool,1900
WOS:000767807000001,Benefits of vanadium doping in Na3MnTi(PO4)3/C as a potential candidate for sodium-ion batteries,2022,10.1016/j.matchemphys.2022.125938,MATERIALS CHEMISTRY AND PHYSICS,WOS:000767807000001,unlabeled_pool,1901
WOS:000593863900001,Insights into the high voltage layered oxide cathode materials in sodium-ion batteries: Structural evolution and anion redox,2021,10.1016/j.jpowsour.2020.229139,JOURNAL OF POWER SOURCES,WOS:000593863900001,unlabeled_pool,1902
WOS:000944181500001,Design of Rubik's cube-like hollow bimetallic sulfide nanocomposite for high-energy battery application,2023,10.1016/j.jpowsour.2023.232846,JOURNAL OF POWER SOURCES,WOS:000944181500001,unlabeled_pool,1903
WOS:000369340700004,Carbon- and Binder-Free NiCo2O4 Nanoneedle Array Electrode for Sodium-Ion Batteries: Electrochemical Performance and Insight into Sodium Storage Reaction,2016,10.1186/s11671-016-1271-6,NANOSCALE RESEARCH LETTERS,WOS:000369340700004,unlabeled_pool,1904
WOS:000751884800022,Improving the Comprehensive Performance of Na0.7MnO2 for Sodium Ion Batteries by ZrO2 Atomic Layer Deposition,2021,10.1021/acsami.1c13543,ACS APPLIED MATERIALS & INTERFACES,WOS:000751884800022,unlabeled_pool,1905
WOS:001283347400001,A dual aliovalent ion doped NASICON ceramic filler embedded in the PEO-NaTFSI polymer matrix for high-performance solid-state sodium-ion batteries,2024,10.1039/d4ta03680h,JOURNAL OF MATERIALS CHEMISTRY A,WOS:001283347400001,unlabeled_pool,1906
WOS:000407860600024,Hierarchical Sb-Ni nanoarrays as robust binder-free anodes for high-performance sodium-ion half and full cells,2017,10.1007/s12274-017-1536-0,NANO RESEARCH,WOS:000407860600024,unlabeled_pool,1907
WOS:000529905300037,"Sodium diffusion and redox properties of alluaudite Na2+2xM2-x(MoO4)3</s ub>(M = Fe, Co, Ni) from DFT+U study",2020,10.1016/j.mtcomm.2019.100825,MATERIALS TODAY COMMUNICATIONS,WOS:000529905300037,unlabeled_pool,1908
WOS:000444780500004,Mesoporous Silicon Microspheres Produced from In Situ Magnesiothermic Reduction of Silicon Oxide for High-Performance Anode Material in Sodium-Ion Batteries,2018,10.1186/s11671-018-2699-7,NANOSCALE RESEARCH LETTERS,WOS:000444780500004,unlabeled_pool,1909
WOS:001439525800001,Efficient synthesis of NFPP sodium-ion battery cathode materials via a bimetallic iron source synergistic framework strategy,2025,10.1016/j.est.2024.114976,JOURNAL OF ENERGY STORAGE,WOS:001439525800001,unlabeled_pool,1910
WOS:000862171100001,Towards an atomistic understanding of hard carbon electrode materials and sodium behaviors,2022,10.1016/j.diamond.2022.109355,DIAMOND AND RELATED MATERIALS,WOS:000862171100001,unlabeled_pool,1911
WOS:001415049300001,Ion-Exchange Synthesis of Low-Water Prussian Blue Analogs for Enhanced Sodium Storage,2025,10.1002/eom2.70000,ECOMAT,WOS:001415049300001,unlabeled_pool,1912
WOS:001458798500001,Flexible free-standing anodes of cobalt and carbon dot-coated porous carbon nanofibers for enhanced sodium-ion battery performance,2025,10.1016/j.est.2025.116270,JOURNAL OF ENERGY STORAGE,WOS:001458798500001,unlabeled_pool,1913
WOS:000404604300040,Excellent Cycling Stability and Superior Rate Capability of Na3V2(PO4)3 Cathodes Enabled by Nitrogen-Doped Carbon Interpenetration for Sodium-Ion Batteries,2017,10.1002/celc.201700053,CHEMELECTROCHEM,WOS:000404604300040,unlabeled_pool,1914
WOS:000373635200042,Synthesis and Electrochemical Performance of the Na3V2(PO4)3 Cathode for Sodium-Ion Batteries,2016,10.1007/s11664-016-4425-5,JOURNAL OF ELECTRONIC MATERIALS,WOS:000373635200042,unlabeled_pool,1915
WOS:000707790300001,Environmental Impacts of Aqueous Zinc Ion Batteries Based on Life Cycle Assessment,2022,10.1002/adsu.202100308,ADVANCED SUSTAINABLE SYSTEMS,WOS:000707790300001,unlabeled_pool,1916
WOS:000671795300006,Hydrothermal Synthesis and Electrochemical Properties of Na3V2(PO4)2O2F Cathode for Sodium-Ion Batteries,2021,10.11862/cjic.2021.141,CHINESE JOURNAL OF INORGANIC CHEMISTRY,WOS:000671795300006,unlabeled_pool,1917
WOS:000352586300001,Ti-substituted tunnel-type Na0.44MnO2 oxide as a negative electrode for aqueous sodium-ion batteries,2015,10.1038/ncomms7401,NATURE COMMUNICATIONS,WOS:000352586300001,unlabeled_pool,1918
WOS:000389166400070,Composite of nonexpansion reduced graphite oxide and carbon derived from pitch as anodes of Na-ion batteries with high coulombic efficiency,2017,10.1016/j.cej.2016.10.074,CHEMICAL ENGINEERING JOURNAL,WOS:000389166400070,unlabeled_pool,1919
WOS:000351963900069,Mg-doping for improved long-term cyclability of layered Na-ion cathode materials - The example of P2-type NaxMg0.11Mn0.89O2,2015,10.1016/j.jpowsour.2015.02.069,JOURNAL OF POWER SOURCES,WOS:000351963900069,unlabeled_pool,1920
WOS:001135330900001,A 3.5 V-class organic sodium-ion battery using a croconate cathode,2024,10.1016/j.cej.2023.147760,CHEMICAL ENGINEERING JOURNAL,WOS:001135330900001,unlabeled_pool,1921
WOS:000727245900001,3D Carbiyne Nanospheres Boosting Excellent Lithium and Sodium Storage Performance,2022,10.1002/smll.202106328,SMALL,WOS:000727245900001,unlabeled_pool,1922
WOS:000501468400063,Morphology-dependent electrochemical performance of MnO2 nanostructures on graphene towards efficient capacitive deionization,2020,10.1016/j.electacta.2019.135202,ELECTROCHIMICA ACTA,WOS:000501468400063,unlabeled_pool,1923
WOS:000645436800126,Hierarchically Designed Nitrogen-Doped MoS2/Silicon Oxycarbide Nanoscale Heterostructure as High-Performance Sodium-Ion Battery Anode,2021,10.1021/acsnano.1c00797,ACS NANO,WOS:000645436800126,unlabeled_pool,1924
WOS:000595859500014,High rate capability of S-doped ordered mesoporous carbon materials with directional arrangement of carbon layers and large d-spacing for sodium-ion battery,2021,10.1016/j.electacta.2020.137466,ELECTROCHIMICA ACTA,WOS:000595859500014,unlabeled_pool,1925
WOS:000459642200030,Modulating the Interlayer Spacing and Na+/Vacancy Disordering of P2-Na0.67MnO2 for Fast Diffusion and High-Rate Sodium Storage,2019,10.1021/acsami.8b19134,ACS APPLIED MATERIALS & INTERFACES,WOS:000459642200030,unlabeled_pool,1926
WOS:000446191100002,Graphene oxide supported tin dioxide: synthetic approaches and electrochemical characterization as anodes for lithium- and sodium-ion batteries,2018,10.1007/s11172-018-2194-4,RUSSIAN CHEMICAL BULLETIN,WOS:000446191100002,unlabeled_pool,1927
WOS:000976963800003,Fabrication of nano-solid spherical Nb2O5/nitrogen-doped carbon composite for high-performance sodium-ion battery anodes,2023,10.1007/s10008-023-05515-9,JOURNAL OF SOLID STATE ELECTROCHEMISTRY,WOS:000976963800003,unlabeled_pool,1928
WOS:000670646600042,High-Performance Aqueous Sodium-Ion Battery Based on Graphene-Doped Na2MnFe(CN)6-Zinc with a Highly Stable Discharge Platform and Wide Electrochemical Stability,2021,10.1021/acs.energyfuels.1c01095,ENERGY & FUELS,WOS:000670646600042,unlabeled_pool,1929
WOS:001344788300001,Cell-Shearing Chemistry Directed Closed-Pore Regeneration in Biomass-Derived Hard Carbons for Ultrafast Sodium Storage,2025,10.1002/adma.202412989,ADVANCED MATERIALS,WOS:001344788300001,unlabeled_pool,1930
WOS:001215941600001,"Wide temperature enhanced sodium storage in tailored, sustainable sodiophilic biphasic N-doped carbon",2024,10.1016/j.mtchem.2024.101978,MATERIALS TODAY CHEMISTRY,WOS:001215941600001,unlabeled_pool,1931
WOS:000476754500017,Hierarchical Hollow Prussian Blue Rods Synthesized via Self-Sacrifice Template as Cathode for High Performance Sodium Ion Battery,2019,10.1002/smtd.201800259,SMALL METHODS,WOS:000476754500017,unlabeled_pool,1932
WOS:000388429600027,Amorphous Fe2O3/Graphene Composite Nanosheets with Enhanced Electrochemical Performance for Sodium-Ion Battery,2016,10.1021/acsami.6b09444,ACS APPLIED MATERIALS & INTERFACES,WOS:000388429600027,unlabeled_pool,1933
WOS:000728391400001,3D porous Fluorine-Doped NaTi2(PO4)3@C as High-Performance Sodium-Ion battery anode with broad temperature adaptability,2022,10.1016/j.cej.2021.132710,CHEMICAL ENGINEERING JOURNAL,WOS:000728391400001,unlabeled_pool,1934
WOS:001281428300001,Recent advances of in-situ spectroscopic analysis for cathode materials of sodium-ion batteries,2024,10.1016/j.est.2024.112734,JOURNAL OF ENERGY STORAGE,WOS:001281428300001,unlabeled_pool,1935
WOS:000362351700021,"Eldfellite, NaFe(SO4)2: an intercalation cathode host for low-cost Na-ion batteries",2015,10.1039/c5ee02274f,ENERGY & ENVIRONMENTAL SCIENCE,WOS:000362351700021,unlabeled_pool,1936
WOS:000509632300019,Surface passivation of NaxFe[Fe(CN)6] cathode to improve its electrochemical kinetics and stability in sodium-ion batteries,2020,10.1016/j.jpowsour.2019.227421,JOURNAL OF POWER SOURCES,WOS:000509632300019,unlabeled_pool,1937
WOS:000505632500011,"Enhanced Structural, Electrochemical, and Electrode Kinetic Properties of Na0.5Ni0.2Mg0.1Mn0.7O2< /sub> Material for Sodium-Ion Battery Applications",2019,10.1021/acs.iecr.9b05534,INDUSTRIAL & ENGINEERING CHEMISTRY RESEARCH,WOS:000505632500011,unlabeled_pool,1938
WOS:001304552900001,Two-dimensional Cu2N-A high-performance anode material for ion batteries with excellent electrical conductivity and electrolyte wettability,2025,10.1016/j.physe.2024.116091,PHYSICA E-LOW-DIMENSIONAL SYSTEMS & NANOSTRUCTURES,WOS:001304552900001,unlabeled_pool,1939
WOS:000534693200001,Bimetallic Sulfide/Sulfur Doped T3C2Tx MXene Nanocomposites as High-performance Anode Materials for Sodium-ion Batteries,2020,10.1007/s40242-020-0120-4,CHEMICAL RESEARCH IN CHINESE UNIVERSITIES,WOS:000534693200001,unlabeled_pool,1940
WOS:000655645800004,Architecture of NaFe(MoO4)2 as a novel anode material for rechargeable lithium and sodium ion batteries,2021,10.1016/j.apsusc.2021.149903,APPLIED SURFACE SCIENCE,WOS:000655645800004,unlabeled_pool,1941
WOS:001124994800001,Synergistic engineering of amorphous network and oxygen vacancies in vanadium oxides for enhanced sodium-ion storage,2024,10.1016/j.cej.2023.147597,CHEMICAL ENGINEERING JOURNAL,WOS:001124994800001,unlabeled_pool,1942
WOS:001258130600001,Olivine NaMn0.66Fe0.34PO4 as a Cathode Material for Advanced Sodium Ion Batteries,2024,10.1002/batt.202400214,BATTERIES & SUPERCAPS,WOS:001258130600001,unlabeled_pool,1943
WOS:001302922000001,Synergistic effect of in-situ carbon-coated mixed phase iron oxides and 3d electrode architectures as anodes for high-performance sodium-ion batteries,2024,10.1016/j.electacta.2024.144952,ELECTROCHIMICA ACTA,WOS:001302922000001,unlabeled_pool,1944
WOS:000415140800027,Ultrasmall MnO Nanoparticles Supported on Nitrogen-Doped Carbon Nanotubes as Efficient Anode Materials for Sodium Ion Batteries,2017,10.1021/acsami.7b09559,ACS APPLIED MATERIALS & INTERFACES,WOS:000415140800027,unlabeled_pool,1945
WOS:000441077900157,Enhanced electrochemical performance of carbon and aluminum oxide co-coated Na3V2(PO4)2F3 cathode material for sodium ion batteries,2018,10.1016/j.electacta.2018.07.123,ELECTROCHIMICA ACTA,WOS:000441077900157,unlabeled_pool,1946
WOS:000918042400001,Bowl-shaped carbon loaded Co9S8 nanoparticles connected by carbon nanotubes with excellent rate performance for sodium-ion batteries,2023,10.1016/j.electacta.2022.141804,ELECTROCHIMICA ACTA,WOS:000918042400001,unlabeled_pool,1947
WOS:000592547800008,Molybdenum disulfide synthesized by molybdenum-based metal organic framework with high activity for sodium ion battery,2021,10.1016/j.electacta.2020.137353,ELECTROCHIMICA ACTA,WOS:000592547800008,unlabeled_pool,1948
WOS:001165279300001,An impact of sea sponge-derived hard carbon with the symbiosis of sodium ion battery and biomedical applications,2024,10.1016/j.jtice.2023.105083,JOURNAL OF THE TAIWAN INSTITUTE OF CHEMICAL ENGINEERS,WOS:001165279300001,unlabeled_pool,1949
WOS:000655749500005,Quantum dot heterostructure with directional charge transfer channels for high sodium storage,2021,10.1016/j.ensm.2021.04.039,ENERGY STORAGE MATERIALS,WOS:000655749500005,unlabeled_pool,1950
WOS:000663793400002,Regulating the chemical bond of carbon cloth for growing uniform Sb2O5 as high-performance sodium ion batteries anode,2021,10.1016/j.jelechem.2021.115275,JOURNAL OF ELECTROANALYTICAL CHEMISTRY,WOS:000663793400002,unlabeled_pool,1951
WOS:001002200700001,Enabling Ti2C MXene on carbon cloth as binder-free anode for distinguished lithium-ion and sodium-ion storage,2023,10.1016/j.jpowsour.2023.233144,JOURNAL OF POWER SOURCES,WOS:001002200700001,unlabeled_pool,1952
WOS:000365530700026,An unexpected large capacity of ultrafine manganese oxide as a sodium-ion battery anode,2015,10.1039/c5nr07100c,NANOSCALE,WOS:000365530700026,unlabeled_pool,1953
WOS:000574478000001,Hard Carbon Composite Electrodes for Sodium-Ion Batteries with Nano-Zeolite and Carbon Black Additives,2021,10.1002/batt.202000161,BATTERIES & SUPERCAPS,WOS:000574478000001,unlabeled_pool,1954
WOS:000414913700008,TiO2@C nanosheets with highly exposed (001) facets as a high-capacity anode for Na-ion batteries,2018,10.1016/j.cej.2017.09.044,CHEMICAL ENGINEERING JOURNAL,WOS:000414913700008,unlabeled_pool,1955
WOS:000647928800001,Insights into the sodiation mechanism of hard carbon-like materials from electrochemical impedance spectroscopy,2021,10.1039/d1cp00610j,PHYSICAL CHEMISTRY CHEMICAL PHYSICS,WOS:000647928800001,unlabeled_pool,1956
WOS:000479007900135,Nano Hard Carbon Anodes for Sodium-Ion Batteries,2019,10.3390/nano9050793,NANOMATERIALS,WOS:000479007900135,unlabeled_pool,1957
WOS:000572637300003,Synthesis and electrochemical performance of V2O5/NaV6O15 nanocomposites as cathode materials for sodium-ion batteries,2020,10.1016/s1003-6326(20)65372-9,TRANSACTIONS OF NONFERROUS METALS SOCIETY OF CHINA,WOS:000572637300003,unlabeled_pool,1958
WOS:000390083200014,Flash-induced reduced graphene oxide as a Sn anode host for high performance sodium ion batteries,2016,10.1039/c6ta07582g,JOURNAL OF MATERIALS CHEMISTRY A,WOS:000390083200014,unlabeled_pool,1959
WOS:000876814100001,Sandwich-like Na2Ti3O7 Nanosheet/Ti3C2 MXene Composite for High-Performance Lithium/Sodium-Ion Batteries,2022,10.1021/acs.jpcc.2c05670,JOURNAL OF PHYSICAL CHEMISTRY C,WOS:000876814100001,unlabeled_pool,1960
WOS:001230634200001,Preparation of nanodiamonds modified hard carbon with uniform spherical feature for improving sodium-ion storage performances,2024,10.1016/j.ssi.2024.116546,SOLID STATE IONICS,WOS:001230634200001,unlabeled_pool,1961
WOS:000510947000025,Facilely fabricating FeSe nanoparticles embedded in N-doped carbon towards promoting sodium storage behaviors,2020,10.1016/j.jpowsour.2019.227517,JOURNAL OF POWER SOURCES,WOS:000510947000025,unlabeled_pool,1962
WOS:001587081500008,Layered-to-rocksalt atomic reconfiguration on O3-type cathodes surface for high-energy and durable sodium-ion batteries,2025,10.1016/j.mattod.2025.08.013,MATERIALS TODAY,WOS:001587081500008,unlabeled_pool,1963
WOS:000500386400015,"Facile construction of flower-like MoO2@N, P co-doped carbon on carbon cloth as self-standing anode for high-performance sodium ion battery",2019,10.1016/j.jelechem.2019.113510,JOURNAL OF ELECTROANALYTICAL CHEMISTRY,WOS:000500386400015,unlabeled_pool,1964
WOS:000451496000028,Understanding the Electrochemical Compatibility and Reaction Mechanism on Na Metal and Hard Carbon Anodes of PC-Based Electrolytes for Sodium-Ion Batteries,2018,10.1021/acsami.8b13236,ACS APPLIED MATERIALS & INTERFACES,WOS:000451496000028,unlabeled_pool,1965
WOS:001196558700001,Electrochemical Behavior of the Biomass Hard Carbon Derived from Waste Corncob as a Sodium-Ion Battery Anode,2024,10.1021/acs.energyfuels.4c00564,ENERGY & FUELS,WOS:001196558700001,unlabeled_pool,1966
WOS:000760910700001,Realizing an aqueous sodium-ion battery with a super-high discharge voltage based on a novel FeSe2@rGO anode,2022,10.1039/d1qi01567b,INORGANIC CHEMISTRY FRONTIERS,WOS:000760910700001,unlabeled_pool,1967
WOS:000442731100012,Fluorophosphates from Solid-State Synthesis and Electrochemical Ion Exchange: NaVPO4F or Na3V2(PO4)2F3?,2018,10.1002/aenm.201801064,ADVANCED ENERGY MATERIALS,WOS:000442731100012,unlabeled_pool,1968
WOS:000504405000001,(110)-Bridged nanoblocks self-assembled VS4 hollow microspheres as sodium-ion battery anode with superior rate capability and long cycling life,2020,10.1016/j.cej.2019.123385,CHEMICAL ENGINEERING JOURNAL,WOS:000504405000001,unlabeled_pool,1969
WOS:000548646700024,A simple synthesized N-doped FeS2/Fe3O4@C nanocomposite as anode for sodium ion batteries,2020,10.1016/j.matlet.2020.128109,MATERIALS LETTERS,WOS:000548646700024,unlabeled_pool,1970
WOS:000401966900003,Facile preparation of carbon wrapped copper telluride nanowires as high performance anodes for sodium and lithium ion batteries,2017,10.1088/1361-6528/aa5b62,NANOTECHNOLOGY,WOS:000401966900003,unlabeled_pool,1971
WOS:001242654500001,Real-time measurement of sodiation induced stress in hard carbon composite electrodes,2024,10.1016/j.jpowsour.2024.234678,JOURNAL OF POWER SOURCES,WOS:001242654500001,unlabeled_pool,1972
WOS:001543221000001,"A ZnSe/Bi2Se3 heterostructure as a sodium-ion battery anode displaying fast reaction kinetics, high capacity, and good full-cell performance",2025,10.1039/d5cc03607k,CHEMICAL COMMUNICATIONS,WOS:001543221000001,unlabeled_pool,1973
WOS:001043878200001,Evaluation of Sn0.9Fe0.1O2-d as Potential Anode Material for Sodium-Ion Batteries,2023,10.1002/batt.202300281,BATTERIES & SUPERCAPS,WOS:001043878200001,unlabeled_pool,1974
WOS:000372946600044,Building Self-Healing Alloy Architecture for Stable Sodium-Ion Battery Anodes: A Case Study of Tin Anode Materials,2016,10.1021/acsami.6b00641,ACS APPLIED MATERIALS & INTERFACES,WOS:000372946600044,unlabeled_pool,1975
WOS:000545975600030,Rational Design of Hierarchical SnS2 Microspheres with S Vacancy for Enhanced Sodium Storage Performance,2020,10.1021/acssuschemeng.0c02535,ACS SUSTAINABLE CHEMISTRY & ENGINEERING,WOS:000545975600030,unlabeled_pool,1976
WOS:000419082000029,Microsphere Na0.65[Ni0.17Co0.11Mn0.72]O< sub>2 Cathode Material for High-Performance Sodium-Ion Batteries,2017,10.1021/acsami.7b15267,ACS APPLIED MATERIALS & INTERFACES,WOS:000419082000029,unlabeled_pool,1977
WOS:000460174000016,A new Tin-based O3-Na0.9[Ni0.45-x/2MnxSn< sub>0.55-x/2]O2 as sodium-ion battery cathode,2019,10.1016/j.jechem.2018.05.019,JOURNAL OF ENERGY CHEMISTRY,WOS:000460174000016,unlabeled_pool,1978
WOS:000398764100039,Nature-Inspired Na2Ti3O7 Nanosheets-Formed Three-Dimensional Microflowers Architecture as a High-Performance Anode Material for Rechargeable Sodium-Ion Batteries,2017,10.1021/acsami.7b01519,ACS APPLIED MATERIALS & INTERFACES,WOS:000398764100039,unlabeled_pool,1979
WOS:001534065700001,Evaluation of Ti3C2Tx MXene-supported germanium sulfide as sodium-ion battery anodes: A comparison with reduced graphene oxide supports,2025,10.1016/j.jcis.2025.138334,JOURNAL OF COLLOID AND INTERFACE SCIENCE,WOS:001534065700001,unlabeled_pool,1980
WOS:000557762800103,Biomimetic Sn4P3 Anchored on Carbon Nanotubes as an Anode for High-Performance Sodium-Ion Batteries,2020,10.1021/acsnano.0c03432,ACS NANO,WOS:000557762800103,unlabeled_pool,1981
WOS:001529381400001,Sodium Storage Performance of Antimony Electrodes Synergistically Enhanced by Three-dimensional Porous Structure and Alloying with Indium,2025,10.7503/cjcu20250034,CHEMICAL JOURNAL OF CHINESE UNIVERSITIES-CHINESE,WOS:001529381400001,unlabeled_pool,1982
WOS:001479832200001,Stabilization strategies for bismuth-based anodes in sodium-ion batteries: From nanoscale engineering to carbon hybridization,2025,10.1016/j.compositesb.2025.112538,COMPOSITES PART B-ENGINEERING,WOS:001479832200001,unlabeled_pool,1983
WOS:000598290900001,Lithium-Substituted Tunnel/Spinel Heterostructured Cathode Material for High-Performance Sodium-Ion Batteries,2021,10.1002/adfm.202008569,ADVANCED FUNCTIONAL MATERIALS,WOS:000598290900001,unlabeled_pool,1984
WOS:000526301400098,Boosting Sodium Storage in Two-Dimensional Phosphorene/Ti3C2Tx MXene Nanoarchitectures with Stable Fluorinated Interphase,2020,10.1021/acsnano.0c00177,ACS NANO,WOS:000526301400098,unlabeled_pool,1985
WOS:001135828800001,Construction of FeSbO4-Sb2O4 hetero-nanocrystals anchored on reduced graphene oxide sheets for superior lithium and sodium storage,2024,10.1016/j.apsusc.2023.159077,APPLIED SURFACE SCIENCE,WOS:001135828800001,unlabeled_pool,1986
WOS:001302260600001,Pitch-based carbon anode for high-energy and long-life sodium-ion battery,2024,10.1016/j.electacta.2024.144956,ELECTROCHIMICA ACTA,WOS:001302260600001,unlabeled_pool,1987
WOS:001462672900001,Green Synthesis of Cu3P to Achieve Low-Temperature and High Initial Coulombic Efficiency Sodium Ion Storage,2025,10.1002/aenm.202500723,ADVANCED ENERGY MATERIALS,WOS:001462672900001,unlabeled_pool,1988
WOS:001567613300001,Sb nanoparticles supported on sugarcane bagasse-derived hard carbon as sodium-ion battery anode,2025,10.1016/j.diamond.2025.112804,DIAMOND AND RELATED MATERIALS,WOS:001567613300001,unlabeled_pool,1989
WOS:000544485000001,Porous quasi-graphitic carbon sheets for unprecedented sodium storage,2020,10.1039/d0qi00325e,INORGANIC CHEMISTRY FRONTIERS,WOS:000544485000001,unlabeled_pool,1990
WOS:000456432200052,Improvement of electrochemical properties of P2-type Na2/3Mn2/3Ni1/3O2 sodium ion battery cathode material by water-soluble binders,2019,10.1016/j.electacta.2018.12.089,ELECTROCHIMICA ACTA,WOS:000456432200052,unlabeled_pool,1991
WOS:000362409800058,Ball-milled FeP/graphite as a low-cost anode material for the sodium-ion battery,2015,10.1039/c5ra18314f,RSC ADVANCES,WOS:000362409800058,unlabeled_pool,1992
WOS:000430460200016,Moving to Aqueous Binder: A Valid Approach to Achieving High-Rate Capability and Long-Term Durability for Sodium-Ion Battery,2018,10.1002/advs.201700768,ADVANCED SCIENCE,WOS:000430460200016,unlabeled_pool,1993
WOS:001157376000001,Pyridine-regulated Sb@InSbS3 ultrafine nanoplates as high-capacity and long-cycle anodes for sodium-ion batteries,2024,10.1007/s12598-023-02582-9,RARE METALS,WOS:001157376000001,unlabeled_pool,1994
WOS:001409905000001,Porous core-shell structured nitrogen doped carbon coated Cu2SnSe4 nanorod for improved sodium ion battery anode,2025,10.1016/j.vacuum.2025.114059,VACUUM,WOS:001409905000001,unlabeled_pool,1995
WOS:000401202200033,Bismuth nano-spheres encapsulated in porous carbon network for robust and fast sodium storage,2017,10.1016/j.cej.2017.03.054,CHEMICAL ENGINEERING JOURNAL,WOS:000401202200033,unlabeled_pool,1996
WOS:000413011100060,Synthesis and characterization of D-glucose derived nanospheric hard carbon negative electrodes for lithium- and sodium-ion batteries,2017,10.1016/j.electacta.2017.09.094,ELECTROCHIMICA ACTA,WOS:000413011100060,unlabeled_pool,1997
WOS:000423968600078,Multi-layer graphene assembled fibers with porous structure as anode materials for highly reversible lithium and sodium storage,2018,10.1016/j.electacta.2017.11.039,ELECTROCHIMICA ACTA,WOS:000423968600078,unlabeled_pool,1998
WOS:001049586500001,Constructing long-cycling crystalline C3N4-based carbonaceous anodes for sodium-ion battery via N configuration control,2024,10.1002/cey2.388,CARBON ENERGY,WOS:001049586500001,unlabeled_pool,1999
WOS:000813077200001,Pomegranate-Inspired Nitrogen-Doped Carbon-Coated Bimetallic Sulfides as a High-Performance Anode of Sodium-Ion Batteries and Their Structural Evolution Analysis,2022,10.1021/acsaem.1c03810,ACS APPLIED ENERGY MATERIALS,WOS:000813077200001,unlabeled_pool,2000
WOS:000449481200032,MOF-assisted three-dimensional TiO2@C core/shell nanobelt arrays as superior sodium ion battery anodes,2018,10.1016/j.jallcom.2018.07.366,JOURNAL OF ALLOYS AND COMPOUNDS,WOS:000449481200032,unlabeled_pool,2001
WOS:001508365000025,Enhancement mechanism of functionally sulfur-doped Ti3C2Tx-confined antimony anode in high-performance sodium-ion batteries,2025,10.1016/j.jcis.2025.138063,JOURNAL OF COLLOID AND INTERFACE SCIENCE,WOS:001508365000025,unlabeled_pool,2002
WOS:000751884800040,Minimal TiO2 Coupled with Conductive Polymer-Stimulated Synergistic Effect on Fast and Reversible Sodium-Ion Storage for Bismuth Sulfide,2021,10.1021/acsami.1c16316,ACS APPLIED MATERIALS & INTERFACES,WOS:000751884800040,unlabeled_pool,2003
WOS:000483434700055,A High-Voltage and Cycle Stable Aqueous Rechargeable Na-Ion Battery Based on Na2Zn3[Fe(CN)6]2 NaTi2(PO4)3 Intercalation Chemistry,2019,10.1021/acsaem.9b00935,ACS APPLIED ENERGY MATERIALS,WOS:000483434700055,unlabeled_pool,2004
WOS:000504828100004,A high-performance layered Cr-Based cathode for sodium-ion batteries,2020,10.1016/j.nanoen.2019.104215,NANO ENERGY,WOS:000504828100004,unlabeled_pool,2005
WOS:001379971600001,Toward High-Energy and Long-Cycle-Life Prussian Blue-Based Aqueous Sodium-Ion Batteries,2024,10.1021/acsanm.4c06180,ACS APPLIED NANO MATERIALS,WOS:001379971600001,unlabeled_pool,2006
WOS:000613637800022,Sheet-to-layer structure of SnSe2/MXene composite materials for advanced sodium ion battery anodes,2021,10.1039/d0nj04788k,NEW JOURNAL OF CHEMISTRY,WOS:000613637800022,unlabeled_pool,2007
WOS:001481564600001,SnO2/SnVA/Cu-Sn Nanocomposites with a Hierarchical Porous Structure as Integrated Electrodes for Sodium-Ion Batteries,2025,10.1021/acsanm.5c01135,ACS APPLIED NANO MATERIALS,WOS:001481564600001,unlabeled_pool,2008
WOS:001142854800001,Hydrothermal synthesis of polyimide-linked covalent organic frameworks towards ultrafast and stable cathodic sodium storage,2024,10.1007/s11426-023-1853-x,SCIENCE CHINA-CHEMISTRY,WOS:001142854800001,unlabeled_pool,2009
WOS:000450016100047,Facile preparation of robust porous MoS2/C nanosheet networks as anode material for sodium ion batteries,2019,10.1007/s10853-018-2991-z,JOURNAL OF MATERIALS SCIENCE,WOS:000450016100047,unlabeled_pool,2010
WOS:000432225900005,Nano Co3O4 as Anode Material for Li-Ion and Na-Ion Batteries: An Insight into Surface Morphology,2018,10.1002/slct.201702197,CHEMISTRYSELECT,WOS:000432225900005,unlabeled_pool,2011
WOS:001174869300002,Superior electrochemical properties of Na3V2(PO4)2F3/rGO composite cathode for high-performance sodium-ion batteries,2024,10.1007/s10008-024-05836-3,JOURNAL OF SOLID STATE ELECTROCHEMISTRY,WOS:001174869300002,unlabeled_pool,2012
WOS:001160738200001,Microporous Sulfur-Carbon Materials with Extended Sodium Storage Window,2024,10.1002/advs.202310196,ADVANCED SCIENCE,WOS:001160738200001,unlabeled_pool,2013
WOS:001144660500001,Effect of particle dispersion on electrochemical performance of Prussian blue analogues electrode materials for sodium ion batteries,2024,10.1002/cphc.202300960,CHEMPHYSCHEM,WOS:001144660500001,unlabeled_pool,2014
WOS:000609014100001,Metallic B2C monolayer as a promising anode material for Li/Na ion storage,2021,10.1016/j.cej.2020.126812,CHEMICAL ENGINEERING JOURNAL,WOS:000609014100001,unlabeled_pool,2015
WOS:000856213500001,Constructing Robust Solid Electrolyte Interface via ZrO2 Coating Layer for Hard Carbon Anode in Sodium-Ion Batteries,2022,10.3390/batteries8090115,BATTERIES-BASEL,WOS:000856213500001,unlabeled_pool,2016
WOS:000342328300028,Tin-Germanium Alloys as Anode Materials for Sodium-Ion Batteries,2014,10.1021/am503365k,ACS APPLIED MATERIALS & INTERFACES,WOS:000342328300028,unlabeled_pool,2017
WOS:000800422000001,New Cathode Materials in the Fe-PO4-F Chemical Space for High-Performance Sodium-Ion Storage,2022,10.1002/advs.202200924,ADVANCED SCIENCE,WOS:000800422000001,unlabeled_pool,2018
WOS:000567241400001,"Exploring Vinyl Polymers as Soft Carbon Precursors for M-Ion (M = Na, Li) Batteries and Hybrid Capacitors",2020,10.3390/en13164189,ENERGIES,WOS:000567241400001,unlabeled_pool,2019
WOS:001535221900018,Core-shell Bi@ mesoporous carbon nanospheres as high rate and long life anodes for sodium ion batteries,2025,10.1016/s1003-6326(25)66796-3,TRANSACTIONS OF NONFERROUS METALS SOCIETY OF CHINA,WOS:001535221900018,unlabeled_pool,2020
WOS:000449032600007,A Robust Integrated SnOx/Carbon Composite Anode for Sodium-Ion Batteries,2018,10.1002/slct.201802425,CHEMISTRYSELECT,WOS:000449032600007,unlabeled_pool,2021
WOS:000459722300010,Fe2VO4 Hierarchical Porous Microparticles Prepared via a Facile Surface Solvation Treatment for High-Performance Lithium and Sodium Storage,2019,10.1002/smll.201804706,SMALL,WOS:000459722300010,unlabeled_pool,2022
WOS:000582503700064,Improved sodium storage properties of Zr-doped Na3V2(PO4)2F3/C as cathode material for sodium ion batteries,2020,10.1016/j.ceramint.2020.08.006,CERAMICS INTERNATIONAL,WOS:000582503700064,unlabeled_pool,2023
WOS:001107105300001,Phase-engineering modulation of Mn-based oxide cathode for constructing super-stable sodium storage,2024,10.1016/j.jechem.2023.09.026,JOURNAL OF ENERGY CHEMISTRY,WOS:001107105300001,unlabeled_pool,2024
WOS:001364050700006,Construction of 3D porous Cu1.81S/nitrogen-doped carbon frameworks for ultrafast and long-cycle life sodium-ion storage,2025,10.1007/s12613-024-2890-z,INTERNATIONAL JOURNAL OF MINERALS METALLURGY AND MATERIALS,WOS:001364050700006,unlabeled_pool,2025
WOS:001491227800001,High-Mobility Cu+-Induced Multi-Dimensional Structured Copper-Based Sulfide Anode for Advanced Sodium Ion Batteries,2025,10.1002/adfm.202510286,ADVANCED FUNCTIONAL MATERIALS,WOS:001491227800001,unlabeled_pool,2026
WOS:000706340900001,Rationally designed yolk-shell Co9S8-Co1-xS hollow spheres for advanced sodium-ion storage,2021,10.1039/d1ta05114h,JOURNAL OF MATERIALS CHEMISTRY A,WOS:000706340900001,unlabeled_pool,2027
WOS:001480866200001,Porous Ti3C2Tx/bismuthene self-supporting anode for sodium storage,2025,10.1016/j.jallcom.2025.180589,JOURNAL OF ALLOYS AND COMPOUNDS,WOS:001480866200001,unlabeled_pool,2028
WOS:000516818700103,Coherent SnS2/NiS2 hetero-nanosheet arrays with fast charge transfer for enhanced sodium-ion storage,2020,10.1016/j.apsusc.2019.145241,APPLIED SURFACE SCIENCE,WOS:000516818700103,unlabeled_pool,2029
WOS:000373985300020,Optimization of Na-Ion Battery Systems Based on Polyanionic or Layered Positive Electrodes and Carbon Anodes,2016,10.1149/2.0051605jes,JOURNAL OF THE ELECTROCHEMICAL SOCIETY,WOS:000373985300020,unlabeled_pool,2030
WOS:000542925300074,Wood-Derived Carbon with Selectively Introduced C=O Groups toward Stable and High Capacity Anodes for Sodium Storage,2020,10.1021/acsami.0c04469,ACS APPLIED MATERIALS & INTERFACES,WOS:000542925300074,unlabeled_pool,2031
WOS:000630637200003,Multilayer Porous Vanadium Nitride Microsheets Anodes for Highly Stable Na-ion Batteries,2021,10.1007/s40242-021-0443-9,CHEMICAL RESEARCH IN CHINESE UNIVERSITIES,WOS:000630637200003,unlabeled_pool,2032
WOS:000490030800025,Hard carbon derived from sepals of Palmyra palm fruit calyx as an anode for sodium-ion batteries,2019,10.1016/j.jpowsour.2019.227008,JOURNAL OF POWER SOURCES,WOS:000490030800025,unlabeled_pool,2033
WOS:000526543400044,Metal-Organic Framework Derived CoS2 Wrapped with Nitrogen-Doped Carbon for Enhanced Lithium/Sodium Storage Performance,2020,10.1021/acsami.9b22169,ACS APPLIED MATERIALS & INTERFACES,WOS:000526543400044,unlabeled_pool,2034
WOS:000431506600061,Na3V2(PO4)2F3@C dispersed within carbon nanotube frameworks as a high tap density cathode for high-performance sodium-ion batteries,2018,10.1039/c8ta00990b,JOURNAL OF MATERIALS CHEMISTRY A,WOS:000431506600061,unlabeled_pool,2035
WOS:000506166400085,Hierarchically porous hard carbon with graphite nanocrystals for high-rate sodium ion batteries with improved initial Coulombic efficiency,2020,10.1016/j.jallcom.2019.152703,JOURNAL OF ALLOYS AND COMPOUNDS,WOS:000506166400085,unlabeled_pool,2036
WOS:000422814400061,Ultrafast Sodiation of Single-Crystalline Sn Anodes,2018,10.1021/acsami.7b14680,ACS APPLIED MATERIALS & INTERFACES,WOS:000422814400061,unlabeled_pool,2037
WOS:000631487500005,Hexagonal FeNi2Se4@C Nanoflakes as High Performance Anode Materials for Sodium-ion Batteries,2021,10.1007/s40242-021-1030-9,CHEMICAL RESEARCH IN CHINESE UNIVERSITIES,WOS:000631487500005,unlabeled_pool,2038
WOS:000973516800001,Synergistically Improving the Stability and Operating Potential of Organic Cathodes for Sodium-Ion Battery,2023,10.1002/batt.202300111,BATTERIES & SUPERCAPS,WOS:000973516800001,unlabeled_pool,2039
WOS:000542657000007,Mixing amorphous carbon enhanced electrochemical performances of NiCo2O4 nanoparticles as anode materials for sodium-ion batteries,2020,10.1007/s00339-020-03713-0,APPLIED PHYSICS A-MATERIALS SCIENCE & PROCESSING,WOS:000542657000007,unlabeled_pool,2040
WOS:000358051600035,Enhancement of Sodium Ion Battery Performance Enabled by Oxygen Vacancies,2015,10.1002/anie.201503477,ANGEWANDTE CHEMIE-INTERNATIONAL EDITION,WOS:000358051600035,unlabeled_pool,2041
WOS:001536584800004,Superior sulfur-doped carbon anodes for sodium-ion batteries through incorporation of onion-like carbon,2025,10.1016/j.electacta.2025.146912,ELECTROCHIMICA ACTA,WOS:001536584800004,unlabeled_pool,2042
WOS:000907017600001,Mo2P2O11: A Potential Cathode Material for Rechargeable Sodium- Ion Batteries,2022,10.1021/acs.energyfuels.2c03158,ENERGY & FUELS,WOS:000907017600001,unlabeled_pool,2043
WOS:000523641800006,"Strongly coupled metal-organic frameworks on layered bimetallic hydroxide derived N, S Co-doped porous carbon frameworks embedding with CoS2 for energy storage",2020,10.1016/j.jpowsour.2020.227789,JOURNAL OF POWER SOURCES,WOS:000523641800006,unlabeled_pool,2044
WOS:001357263200001,Designing Tin and Hard Carbon Architecture for Stable Sodium-Ion Battery Anode,2025,10.1002/sstr.202400367,SMALL STRUCTURES,WOS:001357263200001,unlabeled_pool,2045
WOS:001282001900001,N-doped one-dimensional carbon framework embedded with CoSe2 nanoparticles as superior electrode for advanced sodium ion storage,2024,10.1016/j.apsusc.2024.160786,APPLIED SURFACE SCIENCE,WOS:001282001900001,unlabeled_pool,2046
WOS:000620255500008,Electrochemical Properties of Micro-Sized Bismuth Anode for Sodium Ion Batteries,2020,10.1166/sam.2020.3801,SCIENCE OF ADVANCED MATERIALS,WOS:000620255500008,unlabeled_pool,2047
WOS:000349616400022,Exploring the possibilities of two-dimensional transition metal carbides as anode materials for sodium batteries,2015,10.1039/c4cp05140h,PHYSICAL CHEMISTRY CHEMICAL PHYSICS,WOS:000349616400022,unlabeled_pool,2048
WOS:000371143200045,Nitrogen-doped carbon microspheres derived from oatmeal as high capacity and superior long life anode material for sodium ion battery,2016,10.1016/j.electacta.2016.01.105,ELECTROCHIMICA ACTA,WOS:000371143200045,unlabeled_pool,2049
WOS:000489896700024,Iron sulfides with dopamine-derived carbon coating as superior performance anodes for sodium-ion batteries,2019,10.1007/s12274-019-2495-4,NANO RESEARCH,WOS:000489896700024,unlabeled_pool,2050
WOS:000789599500001,A Combined Sodium Intercalation and Copper Extrusion Mechanism in the Thiophosphate Family: CuCrP2S6 as Anode Material in Sodium-Ion Batteries,2022,10.1002/celc.202200018,CHEMELECTROCHEM,WOS:000789599500001,unlabeled_pool,2051
WOS:000861209300006,Prussian blue analogue derived bimetallic phosphide for high areal capacity and binder-free sodium-ion battery anode,2022,10.1016/j.jpowsour.2022.231940,JOURNAL OF POWER SOURCES,WOS:000861209300006,unlabeled_pool,2052
WOS:000397579600014,Heteroatom Doping Combined with Microstructured Carbon to Enhance the Performance of Sodium-Ion Batteries,2017,10.1002/ente.201600355,ENERGY TECHNOLOGY,WOS:000397579600014,unlabeled_pool,2053
WOS:000352173900023,Synthesis and electrochemical performance of flower-like MnCo2O4 as an anode material for sodium ion batteries,2015,10.1016/j.matlet.2015.02.024,MATERIALS LETTERS,WOS:000352173900023,unlabeled_pool,2054
WOS:000434031400008,Porous MoS2/Carbon Spheres Anchored on 3D Interconnected Multiwall Carbon Nanotube Networks forUltrafast Na Storage,2018,10.1002/aenm.201702909,ADVANCED ENERGY MATERIALS,WOS:000434031400008,unlabeled_pool,2055
WOS:001023825200001,Bottom-up gas phase construction of carbon coated Fe7Se8 nanosheet/carbon nanotube hybrid as ultrastable anode material for sodium-ion half/full batteries,2023,10.1016/j.jallcom.2023.170810,JOURNAL OF ALLOYS AND COMPOUNDS,WOS:001023825200001,unlabeled_pool,2056
WOS:001359907000001,A layer-structured high entropy oxide with highly reversible Fe3+/Fe4+ redox as advanced cathode material for sodium ion batteries,2025,10.1016/j.jpowsour.2024.235735,JOURNAL OF POWER SOURCES,WOS:001359907000001,unlabeled_pool,2057
WOS:001504928800004,Boosting sodium-ion battery performance through the sodium doped titanium carbide and iron selenide interfaces: Experimental validation and DFT insights,2025,10.1016/j.est.2025.117096,JOURNAL OF ENERGY STORAGE,WOS:001504928800004,unlabeled_pool,2058
WOS:000533512000096,"Ge-doped Li4Ti5-xGexO12 (x=0.05) as a fast-charging, long-life bi-functional anode material for lithium- and sodium-ion batteries",2020,10.1016/j.ceramint.2020.03.223,CERAMICS INTERNATIONAL,WOS:000533512000096,unlabeled_pool,2059
WOS:000460174000020,High specific surface area porous graphene grids carbon as anode materials for sodium ion batteries,2019,10.1016/j.jechem.2018.06.002,JOURNAL OF ENERGY CHEMISTRY,WOS:000460174000020,unlabeled_pool,2060
WOS:000462858700005,NASICON-type air-stable and all-climate cathode for sodium-ion batteries with low cost and high-power density,2019,10.1038/s41467-019-09170-5,NATURE COMMUNICATIONS,WOS:000462858700005,unlabeled_pool,2061
WOS:000370986500013,Biomass derived hierarchical porous carbons as high-performance anodes for sodium-ion batteries,2016,10.1016/j.electacta.2015.12.002,ELECTROCHIMICA ACTA,WOS:000370986500013,unlabeled_pool,2062
WOS:000827007500001,Sustainable Free-Standing Electrode from Biomass Waste for Sodium-Ion Batteries,2022,10.1002/celc.202200382,CHEMELECTROCHEM,WOS:000827007500001,unlabeled_pool,2063
WOS:000493869700057,Surface Anionization of Self-Assembled Iron Sulfide Hierarchitectures to Enhance Capacitive Storage for Alkaline -Metal Ion Batteries,2019,10.1021/acsami.9b13629,ACS APPLIED MATERIALS & INTERFACES,WOS:000493869700057,unlabeled_pool,2064
WOS:000462767000029,Understanding the influence of different carbon matrix on the electrochemical performance of Na3V2(PO4)3 cathode for sodium-ion batteries,2019,10.1016/j.jallcom.2019.02.202,JOURNAL OF ALLOYS AND COMPOUNDS,WOS:000462767000029,unlabeled_pool,2065
WOS:001256432700001,Waste tire-derived graphene modified carbon as anodes for sodium-ion batteries,2024,10.1016/j.mtsust.2024.100874,MATERIALS TODAY SUSTAINABILITY,WOS:001256432700001,unlabeled_pool,2066
WOS:000424109000021,Prussian Blue Analogue Mesoframes for Enhanced Aqueous Sodium-ion Storage,2018,10.3390/cryst8010023,CRYSTALS,WOS:000424109000021,unlabeled_pool,2067
WOS:000441583400033,A 3D graphene current collector boosts ultrahigh specific capacity in a highly uniform Prussian blue@graphene composite as a freestanding cathode for sodium ion batteries,2018,10.1039/c8nr04184a,NANOSCALE,WOS:000441583400033,unlabeled_pool,2068
WOS:000753955600022,Covalently Induced Grafting of C2N Nanoflakes onto Reduced Graphene Oxide with Dominant Pseudocapacitive Behaviors for a High-Rate Sodium-Ion Battery Anode,2021,10.1021/acssuschemeng.1c06164,ACS SUSTAINABLE CHEMISTRY & ENGINEERING,WOS:000753955600022,unlabeled_pool,2069
WOS:000395077600013,A facile sol-gel route to prepare functional graphene nanosheets anchored with homogeneous cobalt sulfide nanoparticles as superb sodium-ion anodes,2017,10.1039/c6ta10272g,JOURNAL OF MATERIALS CHEMISTRY A,WOS:000395077600013,unlabeled_pool,2070
WOS:000687451100001,One-step combustion synthesis of carbon-coated NiO/Ni composites for lithium and sodium storage,2021,10.1016/j.jallcom.2021.160927,JOURNAL OF ALLOYS AND COMPOUNDS,WOS:000687451100001,unlabeled_pool,2071
WOS:000939534800001,Barium ions act as defenders to prevent water from entering prussian blue lattice for sodium-ion battery,2023,10.1016/j.ensm.2023.02.011,ENERGY STORAGE MATERIALS,WOS:000939534800001,unlabeled_pool,2072
WOS:000462770300006,Facile Synthesis of Amorphous Ge Supported by Ni Nanopyramid Arrays as an Anode Material for Sodium-Ion Batteries,2019,10.1002/open.201900024,CHEMISTRYOPEN,WOS:000462770300006,unlabeled_pool,2073
WOS:000779734800001,An expanded sandwich-like heterostructure with thin FeP nanosheets@graphene via charge-driven self-assembly as high-performance anodes for sodium ion battery,2022,10.1039/d2nr00691j,NANOSCALE,WOS:000779734800001,unlabeled_pool,2074
WOS:000366940100033,SnO2/super P nanocomposites as anode materials for Na-ion batteries with enhanced electrochemical performance,2016,10.1016/j.jallcom.2015.10.212,JOURNAL OF ALLOYS AND COMPOUNDS,WOS:000366940100033,unlabeled_pool,2075
WOS:000390732100097,Synthesis of nanosheet-structured Na3V2(PO4)3/C as high-performance cathode material for sodium ion batteries using anthracite as carbon source,2017,10.1016/j.ceramint.2016.11.018,CERAMICS INTERNATIONAL,WOS:000390732100097,unlabeled_pool,2076
WOS:001519025100006,Phase-coexisting heterojunction transformation from residual nickel in entropy-regulated high-nickel cathode materials,2025,10.1016/j.cej.2025.164652,CHEMICAL ENGINEERING JOURNAL,WOS:001519025100006,unlabeled_pool,2077
WOS:001625829700004,Demetallized blueberry wine pomace-derived hard carbon: Structural optimization for high-capacity sodium-ion battery anodes,2026,10.1016/j.est.2025.119461,JOURNAL OF ENERGY STORAGE,WOS:001625829700004,unlabeled_pool,2078
WOS:001400468200001,Enhancement of electrochemical performance of sodium-ion battery cathode material Na0.67Ni0.33Mn0.67O2 by Zn/Al co-substitution,2025,10.1016/j.inoche.2024.113874,INORGANIC CHEMISTRY COMMUNICATIONS,WOS:001400468200001,unlabeled_pool,2079
WOS:000450899000018,Novel Core-Shell-Type Design of Na0.5[Li0.5(Ni0.8Co0.1Mn<sub >0.1)1-x (Ni0.5Co0.1Mn0.4)x]O< sub>2 Cathode Material for Sodium-Ion Batteries,2019,10.1166/jnn.2019.16178,JOURNAL OF NANOSCIENCE AND NANOTECHNOLOGY,WOS:000450899000018,unlabeled_pool,2080
WOS:001144594300001,Prolonging the Cycle Stability of Anion Redox P3-Type Na0.6Li0.2Mn0.8O2 through Al2O3 Atomic Layer Deposition Surface Modification,2024,10.1021/acsami.3c15720,ACS APPLIED MATERIALS & INTERFACES,WOS:001144594300001,unlabeled_pool,2081
WOS:001279432500001,Deciphering the structural and kinetic factors in lithium titanate for enhanced performance in Li plus /Na plus dual-cation electrolyte,2024,10.1016/j.jcis.2024.07.159,JOURNAL OF COLLOID AND INTERFACE SCIENCE,WOS:001279432500001,unlabeled_pool,2082
WOS:001433483000001,Low-Valence Mg2+ Doping Suppresses Irreversible Phase Transition of Sodium-Rich Fluorophosphate upon Additional Na+ Deintercalation,2025,10.1021/acsaem.4c03216,ACS APPLIED ENERGY MATERIALS,WOS:001433483000001,unlabeled_pool,2083
WOS:001633534900003,Cut-off-voltage-controlled phase transformations in hollow Cu2-xSe cube enables high-rate and long-life sodium-ion batteries,2025,10.1016/j.jallcom.2025.185333,JOURNAL OF ALLOYS AND COMPOUNDS,WOS:001633534900003,unlabeled_pool,2084
WOS:000689152400004,α-Fe2O3 conversion anodes with improved Na-Storage properties by Sb addition,2021,10.1016/j.matchemphys.2021.125023,MATERIALS CHEMISTRY AND PHYSICS,WOS:000689152400004,unlabeled_pool,2085
WOS:001409953400001,NaDFOB and FEC as Electrolyte Additives Enabling Improved Cyclability of Sodium Metal Batteries and Sodium Ion Batteries,2025,10.1002/celc.202400597,CHEMELECTROCHEM,WOS:001409953400001,unlabeled_pool,2086
WOS:000615756800002,Kinetic properties of sodium-ion transfer at the interface between graphitic materials and organic electrolyte solutions,2021,10.1007/s10800-020-01523-z,JOURNAL OF APPLIED ELECTROCHEMISTRY,WOS:000615756800002,unlabeled_pool,2087
WOS:000440287100030,Amorphous germanium as a promising anode materia for sodium ion batteries: a first principle study,2018,10.1007/s10853-018-2661-1,JOURNAL OF MATERIALS SCIENCE,WOS:000440287100030,unlabeled_pool,2088
WOS:000777171600056,Ice-Assisted Synthesis of Highly Crystallized Prussian Blue Analogues for All-Climate and Long-Calendar-Life Sodium Ion Batteries,2022,10.1021/acs.nanolett.1c04492,NANO LETTERS,WOS:000777171600056,unlabeled_pool,2089
WOS:000532234900003,Effects of Mn-Doping on the Structural and Electrochemical Properties of Na3Ni2SbO6 for Sodium-Ion Battery.,2020,10.1002/batt.201900166,BATTERIES & SUPERCAPS,WOS:000532234900003,unlabeled_pool,2090
WOS:000352224200001,Synthesis and Electrochemical Performance of Fe2(MoO4)3/Carbon Nanotubes Nanocomposite Cathode Material for Sodium-Ion Battery,2015,10.1149/2.0011505jss,ECS JOURNAL OF SOLID STATE SCIENCE AND TECHNOLOGY,WOS:000352224200001,unlabeled_pool,2091
WOS:000444100500007,High-temperature treatment induced carbon anode with ultrahigh Na storage capacity at low-voltage plateau,2018,10.1016/j.scib.2018.07.018,SCIENCE BULLETIN,WOS:000444100500007,unlabeled_pool,2092
WOS:000345637900052,Synthesis and electrochemical performance of rod-like CuFe2O4 as an anode material for Na-ion battery,2015,10.1016/j.matlet.2014.10.019,MATERIALS LETTERS,WOS:000345637900052,unlabeled_pool,2093
WOS:000393446500059,Amorphous TiO2 inverse opal anode for high-rate sodium ion batteries,2017,10.1016/j.nanoen.2016.12.005,NANO ENERGY,WOS:000393446500059,unlabeled_pool,2094
WOS:000417484000075,Rice husk-derived hard carbons as high-performance anode materials for sodium-ion batteries,2018,10.1016/j.carbon.2017.11.054,CARBON,WOS:000417484000075,unlabeled_pool,2095
WOS:000581738300036,Electrodeposited binder-free Sb/NiSb anode of sodium-ion batteries with excellent cycle stability and rate capability and new insights into its reaction mechanism by operando XRD analysis,2020,10.1016/j.nanoen.2020.105123,NANO ENERGY,WOS:000581738300036,unlabeled_pool,2096
WOS:001143046500001,Cobalt Oxide 2D Nanosheets Formed at a Polarized Liquid|Liquid Interface toward High-Performance Li-Ion and Na-Ion Battery Anodes,2023,10.1021/acsami.3c11795,ACS APPLIED MATERIALS & INTERFACES,WOS:001143046500001,unlabeled_pool,2097
WOS:000387390600017,Reduced Graphene Oxide/Disodium Terephthalate Composites via Ultrasonic-assisted Co-Precipitation for Sodium Ion Battery Anodes,2016,10.1002/bkcs.10986,BULLETIN OF THE KOREAN CHEMICAL SOCIETY,WOS:000387390600017,unlabeled_pool,2098
WOS:000555420600027,Hetero tri metallic Precursor with 2:2:1 Metal Ratio Requiring at Least a Pentanuclear Molecular Assembly,2020,10.1021/jacs.0c05139,JOURNAL OF THE AMERICAN CHEMICAL SOCIETY,WOS:000555420600027,unlabeled_pool,2099
WOS:000415319700002,Nitrogen and sulfur dual-doped carbon films as flexible free-standing anodes for Li-ion and Na-ion batteries,2018,10.1016/j.carbon.2017.09.099,CARBON,WOS:000415319700002,unlabeled_pool,2100
WOS:001509126000003,Boosting sodium-ion storage in hard carbon via polyethylene glycol cross-linked phenolic resin,2025,10.1016/j.electacta.2025.146572,ELECTROCHIMICA ACTA,WOS:001509126000003,unlabeled_pool,2101
WOS:000462495700003,Mesoporous ZnCo2O4/rGO nanocomposites enhancing sodium storage,2019,10.1088/1361-6528/ab0504,NANOTECHNOLOGY,WOS:000462495700003,unlabeled_pool,2102
WOS:001496207300002,Role of Oxygen Functional Groups in Electrochemical Sodium Ion Intercalation into Oxygen-Functionalized Graphitic Carbon Materials,2025,10.5796/electrochemistry.25-00050,ELECTROCHEMISTRY,WOS:001496207300002,unlabeled_pool,2103
WOS:000599502600004,Recent progress of phosphorus composite anodes for sodium/potassium ion batteries,2021,10.1016/j.ensm.2020.10.003,ENERGY STORAGE MATERIALS,WOS:000599502600004,unlabeled_pool,2104
WOS:000454751600019,Electrospun Kraft Lignin/Cellulose Acetate-Derived Nanocarbon Network as an Anode for High-Performance Sodium-Ion Batteries,2018,10.1021/acsami.8b13033,ACS APPLIED MATERIALS & INTERFACES,WOS:000454751600019,unlabeled_pool,2105
WOS:000493350600004,Degradation mechanism of tin phosphide as Na-ion battery negative electrode,2019,10.1016/j.gee.2019.01.001,GREEN ENERGY & ENVIRONMENT,WOS:000493350600004,unlabeled_pool,2106
WOS:000701871500015,High-capacity Bi2O3 anode for 2.4 V neutral aqueous sodium-ion battery-supercapacitor hybrid device through phase conversion mechanism,2022,10.1016/j.jechem.2021.06.028,JOURNAL OF ENERGY CHEMISTRY,WOS:000701871500015,unlabeled_pool,2107
WOS:001433389400001,DMSO delaminated titanium carbide MXene with exalted cyclability for sodium ion batteries,2025,10.1016/j.jallcom.2025.179301,JOURNAL OF ALLOYS AND COMPOUNDS,WOS:001433389400001,unlabeled_pool,2108
WOS:000463032200023,Exceptionally highly stable cycling performance and facile oxygen-redox of manganese-based cathode materials for rechargeable sodium batteries,2019,10.1016/j.nanoen.2019.02.042,NANO ENERGY,WOS:000463032200023,unlabeled_pool,2109
WOS:001026635300001,"Bi nanoparticles confined in N,S co-doped carbon nanoribbons with excellent rate performance for sodium-ion batteries",2023,10.1039/d3dt01015e,DALTON TRANSACTIONS,WOS:001026635300001,unlabeled_pool,2110
WOS:000400024500026,Confined Amorphous Red Phosphorus in MOF-Derived N-Doped Microporous Carbon as a Superior Anode for Sodium-Ion Battery,2017,10.1002/adma.201605820,ADVANCED MATERIALS,WOS:000400024500026,unlabeled_pool,2111
WOS:000473251100035,Growth of Bouquet-like Zn2GeO4 Crystal Clusters in Molten Salt and Understanding the Fast Na-Storage Properties,2019,10.1021/acsami.9b05003,ACS APPLIED MATERIALS & INTERFACES,WOS:000473251100035,unlabeled_pool,2112
WOS:001533252700001,Engineered microstructure design of petroleum asphalt-derived hard carbon via dual chemical modification: process optimization for advanced sodium-ion battery anodes,2025,10.1016/j.ces.2025.122143,CHEMICAL ENGINEERING SCIENCE,WOS:001533252700001,unlabeled_pool,2113
WOS:001209817800001,Designing air-stable vanadium tetrasulfides anode materials via C-O-S bonding for potassium-ion and sodium-ion batteries,2024,10.1016/j.electacta.2024.144053,ELECTROCHIMICA ACTA,WOS:001209817800001,unlabeled_pool,2114
WOS:000493660500028,Two-dimensional Ti3C2Tx@S as cathode for room temperature sodium-sulfur batteries,2019,10.1007/s11581-019-03074-6,IONICS,WOS:000493660500028,unlabeled_pool,2115
WOS:000366006400017,Two-Dimensional Transition Metal Dichalcogenide Mono layers as Promising Sodium Ion Battery Anodes,2015,10.1021/acs.jpcc.5b09935,JOURNAL OF PHYSICAL CHEMISTRY C,WOS:000366006400017,unlabeled_pool,2116
WOS:001353844400001,Effect of concentration of dextrose-derived hard carbon anode on the electrochemical performance for sodium-ion batteries,2025,10.1007/s10008-024-06136-6,JOURNAL OF SOLID STATE ELECTROCHEMISTRY,WOS:001353844400001,unlabeled_pool,2117
WOS:001387412700001,Unraveling the Function Mechanism of N-Doped Carbon-Encapsulated Na3V2(PO4)3 Cathode toward High-Performance Sodium-Ion Battery with Ultrahigh Cycling Stability,2024,10.1021/acsami.4c14656,ACS APPLIED MATERIALS & INTERFACES,WOS:001387412700001,unlabeled_pool,2118
WOS:000440546600013,"Cu2S@ N, S Dual-Doped Carbon Matrix Hybrid as Superior Anode Materials for Lithium/Sodium ion Batteries",2018,10.1002/celc.201800401,CHEMELECTROCHEM,WOS:000440546600013,unlabeled_pool,2119
WOS:000380076700014,Effect of nickel and iron on structural and electrochemical properties of O3 type layer cathode materials for sodium-ion batteries,2016,10.1016/j.jpowsour.2016.05.064,JOURNAL OF POWER SOURCES,WOS:000380076700014,unlabeled_pool,2120
WOS:001150204500007,Enhanced conductivity and stability of Prussian blue cathodes in sodium-ion batteries by surface vapor-phase molecular self-assembly,2024,10.1007/s12274-023-6394-3,NANO RESEARCH,WOS:001150204500007,unlabeled_pool,2121
WOS:001521009700001,FeSe2/MoSe2 heterostructures: interface engineering for enhanced high-rate sodium-ion storage,2025,10.1039/d5tc00855g,JOURNAL OF MATERIALS CHEMISTRY C,WOS:001521009700001,unlabeled_pool,2122
WOS:000453826200103,Robustly immobilized Ni2P nanoparticles in porous carbon networks promotes high-performance sodium-ion storage,2019,10.1016/j.jallcom.2018.10.373,JOURNAL OF ALLOYS AND COMPOUNDS,WOS:000453826200103,unlabeled_pool,2123
WOS:001306585300001,"Self-supporting, low-tortuosity hard carbon for superior sodium-ion batteries",2024,10.1007/s12598-024-02763-0,RARE METALS,WOS:001306585300001,unlabeled_pool,2124
WOS:000922386800001,The synergistic effect of Ti and Nb in TiNbC leads to enhanced anode performance for Na-ion batteries-first-principles calculations,2023,10.1088/1402-4896/acb46a,PHYSICA SCRIPTA,WOS:000922386800001,unlabeled_pool,2125
WOS:001585398600001,Tuning electrochemical performance of Fe hyper-doped TiO2 anodes for Na-ion batteries,2025,10.1111/jace.70282,JOURNAL OF THE AMERICAN CERAMIC SOCIETY,WOS:001585398600001,unlabeled_pool,2126
WOS:000354140800020,Na0.44MnO2 with very fast sodium diffusion and stable cycling synthesized via polyvinylpyrrolidone-combustion method,2015,10.1016/j.jpowsour.2015.03.087,JOURNAL OF POWER SOURCES,WOS:000354140800020,unlabeled_pool,2127
WOS:000474712700028,A nanoarchitectured Na6Fe5(SO4)8/CNTs cathode for building a low-cost 3.6V sodium-ion full battery with superior sodium storage,2019,10.1039/c9ta03089a,JOURNAL OF MATERIALS CHEMISTRY A,WOS:000474712700028,unlabeled_pool,2128
WOS:000891934200007,MXene conversion to V2S3 heterostructure in CS2 ambient: A novel approach for sodium-ion battery anodes,2022,10.1016/j.mtener.2022.101184,MATERIALS TODAY ENERGY,WOS:000891934200007,unlabeled_pool,2129
WOS:000359683600040,Carbon Encapsulated Tin Oxide Nanocomposites: An Efficient Anode for High Performance Sodium-Ion Batteries,2015,10.1021/acsami.5b04178,ACS APPLIED MATERIALS & INTERFACES,WOS:000359683600040,unlabeled_pool,2130
WOS:000406646300023,Porous and Low-Crystalline Manganese Silicate Hollow Spheres Wired by Graphene Oxide for High-Performance Lithium and Sodium Storage,2017,10.1021/acsami.7b06088,ACS APPLIED MATERIALS & INTERFACES,WOS:000406646300023,unlabeled_pool,2131
WOS:000365216000039,Three-dimensional hard carbon matrix for sodium-ion battery anode with superior-rate performance and ultralong cycle life,2015,10.1039/c5ta07223a,JOURNAL OF MATERIALS CHEMISTRY A,WOS:000365216000039,unlabeled_pool,2132
WOS:000790452500003,Superionic conductivity and large capacitance behaviors of two-metal MXenes WCrC in sodium ion battery,2022,10.1016/j.vacuum.2022.111054,VACUUM,WOS:000790452500003,unlabeled_pool,2133
WOS:000467535500052,Yolk-shell Prussian blue nanoparticles with fast ion diffusion for sodium-ion battery,2019,10.1016/j.matlet.2019.04.102,MATERIALS LETTERS,WOS:000467535500052,unlabeled_pool,2134
WOS:000370866700015,NaMn2-xNixO4 Derived from Mesoporous LiMn2-xNixO4 High-Voltage Spinel Cathode Materials for Na-Ion Batteries,2016,10.1149/2.0831605jes,JOURNAL OF THE ELECTROCHEMICAL SOCIETY,WOS:000370866700015,unlabeled_pool,2135
WOS:000696501800028,K2Ti4O9 Nanoribbon Arrays Functionalized with Graphene Quantum Dots for Superior Pseudocapacitive Sodium Storage,2021,10.1002/celc.202100856,CHEMELECTROCHEM,WOS:000696501800028,unlabeled_pool,2136
WOS:000991455200001,Effect of Carbonization Behaviour of Cotton Biomass in Electrodes for Sodium-Ion Batteries,2023,10.1002/celc.202300127,CHEMELECTROCHEM,WOS:000991455200001,unlabeled_pool,2137
WOS:001340109300001,"Oxide cathode materials NaxTMO2 (TM = Mn, Ni, Fe) for sodium-ion batteries: A review of factors influencing multiphase formation and mechanisms of multiphase interactions",2024,10.1016/j.est.2024.114279,JOURNAL OF ENERGY STORAGE,WOS:001340109300001,unlabeled_pool,2138
WOS:001308188500001,Introducing nanodiamond-modified electrolyte to realize high capacity and rate performance of sodium ion batteries,2024,10.1016/j.jpowsour.2024.235358,JOURNAL OF POWER SOURCES,WOS:001308188500001,unlabeled_pool,2139
WOS:001483976600001,Entropic design strategy to enhance cycling stability of layered iron-based fluorophosphates in sodium-ion batteries,2025,10.1016/j.est.2025.116578,JOURNAL OF ENERGY STORAGE,WOS:001483976600001,unlabeled_pool,2140
WOS:000956875100001,Bifunctional structure modulation of Sb-based sulfide for boosting fast and high-capacity sodium storage,2023,10.1039/d3qi00173c,INORGANIC CHEMISTRY FRONTIERS,WOS:000956875100001,unlabeled_pool,2141
WOS:000702538600002,A highly-stable layered Fe/Mn-based cathode with ultralow strain for advanced sodium-ion batteries,2021,10.1016/j.nanoen.2021.106206,NANO ENERGY,WOS:000702538600002,unlabeled_pool,2142
WOS:000483604500071,Enhancing the Electrochemical Performance of SbTe Bimetallic Anodes for High-Performance Sodium-Ion Batteries: Roles of the Binder and Carbon Support Matrix,2019,10.3390/nano9081134,NANOMATERIALS,WOS:000483604500071,unlabeled_pool,2143
WOS:000793467100003,Multi-heteroatom-doped hollow carbon nanocages from ZIF-8@CTP nanocomposites as high-performance anodes for sodium-ion batteries,2022,10.1016/j.coco.2022.101116,COMPOSITES COMMUNICATIONS,WOS:000793467100003,unlabeled_pool,2144
WOS:000512715400001,Dial the Mechanism Switch of VN from Conversion to Intercalation toward Long Cycling Sodium-Ion Battery,2020,10.1002/aenm.201903712,ADVANCED ENERGY MATERIALS,WOS:000512715400001,unlabeled_pool,2145
WOS:001134465200001,N/S co-doped carbon electrode material made from saponin pod skin for sodium ion battery with high performance,2024,10.1016/j.est.2023.109872,JOURNAL OF ENERGY STORAGE,WOS:001134465200001,unlabeled_pool,2146
WOS:000683571900008,Facile synthesis of high capacity P2-type Na2/3Fe1/2Mn1/2O2 cathode material for sodium-ion batteries,2021,10.1016/s1003-6326(21)65639-x,TRANSACTIONS OF NONFERROUS METALS SOCIETY OF CHINA,WOS:000683571900008,unlabeled_pool,2147
WOS:001423055700001,Heterointerface magic: How FeS2/NiS2@NC nanoparticles transform sodium-ion battery anode performance,2025,10.1016/j.jcis.2025.01.274,JOURNAL OF COLLOID AND INTERFACE SCIENCE,WOS:001423055700001,unlabeled_pool,2148
WOS:001475965400001,"Ti-Doped, Mn-Based Polyanionic Compounds of Na4Fe1.2Mn1.8(PO4)2</su b>P2O7 for Sodium-Ion Battery Cathode",2025,10.3390/nano15080581,NANOMATERIALS,WOS:001475965400001,unlabeled_pool,2149
WOS:000719335600004,In situ polyaniline coating of Prussian blue as cathode material for sodium-ion battery,2021,10.1098/rsos.211092,ROYAL SOCIETY OPEN SCIENCE,WOS:000719335600004,unlabeled_pool,2150
WOS:000917835000012,Hollow-structured CoSe2/C Anode Materials: Preparation and Sodium Storage Properties for Sodium-ion Batteries,2022,10.15541/jim20220224,JOURNAL OF INORGANIC MATERIALS,WOS:000917835000012,unlabeled_pool,2151
WOS:000861784200001,Synergistic Modification of Fe-Based Prussian Blue Cathode Material Based on Structural Regulation and Surface Engineering,2022,10.1021/acsami.2c11823,ACS APPLIED MATERIALS & INTERFACES,WOS:000861784200001,unlabeled_pool,2152
WOS:000455264600053,Agglomeration-resistant 2D nanoflakes configured with super electronic networks for extraordinary fast and stable sodium-ion storage,2019,10.1016/j.nanoen.2018.11.091,NANO ENERGY,WOS:000455264600053,unlabeled_pool,2153
WOS:000511931800016,Facile Synthesis of Bi2MoO6 Nanosheets@Nitrogen and Sulfur Codoped Graphene Composites for Sodium-ion Batteries,2020,10.1007/s40242-020-9069-6,CHEMICAL RESEARCH IN CHINESE UNIVERSITIES,WOS:000511931800016,unlabeled_pool,2154
WOS:000526552100028,Electrode Design for High-Performance Sodium-Ion Batteries: Coupling Nanorod-Assembled Na3V2(PO4)3@C Microspheres with a 3D Conductive Charge Transport Network,2020,10.1021/acsami.9b22746,ACS APPLIED MATERIALS & INTERFACES,WOS:000526552100028,unlabeled_pool,2155
WOS:000378584800050,Double-Nanocarbon Synergistically Modified Na3V2(PO4)3: An Advanced Cathode for High-Rate and Long-Life Sodium-Ion Batteries,2016,10.1021/acsami.6b03410,ACS APPLIED MATERIALS & INTERFACES,WOS:000378584800050,unlabeled_pool,2156
WOS:000406232900025,Electrochemical properties of BiFeO3 nanoparticles: Anode material for sodium-ion battery application,2017,10.1016/j.mssp.2017.06.003,MATERIALS SCIENCE IN SEMICONDUCTOR PROCESSING,WOS:000406232900025,unlabeled_pool,2157
WOS:001414212800001,High-Performance P2-Na0.67MnO2 Cathode Enabled by the Synergistic Effect of Mg/Ti Co-doping Strategy,2025,10.1007/s11664-025-11775-0,JOURNAL OF ELECTRONIC MATERIALS,WOS:001414212800001,unlabeled_pool,2158
WOS:001582717200001,"Synergistic Li-Na co-alloying for high-capacity, long-life, dual-alkali ion batteries",2025,10.1016/j.nanoen.2025.111443,NANO ENERGY,WOS:001582717200001,unlabeled_pool,2159
WOS:001350172800001,Boron/phosphorus co-doped nitrogen-rich carbon nanofiber with flexible anode for robust sodium-ion battery,2025,10.1016/j.cclet.2024.110452,CHINESE CHEMICAL LETTERS,WOS:001350172800001,unlabeled_pool,2160
WOS:000558662500011,Operando Synchrotron-Based X-ray Study of Prussian Blue and Its Analogue as Cathode Materials for Sodium-Ion Batteries,2020,10.1021/acs.jpcc.0c05459,JOURNAL OF PHYSICAL CHEMISTRY C,WOS:000558662500011,unlabeled_pool,2161
WOS:001254137200001,Multiphase riveting structure constructed by slight molybdenum for enhanced P3/O3 layer-structured oxide cathode material,2024,10.1016/j.cej.2024.152787,CHEMICAL ENGINEERING JOURNAL,WOS:001254137200001,unlabeled_pool,2162
WOS:001488096300002,In situ synthesis of cellulose/carbon nanotubes/molybdenum disulfide composite with ultrahigh capacity and enhanced coulombic efficiency for sodium ion battery,2025,10.1016/j.jpowsour.2025.237262,JOURNAL OF POWER SOURCES,WOS:001488096300002,unlabeled_pool,2163
WOS:001537092900001,Bismuth Embedded in Holey Expanded Graphite as a Sodium Ion Battery Anode with Superior Rate Capability,2025,10.1021/acsami.5c08727,ACS APPLIED MATERIALS & INTERFACES,WOS:001537092900001,unlabeled_pool,2164
WOS:000451271600010,"Layer-Structured Ti Doped O3-Na1-xCr1-xTixO< sub>2 (x=0, 0.03, 0.05) with Excellent Electrochemical Performance as Cathode Materials for Sodium Ion Batteries",2018,10.1063/1674-0068/31/cjcp1802013,CHINESE JOURNAL OF CHEMICAL PHYSICS,WOS:000451271600010,unlabeled_pool,2165
WOS:001116904700009,Hierarchical Ti3C2/TiO2/MoS2 Composite as an Anode Material for Sodium-ion Batteries,2023,10.1007/s40242-023-3196-9,CHEMICAL RESEARCH IN CHINESE UNIVERSITIES,WOS:001116904700009,unlabeled_pool,2166
WOS:000492359300001,Layered Co/Ni-free Mn-rich oxide P2-Na2/3Mn0.8Fe0.1Mg0.1O<sub >2 as high-performance cathode material for sodium-ion batteries,2020,10.1007/s11581-019-03208-w,IONICS,WOS:000492359300001,unlabeled_pool,2167
WOS:000535488900001,Interlayer Engineering of Molybdenum Trioxide toward High-Capacity and Stable Sodium Ion Half/Full Batteries,2020,10.1002/adfm.202001708,ADVANCED FUNCTIONAL MATERIALS,WOS:000535488900001,unlabeled_pool,2168
WOS:001153347400001,Regulating solid electrolyte interphase film on fluorine-doped hard carbon anode for sodium-ion battery,2024,10.1002/cey2.503,CARBON ENERGY,WOS:001153347400001,unlabeled_pool,2169
WOS:000701235900002,A vacancy-free sodium manganese hexacyanoferrate as cathode for sodium-ion battery by high-salt-concentration preparation,2021,10.1016/j.jallcom.2021.161388,JOURNAL OF ALLOYS AND COMPOUNDS,WOS:000701235900002,unlabeled_pool,2170
WOS:001149694200001,Synergetic anion-cation co-doping in Na0.44MnO2 boosting a high-stability and improved-kinetics cathode for sodium ion battery,2024,10.1016/j.ensm.2023.103161,ENERGY STORAGE MATERIALS,WOS:001149694200001,unlabeled_pool,2171
WOS:001461382600001,"N, S Co-doped carbon-enhanced FeS2 yolk-shell structure: Overcoming volume expansion and polysulfide shuttle issues in sodium-ion battery anodes",2025,10.1016/j.electacta.2025.146120,ELECTROCHIMICA ACTA,WOS:001461382600001,unlabeled_pool,2172
WOS:000963991400001,Coal tar pitch-based carbon composited Sb2Se3 microrod anode toward superior sodium storage performance,2023,10.1016/j.ceramint.2022.10.229,CERAMICS INTERNATIONAL,WOS:000963991400001,unlabeled_pool,2173
WOS:001123848200001,"Organic Species-Intercalated Vanadium Oxide for Sodium-Ion Battery: Mixed-Anion Coordination Effect, Enhanced d-p Orbital Hybridization, and Topotactic Phase Conversion Induced by N-Substitution",2023,10.1021/acs.inorgchem.3c02974,INORGANIC CHEMISTRY,WOS:001123848200001,unlabeled_pool,2174
WOS:000663710400002,Building superior layered oxide cathode via rational surface engineering for both liquid & solid-state sodium ion batteries,2021,10.1016/j.cej.2020.127788,CHEMICAL ENGINEERING JOURNAL,WOS:000663710400002,unlabeled_pool,2175
WOS:001507280300006,Hierarchical Bi@SnSb nanofibers as high-rate and long-cycle sodium ions battery anodes,2025,10.1016/j.electacta.2025.146574,ELECTROCHIMICA ACTA,WOS:001507280300006,unlabeled_pool,2176
WOS:000897045900001,Cyclability enhancement of CeO2/Sb2O3 composite electrode via ternary Na-storage reactions,2022,10.1016/j.ceramint.2022.08.268,CERAMICS INTERNATIONAL,WOS:000897045900001,unlabeled_pool,2177
WOS:000774250800001,NiS1-xSex Nanoparticles Anchored on Nitrogen-Doped Reduced Graphene Oxide as Highly Stable Anode for Sodium-Ion Battery,2022,10.3390/pr10030566,PROCESSES,WOS:000774250800001,unlabeled_pool,2178
WOS:000509377600001,Synthesis of Nitrogen-Doped Mesoporous Structures from Metal-Organic Frameworks and Their Utilization Enabling High Performances in Hybrid Sodium-Ion Energy Storages,2020,10.1002/advs.201902986,ADVANCED SCIENCE,WOS:000509377600001,unlabeled_pool,2179
WOS:001455668800001,Enhanced Stability of Sodium-Ion Batteries by Controlling the Synthesis Process of Binary Metal Sulfides,2025,10.1002/smll.202412776,SMALL,WOS:001455668800001,unlabeled_pool,2180
WOS:000779735200001,Copper nanowire-derived one-dimensional hollow copper sulfides as electrode materials for sodium-ion batteries,2022,10.1039/d2ce00245k,CRYSTENGCOMM,WOS:000779735200001,unlabeled_pool,2181
WOS:000536690000028,Rational design of high nitrogen-doped and core-shell/mesoporous carbon nanospheres with high rate capability and cycling longevity for pseudocapacitive sodium storage,2020,10.1039/d0ta03229h,JOURNAL OF MATERIALS CHEMISTRY A,WOS:000536690000028,unlabeled_pool,2182
WOS:000402931200018,Fixed-bed assisted synthesis SnO2/SnS2/CNTs composite for enhanced sodium storage performance,2017,10.1016/j.jallcom.2017.05.055,JOURNAL OF ALLOYS AND COMPOUNDS,WOS:000402931200018,unlabeled_pool,2183
WOS:000724484800008,High-rate capability of three-dimensional CNTs-decorated NaTi2(PO4)3@C microspheres for sodium energy storage,2022,10.1016/j.ceramint.2021.09.303,CERAMICS INTERNATIONAL,WOS:000724484800008,unlabeled_pool,2184
WOS:001371554900004,Effect of calcination temperature on the microstructure and electrochemical performance of NaFePO4/C cathode materials for sodium-ion battery,2024,10.1007/s10854-024-13986-3,JOURNAL OF MATERIALS SCIENCE-MATERIALS IN ELECTRONICS,WOS:001371554900004,unlabeled_pool,2185
WOS:000493963500001,Improve electrochemical performances of SnS2/C by destroying the crystal structure,2020,10.1007/s11581-019-03268-y,IONICS,WOS:000493963500001,unlabeled_pool,2186
WOS:000946106600001,Petroleum-Pitch-Based Carbon Nanocages Encapsulated Few-Layer MoS2 with S Vacancies for a High-Performance Sodium-Ion Battery,2023,10.1021/acs.energyfuels.2c04104,ENERGY & FUELS,WOS:000946106600001,unlabeled_pool,2187
WOS:001402299200001,Construction of porous-carbon supported core-shell SnO2@BaTiO3 nanosphere heterostructures as anode for high-performance sodium-ion battery,2025,10.1016/j.jpowsour.2024.236160,JOURNAL OF POWER SOURCES,WOS:001402299200001,unlabeled_pool,2188
WOS:000459580000011,Exploring the sodium ion storage mechanism of gallium sulfide (Ga2S3): a combined experimental and theoretical approach,2019,10.1039/c8nr09356c,NANOSCALE,WOS:000459580000011,unlabeled_pool,2189
WOS:000605328400015,Unraveling the stabilization mechanism of solid electrolyte interface on ZnSe by rGO in sodium ion battery,2021,10.1016/j.jechem.2020.05.046,JOURNAL OF ENERGY CHEMISTRY,WOS:000605328400015,unlabeled_pool,2190
WOS:000385469000050,3D-0D Graphene-Fe3O4 Quantum Dot Hybrids as High-Performance Anode Materials for Sodium-Ion Batteries,2016,10.1021/acsami.6b09496,ACS APPLIED MATERIALS & INTERFACES,WOS:000385469000050,unlabeled_pool,2191
WOS:001266424300001,Mo6+ bifunctional substitution of P2-type manganese oxide for high performance sodium-ion batteries,2024,10.1016/j.cej.2024.152405,CHEMICAL ENGINEERING JOURNAL,WOS:001266424300001,unlabeled_pool,2192
WOS:000458706900088,High-Capacity Hard Carbon Pyrolyzed from Subbituminous Coal as Anode for Sodium-Ion Batteries,2019,10.1021/acsaem.8b01784,ACS APPLIED ENERGY MATERIALS,WOS:000458706900088,unlabeled_pool,2193
WOS:000951943700001,K+-doped P2-Na0.67Fe0.5Mn0.5O2 cathode for highly enhanced rate performance sodium-ion battery,2023,10.1016/j.jallcom.2023.169482,JOURNAL OF ALLOYS AND COMPOUNDS,WOS:000951943700001,unlabeled_pool,2194
WOS:000454836700031,CuO-Coated and Cu2+-doped Co-modified P2-type Na2/3[Ni1/3Mn2/3]O2 for sodium-ion batteries,2019,10.1039/c8cp06248j,PHYSICAL CHEMISTRY CHEMICAL PHYSICS,WOS:000454836700031,unlabeled_pool,2195
WOS:000461537600076,Rayleigh-Instability-Induced Bismuth Nanorod@Nitrogen-Doped Carbon Nanotubes as A Long Cycling and High Rate Anode for Sodium-Ion Batteries,2019,10.1021/acs.nanolett.8b05189,NANO LETTERS,WOS:000461537600076,unlabeled_pool,2196
WOS:001232519400001,Cobalt-catalyzed soft-hard carbon composite anodes for enhanced sodium-ion storage,2024,10.1016/j.ssi.2024.116555,SOLID STATE IONICS,WOS:001232519400001,unlabeled_pool,2197
WOS:000620814500002,Sulfur vacancies and morphology dependent sodium storage properties of MoS2-x and its sodiation/desodiation mechanism,2021,10.1016/j.jcis.2020.12.124,JOURNAL OF COLLOID AND INTERFACE SCIENCE,WOS:000620814500002,unlabeled_pool,2198
WOS:001608057400010,Yolk-shell FeS2/CuS@NSC with synergistic effect of heterojunction and carbon confinement for advanced sodium-ion battery,2025,10.1016/j.cej.2025.169949,CHEMICAL ENGINEERING JOURNAL,WOS:001608057400010,unlabeled_pool,2199
WOS:000763523100001,Bismuth and its nanocomposite: Reaction mechanism and rational nanocomposite fabrication process for superior sodium-ion battery anodes,2022,10.1002/er.7819,INTERNATIONAL JOURNAL OF ENERGY RESEARCH,WOS:000763523100001,unlabeled_pool,2200
WOS:000825278300001,Biomass-Assisted Synthesis of Tiny Tin Nanoparticles Embedded in Nitrogen/Oxygen Self-Doped Carbon Nanosheets as High Performance Anode Materials for Sodium-Ion Batteries,2022,10.1002/slct.202200892,CHEMISTRYSELECT,WOS:000825278300001,unlabeled_pool,2201
WOS:001247027500001,Amorphous Fe2O3 Anchored on N-Doped Graphene with Internal Micro-Channels as an Active and Durable Anode for Sodium-Ion Batteries,2024,10.3390/nano14110937,NANOMATERIALS,WOS:001247027500001,unlabeled_pool,2202
WOS:000413390100013,"Improving the sodium storage capacity of tunnel structured NaxFexTi2-xO4 (x=1, 0.9 & 0.8) anode materials by tuning sodium deficiency",2017,10.1016/j.jpowsour.2017.08.112,JOURNAL OF POWER SOURCES,WOS:000413390100013,unlabeled_pool,2203
WOS:000793567700004,Binary self-assembly of ordered Bi4Se3/Bi2O2Se lamellar architecture embedded into CNTs@Graphene as a binder-free electrode for superb Na-Ion storage,2022,10.1016/j.jcis.2022.03.129,JOURNAL OF COLLOID AND INTERFACE SCIENCE,WOS:000793567700004,unlabeled_pool,2204
WOS:000722864700003,Few-layered MoS2 with S-vacancies anchored on N-doped carbon flower for high performance sodium storage,2022,10.1016/j.jallcom.2021.162514,JOURNAL OF ALLOYS AND COMPOUNDS,WOS:000722864700003,unlabeled_pool,2205
WOS:001318043500001,Enhancing electric field intensity of interfacial electric double layer to improve properties of solid electrolyte interface for sodium-ion batteries,2025,10.1016/j.apsusc.2024.161202,APPLIED SURFACE SCIENCE,WOS:001318043500001,unlabeled_pool,2206
WOS:000571763400001,Se-C Bonding Promoting Fast and Durable Na+Storage in Yolk-Shell SnSe2@Se-C,2020,10.1002/smll.202002486,SMALL,WOS:000571763400001,unlabeled_pool,2207
WOS:001422555800001,A Generic Si-Doped Strategy for Hard Carbon Derived from Wuliangye Distillers' Grains to Achieve High-Performance Sodium Ion Batteries,2025,10.1021/acsami.4c17922,ACS APPLIED MATERIALS & INTERFACES,WOS:001422555800001,unlabeled_pool,2208
WOS:000446234700015,NaTi2(PO4)3@C nanoparticles embedded in 2D sulfur-doped graphene sheets as high-performance anode materials for sodium energy storage,2018,10.1016/j.electacta.2018.08.061,ELECTROCHIMICA ACTA,WOS:000446234700015,unlabeled_pool,2209
WOS:001235365300001,Epitaxial growth of Cu2-x Se on Cu (220) crystal plane as high property anode for sodium storage,2024,10.1016/j.cclet.2023.108922,CHINESE CHEMICAL LETTERS,WOS:001235365300001,unlabeled_pool,2210
WOS:000879863700001,Electrochemical Sodiation Mechanism in Magnetite Nanoparticle-Based Anodes: Understanding of Nanoionics-Based Sodium Ion Storage Behavior of Fe3O4,2022,10.1021/acsami.2c13016,ACS APPLIED MATERIALS & INTERFACES,WOS:000879863700001,unlabeled_pool,2211
WOS:000388913900022,Chemical Inhibition Method to Synthesize Highly Crystalline Prussian Blue Analogs for Sodium-Ion Battery Cathodes,2016,10.1021/acsami.6b10884,ACS APPLIED MATERIALS & INTERFACES,WOS:000388913900022,unlabeled_pool,2212
WOS:000371946300078,Amorphous Phosphorus/Nitrogen-Doped Graphene Paper for Ultrastable Sodium-Ion Batteries,2016,10.1021/acs.nanolett.6b00057,NANO LETTERS,WOS:000371946300078,unlabeled_pool,2213
WOS:000555507000010,Operando Sodiation Mechanistic Study of a New Antimony-Based Intermetallic CoSb as a High-Performance Sodium-Ion Battery Anode,2020,10.1021/acs.jpcc.0c03556,JOURNAL OF PHYSICAL CHEMISTRY C,WOS:000555507000010,unlabeled_pool,2214
WOS:000471976400015,Fiber-in-Tube Design of Co9S8-Carbon/Co9S8: Enabling Efficient Sodium Storage,2019,10.1002/anie.201900076,ANGEWANDTE CHEMIE-INTERNATIONAL EDITION,WOS:000471976400015,unlabeled_pool,2215
WOS:001259853200001,Boosting pseudocapacitive sodium storage while restraining the shuttle effect of polysulfides in holey nickel disulfide nanoplatelets by a polypyrrole-coating strategy,2024,10.1016/j.apsusc.2024.160524,APPLIED SURFACE SCIENCE,WOS:001259853200001,unlabeled_pool,2216
WOS:001485525800001,Enhanced electrochemical performance of Na2FeP2O7 cathode material for sodium-ion batteries through composite with Cu3(PO4)2,2025,10.1088/1361-6463/add307,JOURNAL OF PHYSICS D-APPLIED PHYSICS,WOS:001485525800001,unlabeled_pool,2217
WOS:000973859200001,The effect of the iron doping on anatase TiO2 anode for electrochemical performance of sodium-ion batteries,2023,10.1016/j.ssi.2023.116168,SOLID STATE IONICS,WOS:000973859200001,unlabeled_pool,2218
WOS:001126656100004,Ternary-phase layered cathodes toward ultra-stable and high-rate sodium ion storage,2024,10.1007/s12598-023-02523-6,RARE METALS,WOS:001126656100004,unlabeled_pool,2219
WOS:000424643900049,Facile and fast Na-ion intercalation employing amorphous black TiO2-x/C composite nanofiber anodes,2018,10.1016/j.electacta.2018.01.085,ELECTROCHIMICA ACTA,WOS:000424643900049,unlabeled_pool,2220
WOS:000412230200008,In-situ phase transition to form porous h-MoO3@C nanofibers with high stability for Li+/Na+ storage,2017,10.1007/s40843-017-9074-x,SCIENCE CHINA-MATERIALS,WOS:000412230200008,unlabeled_pool,2221
WOS:001300032500007,Regulating bond structure and local electronic state optimizes the cycling stability of layered sodium-ion cathode materials,2024,10.1007/s00339-024-07839-3,APPLIED PHYSICS A-MATERIALS SCIENCE & PROCESSING,WOS:001300032500007,unlabeled_pool,2222
WOS:000819882500011,NiP2/C nanocomposite as a high performance anode for sodium ion batteries,2022,10.1016/j.electacta.2021.139686,ELECTROCHIMICA ACTA,WOS:000819882500011,unlabeled_pool,2223
WOS:000444924500012,Ultralong Life Organic Sodium Ion Batteries Using a Polyimide/Multiwalled Carbon Nanotubes Nanocomposite and Gel Polymer Electrolyte,2018,10.1021/acssuschemeng.7b04561,ACS SUSTAINABLE CHEMISTRY & ENGINEERING,WOS:000444924500012,unlabeled_pool,2224
WOS:000440505000065,Cross-Linking Hollow Carbon Sheet Encapsulated CuP2 Nanocomposites for High Energy Density Sodium-Ion Batteries,2018,10.1021/acsnano.8b02721,ACS NANO,WOS:000440505000065,unlabeled_pool,2225
WOS:001610703500001,Accelerating cathode discovery for sodium-ion batteries via transfer learning and cross-ion voltage prediction,2025,10.1016/j.ensm.2025.104710,ENERGY STORAGE MATERIALS,WOS:001610703500001,unlabeled_pool,2226
WOS:000369200000001,Reinstating lead for high-loaded efficient negative electrode for rechargeable sodium-ion battery,2016,10.1016/j.jpowsour.2015.10.087,JOURNAL OF POWER SOURCES,WOS:000369200000001,unlabeled_pool,2227
WOS:001491839300001,Surface Air Stability of Layered Transition Metal Oxide NaMnO2 with Different Crystalline Phases,2025,10.1021/acs.jpcc.5c01680,JOURNAL OF PHYSICAL CHEMISTRY C,WOS:001491839300001,unlabeled_pool,2228
WOS:001496687600001,Enhanced Sodium Storage Performance of Few-Layer Graphene-Encapsulated Hard Carbon Fiber Composite Electrodes,2025,10.3390/batteries11050203,BATTERIES-BASEL,WOS:001496687600001,unlabeled_pool,2229
WOS:000372045400007,Biochemistry-derived porous carbon-encapsulated metal oxide nanocrystals for enhanced sodium storage,2016,10.1016/j.nanoen.2015.12.003,NANO ENERGY,WOS:000372045400007,unlabeled_pool,2230
WOS:000780566200004,Bipyridine carboxylic acid as a high-performance anode material for lithium- and sodium-ion batteries,2022,10.1016/j.electacta.2021.139628,ELECTROCHIMICA ACTA,WOS:000780566200004,unlabeled_pool,2231
WOS:000430700500033,Nanoflake- assembled three-dimensional Na3V2(PO4)3/C cathode for high performance sodium ion batteries,2018,10.1016/j.cej.2017.10.164,CHEMICAL ENGINEERING JOURNAL,WOS:000430700500033,unlabeled_pool,2232
WOS:001276391400001,Rare earth element La doping of Na2FePO4F to improve sodium ions storage electrochemical performance,2024,10.1016/j.ces.2024.120522,CHEMICAL ENGINEERING SCIENCE,WOS:001276391400001,unlabeled_pool,2233
WOS:000862898800001,Versatile Fe2GeS4 for Li/Na-Fe2GeS4 battery cathodes and Li/Na-ion battery anodes,2022,10.1039/d2ta06471e,JOURNAL OF MATERIALS CHEMISTRY A,WOS:000862898800001,unlabeled_pool,2234
WOS:000442731100026,Lithium-Pretreated Hard Carbon as High-Performance Sodium-Ion Battery Anodes,2018,10.1002/aenm.201801441,ADVANCED ENERGY MATERIALS,WOS:000442731100026,unlabeled_pool,2235
WOS:000711318400011,Designing advanced sandwiched 2D NC/MoSe2 @N-doped carbon arrays as new anode materials for efficient sodium storage,2021,10.1016/j.electacta.2021.139369,ELECTROCHIMICA ACTA,WOS:000711318400011,unlabeled_pool,2236
WOS:000718372500001,Versatile Preparation of Mesoporous Single-Layered Transition-Metal Sulfide/Carbon Composites for Enhanced Sodium Storage,2022,10.1002/adma.202104427,ADVANCED MATERIALS,WOS:000718372500001,unlabeled_pool,2237
WOS:000451004100016,Role of N-Propyl-N-Methyl Pyrrolidinium bis(trifluoromethanesulfonyl)imide as an Electrolyte Additive in Sodium Battery Electrochemistry,2018,10.1002/ente.201800123,ENERGY TECHNOLOGY,WOS:000451004100016,unlabeled_pool,2238
WOS:000817843100001,Cu-V bimetallic selenide with synergistic effect for high-rate and long-life sodium storage,2022,10.1557/s43578-022-00623-0,JOURNAL OF MATERIALS RESEARCH,WOS:000817843100001,unlabeled_pool,2239
WOS:000885042600001,The recent advances of NASICON-Na3V2(PO4)3 cathode materials for sodium-ion batteries,2023,10.1016/j.jssc.2022.123669,JOURNAL OF SOLID STATE CHEMISTRY,WOS:000885042600001,unlabeled_pool,2240
WOS:001538640700002,"Improved graphene-based sodium-ion battery anodes using low surface area, low temperature reduced graphene oxide powders",2025,10.1016/j.carbon.2025.120608,CARBON,WOS:001538640700002,unlabeled_pool,2241
WOS:000496516600001,Construction of 1T-MoSe2/TiC@C Branch-Core Arrays as Advanced Anodes for Enhanced Sodium Ion Storage,2020,10.1002/cssc.201902565,CHEMSUSCHEM,WOS:000496516600001,unlabeled_pool,2242
WOS:001462248900001,Boosted electrochemical performance of sodium-ion batteries via Sn-Fe binary metal sulfides as anode materials,2025,10.1016/j.electacta.2025.146148,ELECTROCHIMICA ACTA,WOS:001462248900001,unlabeled_pool,2243
WOS:001509950300001,Unlocking the High Rate Performance of Na0.44MnO2 with a Boron Doping Strategy,2025,10.1002/batt.202500029,BATTERIES & SUPERCAPS,WOS:001509950300001,unlabeled_pool,2244
WOS:000410006200111,A Polymer-Infused Solid-State Synthesis of a Long Cycle-Life Na3V2\(PO4)3/C Composite,2017,10.1021/acssuschemeng.7b02355,ACS SUSTAINABLE CHEMISTRY & ENGINEERING,WOS:000410006200111,unlabeled_pool,2245
WOS:001509211800001,Facile construction of high-performance sodium-ion battery anodes from sulfur-oxygen synergistically modified anthracite coal,2025,10.1016/j.jallcom.2025.180814,JOURNAL OF ALLOYS AND COMPOUNDS,WOS:001509211800001,unlabeled_pool,2246
WOS:000917107700001,Biphenylene network as sodium ion battery anode material,2023,10.1039/d2cp04752g,PHYSICAL CHEMISTRY CHEMICAL PHYSICS,WOS:000917107700001,unlabeled_pool,2247
WOS:000618839200061,Improving the Electrochemical Performance of Na3V2(PO4)3 Cathode in Na-Ion Batteries by Si-Doping,2020,10.1021/acsaem.0c02188,ACS APPLIED ENERGY MATERIALS,WOS:000618839200061,unlabeled_pool,2248
WOS:000376824700016,Graphene wrapped NASICON-type Fe2(MoO4)3 nanoparticles as a ultra-high rate cathode for sodium ion batteries,2016,10.1016/j.nanoen.2016.04.021,NANO ENERGY,WOS:000376824700016,unlabeled_pool,2249
WOS:000389086900005,The electrochemical performance of aqueous rechargeable battery of Zn/Na0.44MnO2 based on hybrid electrolyte,2016,10.1016/j.jpowsour.2016.10.053,JOURNAL OF POWER SOURCES,WOS:000389086900005,unlabeled_pool,2250
WOS:000397353700009,Mo2C/N-doped carbon nanowires as anode materials for sodium-ion batteries,2017,10.1016/j.matlet.2017.02.015,MATERIALS LETTERS,WOS:000397353700009,unlabeled_pool,2251
WOS:000913568200001,Rechargeable sodium-ion battery based on a cathode of copper hexacyanoferrate,2023,10.1007/s10008-023-05388-y,JOURNAL OF SOLID STATE ELECTROCHEMISTRY,WOS:000913568200001,unlabeled_pool,2252
WOS:000634759500053,Autonomous Self-Healing Strategy for Stable Sodium-Ion Battery: A Case Study of Black Phosphorus Anodes,2021,10.1021/acsami.0c22464,ACS APPLIED MATERIALS & INTERFACES,WOS:000634759500053,unlabeled_pool,2253
WOS:000447555400032,"Sodium storage behavior of Na0.66Ni0.33-xZnxMn0.67O<sub >2 (x=0, 0.07 and 0.14) positive materials in diglyme-based electrolytes",2018,10.1016/j.jpowsour.2018.08.037,JOURNAL OF POWER SOURCES,WOS:000447555400032,unlabeled_pool,2254
WOS:000387737200036,Size and Composition Effects in Sb-Carbon Nanocomposites for Sodium-Ion Batteries,2016,10.1021/acsami.6b09619,ACS APPLIED MATERIALS & INTERFACES,WOS:000387737200036,unlabeled_pool,2255
WOS:001158013600001,Design of slurries for 3D printing of sodium-ion battery electrodes,2024,10.1016/j.jmapro.2023.12.042,JOURNAL OF MANUFACTURING PROCESSES,WOS:001158013600001,unlabeled_pool,2256
WOS:000471201800043,1T MoS2 nanosheets with extraordinary sodium storage properties via thermal-driven ion intercalation assisted exfoliation of bulky MoS2,2019,10.1016/j.nanoen.2019.04.063,NANO ENERGY,WOS:000471201800043,unlabeled_pool,2257
WOS:000346212500022,TiO2-entrained tubular carbon nanofiber and its electrochemical properties in the rechargeable Na-ion battery system,2014,10.1016/j.applthermaleng.2014.06.066,APPLIED THERMAL ENGINEERING,WOS:000346212500022,unlabeled_pool,2258
WOS:000616169000001,An Attempt to Formulate Non-Carbonate Electrolytes for Sodium-Ion Batteries,2021,10.1002/batt.202000252,BATTERIES & SUPERCAPS,WOS:000616169000001,unlabeled_pool,2259
WOS:001186382100001,Nb-Se-C Thin Films Deposited by a 1064 nm Laser as Model Electrodes for Li+ and Na+ Storage,2024,10.1021/acsaem.3c02751,ACS APPLIED ENERGY MATERIALS,WOS:001186382100001,unlabeled_pool,2260
WOS:000511594800018,Cu3Ge coated by nitrogen-doped carbon nanorods as advanced sodium-ion battery anodes,2020,10.1007/s11581-019-03230-y,IONICS,WOS:000511594800018,unlabeled_pool,2261
WOS:001176501600025,Addition of Na3PO4 for Enhanced Positive Electrode Performance in All-Solid-State Sodium Batteries,2024,10.5796/electrochemistry.23-00143,ELECTROCHEMISTRY,WOS:001176501600025,unlabeled_pool,2262
WOS:001011320200001,Dynamic Electrode-Electrolyte Intermixing in Solid-State Sodium Nano-Batteries,2023,10.1021/acsami.2c23256,ACS APPLIED MATERIALS & INTERFACES,WOS:001011320200001,unlabeled_pool,2263
WOS:000809899400003,"A green route N, S-doped hard carbon derived from fruit-peel biomass waste as an anode material for rechargeable sodium-ion storage applications",2022,10.1016/j.electacta.2022.140573,ELECTROCHIMICA ACTA,WOS:000809899400003,unlabeled_pool,2264
WOS:000529798100013,"Ultrafine SnO2 nanoparticles anchored on N, P-doped porous carbon as anodes for high performance lithium-ion and sodium-ion batteries",2020,10.1016/j.jcis.2020.03.063,JOURNAL OF COLLOID AND INTERFACE SCIENCE,WOS:000529798100013,unlabeled_pool,2265
WOS:000473962800001,A 3D Trilayered CNT/MoSe2/C Heterostructure with an Expanded MoSe2 Interlayer Spacing for an Efficient Sodium Storage,2019,10.1002/aenm.201900567,ADVANCED ENERGY MATERIALS,WOS:000473962800001,unlabeled_pool,2266
WOS:001177676600001,Nanoconfinement of ultra-small Bi2Te3 nanocrystals on reduced graphene oxide: a pathway to high-performance sodium-ion battery anodes,2024,10.1039/d3nr06420d,NANOSCALE,WOS:001177676600001,unlabeled_pool,2267
WOS:000895272200001,Tailored chemically bonded metal phosphide@carbon nanowire arrays on foam metal as an all-in-one anode for ultrahigh-area-capacity sodium-ion batteries,2023,10.1016/j.cej.2022.140402,CHEMICAL ENGINEERING JOURNAL,WOS:000895272200001,unlabeled_pool,2268
WOS:001199447500001,"Deciphering the Performance Enhancement, Cell Failure Mechanism, and Amelioration Strategy of Sodium Storage in Metal Chalcogenides-Based Andes",2024,10.1002/adma.202314271,ADVANCED MATERIALS,WOS:001199447500001,unlabeled_pool,2269
WOS:000499187400001,Synthesis of V2O5/Fe2V4O13 Nanocomposite Materials using In situ Phase Separation and the Electrochemical Performance for Sodium Storage,2020,10.3866/pku.whxb201906046,ACTA PHYSICO-CHIMICA SINICA,WOS:000499187400001,unlabeled_pool,2270
WOS:001551985700001,High-Entropy Local Microenvironment-Catalyzed Tandem Reaction Achieves Superfast Sodium Storage Anode,2025,10.1021/acsnano.5c07940,ACS NANO,WOS:001551985700001,unlabeled_pool,2271
WOS:000443117300034,Na-ion battery cathode materials prepared by electrochemical ion exchange from alumina-coated Li1+xMn0.54Co0.13Ni0.1+y O2,2018,10.1039/c8ta05068f,JOURNAL OF MATERIALS CHEMISTRY A,WOS:000443117300034,unlabeled_pool,2272
WOS:001313050200001,Investigation of Solid Polymer Electrolytes for NASICON-Type Solid-State Symmetric Sodium-Ion Battery,2024,10.1021/acsami.4c10189,ACS APPLIED MATERIALS & INTERFACES,WOS:001313050200001,unlabeled_pool,2273
WOS:001344649200001,X-Ray Absorption and X-Ray Emission Spectroscopy Study of a Molybdenum Disulfide Anode in a Sodium-Ion Half-Cell,2025,10.1002/pssb.202400272,PHYSICA STATUS SOLIDI B-BASIC SOLID STATE PHYSICS,WOS:001344649200001,unlabeled_pool,2274
WOS:000581738300101,Unveiling the microscopic origin of asymmetric phase transformations in (de)sodiated Sb2Se3 with in situ transmission electron microscopy,2020,10.1016/j.nanoen.2020.105299,NANO ENERGY,WOS:000581738300101,unlabeled_pool,2275
WOS:000458504800022,Designed formation of nitrogen and sulfur dual-doped hierarchically porous carbon for long-life lithium and sodium ion batteries,2019,10.1016/j.cej.2019.01.158,CHEMICAL ENGINEERING JOURNAL,WOS:000458504800022,unlabeled_pool,2276
WOS:000695393600001,Na2/3MnO2 nanoplates with exposed active planes as superior electrochemical performance sodium-ion batteries,2021,10.1007/s11581-021-04250-3,IONICS,WOS:000695393600001,unlabeled_pool,2277
WOS:001050554700001,"Rational design of nitrogen (N), boron (B), and phosphorous (P) tri-doped carbon nano-spheres as advanced anode materials for sodium-ion batteries with an ultra-long lifespan",2023,10.1016/j.jcis.2023.07.082,JOURNAL OF COLLOID AND INTERFACE SCIENCE,WOS:001050554700001,unlabeled_pool,2278
WOS:000851538400001,New insights into the outstanding performances of nickeldoped manganese oxide nanoparticles embedded in a 3D carbon nanopipes framework as anode for lithium and sodium-ion batteries,2022,10.1002/er.8550,INTERNATIONAL JOURNAL OF ENERGY RESEARCH,WOS:000851538400001,unlabeled_pool,2279
WOS:000560314800009,N-doped carbon confined Na3V2(PO4)3 derived from an organophosphonic acid as a high-performance cathode for sodium-ion batteries,2020,10.1016/j.jallcom.2020.156118,JOURNAL OF ALLOYS AND COMPOUNDS,WOS:000560314800009,unlabeled_pool,2280
WOS:001183381500001,Investigation of structural & interfacial properties of hard carbon electrodes from cotton snippets toward sustainable sodium-ion batteries,2024,10.1016/j.susmat.2024.e00846,SUSTAINABLE MATERIALS AND TECHNOLOGIES,WOS:001183381500001,unlabeled_pool,2281
WOS:000498052700030,Enhanced cyclability and dynamic properties of P2-type Na0.59Co0.20Mn0.80O2 cathode by B-doping for sodium storage,2020,10.1016/j.chemphys.2019.110582,CHEMICAL PHYSICS,WOS:000498052700030,unlabeled_pool,2282
WOS:001265708500001,"Facile fabrication of high-performance S, N-co-doped carbon-coated pyrrhotite for lithium and sodium storage",2024,10.1016/j.jallcom.2024.175341,JOURNAL OF ALLOYS AND COMPOUNDS,WOS:001265708500001,unlabeled_pool,2283
WOS:000682145900001,Superior sodium storage of Na3V(PO3)3N nanofibers as a high voltage cathode for flexible sodium-ion battery devices,2021,10.1088/1361-6528/ac1718,NANOTECHNOLOGY,WOS:000682145900001,unlabeled_pool,2284
WOS:000749786600002,Graphene-like ultrathin bismuth selenide nanosheets as highly stable anode material for sodium-ion battery,2022,10.1016/j.jallcom.2021.163572,JOURNAL OF ALLOYS AND COMPOUNDS,WOS:000749786600002,unlabeled_pool,2285
WOS:000684526800017,Conversion of hydroxide into carbon-coated phosphide using plasma for sodium ion batteries,2022,10.1007/s12274-021-3738-8,NANO RESEARCH,WOS:000684526800017,unlabeled_pool,2286
WOS:000529939800026,One-step solid-state reaction synthesis of β-NaFeO2 nanopebble as high capacity cathode material for sodium ion batteries,2020,10.1016/j.matlet.2020.127739,MATERIALS LETTERS,WOS:000529939800026,unlabeled_pool,2287
WOS:001574176000001,Molecularly Engineered Porphyrin-Intercalated V2O5 for Advanced Sodium-Ion Battery Cathodes,2025,10.1002/smll.202508244,SMALL,WOS:001574176000001,unlabeled_pool,2288
WOS:000613720100021,Monitoring the Sodiation Mechanism of Anatase TiO2 Nanoparticle-Based Electrodes for Sodium-Ion Batteries by Operando XANES Measurements,2021,10.1021/acsaem.0c02025,ACS APPLIED ENERGY MATERIALS,WOS:000613720100021,unlabeled_pool,2289
WOS:000427511200047,In-situ transformation into MoSe2/MoO3 heterogeneous nanostructures with enhanced electrochemical performance as anode material for sodium ion battery,2018,10.1016/j.jallcom.2018.02.037,JOURNAL OF ALLOYS AND COMPOUNDS,WOS:000427511200047,unlabeled_pool,2290
WOS:001243059000001,A NASICON-type Na3.67Cu0.17Fe0.5V1.33(PO<su b>4)3 cathode with multi-electron reaction for high-energy sodium-ion battery,2024,10.1039/d4qm00318g,MATERIALS CHEMISTRY FRONTIERS,WOS:001243059000001,unlabeled_pool,2291
WOS:001497480200001,Phase Transition during Sintering of Layered Transition Metal Oxide Sodium Cathodes,2025,10.1021/acs.nanolett.5c01518,NANO LETTERS,WOS:001497480200001,unlabeled_pool,2292
WOS:000773228600001,MgO-Coated Layered Cathode Oxide With Enhanced Stability for Sodium-Ion Batteries,2022,10.3389/fenrg.2022.847818,FRONTIERS IN ENERGY RESEARCH,WOS:000773228600001,unlabeled_pool,2293
WOS:000385901300052,Anatase TiO2-reduced graphene oxide nanostructures with high-rate sodium storage performance,2017,10.1016/j.jallcom.2016.08.140,JOURNAL OF ALLOYS AND COMPOUNDS,WOS:000385901300052,unlabeled_pool,2294
WOS:000910971200001,WSe2/CoSe2 nanocrystals in situ growth on three-dimensional carbon nanofibers as anode material for long-life and high-rate sodium-ion batteries,2023,10.1016/j.jallcom.2022.168417,JOURNAL OF ALLOYS AND COMPOUNDS,WOS:000910971200001,unlabeled_pool,2295
WOS:001495317300004,Rational tailoring the hetero-architectures of Ni2P/CoP2 for stable and high-power sodium-ion batteries,2025,10.1016/j.est.2025.117026,JOURNAL OF ENERGY STORAGE,WOS:001495317300004,unlabeled_pool,2296
WOS:000565900900002,"A 3D porous honeycomb carbon as Na-ion battery anode material with high capacity, excellent rate performance, and robust stability",2020,10.1016/j.carbon.2020.06.070,CARBON,WOS:000565900900002,unlabeled_pool,2297
WOS:001510202000001,Design of Manganese-Cobalt Layered Double Hydroxide Nanomaterials Coupled with Solution-Based Graphene as Anode Materials for Sodium-Ion Batteries,2025,10.1021/acsanm.5c02200,ACS APPLIED NANO MATERIALS,WOS:001510202000001,unlabeled_pool,2298
WOS:001293688700001,Reconstructing Helmholtz Plane Enables Robust F-Rich Interface for Long-Life and High-Safe Sodium-Ion Batteries,2024,10.1002/anie.202407717,ANGEWANDTE CHEMIE-INTERNATIONAL EDITION,WOS:001293688700001,unlabeled_pool,2299
WOS:001525575900001,FePS3-Ti3C2Tx (2D-2D) heterostructure anode for high interfacial and pseudocapacitive Na-ion storage,2025,10.1088/2053-1583/ade79c,2D MATERIALS,WOS:001525575900001,unlabeled_pool,2300
WOS:000720141000001,CuFeS2 anchored in ethylenediamine-modified reduced graphene oxide as an anode material for sodium ion batteries,2022,10.1016/j.matlet.2021.131164,MATERIALS LETTERS,WOS:000720141000001,unlabeled_pool,2301
WOS:001505658900001,Stable Cycling Performance of P2/O3-Type Layered Oxide Cathodes Through Li/Sn Co-Doping for Sodium-Ion Batteries,2025,10.1002/asia.202500461,CHEMISTRY-AN ASIAN JOURNAL,WOS:001505658900001,unlabeled_pool,2302
WOS:000582384200029,"Two-dimensional 1T-PS2 as a promising anode material for sodium-ion batteries with ultra-high capacity, low average voltage and appropriate mobility",2020,10.1016/j.cclet.2020.04.045,CHINESE CHEMICAL LETTERS,WOS:000582384200029,unlabeled_pool,2303
WOS:001438514600001,MXene-based in situ etching growth of FeSe2 heterostructures for ultra-high cycle stable sodium storage,2025,10.1016/j.est.2025.115941,JOURNAL OF ENERGY STORAGE,WOS:001438514600001,unlabeled_pool,2304
WOS:001188209200001,Carbon coated Sn/SnO2 nanoparticles filmed on multilayer graphene for high-performance sodium ion batteries,2024,10.1016/j.ica.2024.121970,INORGANICA CHIMICA ACTA,WOS:001188209200001,unlabeled_pool,2305
WOS:000920726100001,S-vacancies manipulating enhances Na+ insertion of MoS2 for efficient sodium-ion storage,2023,10.1016/j.cej.2022.141116,CHEMICAL ENGINEERING JOURNAL,WOS:000920726100001,unlabeled_pool,2306
WOS:000557375200012,Revealing the Structural Evolution and Phase Transformation of O3-Type NaNi1/3Fe1/3Mn1/3O2 Cathode Material on Sintering and Cycling Processes,2020,10.1021/acsaem.0c00475,ACS APPLIED ENERGY MATERIALS,WOS:000557375200012,unlabeled_pool,2307
WOS:001574477600001,Cobalt and zinc columbite compounds as new anode materials for Na-ion batteries,2025,10.1039/d5ra05710h,RSC ADVANCES,WOS:001574477600001,unlabeled_pool,2308
WOS:000397314200005,Low temperature carbonization of cellulose nanocrystals for high performance carbon anode of sodium-ion batteries,2017,10.1016/j.nanoen.2017.01.021,NANO ENERGY,WOS:000397314200005,unlabeled_pool,2309
WOS:001134734300001,The Catalytic Effect of Graphene Oxide on Magnesium Hydride-Based Anode for Lithium/Sodium-Ion Battery,2024,10.1149/1945-7111/ad0c6a,JOURNAL OF THE ELECTROCHEMICAL SOCIETY,WOS:001134734300001,unlabeled_pool,2310
WOS:000978066600001,Induced bimetallic sulfide growth with reduced graphene oxide for high-performance sodium storage,2023,10.1016/j.jcis.2023.03.207,JOURNAL OF COLLOID AND INTERFACE SCIENCE,WOS:000978066600001,unlabeled_pool,2311
WOS:000452694100046,Marriage of an Ether-Based Electrolyte with Hard Carbon Anodes Creates Superior Sodium-Ion Batteries with High Mass Loading,2018,10.1021/acsami.8b15274,ACS APPLIED MATERIALS & INTERFACES,WOS:000452694100046,unlabeled_pool,2312
WOS:000516714200067,"Microwave-assisted synthesis of platelet-like cobalt metal-organic framework, its transformation to porous layered cobalt-carbon nanocomposite discs and their utilization as anode materials in sodium-ion batteries",2020,10.1016/j.est.2019.101113,JOURNAL OF ENERGY STORAGE,WOS:000516714200067,unlabeled_pool,2313
WOS:001383440500001,Development of Biomass-Derived Hard Carbon for Sodium-Ion Batteries: Optimizing Microstructure and Electrochemical Performance,2025,10.1002/elan.202400369,ELECTROANALYSIS,WOS:001383440500001,unlabeled_pool,2314
WOS:000369044100084,NASICON-Structured NaTi2(PO4)3@C Nanocomposite as the Low Operation-Voltage Anode Material for High-Performance Sodium Ion Batteries,2016,10.1021/acsami.5b11003,ACS APPLIED MATERIALS & INTERFACES,WOS:000369044100084,unlabeled_pool,2315
WOS:000330158900090,One-Dimensional Carbon-Sulfur Composite Fibers for Na-S Rechargeable Batteries Operating at Room Temperature,2013,10.1021/nl402513x,NANO LETTERS,WOS:000330158900090,unlabeled_pool,2316
WOS:000547341500005,Breaking the limitation of sodium-ion storage for nanostructured carbon anode by engineering desolvation barrier with neat electrolytes,2020,10.1016/j.nanoen.2020.104895,NANO ENERGY,WOS:000547341500005,unlabeled_pool,2317
WOS:001489769300001,Interlayer modulation of the lepidocrocite-type titanate via intercalation of the tetraalkylammonium ions for high-performance sodium-ion batteries,2025,10.1016/j.mseb.2025.118335,MATERIALS SCIENCE AND ENGINEERING B-ADVANCED FUNCTIONAL SOLID-STATE MATERIALS,WOS:001489769300001,unlabeled_pool,2318
WOS:001362493900001,Cu-Occupied Ni-Site O3-Type Layered NaNi0.5Mn0.5O2 with Enhanced Rate Performance for Sodium-ion Batteries,2025,10.1007/s11665-024-10290-3,JOURNAL OF MATERIALS ENGINEERING AND PERFORMANCE,WOS:001362493900001,unlabeled_pool,2319
WOS:001411693700024,Tailoring the microstructure of bamboo-derived hard carbon to realize high sodium storage,2024,10.1007/s11771-024-5833-y,JOURNAL OF CENTRAL SOUTH UNIVERSITY,WOS:001411693700024,unlabeled_pool,2320
WOS:000545689000042,"Cationic Hexagonal Boron Nitride, Graphene, and MoS2 Nanosheets Heteroassembled with Their Anionic Counterparts for Photocatalysis and Sodium-Ion Battery Applications",2020,10.1021/acsanm.0c00700,ACS APPLIED NANO MATERIALS,WOS:000545689000042,unlabeled_pool,2321
WOS:001506880200005,Real-time tracking of CoSe2@VSe2 anode evolution for stable sodium storage☆,2025,10.1016/j.cej.2025.164448,CHEMICAL ENGINEERING JOURNAL,WOS:001506880200005,unlabeled_pool,2322
WOS:001554968800003,Thermodynamic calculation-driven construction of long-life NiSb/NiS-G anode for sodium-ion battery,2025,10.1016/j.electacta.2025.146918,ELECTROCHIMICA ACTA,WOS:001554968800003,unlabeled_pool,2323
WOS:000579155500012,Second nearest-neighbor modified embedded atom method interatomic potentials for the Na unary and Na-Sn binary systems,2020,10.1016/j.commatsci.2020.109953,COMPUTATIONAL MATERIALS SCIENCE,WOS:000579155500012,unlabeled_pool,2324
WOS:001217137400001,Ultrafine Mn-rich P2-type Na 0.67 Fe 0.1 Mn 0.9 O 2 particles via combustion synthesis as high-performance sodium-ion battery cathode,2024,10.1016/j.est.2024.111534,JOURNAL OF ENERGY STORAGE,WOS:001217137400001,unlabeled_pool,2325
WOS:001621949800001,Nitrogen-doped carbon nanobox@medium-entropy transition metal selenide nanoparticles as advanced anode material for sodium-ion batteries,2026,10.1016/j.est.2025.119440,JOURNAL OF ENERGY STORAGE,WOS:001621949800001,unlabeled_pool,2326
WOS:000319030000022,Reduced graphene oxide with superior cycling stability and rate capability for sodium storage,2013,10.1016/j.carbon.2013.01.064,CARBON,WOS:000319030000022,unlabeled_pool,2327
WOS:000385495000007,P2-type Na0.67Mn0.72Ni0.14Co0.14O<su b>2 with K+ doping as new high rate performance cathode material for sodium-ion batteries,2016,10.1016/j.electacta.2016.09.003,ELECTROCHIMICA ACTA,WOS:000385495000007,unlabeled_pool,2328
WOS:000366307100029,Electrochemical Na-Insertion/Extraction Properties of Phosphorus Electrodes in Ionic Liquid Electrolytes,2015,,INTERNATIONAL JOURNAL OF ELECTROCHEMICAL SCIENCE,WOS:000366307100029,unlabeled_pool,2329
WOS:000468474000007,Effects of Different Atmosphere on Electrochemical Performance of Hard Carbon Electrode in Sodium Ion Battery,2019,10.1007/s13391-019-00143-w,ELECTRONIC MATERIALS LETTERS,WOS:000468474000007,unlabeled_pool,2330
WOS:000458596500020,Construction of carbon-coated nickel phosphide nanoparticle assembled submicrospheres with enhanced electrochemical properties for lithium/sodium-ion batteries,2019,10.1016/j.jcis.2018.11.093,JOURNAL OF COLLOID AND INTERFACE SCIENCE,WOS:000458596500020,unlabeled_pool,2331
WOS:001049772800001,Constructing atomically dispersed Snδ+ sites in porous carbon nanosheets to boost lithium-/sodium-storage capability,2023,10.1016/j.jallcom.2023.171218,JOURNAL OF ALLOYS AND COMPOUNDS,WOS:001049772800001,unlabeled_pool,2332
WOS:000560366800014,Tailoring the mesoporous ZnMn2O4 spheres as anode materials with excellent cycle stability for sodium-ion batteries,2020,10.1016/j.jallcom.2020.156018,JOURNAL OF ALLOYS AND COMPOUNDS,WOS:000560366800014,unlabeled_pool,2333
WOS:000569785200007,Adsorption and diffusion of lithium and sodium on the silicon nanowire with substrate for energy storage application: A first principles study,2020,10.1016/j.matchemphys.2020.123243,MATERIALS CHEMISTRY AND PHYSICS,WOS:000569785200007,unlabeled_pool,2334
WOS:000344218900001,Magnesium Terephthalate as an Organic Anode Material for Sodium Ion Batteries,2014,10.3866/pku.whxb201408052,ACTA PHYSICO-CHIMICA SINICA,WOS:000344218900001,unlabeled_pool,2335
WOS:001522374900001,Fe-Fe3O4/Fe7S8@CNSs Heterostructure Boosts Fast Reaction Kinetics for Ultrahigh-Performance Sodium-Ion Battery Anodes,2025,10.1002/adfm.202512226,ADVANCED FUNCTIONAL MATERIALS,WOS:001522374900001,unlabeled_pool,2336
WOS:000591554900009,Highly compacted TiO2/C micospheres via in-situ surface-confined intergrowth with ultra-long life for reversible Na-ion storage,2021,10.1016/j.jcis.2020.08.060,JOURNAL OF COLLOID AND INTERFACE SCIENCE,WOS:000591554900009,unlabeled_pool,2337
WOS:001312359700001,Simple synthesis of MoSSe heterojunction nanosphere for ultrafast kinetics and high-performance sodium-ion battery,2024,10.1016/j.jallcom.2024.176397,JOURNAL OF ALLOYS AND COMPOUNDS,WOS:001312359700001,unlabeled_pool,2338
WOS:000477455800001,NaCrO2/Coffee Waste-derived Nitrogen-doped Carbon Composite as High-Performance Cathode Material for Sodium Ion Batteries,2019,10.1002/bkcs.11834,BULLETIN OF THE KOREAN CHEMICAL SOCIETY,WOS:000477455800001,unlabeled_pool,2339
WOS:000406777100003,"Atomic scale, amorphous FeOx/carbon nanofiber anodes for Li-ion and Naion batteries",2017,10.1016/j.ensm.2017.03.010,ENERGY STORAGE MATERIALS,WOS:000406777100003,unlabeled_pool,2340
WOS:000432672300036,High-performance SnSb@rGO@CMF composites as anode material for sodium-ion batteries through high-speed centrifugal spinning,2018,10.1016/j.jallcom.2018.04.141,JOURNAL OF ALLOYS AND COMPOUNDS,WOS:000432672300036,unlabeled_pool,2341
WOS:000372388400007,Density functional studies of olivine-type LiFePO4 and NaFePO4 as positive electrode materials for rechargeable lithium and sodium ion batteries,2016,10.1016/j.ssi.2015.12.019,SOLID STATE IONICS,WOS:000372388400007,unlabeled_pool,2342
WOS:001615744800009,A dataset for the structure and electrochemical performance of hard carbon as anodes for sodium-ion batteries,2025,10.1016/s1872-5805(25)61004-3,NEW CARBON MATERIALS,WOS:001615744800009,unlabeled_pool,2343
WOS:000398246900035,Insights into the Dual-Electrode Characteristics of Layered Na0.5Ni0.25Mn0.75O2 Materials for Sodium-Ion Batteries,2017,10.1021/acsami.6b15355,ACS APPLIED MATERIALS & INTERFACES,WOS:000398246900035,unlabeled_pool,2344
WOS:001525801500001,"Eco-friendly, transparent, flexible and aqueous sodium-ion battery",2025,10.1039/d5se00665a,SUSTAINABLE ENERGY & FUELS,WOS:001525801500001,unlabeled_pool,2345
WOS:000478568600001,High-energy-resolution XANES of layered oxides for sodium-ion battery,2019,10.7567/1882-0786/ab10cd,APPLIED PHYSICS EXPRESS,WOS:000478568600001,unlabeled_pool,2346
WOS:001237951600002,Operando nano-mapping of sodium-diglyme co-intercalation and SEI formation in sodium ion batteries' graphene anodes,2024,10.1063/5.0196568,APPLIED PHYSICS REVIEWS,WOS:001237951600002,unlabeled_pool,2347
WOS:000537656400028,Synthesis of Vanadium Nitride-Hard Carbon Composites from Cellulose and Their Performance for Sodium-Ion Batteries,2020,10.1021/acsaem.0c00003,ACS APPLIED ENERGY MATERIALS,WOS:000537656400028,unlabeled_pool,2348
WOS:000538155500005,Effect of Crystal Structure and Morphology on Na3V2(PO4)2F3 Performances for Na-Ion Batteries,2020,10.1002/batt.201900202,BATTERIES & SUPERCAPS,WOS:000538155500005,unlabeled_pool,2349
WOS:000526703800029,Choosing the right carbon additive is of vital importance for high-performance Sb-based Na-ion batteries,2020,10.1039/d0ta00254b,JOURNAL OF MATERIALS CHEMISTRY A,WOS:000526703800029,unlabeled_pool,2350
WOS:000498873300001,Electrochemical Performance Optimization of Layered P2-Type Na0.67MnO2 through Simultaneous Mn-Site Doping and Nanostructure Engineering,2020,10.1002/batt.201900126,BATTERIES & SUPERCAPS,WOS:000498873300001,unlabeled_pool,2351
WOS:000473271000001,Performance Modulation through Synergetic Effect of Interstitial Water with Ti-substitution for Sodium Ion Battery Cathode,2019,10.1246/cl.190137,CHEMISTRY LETTERS,WOS:000473271000001,unlabeled_pool,2352
WOS:000449651100022,Interlayer-expanded VMo2S4 nanosheets on RGO for high and fast lithium and sodium storage,2019,10.1016/j.jallcom.2018.09.082,JOURNAL OF ALLOYS AND COMPOUNDS,WOS:000449651100022,unlabeled_pool,2353
WOS:001265688700001,Off-Stoichiometry of Sodium Iron Pyrophosphate as Cathode Materials for Sodium-Ion Batteries with Superior Cycling Stability,2024,10.1021/acsami.4c08208,ACS APPLIED MATERIALS & INTERFACES,WOS:001265688700001,unlabeled_pool,2354
WOS:000607068000001,Optimization of prismatic type layered electrode materials for high performance sodium battery,2021,10.1002/er.6383,INTERNATIONAL JOURNAL OF ENERGY RESEARCH,WOS:000607068000001,unlabeled_pool,2355
WOS:000459796400080,Artificially coated NaFePO4 for aqueous rechargeable sodium-ion batteries,2019,10.1016/j.jallcom.2019.01.046,JOURNAL OF ALLOYS AND COMPOUNDS,WOS:000459796400080,unlabeled_pool,2356
WOS:000337336900013,Layered NaxMnO2+z in Sodium Ion Batteries-Influence of Morphology on Cycle Performance,2014,10.1021/am406009t,ACS APPLIED MATERIALS & INTERFACES,WOS:000337336900013,unlabeled_pool,2357
WOS:000510855700019,Non-flammable organic electrolyte for sodium-ion batteries,2020,10.1016/j.elecom.2019.106635,ELECTROCHEMISTRY COMMUNICATIONS,WOS:000510855700019,unlabeled_pool,2358
WOS:000415931900011,Synthesis of NaxMn0.54Ni0.13Fe0.13 O2 with P2-type hexagonal phase as high-performance cathode materials for sodium-ion batteries,2018,10.1016/j.jallcom.2017.10.131,JOURNAL OF ALLOYS AND COMPOUNDS,WOS:000415931900011,unlabeled_pool,2359
WOS:000750542800003,General metal-organic framework-derived strategy to synthesize yolk-shell carbon-encapsulated nickelic spheres for sodium-ion batteries,2022,10.1016/j.jcis.2021.12.157,JOURNAL OF COLLOID AND INTERFACE SCIENCE,WOS:000750542800003,unlabeled_pool,2360
WOS:000382713900094,P2-Type Na0.67Ni0.23Mg0.1Mn0.67O<sub >2 as a High-Performance Cathode for a Sodium-Ion Battery,2016,10.1021/acs.inorgchem.6b01515,INORGANIC CHEMISTRY,WOS:000382713900094,unlabeled_pool,2361
WOS:000466809000012,First-Principles Study of Na-Ion Battery Performance and Reaction Mechanism of Tin Sulfide as Negative Electrode,2019,10.1002/tcr.201800167,CHEMICAL RECORD,WOS:000466809000012,unlabeled_pool,2362
WOS:001345264500001,Ultrafast synthesis of hard carbon for high-rate and low-temperature sodium-ion storage through flash Joule heating,2024,10.1016/j.ssi.2024.116622,SOLID STATE IONICS,WOS:001345264500001,unlabeled_pool,2363
WOS:001533531100001,"Cracking a tough nut: Challenges, strategies, and development of layered transition-metal oxide-based cathode materials for commercialization of sodium-ion batteries",2025,10.1016/j.mtener.2025.101969,MATERIALS TODAY ENERGY,WOS:001533531100001,unlabeled_pool,2364
WOS:001620193400001,The change of Na storage mechanism from soft carbon to hard carbon,2025,10.1039/d5cp02538a,PHYSICAL CHEMISTRY CHEMICAL PHYSICS,WOS:001620193400001,unlabeled_pool,2365
WOS:001065974800001,"Sodium Layered/Tunnel Intergrowth Oxide Cathodes: Formation Process, Interlocking Chemistry, and Electrochemical Performance",2023,10.1021/acsami.3c07164,ACS APPLIED MATERIALS & INTERFACES,WOS:001065974800001,unlabeled_pool,2366
WOS:000396186300045,Ultrathin single-crystalline TiO2 nanosheets anchored on graphene to be hybrid network for high-rate and long cycle-life sodium battery electrode application,2017,10.1016/j.jpowsour.2016.12.077,JOURNAL OF POWER SOURCES,WOS:000396186300045,unlabeled_pool,2367
WOS:000462944700039,Investigation of NaTiOPO4 as Anode for Sodium-Ion Batteries: A Solid Electrolyte Interphase Free Material?,2019,10.1021/acsaem.8b02040,ACS APPLIED ENERGY MATERIALS,WOS:000462944700039,unlabeled_pool,2368
WOS:000462944700023,Conformal Hollow Carbon Sphere Coated on Sn4P3 Microspheres as High-Rate and Cycle-Stable Anode Materials with Superior Sodium Storage Capability,2019,10.1021/acsaem.8b01885,ACS APPLIED ENERGY MATERIALS,WOS:000462944700023,unlabeled_pool,2369
WOS:000658749000024,Amorphous Metal Oxide Nanosheets Featuring Reversible Structure Transformations as Sodium-Ion Battery Anodes,2020,10.1016/j.xcrp.2020.100118,CELL REPORTS PHYSICAL SCIENCE,WOS:000658749000024,unlabeled_pool,2370
WOS:000512281100012,Hollow carbon sphere based WS2 anode for high performance lithium and sodium ion batteries,2020,10.1016/j.cplett.2019.137061,CHEMICAL PHYSICS LETTERS,WOS:000512281100012,unlabeled_pool,2371
WOS:000722858300001,Synthesis of interlayer expanded MoS2 by sulfurization of MoO3 with enhanced sodium-ion storage,2022,10.1016/j.jallcom.2021.162691,JOURNAL OF ALLOYS AND COMPOUNDS,WOS:000722858300001,unlabeled_pool,2372
WOS:000404807200027,CuV2S4: A High Rate Capacity and Stable Anode Material for Sodium Ion Batteries,2017,10.1021/acsami.7b04739,ACS APPLIED MATERIALS & INTERFACES,WOS:000404807200027,unlabeled_pool,2373
WOS:000749766800003,"Fabrication of N, S co-doped carbon nanofiber matrix with cobalt sulfide nanoparticles enhancing lithium/sodium storage performance",2022,10.1016/j.jallcom.2022.163812,JOURNAL OF ALLOYS AND COMPOUNDS,WOS:000749766800003,unlabeled_pool,2374
WOS:001174240000001,Cobalt-vanadium sulfide yolk-shell nanocages from surface etching and ion-exchange of ZIF-67 for ultra-high rate-capability sodium ion battery,2024,10.1016/j.jcis.2024.01.138,JOURNAL OF COLLOID AND INTERFACE SCIENCE,WOS:001174240000001,unlabeled_pool,2375
WOS:000649674700008,Electrochemical exfoliation of porous antimonene as anode materials for sodium-ion batteries,2021,10.1016/j.elecom.2021.107025,ELECTROCHEMISTRY COMMUNICATIONS,WOS:000649674700008,unlabeled_pool,2376
WOS:000355386700014,Electrochemical Performances of Reduced Graphene Oxide/Titanium Dioxide Composites for Sodium-Ion Batteries,2015,10.3866/pku.whxb201503162,ACTA PHYSICO-CHIMICA SINICA,WOS:000355386700014,unlabeled_pool,2377
WOS:001356363200001,Nitrogen-doped carbon coated Na3V2O2(PO4)2F as a cathode for high-performance sodium-ion batteries,2024,10.1016/j.jelechem.2024.118763,JOURNAL OF ELECTROANALYTICAL CHEMISTRY,WOS:001356363200001,unlabeled_pool,2378
WOS:001297054400001,Controlled Synthesis of Bismuth Atomic Clusters on Porous TiO2 Nanobiscuit with Ultrafast Sodium Storage,2025,10.1002/aenm.202402780,ADVANCED ENERGY MATERIALS,WOS:001297054400001,unlabeled_pool,2379
WOS:001597427200001,Unlocking Exceptionally Fast and Large-Capacity Na plus Storage of Fe2SSe via Coupling Multicore-in-Multishell Design and Vacancy Engineering,2025,10.1002/adfm.202518989,ADVANCED FUNCTIONAL MATERIALS,WOS:001597427200001,unlabeled_pool,2380
WOS:000854981300003,Co0.85Se-Fe7Se8 nanocuboids embedded in reduced graphene oxides as cycle-stable anodes for sodium-ion batteries,2022,10.1016/j.carbon.2022.07.022,CARBON,WOS:000854981300003,unlabeled_pool,2381
WOS:000374710100019,Amorphous iron phosphate/carbonized polyaniline nanorods composite as cathode material in sodium-ion batteries,2016,10.1007/s10008-015-3063-9,JOURNAL OF SOLID STATE ELECTROCHEMISTRY,WOS:000374710100019,unlabeled_pool,2382
WOS:000784298000001,Ultrafast and ultrastable Na-ion storage in zero-strain sodium perylenetetracarboxylate anode enabled by ether electrolyte,2022,10.1016/j.ensm.2022.01.053,ENERGY STORAGE MATERIALS,WOS:000784298000001,unlabeled_pool,2383
WOS:001450395300001,Glyme-based Localized High Concentration Electrolytes Improve the Stability of Na-ion Battery Materials in Half-cells,2025,10.1002/batt.202400744,BATTERIES & SUPERCAPS,WOS:001450395300001,unlabeled_pool,2384
WOS:000431150900027,Investigation of the Na Storage Property of One-Dimensional Cu2-xSe Nanorods,2018,10.1021/acsami.8b00783,ACS APPLIED MATERIALS & INTERFACES,WOS:000431150900027,unlabeled_pool,2385
WOS:000447632000006,Conductivity and Pseudocapacitance Optimization of Bimetallic Antimony-Indium Sulfide Anodes for Sodium-Ion Batteries with Favorable Kinetics,2018,10.1002/advs.201800613,ADVANCED SCIENCE,WOS:000447632000006,unlabeled_pool,2386
WOS:001524644100001,High-Entropy Doped KTiOPO4-Type Vanadium-Based Fluorophosphate Cathodes for High-Energy Sodium-Ion Batteries,2025,10.1002/adfm.202512341,ADVANCED FUNCTIONAL MATERIALS,WOS:001524644100001,unlabeled_pool,2387
WOS:001567311600001,Enhanced Sodium-Ion Battery Performance via Carbon Nanotube-Confined Prussian Blue Crystallites,2025,10.1021/acs.langmuir.5c03676,LANGMUIR,WOS:001567311600001,unlabeled_pool,2388
WOS:000383445400003,Iron phosphide as negative electrode material for Na-ion batteries,2016,10.1016/j.elecom.2016.05.005,ELECTROCHEMISTRY COMMUNICATIONS,WOS:000383445400003,unlabeled_pool,2389
WOS:000391570700008,Na2.32Co1.84(SO4)3 as a new member of the alluaudite family of high-voltage sodium battery cathodes,2017,10.1039/c6dt03767d,DALTON TRANSACTIONS,WOS:000391570700008,unlabeled_pool,2390
WOS:000682991300087,Metal-Organic Framework-Derived ZnSe- and Co0.85Se-Filled Porous Nitrogen-Doped Carbon Nanocubes Interconnected by Reduced Graphene Oxide for Sodium-Ion Battery Anodes,2021,10.1021/acs.inorgchem.1c01807,INORGANIC CHEMISTRY,WOS:000682991300087,unlabeled_pool,2391
WOS:000441077900093,"Revisiting the alluaudite NaMnFe2(PO4)3 sodium insertion material: Structural, diffusional and electrochemical insights",2018,10.1016/j.electacta.2018.06.178,ELECTROCHIMICA ACTA,WOS:000441077900093,unlabeled_pool,2392
WOS:000617886300008,"Co2P/Sn4P3 particle encapsulated in N, P codoped carbon nanocubes for efficient sodium storage",2021,10.1016/j.mtchem.2020.100389,MATERIALS TODAY CHEMISTRY,WOS:000617886300008,unlabeled_pool,2393
WOS:000403631600074,Pipe-Wire TiO2-Sn@Carbon Nanofibers Paper Anodes for Lithium and Sodium Ion Batteries,2017,10.1021/acs.nanolett.7b01152,NANO LETTERS,WOS:000403631600074,unlabeled_pool,2394
WOS:001469948200001,"B, N Co-Doped Hard Carbon Nano-Sponge Enhancing Half and Full Cell Performance in Na-Ion Batteries",2025,10.1002/smll.202500120,SMALL,WOS:001469948200001,unlabeled_pool,2395
WOS:001562489000006,B-doped graphene/blue-phosphorus heterostructure as a potential anode material for sodium-ion battery: A first-principles study,2025,10.1016/j.electacta.2025.147202,ELECTROCHIMICA ACTA,WOS:001562489000006,unlabeled_pool,2396
WOS:000573004000001,Effect of K/Zr co-doping on the elevated electrochemical performance of Na3V2(PO4)3/C cathode material for sodium ion batteries,2021,10.1007/s11581-020-03791-3,IONICS,WOS:000573004000001,unlabeled_pool,2397
WOS:000460453100092,High Capacity Na-Ion Battery Anodes by Coating Multi-walled Carbon Nanotubes on the Ni-Sn Foam Substrate,2019,10.1007/s11664-019-06981-6,JOURNAL OF ELECTRONIC MATERIALS,WOS:000460453100092,unlabeled_pool,2398
WOS:001602017000001,Hard Carbon Derived from Waste Polyethylene for High-Performance Sodium-Ion Battery Anodes,2025,10.1002/slct.202501666,CHEMISTRYSELECT,WOS:001602017000001,unlabeled_pool,2399
WOS:001509146300021,Multiphase CoSbS/CoS-C nanoscale layered material for advanced sodium-ion battery anode,2025,10.1016/j.cej.2025.164577,CHEMICAL ENGINEERING JOURNAL,WOS:001509146300021,unlabeled_pool,2400
WOS:000623412300003,An insight into the effect of g-C3N4 support on the enhanced performance of ZnS nanoparticles as anode material for lithium-ion and sodium-ion batteries,2021,10.1016/j.electacta.2021.137715,ELECTROCHIMICA ACTA,WOS:000623412300003,unlabeled_pool,2401
WOS:001598861900001,Stearic acid induced hydrophobic protection of NaTi2(PO4)3 for long-term operation in aqueous Na-ion systems,2025,10.1016/j.jelechem.2025.119550,JOURNAL OF ELECTROANALYTICAL CHEMISTRY,WOS:001598861900001,unlabeled_pool,2402
WOS:000500529600042,A N/S-codoped disordered carbon with enlarged interlayer distance derived from cirsium setosum as high-performance anode for sodium ion batteries,2019,10.1007/s10854-019-02509-0,JOURNAL OF MATERIALS SCIENCE-MATERIALS IN ELECTRONICS,WOS:000500529600042,unlabeled_pool,2403
WOS:000374196000054,High-Temperature Neutron and X-ray Diffraction Study of Fast Sodium Transport in Alluaudite-type Sodium Iron Sulfate,2016,10.1021/acs.chemmater.6b00604,CHEMISTRY OF MATERIALS,WOS:000374196000054,unlabeled_pool,2404
WOS:000829140800001,NiS2 nanoparticles anchored on MXene conductive frameworks with enhanced lithium and sodium storage properties,2022,10.1007/s11581-022-04668-3,IONICS,WOS:000829140800001,unlabeled_pool,2405
WOS:001167194600001,Multiscale Interface Engineering of Sulfur-Doped TiO2 Anode for Ultrafast and Robust Sodium Storage,2024,10.1021/acsnano.3c11477,ACS NANO,WOS:001167194600001,unlabeled_pool,2406
WOS:000956939400001,CoSe2 nanoparticles anchored on dual 1D carbon nanotubes/N-doped carbon nanofibers as high-performance anodes for sodium-ion storage,2023,10.1039/d3dt00151b,DALTON TRANSACTIONS,WOS:000956939400001,unlabeled_pool,2407
WOS:000383903500073,Cheese-like bulk carbon with nanoholes prepared from egg white as an anode material for lithium and sodium ion batteries,2016,10.1039/c6ra16905h,RSC ADVANCES,WOS:000383903500073,unlabeled_pool,2408
WOS:000777263000004,Heterointerface synergistic Na+ storage fundamental mechanism for CoSeO3 playing as anode for sodium ion batteries/capacitors,2022,10.1016/j.cej.2022.134567,CHEMICAL ENGINEERING JOURNAL,WOS:000777263000004,unlabeled_pool,2409
WOS:000823352400001,"Ionic Conductivity, Na Plating-Stripping, and Battery Performance of Solid Polymer Na Ion Electrolyte Based on Poly(vinylidene fluoride) and Poly(vinyl pyrrolidone)",2022,10.1021/acsaem.2c01296,ACS APPLIED ENERGY MATERIALS,WOS:000823352400001,unlabeled_pool,2410
WOS:001126141600001,One-step Surface-to-bulk Modification of NaCrO2 Cathode for Durable Sodium-ion Batteries,2024,10.1002/batt.202300498,BATTERIES & SUPERCAPS,WOS:001126141600001,unlabeled_pool,2411
WOS:001115646400001,Defect and interlayer spacing engineering of vanadium selenide for boosting sodium-ion storage,2024,10.1039/d3ta06115a,JOURNAL OF MATERIALS CHEMISTRY A,WOS:001115646400001,unlabeled_pool,2412
WOS:000459481700003,High performance anode material for sodium-ion batteries derived from covalent-organic frameworks,2019,10.1016/j.electacta.2019.01.147,ELECTROCHIMICA ACTA,WOS:000459481700003,unlabeled_pool,2413
WOS:000713627300006,Rod-like Ni0.5Co0.5C2O4•2H 2O in-situ formed on rGO by an interface induced engineering: Extraordinary rate and cycle performance as an anode in lithium-ion and sodium-ion half/full cells,2022,10.1016/j.jcis.2021.09.066,JOURNAL OF COLLOID AND INTERFACE SCIENCE,WOS:000713627300006,unlabeled_pool,2414
WOS:000638274800055,Solid-state fabrication of CNT-threaded Fe1-xS@N-doped carbon composite as high-rate anodes for sodium-ion batteries and hybrid capacitors,2021,10.1016/j.jallcom.2021.159303,JOURNAL OF ALLOYS AND COMPOUNDS,WOS:000638274800055,unlabeled_pool,2415
WOS:000504404800136,Synthesis of Bi2S3/C yolk-shell composite based on sulfur impregnation for efficient sodium storage,2020,10.1016/j.cej.2019.123094,CHEMICAL ENGINEERING JOURNAL,WOS:000504404800136,unlabeled_pool,2416
WOS:001175412200001,Fe doping mechanism of Na0.44MnO2 tunnel phase cathode electrode in sodium-ion batteries,2024,10.1016/j.jcis.2024.01.165,JOURNAL OF COLLOID AND INTERFACE SCIENCE,WOS:001175412200001,unlabeled_pool,2417
WOS:000437667800003,Observation of Pseudocapacitive Effect and Fast Ion Diffusion in Bimetallic Sulfides as an Advanced Sodium-Ion Battery Anode,2018,10.1002/aenm.201703155,ADVANCED ENERGY MATERIALS,WOS:000437667800003,unlabeled_pool,2418
WOS:001520499600009,First-principles study of MBene-based high-performance anode materials for ion batteries,2025,10.7498/aps.74.20250251,ACTA PHYSICA SINICA,WOS:001520499600009,unlabeled_pool,2419
WOS:000426501400005,One-Step In Situ Synthesis of Three-Dimensional NiSb Thin Films as Anode Electrode Material for the Advanced Sodium-Ion Battery,2018,10.1002/ejic.201701362,EUROPEAN JOURNAL OF INORGANIC CHEMISTRY,WOS:000426501400005,unlabeled_pool,2420
WOS:001415058000001,A hydro-stable and phase-transition-free P2-type cathode with superior cycling stability for high-voltage sodium-ion batteries,2025,10.1016/j.cej.2025.160010,CHEMICAL ENGINEERING JOURNAL,WOS:001415058000001,unlabeled_pool,2421
WOS:001464900700001,Two-dimensional IV-V compound monolayers: First principles insights for sodium ion battery anode applications,2025,10.1016/j.ensm.2025.104224,ENERGY STORAGE MATERIALS,WOS:001464900700001,unlabeled_pool,2422
WOS:000906450600001,Solid-State NMR Study on the Structure and Dynamics of Graphite Electrodes in Sodium-Ion Batteries with Solvent Co-Intercalation,2023,10.1002/batt.202200421,BATTERIES & SUPERCAPS,WOS:000906450600001,unlabeled_pool,2423
WOS:000627222400004,Facile synthesis of hollow Cu3P for sodium-ion batteries anode,2021,10.1007/s12598-021-01718-z,RARE METALS,WOS:000627222400004,unlabeled_pool,2424
WOS:001190389800001,Achieving High Rate and Long Cycle Performance of Na2FePO4F Cathode Through Co-Modification of Ti Doping and Carbon Coating,2024,10.1002/smll.202400149,SMALL,WOS:001190389800001,unlabeled_pool,2425
WOS:001026456300001,Layered hollow FeSe2 based on salt template as anode for sodium-ion batteries with advanced electrochemical performance,2023,10.1016/j.jelechem.2023.117432,JOURNAL OF ELECTROANALYTICAL CHEMISTRY,WOS:001026456300001,unlabeled_pool,2426
WOS:001044493200001,Silicone oil-based selective SiOC coating onto hydrophobic rGO-MoS2 composite materials to achieve ultra-stable composite anodes in sodium-ion batteries,2023,10.1016/j.jiec.2023.06.013,JOURNAL OF INDUSTRIAL AND ENGINEERING CHEMISTRY,WOS:001044493200001,unlabeled_pool,2427
WOS:000616463700001,Oxygen vacancy promising highly reversible phase transition in layered cathodes for sodium-ion batteries,2021,10.1007/s12274-021-3349-4,NANO RESEARCH,WOS:000616463700001,unlabeled_pool,2428
WOS:000315309900013,"Cathode properties of Na3M2(PO4)2F3 [M = Ti, Fe, V] for sodium-ion batteries",2013,10.1016/j.jpowsour.2012.10.034,JOURNAL OF POWER SOURCES,WOS:000315309900013,unlabeled_pool,2429
WOS:000437354700008,Recent advances of bismuth based anode materials for sodium-ion batteries,2018,10.1080/10667857.2018.1474005,MATERIALS TECHNOLOGY,WOS:000437354700008,unlabeled_pool,2430
WOS:001272796400001,Energy Band-Modulated SnO Anodes with Improved Rate Capacity and Initial Coulombic Efficiency for Sodium-Ion Batteries,2024,10.1021/acsami.4c03971,ACS APPLIED MATERIALS & INTERFACES,WOS:001272796400001,unlabeled_pool,2431
WOS:001296700200001,Prilling and Coating Strategy to Synthesize High-Performance Spherical NaNi0.4Fe0.2Mn0.4O2 Cathode Materials for Sodium Ion Batteries,2024,10.1021/acs.langmuir.4c02065,LANGMUIR,WOS:001296700200001,unlabeled_pool,2432
WOS:001468494400001,Simple synthesis of reduced graphene oxide (rGO) from lignite via controlled carbonization temperature for energy storage electrodes,2025,10.1016/j.kjs.2025.100417,KUWAIT JOURNAL OF SCIENCE,WOS:001468494400001,unlabeled_pool,2433
WOS:001338673000001,A phase transition coordinated monoclinic Fe-based Prussian blue for high-performance sodium-ion battery cathode,2024,10.1016/j.jallcom.2024.177014,JOURNAL OF ALLOYS AND COMPOUNDS,WOS:001338673000001,unlabeled_pool,2434
WOS:001161814400001,CoS2@C nanospheres encapsulated in N-doped graphene oxide as high-performance anode for sodium-ion battery,2024,10.1007/s11581-024-05429-0,IONICS,WOS:001161814400001,unlabeled_pool,2435
WOS:000520405900011,Carbon-coated tungsten diselenide nanosheets uniformly assembled on porous carbon cloth as flexible binder-free anodes for sodium-ion batteries with improved electrochemical performance,2020,10.1016/j.jallcom.2020.154348,JOURNAL OF ALLOYS AND COMPOUNDS,WOS:000520405900011,unlabeled_pool,2436
WOS:001006015100001,Scalable single-step synthesis of α-Nb2O5@C@Ti3C2 composite as high power and long life anode material for sodium-ion batteries,2025,10.1007/s10008-023-05557-z,JOURNAL OF SOLID STATE ELECTROCHEMISTRY,WOS:001006015100001,unlabeled_pool,2437
WOS:000983272900001,Continuous Production of High-Capacity Iron-Based Prussian Blue Sodium-Ion Cathode Materials Using a Rotor-Stator Spinning Disk Reactor,2023,10.1021/acsaem.3c00679,ACS APPLIED ENERGY MATERIALS,WOS:000983272900001,unlabeled_pool,2438
WOS:000428806700078,Fabricating 3D ordered marcoporous Na2MnSiO4/C with hierarchical pores for fast sodium storage,2018,10.1016/j.electacta.2018.03.045,ELECTROCHIMICA ACTA,WOS:000428806700078,unlabeled_pool,2439
WOS:001551575600001,Prussian blue analogues-derived transition metal phosphide nanorods for sodium-ion battery anodes,2025,10.1007/s11581-025-06635-0,IONICS,WOS:001551575600001,unlabeled_pool,2440
WOS:000863333400004,Construction of Co/Ni-Free P2-layered metal oxide cathode with high reversible oxygen redox for sodium ion batteries,2023,10.1016/j.cej.2022.138912,CHEMICAL ENGINEERING JOURNAL,WOS:000863333400004,unlabeled_pool,2441
WOS:001570926500001,Oxygen Vacancy Engineering Induced by Binary Metal Ions Pre-Intercalation to Realize Stable Na plus Storage at High Voltage,2025,10.1002/smll.202509279,SMALL,WOS:001570926500001,unlabeled_pool,2442
WOS:001114970100001,Urchin-like alkaline nickel-cobalt carbonate derived Ni3S4/Co3S4 nanoparticles anchored on rGO for lithium/sodium-ion batteries with enhanced capacity,2023,10.1016/j.jiec.2023.07.065,JOURNAL OF INDUSTRIAL AND ENGINEERING CHEMISTRY,WOS:001114970100001,unlabeled_pool,2443
WOS:001625820500001,Acid-mediated compositional regulation in biomass-derived hard carbon: Engineering precursor microstructure toward enhanced sodium storage performance,2026,10.1016/j.est.2025.119442,JOURNAL OF ENERGY STORAGE,WOS:001625820500001,unlabeled_pool,2444
WOS:000868934200003,Co-Co LDH-derived CoSe2 anchored on N-doped carbon nanospheres as high-performance anodes for sodium-ion batteries,2022,10.1016/j.electacta.2022.141012,ELECTROCHIMICA ACTA,WOS:000868934200003,unlabeled_pool,2445
WOS:000812631800001,Bacterial cellulose network based gel polymer electrolyte for quasi-solid-state sodium-ion battery,2022,10.1007/s10854-022-08395-3,JOURNAL OF MATERIALS SCIENCE-MATERIALS IN ELECTRONICS,WOS:000812631800001,unlabeled_pool,2446
WOS:001428774200001,Electrochemical dynamic regulation of in-situ copper ion doped CoV2S4 nanohollow cubic boxes for fast electrochemical activation and high efficient sodium ion storage,2025,10.1016/j.jallcom.2025.179087,JOURNAL OF ALLOYS AND COMPOUNDS,WOS:001428774200001,unlabeled_pool,2447
WOS:000518197900051,Rapid deposition of WS2 platelet thin films as additive-free anode for sodium ion batteries with superior volumetric capacity,2020,10.1016/j.ensm.2019.11.026,ENERGY STORAGE MATERIALS,WOS:000518197900051,unlabeled_pool,2448
WOS:001579301300004,All-climate carbonate electrolyte with 2-sulfobenzoic anhydride additive leads the way to high-performance commercial pouch sodium-ion batteries,2025,10.1016/j.cej.2025.168558,CHEMICAL ENGINEERING JOURNAL,WOS:001579301300004,unlabeled_pool,2449
WOS:000479020300067,Sulfur-Doped Mesoporous Carbon Nitride with an Ordered Porous Structure for Sodium-Ion Batteries,2019,10.1021/acsami.9b07657,ACS APPLIED MATERIALS & INTERFACES,WOS:000479020300067,unlabeled_pool,2450
WOS:001253551700001,Exploration of electrochemical behavior of Sb-based porous carbon composites anode for sodium-ion batteries,2024,10.1016/j.jcis.2024.06.080,JOURNAL OF COLLOID AND INTERFACE SCIENCE,WOS:001253551700001,unlabeled_pool,2451
WOS:000643934100007,Fluorine-substituted O3-type NaNi0.4Mn0.25Ti0.3Co0.05O<su b>2-xFx cathode with improved rate capability and cyclic stability for sodium-ion storage at high voltage,2021,10.1016/j.jechem.2021.01.038,JOURNAL OF ENERGY CHEMISTRY,WOS:000643934100007,unlabeled_pool,2452
WOS:000458596500028,Tailored N-doped porous carbon nanocomposites through MOF self-assembling for Li/Na ion batteries,2019,10.1016/j.jcis.2018.11.101,JOURNAL OF COLLOID AND INTERFACE SCIENCE,WOS:000458596500028,unlabeled_pool,2453
WOS:000373519500021,In Situ Binding Sb Nanospheres on Graphene via Oxygen Bonds as Superior Anode for Ultrafast Sodium-Ion Batteries,2016,10.1021/acsami.5b12242,ACS APPLIED MATERIALS & INTERFACES,WOS:000373519500021,unlabeled_pool,2454
WOS:000447950800022,Enhanced storage capability by biomass-derived porous carbon for lithium-ion and sodium-ion battery anodes,2018,10.1039/c8se00353j,SUSTAINABLE ENERGY & FUELS,WOS:000447950800022,unlabeled_pool,2455
WOS:000337861800030,Electrochemical and thermal properties of P2-type Na2/3Fe1/3Mn2/3O2 for Na-ion batteries,2014,10.1016/j.jpowsour.2014.04.048,JOURNAL OF POWER SOURCES,WOS:000337861800030,unlabeled_pool,2456
WOS:000813081400001,Sodium-Storage Performance of K+-Intercalated NaxCu0.2Mn0.8O2,2022,10.1021/acsaem.1c03324,ACS APPLIED ENERGY MATERIALS,WOS:000813081400001,unlabeled_pool,2457
WOS:001016035400001,Alleviating the Jahn-Teller Distortion of P3-Type Manganese-Based Cathodes by Compositionally Graded Structure for Sodium-Ion Batteries,2023,10.1021/acssuschemeng.3c01854,ACS SUSTAINABLE CHEMISTRY & ENGINEERING,WOS:001016035400001,unlabeled_pool,2458
WOS:000888495500001,Cation doping constructed vacancy engineering for designing Sn3Se5@PPy heterostructures toward lithium/sodium-ion batteries,2022,10.1016/j.jpowsour.2022.232210,JOURNAL OF POWER SOURCES,WOS:000888495500001,unlabeled_pool,2459
WOS:001468963500001,Na-site and Mn-site synergistic element doping to construct Na0.62K0.05Mn0.7Fe0.2Co0.1O2 cathode material and its electrochemical energy storage performance,2025,10.1016/j.jpowsour.2025.237007,JOURNAL OF POWER SOURCES,WOS:001468963500001,unlabeled_pool,2460
WOS:001282035200001,Understanding the Sodium Storage Behavior of Closed Pores/Carbonyl Groups in Hard Carbon,2024,10.1021/acsnano.4c06281,ACS NANO,WOS:001282035200001,unlabeled_pool,2461
WOS:001141684900001,Regulation of Coordination Chemistry for Ultrastable Layered Oxide Cathode Materials of Sodium-Ion Batteries,2024,10.1002/adma.202311523,ADVANCED MATERIALS,WOS:001141684900001,unlabeled_pool,2462
WOS:000480670200028,Hexagonal and monoclinic NaNi0.8Co0.15Al0.05O2 (Na-NCA) for sodium ion batteries,2019,10.1016/j.jpowsour.2019.226698,JOURNAL OF POWER SOURCES,WOS:000480670200028,unlabeled_pool,2463
WOS:000862791500001,CO2 Etching Modulates Lithium and Sodium Storage Performance of Hard-Soft Carbon Composite-Based Freestanding Thick Electrodes,2022,10.1021/acsami.2c14686,ACS APPLIED MATERIALS & INTERFACES,WOS:000862791500001,unlabeled_pool,2464
WOS:001477828600001,Introducing symmetry breaking to regulate the band structure for achieving superior rate performance in iron-based phosphate cathode for sodium-ion batteries,2025,10.1016/j.cej.2025.162831,CHEMICAL ENGINEERING JOURNAL,WOS:001477828600001,unlabeled_pool,2465
WOS:001385563800001,S-vacancy-rich iron sulfide derived from high-entropy Prussian blue for enhanced sodium-ion storage,2025,10.1016/j.jpowsour.2024.236021,JOURNAL OF POWER SOURCES,WOS:001385563800001,unlabeled_pool,2466
WOS:001167802600001,Self-generated rich phase boundaries of heterostructured Ni0.85Se/ (1T-2H)-MoSe2@N-C hierarchical nanospheres for reversible high-rate sodium-ion storage,2024,10.1016/j.cej.2024.148738,CHEMICAL ENGINEERING JOURNAL,WOS:001167802600001,unlabeled_pool,2467
WOS:000641317200001,Electrochemical properties of mixed-phosphates Nax+2Fex+1(PO4)x(P2</su b>O7) with different ratios of PO43-/P2O74-,2021,10.1016/j.jallcom.2021.159382,JOURNAL OF ALLOYS AND COMPOUNDS,WOS:000641317200001,unlabeled_pool,2468
WOS:000593849600005,A novel hollow porous structure designed for Na0.44Mn2/3Co1/6Ni1/6O2 cathode material of sodium-ion batteries,2020,10.1016/j.jpowsour.2020.228788,JOURNAL OF POWER SOURCES,WOS:000593849600005,unlabeled_pool,2469
WOS:001400294400001,A new soft-hard carbon composite derived from petroleum coke and glucose for high-performance sodium storage,2025,10.1016/j.diamond.2024.111894,DIAMOND AND RELATED MATERIALS,WOS:001400294400001,unlabeled_pool,2470
WOS:001275099600001,Exploring the Impact of Lanthanum on Sodium Manganese Oxide Cathodes: Insight into Electrochemical Performance,2024,10.1002/ente.202400824,ENERGY TECHNOLOGY,WOS:001275099600001,unlabeled_pool,2471
WOS:000967587100001,Facile and High-Efficiency Chemical Presodiation Strategy on the SnS2/rGO Composite Anode for Stable Sodium-Ion Batteries,2023,10.1021/acsami.3c00472,ACS APPLIED MATERIALS & INTERFACES,WOS:000967587100001,unlabeled_pool,2472
WOS:000459719800021,Electrochemical Mechanism Investigation of Cu2MoS4 Hollow Nanospheres for Fast and Stable Sodium Ion Storage,2019,10.1002/adfm.201807753,ADVANCED FUNCTIONAL MATERIALS,WOS:000459719800021,unlabeled_pool,2473
WOS:001359832200001,Pre-carbonization for regulating sucrose-based hard carbon pore structure as high plateau capacity sodium-ion battery anode,2024,10.1016/j.est.2024.114590,JOURNAL OF ENERGY STORAGE,WOS:001359832200001,unlabeled_pool,2474
WOS:000529190300073,Enhanced Ionic Transport and Structural Stability of Nb-Doped O3-NaFe0.55Mn0.45-xNbxO<s ub>2 Cathode Material for Long-Lasting Sodium-Ion Batteries,2020,10.1021/acsaem.0c00238,ACS APPLIED ENERGY MATERIALS,WOS:000529190300073,unlabeled_pool,2475
WOS:000543866400015,Optimization of the compositions of polyanionic sodium-ion battery cathode NaFe2-xVx(PO4)(SO4)2</s ub>,2020,10.1016/j.jpowsour.2020.228417,JOURNAL OF POWER SOURCES,WOS:000543866400015,unlabeled_pool,2476
WOS:000785150100001,Heterostructured Bi2O3@rGO Anode for Electrochemical Sodium Storage,2022,10.3390/ma15082787,MATERIALS,WOS:000785150100001,unlabeled_pool,2477
WOS:001240940600001,Fe2O3 nanoparticles anchored on N-doped pinecone-based porous carbon as potential anode for potassium-ion battery,2024,10.1016/j.jpcs.2024.112091,JOURNAL OF PHYSICS AND CHEMISTRY OF SOLIDS,WOS:001240940600001,unlabeled_pool,2478
WOS:001114476500001,Achieving high-rate capacity FeSe2@N-Doped carbon decorated with Ti3C2Tx MXenes for sodium ion batteries,2023,10.1016/j.mtchem.2023.101796,MATERIALS TODAY CHEMISTRY,WOS:001114476500001,unlabeled_pool,2479
WOS:001532135200001,Conductive NaTi2(PO4)3/C nanocomposite by spray drying for enhanced sodium energy storage,2025,10.1007/s11581-025-06541-5,IONICS,WOS:001532135200001,unlabeled_pool,2480
WOS:001338403200001,Maximizing the Structural Stability of the Na-Rich Prussian Blue Analogue Electrode through Charge Cutoff Voltage Regulation,2024,10.1021/acsami.4c14973,ACS APPLIED MATERIALS & INTERFACES,WOS:001338403200001,unlabeled_pool,2481
WOS:000485054200027,Room-temperature carbon coating on MoS2/Graphene hybrids with carbon dioxide for enhanced sodium storage,2019,10.1016/j.carbon.2019.07.021,CARBON,WOS:000485054200027,unlabeled_pool,2482
WOS:000449554900002,In Situ Constructing MoS2-C Nanospheres as Advanced Anode for Sodium-Ion Battery,2018,10.1002/slct.201802331,CHEMISTRYSELECT,WOS:000449554900002,unlabeled_pool,2483
WOS:000391081700043,Exploration of Ca0.5Ti2(PO4)3@carbon Nanocomposite as the High-Rate Negative Electrode for Na-Ion Batteries,2016,10.1021/acsami.6b12650,ACS APPLIED MATERIALS & INTERFACES,WOS:000391081700043,unlabeled_pool,2484
WOS:001136638300001,3D Printed Sodium-Ion Batteries via Ternary Anode Design Affording Hybrid Ion Storage Mechanism,2024,10.1002/aenm.202303296,ADVANCED ENERGY MATERIALS,WOS:001136638300001,unlabeled_pool,2485
WOS:001427259900001,Manganese vacancy motivated structural disorder-to-order transformation to boost fast-charging and long-lasting sodium-ion battery P2-type layered cathode,2025,10.1016/j.ensm.2025.104114,ENERGY STORAGE MATERIALS,WOS:001427259900001,unlabeled_pool,2486
WOS:001487038600001,Modifying anionic sites for Fe spin activation to enhance performance in NASICON cathodes,2025,10.1016/j.cej.2025.163122,CHEMICAL ENGINEERING JOURNAL,WOS:001487038600001,unlabeled_pool,2487
WOS:000345962800031,One-dimensional nanostructured design of Li1+x(Mn1/3Ni1/3Fe1/3 )O2 as a dual cathode for lithium-ion and sodium-ion batteries,2015,10.1039/c4ta04271a,JOURNAL OF MATERIALS CHEMISTRY A,WOS:000345962800031,unlabeled_pool,2488
WOS:001487814500001,Effect of manganese source on the performance of P2-phase manganese-based cathode materials for sodium-ion batteries,2025,10.1016/j.materresbull.2025.113531,MATERIALS RESEARCH BULLETIN,WOS:001487814500001,unlabeled_pool,2489
WOS:000404571500046,Smart hybridization of Sn2Nb2O7/SnO2@3D carbon nanocomposites with enhanced sodium storage performance through self-buffering effects,2017,10.1039/c7ta03021e,JOURNAL OF MATERIALS CHEMISTRY A,WOS:000404571500046,unlabeled_pool,2490
WOS:001614794200001,Covalency cross-linked water-based binder with superior self-repairing ability and mechanical stability boosting advanced sodium storage for universal polyanion cathodes,2025,10.1016/j.ensm.2025.104715,ENERGY STORAGE MATERIALS,WOS:001614794200001,unlabeled_pool,2491
WOS:001315773400002,Zinc selenide/cobalt selenide in nitrogen-doped carbon frameworks as anode materials for high-performance sodium-ion hybrid capacitors,2024,10.1007/s42114-024-00956-w,ADVANCED COMPOSITES AND HYBRID MATERIALS,WOS:001315773400002,unlabeled_pool,2492
WOS:000859246600001,Influence of the Cation on the Reaction Mechanism of Sodium Uptake and Release in Bivalent Transition Metal Thiophosphate Anodes: A Case Study of Fe2P2S6,2022,10.1002/zaac.202200227,ZEITSCHRIFT FUR ANORGANISCHE UND ALLGEMEINE CHEMIE,WOS:000859246600001,unlabeled_pool,2493
WOS:000637755000005,Oxygen-vacancy-rich TiO2-coated carbon nanofibers for fast sodium storage in high-performance sodium-ion hybrid capacitors,2021,10.1016/j.jpowsour.2021.229678,JOURNAL OF POWER SOURCES,WOS:000637755000005,unlabeled_pool,2494
WOS:001378241300001,Method-Deconvoluting Losses in Lithium-Ion Batteries via a Versatile Reference Electrode,2024,10.1149/1945-7111/ad9a03,JOURNAL OF THE ELECTROCHEMICAL SOCIETY,WOS:001378241300001,unlabeled_pool,2495
WOS:001523201000009,Advanced nanoarchitectural superstructure hybridized with covalent organic nanosheets and 2H-MoS2 to boost the performance of sodium-ion batteries,2025,10.1016/j.cej.2025.164931,CHEMICAL ENGINEERING JOURNAL,WOS:001523201000009,unlabeled_pool,2496
WOS:001461571200001,Fe2O3 Nanoparticles on Hard Carbon as Anode of Sodium-Ion Batteries,2025,10.1142/s1793292025500444,NANO,WOS:001461571200001,unlabeled_pool,2497
WOS:001023846800001,CoSe2 nanodots embedded in N-doped dual-carbon nanospheres for boosting sodium-ion storage,2023,10.1016/j.jallcom.2023.170852,JOURNAL OF ALLOYS AND COMPOUNDS,WOS:001023846800001,unlabeled_pool,2498
WOS:001305339600001,Fe-Doped NaVPO4F/C Compounds for Sodium-Ion Battery Cathodes: Electrochemical Performance and Analysis of Kinetic Properties,2024,10.1021/acs.energyfuels.4c02693,ENERGY & FUELS,WOS:001305339600001,unlabeled_pool,2499
WOS:001513372300002,CoO nanoparticles anchored on porous pinecone-derived activated carbon as anodes for high-performance lithium and sodium-ion batteries,2025,10.1016/j.ceramint.2024.08.369,CERAMICS INTERNATIONAL,WOS:001513372300002,unlabeled_pool,2500
WOS:001519913700001,CoPS hollow spheres with decorated carbon nanoparticles for enhanced sodium storage,2025,10.1016/j.est.2025.117509,JOURNAL OF ENERGY STORAGE,WOS:001519913700001,unlabeled_pool,2501
WOS:000546695700006,Enhanced cycling stability of antimony anode by downsizing particle and combining carbon nanotube for high-performance sodium-ion batteries,2020,10.1016/j.jmst.2019.05.031,JOURNAL OF MATERIALS SCIENCE & TECHNOLOGY,WOS:000546695700006,unlabeled_pool,2502
WOS:000776960300001,Bimetallic sulfide FeS2@SnS2 as high-performance anodes for sodium-ion batteries,2022,10.1007/s11706-022-0593-9,FRONTIERS OF MATERIALS SCIENCE,WOS:000776960300001,unlabeled_pool,2503
WOS:001394527700001,Ingenious use of lattice thermal expansion for enlarged Na+ layer spacing actualizing high voltage-tolerable sodium layered oxides cathodes,2025,10.1016/j.jpowsour.2024.236069,JOURNAL OF POWER SOURCES,WOS:001394527700001,unlabeled_pool,2504
WOS:000986047900001,Trash to treasure: Sulfonation-assisted transformation of waste masks into high-performance carbon anode for sodium-ion batteries,2023,10.1016/j.carbon.2023.118034,CARBON,WOS:000986047900001,unlabeled_pool,2505
WOS:001452563800001,Abundant Cu3P/Co2P/CoP@NC Heterostructures Boost Charge Transfer Toward Fast and Durable Sodium Storage,2025,10.1002/cey2.721,CARBON ENERGY,WOS:001452563800001,unlabeled_pool,2506
WOS:000810408500003,Integrating antimony/amorphous vanadium oxide composite structure into electrospun carbon nanofibers for synergistically enhanced lithium/sodium-ion storage,2022,10.1016/j.jcis.2022.05.074,JOURNAL OF COLLOID AND INTERFACE SCIENCE,WOS:000810408500003,unlabeled_pool,2507
WOS:000956630000001,"Structure, Electrochemical, and Transport Properties of Li- and F-Modified P2-Na2/3Ni1/3Mn2/3O2 Cathode Materials for Na-Ion Batteries",2023,10.3390/coatings13030626,COATINGS,WOS:000956630000001,unlabeled_pool,2508
WOS:000430774300046,Two-dimensional coupling: Sb nanoplates embedded in MoS2 nanosheets as efficient anode for advanced sodium ion batteries,2018,10.1016/j.matchemphys.2018.03.010,MATERIALS CHEMISTRY AND PHYSICS,WOS:000430774300046,unlabeled_pool,2509
WOS:000354767500026,Surface capacitive contributions: Towards high rate anode materials for sodium ion batteries,2015,10.1016/j.nanoen.2014.12.032,NANO ENERGY,WOS:000354767500026,unlabeled_pool,2510
WOS:001154857700001,Highly Stable ZnS Anodes for Sodium-Ion Batteries Enabled by Structure and Electrolyte Engineering,2024,10.1021/acsnano.3c11785,ACS NANO,WOS:001154857700001,unlabeled_pool,2511
WOS:000504690500004,Bio-oil derived hierarchical porous hard carbon from rubber wood sawdust via a template fabrication process as highly stable anode for sodium-ion batteries,2019,10.1016/j.mtener.2019.100346,MATERIALS TODAY ENERGY,WOS:000504690500004,unlabeled_pool,2512
WOS:000439099400006,A renewable natural cotton derived and nitrogen/sulfur co-doped carbon as a high-performance sodium ion battery anode,2018,10.1016/j.mtener.2018.02.001,MATERIALS TODAY ENERGY,WOS:000439099400006,unlabeled_pool,2513
WOS:000472193400039,Carbon coated amorphous bimetallic sulfide hollow nanocubes towards advanced sodium ion battery anode,2019,10.1016/j.carbon.2019.05.048,CARBON,WOS:000472193400039,unlabeled_pool,2514
WOS:000933355800001,Nanometer-thin ZrO2 Coating for NiO on MWCNTs as Anode for Improved Performance of Sodium-Ion Batteries,2023,10.1021/acsanm.2c04860,ACS APPLIED NANO MATERIALS,WOS:000933355800001,unlabeled_pool,2515
WOS:000443664700010,Mesoporous MoSe2/C composite as anode material for sodium/lithium ion batteries,2018,10.1016/j.jelechem.2018.05.023,JOURNAL OF ELECTROANALYTICAL CHEMISTRY,WOS:000443664700010,unlabeled_pool,2516
WOS:001069373800001,Interlayer expanded SnS/N-doped carbon/SnS ultra-thin composite driven from layered tin chalcogenides as advanced anode for lithium and sodium ion battery,2023,10.1016/j.jallcom.2023.171809,JOURNAL OF ALLOYS AND COMPOUNDS,WOS:001069373800001,unlabeled_pool,2517
WOS:001470818100001,Multi-scale nanostructures synergistically modify carbon-cubes anode for sodium-ions storage,2025,10.1016/j.cej.2025.162394,CHEMICAL ENGINEERING JOURNAL,WOS:001470818100001,unlabeled_pool,2518
WOS:000385900100082,One-step ammonia activation of Zhundong coal generating nitrogen-doped microporous carbon for gas adsorption and energy storage,2016,10.1016/j.carbon.2016.08.076,CARBON,WOS:000385900100082,unlabeled_pool,2519
WOS:000855723900003,Highly stable Ti3C2Tx MXene-based sandwich-like structure via interfacial self-assembly of nitrogen-rich polymer network for superior sodium-ion storage performance,2023,10.1016/j.cej.2022.138763,CHEMICAL ENGINEERING JOURNAL,WOS:000855723900003,unlabeled_pool,2520
WOS:000691739200008,Electrophoretically deposited bismuth iron oxide as dual role anode material for both lithium and sodium-ion batteries,2021,10.1016/j.mtcomm.2021.102358,MATERIALS TODAY COMMUNICATIONS,WOS:000691739200008,unlabeled_pool,2521
WOS:000457067300058,Understanding the Behavior and Mechanism of Oxygen-Deficient Anatase TiO2 toward Sodium Storage,2019,10.1021/acsami.8b19288,ACS APPLIED MATERIALS & INTERFACES,WOS:000457067300058,unlabeled_pool,2522
WOS:001103544900001,Flexible Ti3C2Tx MXene Bonded Bio-Derived Carbon Fibers Support Tin Disulfide for Fast and Stable Sodium Storage,2024,10.1002/smll.202305530,SMALL,WOS:001103544900001,unlabeled_pool,2523
WOS:001153052700001,Preparation and Electrochemical Performance of Na2-xLixFePO4F/C Composite Cathode Materials with Different Lithium/Sodium Ratios,2024,10.3390/mi15010015,MICROMACHINES,WOS:001153052700001,unlabeled_pool,2524
WOS:000989634700001,Fe-N Coordination Induced Ultralong Lifetime of Sodium-Ion Battery with the Cycle Number Exceeding 65 000,2023,10.1002/smll.202302029,SMALL,WOS:000989634700001,unlabeled_pool,2525
WOS:000571498800003,"Encapsulation of Na4MnV(PO4)3 in robust dual-carbon framework rendering high-energy, durable sodium storage",2020,10.1088/2515-7655/ab71ed,JOURNAL OF PHYSICS-ENERGY,WOS:000571498800003,unlabeled_pool,2526
WOS:000488256300007,Plastic crystal polymer electrolytes containing boron based anion acceptors for room temperature all-solid-state sodium-ion batteries,2019,10.1016/j.ensm.2018.12.023,ENERGY STORAGE MATERIALS,WOS:000488256300007,unlabeled_pool,2527
WOS:000859116600001,Electric Field-Induced Self-Assembly of Ultrafine Co/Ce Nanoparticles: Preparation of 3D Porous Composite Nanomaterials as Cathodes for Sodium-Ion Batteries,2022,10.1002/crat.202200084,CRYSTAL RESEARCH AND TECHNOLOGY,WOS:000859116600001,unlabeled_pool,2528
WOS:001626050600001,Optimizing Vanadium Redox Reaction in Na3V2(PO4)3 Cathodes for Sodium-Ion Batteries by the Synergistic Effect of Additional Electrons from Heteroatoms,2023,10.1021/acsami.2c22038,ACS APPLIED MATERIALS & INTERFACES,WOS:001626050600001,unlabeled_pool,2529
WOS:000355636100021,Enhanced electrochemical performance of Ti substituted P2-Na2/3Ni1/4Mn3/4O2 cathode material for sodium ion batteries,2015,10.1016/j.electacta.2015.04.125,ELECTROCHIMICA ACTA,WOS:000355636100021,unlabeled_pool,2530
WOS:000483949700001,High-Performance Sodium-Ion Battery Anode via Rapid Microwave Carbonization of Natural Cellulose Nanofibers with Graphene Initiator,2019,10.1002/smll.201901724,SMALL,WOS:000483949700001,unlabeled_pool,2531
WOS:000384908700042,Biomass derived carbon nanoparticle as anodes for high performance sodium and lithium ion batteries,2016,10.1016/j.nanoen.2016.05.047,NANO ENERGY,WOS:000384908700042,unlabeled_pool,2532
WOS:001489184800001,From Waste to Power: Transforming Coal Gasification Slag into High-Performance Sodium-Ion Battery Anodes via Nanofiber Engineering and Presodiation,2025,10.1021/acsaem.5c00973,ACS APPLIED ENERGY MATERIALS,WOS:001489184800001,unlabeled_pool,2533
WOS:000469369800008,Preparation of Nano-Materials for Lithium/Nano-Ion Battery Anode and Their Energy Storage Performance in the Field of Transportation,2019,10.1166/jno.2019.2597,JOURNAL OF NANOELECTRONICS AND OPTOELECTRONICS,WOS:000469369800008,unlabeled_pool,2534
WOS:000432586100005,Self-polymerized hollow Mo-dopamine complex-induced functional MoSe2/N-doped carbon electrodes with enhanced lithium/sodium storage properties,2018,10.1039/c8qi00101d,INORGANIC CHEMISTRY FRONTIERS,WOS:000432586100005,unlabeled_pool,2535
WOS:000521531700040,"High crystallinity, preferred orientation and superior reversible capacity P2-Na0.67Ni0.25Mn0.75O2 thin film as cathode material for wide voltage sodium-ion battery",2020,10.1016/j.electacta.2020.135761,ELECTROCHIMICA ACTA,WOS:000521531700040,unlabeled_pool,2536
WOS:000582488600021,Enhanced low-temperature sodium storage kinetics in a NaTi2(PO4)3@C nanocomposite,2020,10.1016/j.jpowsour.2020.228735,JOURNAL OF POWER SOURCES,WOS:000582488600021,unlabeled_pool,2537
WOS:001489460300001,Cobalt-doped iron-based selenide for sodium-ion battery anode: Insight into the doping and sodium storage mechanism,2025,10.1016/j.cej.2025.161949,CHEMICAL ENGINEERING JOURNAL,WOS:001489460300001,unlabeled_pool,2538
WOS:001115548200002,Recent Progress of Hard Carbon Anode Materials for Sodium Ion Batteries,2023,10.7503/cjcu20220728,CHEMICAL JOURNAL OF CHINESE UNIVERSITIES-CHINESE,WOS:001115548200002,unlabeled_pool,2539
WOS:000589448100002,Mesocarbon microbeads with superior anode performance for sodium-ion batteries,2021,10.1007/s11581-020-03835-8,IONICS,WOS:000589448100002,unlabeled_pool,2540
WOS:000749549900005,In-situ N-doped ultrathin MoS2 anchored on N-doped carbon nanotubes skeleton by Mo-N bonds for fast pseudocapacitive sodium storage,2022,10.1016/j.jallcom.2021.163170,JOURNAL OF ALLOYS AND COMPOUNDS,WOS:000749549900005,unlabeled_pool,2541
WOS:001581872600001,Unlocking High-Rate Sodium Storage in NaFePO4 via Graphene-Driven Cross-Scale Structural Regulation,2025,10.1002/smll.202509063,SMALL,WOS:001581872600001,unlabeled_pool,2542
WOS:001333355000001,Carbon nanotube interweaved Fe7Se8 nanosheet/nanorod hybrids on expanded graphite for high-performance sodium storage,2024,10.1016/j.est.2024.112593,JOURNAL OF ENERGY STORAGE,WOS:001333355000001,unlabeled_pool,2543
WOS:001051512900001,Significantly Improving the Initial Coulombic Efficiency of TiO2 Anode for Sodium-Ion Batteries,2023,10.1021/acsami.3c07402,ACS APPLIED MATERIALS & INTERFACES,WOS:001051512900001,unlabeled_pool,2544
WOS:000643568200001,A New Porous Metallic Carbon Allotrope with Interlocking Pentagons for Sodium-Ion Battery Anode Material,2021,10.1002/adts.202100025,ADVANCED THEORY AND SIMULATIONS,WOS:000643568200001,unlabeled_pool,2545
WOS:000802149900001,Carbon-coated sodium vanadium phosphate for high-performance sodium-ion batteries,2022,10.1080/1536383x.2022.2080664,FULLERENES NANOTUBES AND CARBON NANOSTRUCTURES,WOS:000802149900001,unlabeled_pool,2546
WOS:000506936800001,A 1D Honeycomb-Like Amorphous Zincic Vanadate for Stable and Fast Sodium-Ion Storage,2020,10.1002/smll.201906214,SMALL,WOS:000506936800001,unlabeled_pool,2547
WOS:001461775500001,Exploration into the Synthesis and Sodium Storage Characteristics of Hard Carbon Derived from Plastics,2025,10.1002/asia.202401804,CHEMISTRY-AN ASIAN JOURNAL,WOS:001461775500001,unlabeled_pool,2548
WOS:001412265100001,Ultrafast thermal shock synthesis of nitrogen-doped expanded graphite for high-performance sodium-ion battery anodes,2025,10.1016/j.cej.2025.159326,CHEMICAL ENGINEERING JOURNAL,WOS:001412265100001,unlabeled_pool,2549
WOS:001362875800001,CO2-converted carbon nanotubes produced from molten salt electrolytes process for application of eco-friendly sustainable anode for sodium ion batteries,2025,10.1016/j.diamond.2024.111790,DIAMOND AND RELATED MATERIALS,WOS:001362875800001,unlabeled_pool,2550
WOS:001456316700001,QPHO-graphene: a two-dimensional hexagon-free carbon allotrope as a high-performance anode material for sodium-ion batteries,2025,10.1039/d4nr05087h,NANOSCALE,WOS:001456316700001,unlabeled_pool,2551
WOS:000709521800001,Synergetic enhancement of sodium storage in gallium-based heterostructures,2021,10.1016/j.nanoen.2021.106395,NANO ENERGY,WOS:000709521800001,unlabeled_pool,2552
WOS:000477074700063,Understanding the Mechanism of Enhanced Cycling Stability in Sn-Sb Composite Na-Ion Battery Anodes: Operando Alloying and Diffusion Barriers,2019,10.1021/acsaem.9b00819,ACS APPLIED ENERGY MATERIALS,WOS:000477074700063,unlabeled_pool,2553
WOS:000514289900014,Dual-Role Surface Modification of Layered Oxide Cathodes for High-Power Sodium-Ion Batteries,2020,10.1002/celc.202000002,CHEMELECTROCHEM,WOS:000514289900014,unlabeled_pool,2554
WOS:001309330900001,Discarded sulfuric acid paper-derived hard carbon as high-performance anode material for sodium-ion batteries,2024,10.1016/j.est.2024.113563,JOURNAL OF ENERGY STORAGE,WOS:001309330900001,unlabeled_pool,2555
WOS:001013076900002,Comparative Study on Sodium Storage Properties of Two CNTs and a Novel CNT Design,2023,10.52568/001243/jcsp/45.03.2023,JOURNAL OF THE CHEMICAL SOCIETY OF PAKISTAN,WOS:001013076900002,unlabeled_pool,2556
WOS:000708107900001,A Coral-Like FeP@NC Anode with Increasing Cycle Capacity for Sodium-Ion and Lithium-Ion Batteries Induced by Particle Refinement,2021,10.1002/anie.202110177,ANGEWANDTE CHEMIE-INTERNATIONAL EDITION,WOS:000708107900001,unlabeled_pool,2557
WOS:000364579300050,Self-wrapped Sb/C nanocomposite as anode material for High-performance sodium-ion batteries,2015,10.1016/j.nanoen.2015.07.021,NANO ENERGY,WOS:000364579300050,unlabeled_pool,2558
WOS:000512377800006,A novel spitball-like Co3(NO3)2(OH)4@Zr-MOF@RGO anode material for sodium-ion storage,2020,10.1016/j.jallcom.2019.153624,JOURNAL OF ALLOYS AND COMPOUNDS,WOS:000512377800006,unlabeled_pool,2559
WOS:001254825900004,Theoretical Research of Two- dimensional Semiconductor R57-BN as Anode Material of Sodium- ion Battery,2024,10.7503/cjcu20240043,CHEMICAL JOURNAL OF CHINESE UNIVERSITIES-CHINESE,WOS:001254825900004,unlabeled_pool,2560
WOS:000791321500002,An efficient Se-doping strategy to boost sodium storage capacity of anatase TiO2 nanospheres,2022,10.1016/j.scriptamat.2022.114705,SCRIPTA MATERIALIA,WOS:000791321500002,unlabeled_pool,2561
WOS:000927436400001,Wood-derived carbon anode for sodium-ion batteries,2023,10.1016/j.elecom.2023.107439,ELECTROCHEMISTRY COMMUNICATIONS,WOS:000927436400001,unlabeled_pool,2562
WOS:000518874300028,Assembled NiS nanoneedles anode for Na-ion batteries: Enhanced the performance by organic hyperbranched polymer electrode additives,2020,10.1016/j.jpowsour.2020.227796,JOURNAL OF POWER SOURCES,WOS:000518874300028,unlabeled_pool,2563
WOS:001235072500001,Free-standing hard carbon anode based on cellulose nanocrystal-reinforced chitosan substrate for eco-friendly sodium-ion batteries,2024,10.1016/j.est.2024.111491,JOURNAL OF ENERGY STORAGE,WOS:001235072500001,unlabeled_pool,2564
WOS:001397976800006,Recent Advances in Iron-based Heterostructure Anode Materials for Sodium Ion Batteries,2025,10.3866/pku.whxb202311015,ACTA PHYSICO-CHIMICA SINICA,WOS:001397976800006,unlabeled_pool,2565
WOS:001252643800001,Enhancing the sodium-ion storage performance of two-dimensional layered Ti 3 CN with a molecular riveting strategy,2024,10.1016/j.cej.2024.152905,CHEMICAL ENGINEERING JOURNAL,WOS:001252643800001,unlabeled_pool,2566
WOS:000641850800005,Tuning local chemistry of P2 layered-oxide cathode for high energy and long cycles of sodium-ion battery,2021,10.1038/s41467-021-22523-3,NATURE COMMUNICATIONS,WOS:000641850800005,unlabeled_pool,2567
WOS:000500484000018,Improving compactness and reaction kinetics of MoS2@C anodes by introducing Fe9S10 core for superior volumetric sodium/potassium storage,2020,10.1016/j.ensm.2019.08.018,ENERGY STORAGE MATERIALS,WOS:000500484000018,unlabeled_pool,2568
WOS:001145144700001,P2/O3 biphase integration promoting the enhancement of structural stability for sodium layered oxide cathode,2024,10.1016/j.cej.2023.147964,CHEMICAL ENGINEERING JOURNAL,WOS:001145144700001,unlabeled_pool,2569
WOS:000471339300009,A Stable Layered Oxide Cathode Material for High-Performance Sodium-Ion Battery,2019,10.1002/aenm.201803978,ADVANCED ENERGY MATERIALS,WOS:000471339300009,unlabeled_pool,2570
WOS:000411471700018,A vanadium oxy-phosphate Na4VO(PO4)2 as cathode material for Na ion batteries,2017,10.1016/j.solidstatesciences.2017.08.017,SOLID STATE SCIENCES,WOS:000411471700018,unlabeled_pool,2571
WOS:000367281100002,Electrode Engineering of Conversion-based Negative Electrodes for Na-ion Batteries,2015,10.2533/chimia.2015.729,CHIMIA,WOS:000367281100002,unlabeled_pool,2572
WOS:000452344900026,Na-Rich Prussian White Cathodes for Long-Life Sodium-Ion Batteries,2018,10.1021/acssuschemeng.8b02758,ACS SUSTAINABLE CHEMISTRY & ENGINEERING,WOS:000452344900026,unlabeled_pool,2573
WOS:001051083900001,Tailored voltage plateau enabling superior sodium storage for Fe-based fluorophosphate cathode,2023,10.1016/j.ensm.2023.102905,ENERGY STORAGE MATERIALS,WOS:001051083900001,unlabeled_pool,2574
WOS:000797726100001,Reversible multielectron redox in NASICON cathode with high energy density for low-temperature sodium-ion batteries,2022,10.1016/j.ensm.2022.04.025,ENERGY STORAGE MATERIALS,WOS:000797726100001,unlabeled_pool,2575
WOS:000827932600002,High stability of Mo-F dual-doped O3-type NaNi1/3Fe1/3Mn1/3O2 cathode material for sodium-ion battery,2022,10.1016/j.mtcomm.2022.103839,MATERIALS TODAY COMMUNICATIONS,WOS:000827932600002,unlabeled_pool,2576
WOS:001589421200007,Soft carbon coating mitigates initial coulombic efficiency loss and low Na+ storage of bamboo-derived hard carbon,2025,10.1016/j.est.2025.118709,JOURNAL OF ENERGY STORAGE,WOS:001589421200007,unlabeled_pool,2577
WOS:001060865200001,Y Carbon-coated iron selenide derived from double-framework as an advance anode for Na-ion battery,2023,10.1016/j.jcis.2023.07.126,JOURNAL OF COLLOID AND INTERFACE SCIENCE,WOS:001060865200001,unlabeled_pool,2578
WOS:000370987300009,Redox Potential Paradox in NaxMO2 for Sodium-Ion Battery Cathodes,2016,10.1021/acs.chemmater.5b04289,CHEMISTRY OF MATERIALS,WOS:000370987300009,unlabeled_pool,2579
WOS:000514848600028,Enhancing the reversibility of SnCoS4 microflower for sodium-ion battery anode material,2020,10.1016/j.jallcom.2020.154104,JOURNAL OF ALLOYS AND COMPOUNDS,WOS:000514848600028,unlabeled_pool,2580
